pid,image_id,y_true,fold
RU-A1173,img_474145cc492f066e,0,2
RU-A1173,img_c2bc3b0823ce25e8,0,2
RU-A1173,img_a1581d05d9e09e82,0,2
RU-A1173,img_dc17ad072614dbc1,0,2
RU-A1173,img_cfc0652194c236b1,0,2
RU-A1173,img_caeb18759adf35bf,0,2
RU-A1187,img_c3a75ec07ada11c4,0,3
RU-A1187,img_7ac05be6c0d0874b,0,3
RU-A1187,img_0e828cfec628878f,0,3
RU-A1187,img_c257d9a250095e12,0,3
RU-A1187,img_e3cc60a92f1cc720,0,3
RU-A1187,img_87714c0ce450b582,0,3
RU-A1187,img_f730b262ab17a03b,0,3
RU-A1187,img_a70e24bb17d0424a,0,3
RU-A1187,img_b9d09002d12267b2,0,3
RU-A1187,img_dbe43d7f1aebc86e,0,3
RU-A1187,img_e82888408a75feac,0,3
RU-A1187,img_c0a5fa102d3ac925,0,3
RU-A1187,img_d1e7b9bdc82b3374,0,3
RU-A1187,img_4f4fbd922a94e47a,0,3
RU-A1187,img_e92b00e68fbbadd3,0,3
RU-A1187,img_cc45aeed85bfecbe,0,3
RU-A1180,img_cd397b0d9ecf47f0,1,2
RU-A1180,img_393ec7b9e30d2f75,1,2
RU-A1180,img_0f8708dd28c0c6a2,1,2
RU-A1180,img_2f545a0153a81f16,1,2
RU-A1174,img_911e870cdcd4c81c,0,1
RU-A1174,img_b2aed690e8c4c9bc,0,1
RU-A1174,img_f36e96f062e30882,0,1
RU-A1174,img_a89458ee08d9234d,0,1
RU-A1174,img_a3bd3548e065fb08,0,1
RU-A1174,img_162e4b67fbec4122,0,1
RU-A1142,img_be8b52f81a7c5c10,0,4
RU-A1142,img_87949fb5179d8b00,0,4
RU-A1142,img_c19e9b005aaa5d23,0,4
RU-A1142,img_8c22864542a6f7c0,0,4
RU-A1142,img_fb668f1077eda51c,0,4
RU-A1142,img_7cc7144cec4b84eb,0,4
RU-A1142,img_7d91012929a86444,0,4
RU-A1142,img_418510ce09d0e4e5,0,4
RU-A1142,img_7db5170793ebb92c,0,4
RU-A1142,img_d7ca36d102287298,0,4
RU-A1142,img_f765994599c9e5e1,0,4
RU-A1145,img_a750ec86bd764d2d,0,1
RU-A1145,img_e91efa2f54169f72,0,1
RU-A1145,img_7ceb80c05a796c8d,0,1
RU-A1145,img_1fdb7d6e13d36595,0,1
RU-A1145,img_69d3a98b533fd3c9,0,1
RU-A1145,img_a7d180337a06d7e1,0,1
RU-A1145,img_ec35f95514d7f65f,0,1
RU-A1145,img_bf6f8b93694b65db,0,1
RU-A1111,img_6406a5ff40021198,0,4
RU-A1111,img_14f9f778b36de52d,0,4
RU-A1111,img_e9b82f8f9bc8d433,0,4
RU-A1111,img_070e0d47c2de9e5e,0,4
RU-A1111,img_092604214814b15e,0,4
RU-A1111,img_9a372e9b8c6edfd1,0,4
RU-A1111,img_c1279d8279a1c089,0,4
RU-A1111,img_ed632f53ff61ce17,0,4
RU-A1111,img_fadc4cec27b75ac6,0,4
RU-A1111,img_2c77b668f38fdf9b,0,4
RU-A1111,img_f28446b24939dba6,0,4
RU-A1111,img_98359cc80b6c437e,0,4
RU-A1129,img_5adc99698635483f,0,3
RU-A1129,img_5d780088a1db653e,0,3
RU-A1129,img_7a1572e2d1090770,0,3
RU-A1129,img_bf12f7bad00cca65,0,3
RU-A1129,img_2ab65a886fd37194,0,3
RU-A1116,img_e3a2d4239ca1d376,0,1
RU-A1116,img_4dc7fe63eaffd87c,0,1
RU-A1116,img_cf31fcbcb40702cd,0,1
RU-A1116,img_002319b3275c189c,0,1
RU-A1116,img_fd099b9444db4189,0,1
RU-A1120,img_78dd39a0a256622b,0,4
RU-A1120,img_e38f26186e516f4e,0,4
RU-A1120,img_e920baf459fb9dff,0,4
RU-A1120,img_acf030a329332c56,0,4
RU-A1120,img_c8c8752f4b101841,0,4
RU-A1120,img_88addd834fb77113,0,4
RU-A1120,img_ea492565a3f4bd5f,0,4
RU-A1120,img_2fa422b5812d74c5,0,4
RU-A1120,img_5c265945ab9fec27,0,4
RU-A1120,img_ee8e50bd61444a51,0,4
RU-A1120,img_0c7657e653f36775,0,4
RU-A1175,img_c6ba68461470d099,0,3
RU-A1175,img_e129356df51b051a,0,3
RU-A1175,img_7a2ca6a304ab6b21,0,3
RU-A1175,img_66b509ae3103b44c,0,3
RU-A1175,img_221b4d743761e104,0,3
RU-A1175,img_5d15816bbe847e02,0,3
RU-A1175,img_16f9c78582b708f0,0,3
RU-A1175,img_5ca91fd319c01a92,0,3
RU-A1175,img_98698d7eb352dd32,0,3
RU-A1175,img_4f507af4f542c1a9,0,3
RU-A1175,img_c7734e1a0144d9f0,0,3
RU-A1186,img_a74d78d3ffbaa46a,0,0
RU-A1186,img_79b2277f705d3567,0,0
RU-A1186,img_a0246fe2a58c7fdf,0,0
RU-A1186,img_14ebb76e57942492,0,0
RU-A1186,img_672f479338fb27b8,0,0
RU-A1186,img_e201ca18b70a6488,0,0
RU-A1186,img_bbdba74f99878def,0,0
RU-A1186,img_542fe2b0e2bb7576,0,0
RU-A1186,img_f8790f300d3bebcc,0,0
RU-A1186,img_ade73bce072362cf,0,0
RU-A1186,img_14895172e986024b,0,0
RU-A1186,img_33838b4f49a0c9b5,0,0
RU-A1186,img_b088b25883ca105a,0,0
RU-A1186,img_aba8e49d2377844e,0,0
RU-A1186,img_f3c4544149197f31,0,0
RU-A1119,img_6cdb31ae866c8ef5,0,4
RU-A1119,img_90e4ee83e4321383,0,4
RU-A1119,img_0339f40245978fa1,0,4
RU-A1119,img_c96578672dec845d,0,4
RU-A1119,img_4a880bd41067f448,0,4
RU-A1119,img_42344ddb7a52ae4b,0,4
RU-A1126,img_6d550816c6856fa0,0,0
RU-A1126,img_d10e9ffbf94494f1,0,0
RU-A1126,img_66e2297c76942c90,0,0
RU-A1126,img_84f7e58a50bbea4e,0,0
RU-A1126,img_e34583dbc974630d,0,0
RU-A1126,img_ad9119036f3c6d2b,0,0
RU-A1126,img_cbbb0fd08e29a85e,0,0
RU-A1126,img_a78d9884ee84a404,0,0
RU-A1126,img_f7409c214eac5ab5,0,0
RU-A1126,img_468877bc74a51178,0,0
RU-A1128,img_95763a9809396590,0,0
RU-A1128,img_823029220e224db8,0,0
RU-A1128,img_cee0bc36622c3927,0,0
RU-A1128,img_e2124f79505e2948,0,0
RU-A1128,img_c935792e897d835b,0,0
RU-A1128,img_c2674b64ac31d96b,0,0
RU-A1128,img_93a3d35c5e8e7d9e,0,0
RU-A1117,img_b22e86fff9eb0a16,0,2
RU-A1117,img_fbe673b190789b72,0,2
RU-A1117,img_4ccad7540039691d,0,2
RU-A1117,img_416d6b5bd6a66d96,0,2
RU-A1117,img_8bc72e41f90b26d0,0,2
RU-A1117,img_c5874ff65f2db01c,0,2
RU-A1117,img_11d504d252bc030d,0,2
RU-A1117,img_e6c81591678e84d6,0,2
RU-A1110,img_c69274161fdc2d08,0,1
RU-A1110,img_b9829005cb971e25,0,1
RU-A1110,img_7109460c8d2a7cd1,0,1
RU-A1110,img_306d3260a1d36278,0,1
RU-A1110,img_64af0f1e3ebe65ff,0,1
RU-A1110,img_3d548679055651a6,0,1
RU-A1110,img_8c8806826ab31468,0,1
RU-A1110,img_698ff60f39d68511,0,1
RU-A1062,img_4afd6890492c9781,1,0
RU-A1062,img_d17b3f243b06deed,1,0
RU-A1062,img_4ae83ec64aee97c2,1,0
RU-A1062,img_943f09fc76da9e39,1,0
RU-A1062,img_b1e3dc5e74b31324,1,0
RU-A1062,img_e79d2776ebf8408a,1,0
RU-A1062,img_15c3d740a4dcbb2a,1,0
RU-A1062,img_ef2465c7d90ef8bf,1,0
RU-A1062,img_11a9145e6e06b803,1,0
RU-A1062,img_e87180bbaa8b71f0,1,0
RU-A1062,img_c019b661e5fb6807,1,0
RU-A1062,img_da8a8b0a39372f97,1,0
RU-A1062,img_4e5bd23dee107144,1,0
RU-A1096,img_d3946791ba47be6f,0,4
RU-A1096,img_5e485d297783b1d4,0,4
RU-A1096,img_acc8e78948072c6e,0,4
RU-A1096,img_4c14cf8c0f01571b,0,4
RU-A1096,img_41ddf597db4cb967,0,4
RU-A1091,img_26df993766f3ccd4,0,3
RU-A1091,img_ef8623fda0f62ce3,0,3
RU-A1091,img_a27c5cbd3ea1f764,0,3
RU-A1098,img_18e98df9c37944f0,0,4
RU-A1098,img_19a37dd8ef1f252b,0,4
RU-A1098,img_63404dd1feae4d2c,0,4
RU-A1098,img_8e82edc4a1d756da,0,4
RU-A1098,img_f06ad96ff5f70378,0,4
RU-A1098,img_0e54b3136e63a8ff,0,4
RU-A1098,img_d3316fa5fdc6f907,0,4
RU-A1098,img_b433b8e4fc7b0cc4,0,4
RU-A1098,img_94e0b07558a1c2dc,0,4
RU-A1098,img_8d9e0c7f9bbc4061,0,4
RU-A1036,img_34c6707739d5793f,0,4
RU-A1036,img_58cede280072d31e,0,4
RU-A1036,img_07165d403268ae5e,0,4
RU-A1036,img_e14f04c398179ca6,0,4
RU-A1036,img_cea674b720ca8e9b,0,4
RU-A1036,img_18da4b3082218aa5,0,4
RU-A1036,img_ee2c428a0b7c4a90,0,4
RU-A1036,img_b07d63b261db4b9a,0,4
RU-A1052,img_f6040a1eccf22e09,0,0
RU-A1052,img_632fae4474ca701a,0,0
RU-A1052,img_0ade689ef0b1bd65,0,0
RU-A1052,img_f3c3fde59eecdafc,0,0
RU-A1052,img_659e5cf990488bc2,0,0
RU-A1052,img_f49eb9b3fd05ff8f,0,0
RU-A1052,img_f9b15e8db528d1be,0,0
RU-A1052,img_93d6d4cea62cd7ac,0,0
RU-A1052,img_08e618bde54f6cf0,0,0
RU-A1052,img_5f466b98bf0180f7,0,0
RU-A1052,img_e7291b4bda902bd6,0,0
RU-A1052,img_c41303383943e365,0,0
RU-A1052,img_92b92062f3b12ff8,0,0
RU-A1099,img_8942f3e5343d3cf3,1,2
RU-A1099,img_f74cc8b7eedcf613,1,2
RU-A1099,img_5d02936c6a155d54,1,2
RU-A1099,img_e910b74854c7cb78,1,2
RU-A1099,img_cc2ce7047b4b8d69,1,2
RU-A1099,img_e8e7152b69d96b73,1,2
RU-A1099,img_7f21dfdc4b69d0ce,1,2
RU-A1099,img_db6d23f0d40fa802,1,2
RU-A1099,img_84f25bd1e3ba829f,1,2
RU-A1099,img_ca2a362aa07033c7,1,2
RU-A1064,img_ff534273db0e7702,0,2
RU-A1064,img_9ebc628be2b83c03,0,2
RU-A1064,img_8b53159667d9316a,0,2
RU-A1064,img_79690252aad19914,0,2
RU-A1064,img_bc94fc348b0abf48,0,2
RU-A1064,img_9b7cf9ad4e8a7ca5,0,2
RU-A1064,img_24ba26b39cbf36fb,0,2
RU-A1064,img_057e63024bab15ca,0,2
RU-A1064,img_173c0d628931dc63,0,2
RU-A1064,img_82755e3f9cf8ed3e,0,2
RU-A1064,img_eba8ac1b44430685,0,2
RU-A1064,img_d4e424b52e0a3039,0,2
RU-A1064,img_441d29965da8d56b,0,2
RU-A1064,img_de1a7fc4c201c1d8,0,2
RU-A1064,img_4d61f61277b3ce88,0,2
RU-A1064,img_3a1e41e48b80a608,0,2
RU-A1064,img_d7173b18b7b9fb0a,0,2
RU-A1064,img_ee6a9a6949d7ef06,0,2
RU-A1064,img_a4f2f342640c3b5f,0,2
RU-A1064,img_831fae64d698d314,0,2
RU-A1064,img_e686b36c1faa8b86,0,2
RU-A1064,img_f0c4e7ad5c3964fc,0,2
RU-A1090,img_161fba2849eb1b19,0,0
RU-A1090,img_bfe71926ed6b3824,0,0
RU-A1090,img_7ff7fe8c5df0c1f0,0,0
RU-A1090,img_65ffc2fee1bd2450,0,0
RU-A1090,img_afa24c5204c5495b,0,0
RU-A1090,img_d6e8797c09d5a269,0,0
RU-A1030,img_0189cbf345132e24,0,4
RU-A1030,img_a45c188cc1845672,0,4
RU-A1030,img_154dc865accc452c,0,4
RU-A1030,img_73810a9425948172,0,4
RU-A1030,img_7b334598bc01dee9,0,4
RU-A1030,img_dadfa56a4f355492,0,4
RU-A1079,img_b422d9ed76236c3e,0,1
RU-A1079,img_39f4a2dece28a3b6,0,1
RU-A1079,img_1f7496036e6085d6,0,1
RU-A1079,img_6bc8051df27db924,0,1
RU-A1079,img_a2ef1425333bb6c2,0,1
RU-A1079,img_97c9b442e88fa71a,0,1
RU-A1079,img_c695aa28e235a287,0,1
RU-A1079,img_a2d7fdfa79da17bf,0,1
RU-A1079,img_2f160ba9aa3f0f35,0,1
RU-A1079,img_4b01e4bcf53b9183,0,1
RU-A1079,img_a600c03a01c59c85,0,1
RU-A1079,img_fc9198a0aef20115,0,1
RU-A1070,img_296ada3ed9b26f18,0,3
RU-A1070,img_a389561439d7dffe,0,3
RU-A1070,img_9817c253d5d081ac,0,3
RU-A1070,img_9141b39176db515b,0,3
RU-A1070,img_2951b2ac81155486,0,3
RU-A1070,img_edb77dd2f3721ad6,0,3
RU-A1070,img_ad2570b6930c4034,0,3
RU-A1070,img_8b181377169916a9,0,3
RU-A1070,img_0c6f8637f20a3956,0,3
RU-A1070,img_74e52111d40775c8,0,3
RU-A1070,img_bc3d7826c4be725b,0,3
RU-A1070,img_41110406ae688f8e,0,3
RU-A1084,img_25d29739171dbe9f,0,1
RU-A1084,img_7dcfe763f666556f,0,1
RU-A1084,img_555f9bd57b999454,0,1
RU-A1084,img_1ad3e217b6a50e8e,0,1
RU-A1084,img_14860d2a842242eb,0,1
RU-A1084,img_ce5533e312ba8f19,0,1
RU-A1084,img_84ee1f5eae656c4a,0,1
RU-A1084,img_42c38d894e56c82a,0,1
RU-A1084,img_e467264a819438a6,0,1
RU-A1084,img_89dffa96ad887637,0,1
RU-A1084,img_ddb94eb3dd1e2154,0,1
RU-A1084,img_24b0cd14712d9525,0,1
RU-A1084,img_d9f97b9b6166527f,0,1
RU-A1084,img_9177a0a8bed2dddc,0,1
RU-A1084,img_7f13ac9abeeea45d,0,1
RU-A1084,img_6b31317a25d459e9,0,1
RU-A1084,img_1e60b82e6c6d78f3,0,1
RU-A1084,img_b5dc8218bf3c4579,0,1
RU-A1084,img_4294bf5ff12edc7b,0,1
RU-A1084,img_b5347e5b94bda3dc,0,1
RU-A1084,img_9651e5f5733c30f7,0,1
RU-A1084,img_490bd72a450ae00b,0,1
RU-A1084,img_cf24087a14520124,0,1
RU-A1084,img_f5b88e17082e2614,0,1
RU-A1084,img_b5ca503c3bc7c11c,0,1
RU-A1084,img_9b7eff56921d53b0,0,1
RU-A1084,img_9667d56ad2fe21ef,0,1
RU-A1084,img_4dc240d5605f303e,0,1
RU-A1084,img_b966965b13ee7379,0,1
RU-A1084,img_fa33ed284bb740b0,0,1
RU-A1084,img_382e2ef2bbed53e6,0,1
RU-A1048,img_2f6e80bc9a7d361a,1,2
RU-A1048,img_34df7c5dbc590942,1,2
RU-A1048,img_6d001d56b31f6443,1,2
RU-A1048,img_c8f43e68cbb7d78e,1,2
RU-A1048,img_44f5c73dc81dcd4f,1,2
RU-A1048,img_567035e5ab6f17b0,1,2
RU-A1048,img_076d336845a1b143,1,2
RU-A1048,img_30183c5478debe36,1,2
RU-A1048,img_8313b2260ccee2af,1,2
RU-A1048,img_29bfd6543a013c52,1,2
RU-A1048,img_02fe7c52a5d6b442,1,2
RU-A1048,img_ba68ec278e0f3096,1,2
RU-A1048,img_c66769073271b84d,1,2
RU-A1048,img_875f33d84831cd82,1,2
RU-A1048,img_03711c8a42ac24d8,1,2
RU-A1048,img_9e5604d0d22cebda,1,2
RU-A1048,img_67e0329225d1085b,1,2
RU-A1048,img_5ef14018db224049,1,2
RU-A1014,img_bbb1a4b570723317,0,3
RU-A1014,img_1946274b7f64f121,0,3
RU-A1014,img_220ba37b7dd31a02,0,3
RU-A1014,img_54297978aafb13c2,0,3
RU-A1014,img_564befa37edb087c,0,3
RU-A1014,img_0c15455c3e23422f,0,3
RU-A1014,img_4758a345dddbf62f,0,3
RU-A1014,img_e1bbbd002109dd6f,0,3
RU-A1014,img_b1b10d38a1154062,0,3
RU-A1014,img_df6009576bbd2eb7,0,3
RU-A1014,img_9ee2fa147770c52d,0,3
RU-A1014,img_0a300097689a2e03,0,3
RU-A1014,img_8a2c0be5147387c2,0,3
RU-A1014,img_7f8304efe74b7f43,0,3
RU-A1014,img_19554f9df75db39f,0,3
RU-A1014,img_c8b4995cc8446dd6,0,3
RU-A1049,img_df2fa21efdfa34fd,0,1
RU-A1049,img_035dd89a8dec9646,0,1
RU-A1049,img_b531b9303e75c332,0,1
RU-A1049,img_abdaaae3f3df8522,0,1
RU-A1049,img_6fcafb5e46585af9,0,1
RU-A1049,img_c8d6e8a41cf0b076,0,1
RU-A1049,img_a946af5be1d1efda,0,1
RU-A1049,img_2b141927b9e5c6e0,0,1
RU-A1049,img_7699f3b1eda30b28,0,1
RU-A1049,img_0a4eb4947646fb40,0,1
RU-A1135,img_b7eebc0e19e74a99,0,0
RU-A1135,img_983680ef3e3aaab1,0,0
RU-A1135,img_587ca4c2fedfea2c,0,0
RU-A1135,img_240a5bc1e3f5ba55,0,0
RU-A1135,img_1e382eae57a31dcf,0,0
RU-A1135,img_ed013419c6f0a31d,0,0
RU-A1135,img_ebd3a9cb295251a6,0,0
RU-A1135,img_0b823462622b75a6,0,0
RU-A1135,img_d555492febe421ed,0,0
RU-A1135,img_6710df963644a949,0,0
RU-A1135,img_f4891313f185e873,0,0
RU-A1135,img_09e613eb6114ba59,0,0
RU-A1135,img_dd1b8f1c410000d8,0,0
RU-A1135,img_7e761aa9ef840cdf,0,0
RU-A1135,img_388c3ba25f6b6d5d,0,0
RU-A1135,img_9aeb4c6937a9a1f3,0,0
RU-A1135,img_eea942d0dd96dd22,0,0
RU-A1135,img_95b31a1f34b01f31,0,0
RU-A1135,img_c2b4fc79b4a3b5f1,0,0
RU-A1135,img_796dcc01315e327e,0,0
RU-A1135,img_1aca7581c47087b8,0,0
RU-A1135,img_3114aace6a691889,0,0
RU-A1135,img_2316b49cd742ae5a,0,0
RU-A1135,img_5b5b10ca0c7ab6e1,0,0
RU-A1135,img_b62594a2ee264674,0,0
RU-A1104,img_2a088b82fbefa488,1,4
RU-A1104,img_c0b30fb8fc017cab,1,4
RU-A1104,img_a25f976dc870d362,1,4
RU-A1104,img_8fa853b9709c3ad5,1,4
RU-A1104,img_b9265885994c5d51,1,4
RU-A1104,img_23d240083a03aa00,1,4
RU-A1104,img_707a1aec44e28158,1,4
RU-A1104,img_4d9b10d4464c9fb5,1,4
RU-A1104,img_8c56b9477ccc64ab,1,4
RU-A1104,img_f37afc06b1ec1b1c,1,4
RU-A1150,img_c335c39a74dcdc9d,0,0
RU-A1150,img_1c31847af5f42319,0,0
RU-A1150,img_8b28b87dc2dc67bf,0,0
RU-A1150,img_80e9d9211856ea7a,0,0
RU-A1150,img_9199f2f94f183e0e,0,0
RU-A1150,img_83dcd5ec6c04088a,0,0
RU-A1168,img_7ff73285a209778a,0,2
RU-A1168,img_1a2e38d9caf08279,0,2
RU-A1168,img_5646269b53b93963,0,2
RU-A1168,img_4033d8218e81a92d,0,2
RU-A1168,img_b13e4a7186140b74,0,2
RU-A1161,img_514909419f3a2d65,0,1
RU-A1161,img_3f2668bfcb7e6ef3,0,1
RU-A1161,img_0ace3cdcd08c5229,0,1
RU-A1161,img_a719eddfda07380d,0,1
RU-A1161,img_149cd8818f228dbd,0,1
RU-A1161,img_633033fdffc99f4f,0,1
RU-A1195,img_1007ebc3051c483f,1,3
RU-A1195,img_b32bc3ded751162d,1,3
RU-A1159,img_f53eec905cfbca27,0,0
RU-A1159,img_1e6a3571d2e7a789,0,0
RU-A1159,img_1e7ed040549fc4db,0,0
RU-A1159,img_6edb9b0d12206b07,0,0
RU-A1159,img_bcca99ac5ba3b4f6,0,0
RU-A1159,img_adbc6889aebcc512,0,0
RU-A1159,img_6737158c44766243,0,0
RU-A1166,img_2efbf80980616e67,0,2
RU-A1166,img_7942464a3090f408,0,2
RU-A1166,img_d469ad8a85cf4a8c,0,2
RU-A1166,img_4101d7634c6e40ae,0,2
RU-A1166,img_db9edbeb17e53723,0,2
RU-A1166,img_7e04be0ce832c665,0,2
RU-A1166,img_95081d02dd620012,0,2
RU-A1166,img_0d2a600b9baa0ae2,0,2
RU-A1166,img_f53e0a3384314cd5,0,2
RU-A1166,img_a3490ded2b4a4bd0,0,2
RU-A1308,img_a149e341fff33eeb,1,3
RU-A1308,img_3dfb2f8e4d251d3f,1,3
RU-A1308,img_6d06ef9ff665111d,1,3
RU-A1308,img_6116fbc4eba3eea8,1,3
RU-A1158,img_50ce2bbdd05b1a37,0,1
RU-A1158,img_33ff37030814d519,0,1
RU-A1158,img_a99acf7348b6f8c3,0,1
RU-A1158,img_b6a62b5cf544789f,0,1
RU-A1158,img_ef96082ab5179e97,0,1
RU-A1158,img_c297e3a1249cb317,0,1
RU-A1158,img_496da6f21383a84f,0,1
RU-A1158,img_5eb4df3ab13539f4,0,1
RU-A1169,img_4ad55e3108155256,0,4
RU-A1169,img_706d173a85da8b70,0,4
RU-A1169,img_ec9263ab0320c6cd,0,4
RU-A1169,img_c656aec56e3034c6,0,4
RU-A1156,img_83c9cb6f3a6e39fb,1,0
RU-A1156,img_34dca1e1b262f66b,1,0
RU-A1156,img_ed3c863a91bc2116,1,0
RU-A1156,img_5a797597baa2b5d3,1,0
RU-A1156,img_668caa911a8a973f,1,0
RU-A1156,img_8078891fb4af9d43,1,0
RU-A1156,img_ab3f6874f9beb2f9,1,0
RU-A1156,img_3864b0af1eb3147d,1,0
RU-A1156,img_ee23b98f8518dc73,1,0
RU-A1156,img_779b356ed57301b6,1,0
RU-A1156,img_55eb86ce90c9f403,1,0
RU-A1156,img_46fc2726fa664c97,1,0
RU-A1156,img_6d4f68c92e990732,1,0
RU-A1156,img_ea67c258c8060df6,1,0
RU-A1156,img_c678206c5e392dc2,1,0
RU-A1112,img_3c5033b99b0a6cd3,0,0
RU-A1112,img_2df8d3e1e40e3252,0,0
RU-A1112,img_0f2eb14193797a5a,0,0
RU-A1112,img_693c412e6b429010,0,0
RU-A1112,img_39914843e21e075f,0,0
RU-A1112,img_343ce32628324cd3,0,0
RU-A1123,img_1b0c9a66d2db0942,0,0
RU-A1123,img_64fced89e1e64703,0,0
RU-A1123,img_dff4b15c96820481,0,0
RU-A1123,img_9870e62243779fb9,0,0
RU-A1183,img_715d584bd1401bdd,0,4
RU-A1183,img_f09e73a8f9dca898,0,4
RU-A1183,img_a36a28c4abcce975,0,4
RU-A1183,img_6d3c6c7aff204ec1,0,4
RU-A1146,img_8562658584ab0522,0,2
RU-A1146,img_d7dd302afcf03137,0,2
RU-A1146,img_4fd8c0d1a5510ab5,0,2
RU-A1146,img_c683b0caf86d17ff,0,2
RU-A1146,img_ba530b43b684268d,0,2
RU-A1146,img_09863f9d7166e02c,0,2
RU-A1141,img_dd451a5d62bb1322,0,2
RU-A1141,img_0d056619244624c9,0,2
RU-A1141,img_e935fd42c636825d,0,2
RU-A1141,img_fff30b3baf99bb39,0,2
RU-A1141,img_928ed32658700399,0,2
RU-A1141,img_85e71cc7e5a256f2,0,2
RU-A1141,img_35f0e1a605bdbabb,0,2
RU-A1141,img_ecd6448ede272da9,0,2
RU-A1141,img_876848d6bba738cd,0,2
RU-A1141,img_2116ed91280bd606,0,2
RU-A1141,img_162ca5ebd38f253c,0,2
RU-A1141,img_79a89bdc1a7af1a8,0,2
RU-A1122,img_f06def0470c2c8ea,0,3
RU-A1122,img_715b1a32e97471ad,0,3
RU-A1122,img_be0e6369f70bb94a,0,3
RU-A1122,img_51be109d0b5595a4,0,3
RU-A1122,img_699f52f438066c84,0,3
RU-A1122,img_0cf99697d80e2e3a,0,3
RU-A1125,img_f368cac723c46efd,0,2
RU-A1125,img_730a7a4cff6008b5,0,2
RU-A1125,img_bbfeceba29dddcaf,0,2
RU-A1125,img_6b068f896f04dcb7,0,2
RU-A1113,img_037ba49f67844e8d,0,3
RU-A1113,img_159a4f6bc79fb71d,0,3
RU-A1113,img_a143ffb63fb17944,0,3
RU-A1113,img_7e006b0213d5fe32,0,3
RU-A1113,img_dbadc503d4d293f5,0,3
RU-A1113,img_ea8f7892b67bb4bd,0,3
RU-A1113,img_1ce364555d37f017,0,3
RU-A1113,img_326c93b1a61e4b76,0,3
RU-A1114,img_57370b4c6e4d6371,0,3
RU-A1114,img_98e265348cf25b20,0,3
RU-A1114,img_a9b2dd89b21a4446,0,3
RU-A1114,img_80c58b4f8864608a,0,3
RU-A1114,img_abaebaf6a8e153d6,0,3
RU-A1114,img_94f313092c8b63b2,0,3
RU-A1114,img_1722a0604613cc21,0,3
RU-A1114,img_a5009822e93ab114,0,3
RU-A1114,img_e33556330e4281fc,0,3
RU-A1114,img_4a7a62da54fd80d6,0,3
RU-A1147,img_1ab1713dff851557,0,0
RU-A1147,img_922da3702c10b455,0,0
RU-A1147,img_03eb8a330b4ddf9d,0,0
RU-A1147,img_3b59345308cb4f66,0,0
RU-A1147,img_d9621f1a018149ff,0,0
RU-A1147,img_1d18fe2c574d4736,0,0
RU-A1147,img_dc7438d6c4f84708,0,0
RU-A1147,img_b06947cbfb9c9ea9,0,0
RU-A1147,img_085cc4b0eaed64a8,0,0
RU-A1185,img_f2736ab48e9c50a6,0,0
RU-A1185,img_4346a6cb113838fd,0,0
RU-A1185,img_82172294672c8e0f,0,0
RU-A1185,img_dc0c7399a1c7ba55,0,0
RU-A1176,img_8df99c04c4bbed0c,0,1
RU-A1176,img_5ce98afc0f8075e7,0,1
RU-A1176,img_63a67b2df58d6d2b,0,1
RU-A1176,img_d5910d48cc7d9353,0,1
RU-A1176,img_01c16c9919cb07a1,0,1
RU-A1176,img_78d8eea7bcf1ddf7,0,1
RU-A1176,img_18b3e19e9c99b2c8,0,1
RU-A1176,img_689a802cf7db9af3,0,1
RU-A1176,img_015c13150bb399aa,0,1
RU-A1176,img_99d16fbcd4e54e1a,0,1
RU-A1176,img_dba246a579d5a9bb,0,1
RU-A1176,img_cc7e9eedcf1d836c,0,1
RU-A1176,img_ea2111e2edaeb105,0,1
RU-A1176,img_8c532856676fc9c9,0,1
RU-A1176,img_26cbd5cc3d1f4fa5,0,1
RU-A1176,img_cb42758cf2767b9b,0,1
RU-A1176,img_ba499ff7085ed421,0,1
RU-A1176,img_4db9c9aeba6396c9,0,1
RU-A1176,img_c39f6edae762732e,0,1
RU-A1149,img_9226da7e04353e97,0,3
RU-A1149,img_6b0eb36e28c117f5,0,3
RU-A1149,img_00cf5841c97714b3,0,3
RU-A1149,img_2e520bd97e1a38f7,0,3
RU-A1035,img_c6e1e7bce0904aac,0,0
RU-A1035,img_912c8363604c23a8,0,0
RU-A1035,img_3f5bc90126944beb,0,0
RU-A1035,img_b26b6e3d18129ff3,0,0
RU-A1035,img_2e5bbe5f93dcb9d6,0,0
RU-A1035,img_2efd872b3423ae13,0,0
RU-A1035,img_e475bf770f00d6d5,0,0
RU-A1035,img_0a4e8372175d7a44,0,0
RU-A1035,img_7e111d21104ea588,0,0
RU-A1035,img_d703f606f2a713f1,0,0
RU-A1035,img_1a61478d20ded185,0,0
RU-A1035,img_5ba71bbdb9486d23,0,0
RU-A1095,img_dd4905a0990c2c37,0,1
RU-A1095,img_da59010e42aabfc6,0,1
RU-A1095,img_73a3f89b45f09233,0,1
RU-A1095,img_8430688c7dfc39bc,0,1
RU-A1095,img_82e3565d76ea8d9b,0,1
RU-A1095,img_6a8c36c5686c4367,0,1
RU-A1068,img_1e11824d8957264b,0,0
RU-A1068,img_0c62b954628849ef,0,0
RU-A1068,img_3ebb360af51c2107,0,0
RU-A1068,img_7bc696d06f72feb4,0,0
RU-A1068,img_024c688d79881cf0,0,0
RU-A1068,img_52248c053a577b83,0,0
RU-A1068,img_b5cb3118b5dd7693,0,0
RU-A1068,img_07b4a8e0039e413d,0,0
RU-A1068,img_f32c975b223755bb,0,0
RU-A1068,img_cbaeab7d4d4373f5,0,0
RU-A1068,img_73ae47354d0f3669,0,0
RU-A1068,img_56ac7e49c6cc527a,0,0
RU-A1068,img_67826e976ae5b80a,0,0
RU-A1068,img_bd31156f6b410224,0,0
RU-A1068,img_556cc522f8e74aa4,0,0
RU-A1068,img_0c36c0c2848bc5ac,0,0
RU-A1050,img_f94b502c18284d84,1,4
RU-A1050,img_66940790470fcbe3,1,4
RU-A1050,img_dd43eb32aca04c97,1,4
RU-A1050,img_f20d5f247b11ab33,1,4
RU-A1050,img_5e96a1c404c8e37d,1,4
RU-A1050,img_63d8c2e32db046a2,1,4
RU-A1069,img_e80c921ec6c23d45,0,1
RU-A1069,img_5fb35832d20891be,0,1
RU-A1069,img_5110067594492ffa,0,1
RU-A1069,img_863c39739013ff81,0,1
RU-A1069,img_d97812f744014c1e,0,1
RU-A1069,img_cdb75589b3a6edba,0,1
RU-A1069,img_1bd9f72b9ac13e7f,0,1
RU-A1069,img_2f9748260bad7189,0,1
RU-A1069,img_3fc08b0984a40479,0,1
RU-A1069,img_dcac03458b9c30c1,0,1
RU-A1069,img_69ab8d06ab97bde7,0,1
RU-A1069,img_66ebe25fd7d39556,0,1
RU-A1069,img_3bc4015fe6bd3af2,0,1
RU-A1069,img_d9b8d5ec9eebff46,0,1
RU-A1069,img_6dd0e94360370fd0,0,1
RU-A1069,img_012acce2f93271ae,0,1
RU-A1069,img_bf43156a71933ba4,0,1
RU-A1069,img_8b22de895c58a0c5,0,1
RU-A1069,img_a2eb3c9c85646348,0,1
RU-A1069,img_d1b2b808f7fc774c,0,1
RU-A1069,img_ba2a2e85d3535702,0,1
RU-A1069,img_37bbd0af1092c5a6,0,1
RU-A1069,img_ecf2a6e8eaba9d30,0,1
RU-A1069,img_e7f8cdb03ae2a3b5,0,1
RU-A1069,img_5c01d62712eeb492,0,1
RU-A1069,img_34a9a8019c1850b7,0,1
RU-A1094,img_b23f0d4f9a19c21c,0,0
RU-A1094,img_e12f930029600fb5,0,0
RU-A1067,img_f7f2ac297a01272c,0,0
RU-A1067,img_52ab78fd880ab47a,0,0
RU-A1067,img_86b9b6aaf197feab,0,0
RU-A1067,img_127780e22d305a35,0,0
RU-A1067,img_0e3e707046b4cc57,0,0
RU-A1067,img_607761f4088a61f2,0,0
RU-A1067,img_3d7221037ce110b9,0,0
RU-A1067,img_1b3af6cd277cf4a3,0,0
RU-A1067,img_33049f2f58a4e264,0,0
RU-A1067,img_3e66b854a7de9a9a,0,0
RU-A1067,img_6d06fd35e5829738,0,0
RU-A1067,img_24c3604d86791bca,0,0
RU-A1067,img_8470ba94576bff64,0,0
RU-A1067,img_d4d177b98ae30a47,0,0
RU-A1058,img_66cb4adc985fcfd2,0,3
RU-A1058,img_72e8881c8b4a1073,0,3
RU-A1058,img_39322a81c1cb7341,0,3
RU-A1058,img_1f472236491b0ee9,0,3
RU-A1058,img_4abbf1ea6c273f19,0,3
RU-A1058,img_7c11b03114af307e,0,3
RU-A1058,img_ee7e67de01786a34,0,3
RU-A1058,img_b7adcbd397fb498a,0,3
RU-A1058,img_2393dd88173afe25,0,3
RU-A1058,img_6fa42b1f8958254b,0,3
RU-A1058,img_5d3ceb7fdffa961e,0,3
RU-A1058,img_094aceb86416bee6,0,3
RU-A1058,img_c9dd50a4d49d1256,0,3
RU-A1058,img_e8311ff94ca841df,0,3
RU-A1058,img_b48d56d4a2cbfc77,0,3
RU-A1058,img_80a60c65c5c856bb,0,3
RU-A1058,img_e3cf87ce989185dc,0,3
RU-A1058,img_64d26110b41a4a26,0,3
RU-A1058,img_d0d43d3cc4de7264,0,3
RU-A1058,img_caf4a737a17fd0b2,0,3
RU-A1089,img_51918686c66d3a78,1,4
RU-A1089,img_5bdf9cf11de4241c,1,4
RU-A1089,img_9c5eb09f11f0d2b3,1,4
RU-A1089,img_1a7bed23df04e0b4,1,4
RU-A1089,img_fd4aeb8cfad20d74,1,4
RU-A1089,img_3cc6a3e0cab8afed,1,4
RU-A1080,img_86d7a5cd258a55ef,0,4
RU-A1080,img_f5ed2bfdb0023824,0,4
RU-A1080,img_d87e0cc176d4dae4,0,4
RU-A1080,img_94a0b0579391aaa8,0,4
RU-A1080,img_24c07c8e31ec012e,0,4
RU-A1080,img_bc641dd34755e685,0,4
RU-A1080,img_2c445a35a20b8527,0,4
RU-A1080,img_0e17a4ae3dce7616,0,4
RU-A1080,img_1156d5f537e7931d,0,4
RU-A1080,img_d301a6009024f56c,0,4
RU-A1080,img_0f1b893ec2bb3edf,0,4
RU-A1080,img_47a850bb71d80969,0,4
RU-A1080,img_adcb7e8e2c194c37,0,4
RU-A1080,img_faa091913c450a77,0,4
RU-A1080,img_25c3c5221ed1d5cb,0,4
RU-A1074,img_ad156d29e13e355c,0,0
RU-A1074,img_1afa16a48c16e889,0,0
RU-A1074,img_420692fda8261bcc,0,0
RU-A1074,img_191515c49a2e0da9,0,0
RU-A1074,img_43cea3e374ee283d,0,0
RU-A1074,img_d04a6a4bb1931eb4,0,0
RU-A1074,img_2e236e0fd8ba1e9b,0,0
RU-A1074,img_d03a6aa63f38a346,0,0
RU-A1074,img_3e43d8e6ec9db781,0,0
RU-A1074,img_1d251998d13e7a64,0,0
RU-A1020,img_370d2e69c3c7a6c9,0,1
RU-A1020,img_1b58d5351a67a738,0,1
RU-A1020,img_2dc40eb66d334b43,0,1
RU-A1020,img_fda2426858d7fb74,0,1
RU-A1020,img_e7e5cecabbdfb2f5,0,1
RU-A1020,img_2bbcb1423be2dee3,0,1
RU-A1020,img_07c42f2d363851a6,0,1
RU-A1020,img_ccac79c3598cd1ec,0,1
RU-A1020,img_2de2564bfcb11e77,0,1
RU-A1020,img_06a87b534e540a29,0,1
RU-A1020,img_2d70c4e8dd205be5,0,1
RU-A1020,img_b8669fe688bce7a5,0,1
RU-A1020,img_6313d159bc71d946,0,1
RU-A1020,img_043737b4090eab90,0,1
RU-A1020,img_b9158a591816a3b9,0,1
RU-A1020,img_018276a85655bdcf,0,1
RU-A1020,img_bf84e392bcd4291e,0,1
RU-A1016,img_2dc279f382760e60,0,3
RU-A1016,img_05ed0c66cc61f5fc,0,3
RU-A1016,img_b106ba9f1c376f4a,0,3
RU-A1016,img_a564fe740d87218b,0,3
RU-A1016,img_34a6ca540abaa7a3,0,3
RU-A1016,img_4ea41217da9e7b6c,0,3
RU-A1016,img_2d25d76accbe9ec0,0,3
RU-A1016,img_4c4ab0948db2cb54,0,3
RU-A1016,img_8937ceca741ff2ea,0,3
RU-A1016,img_a21d69fd82cf8d2b,0,3
RU-A1016,img_dbe8f63c83ca37b7,0,3
RU-A1016,img_7ecfa95d0463c9b9,0,3
RU-A1016,img_71a248b83df62f05,0,3
RU-A1016,img_2bdaf605aa31e021,0,3
RU-A1016,img_f0846be7947b59ba,0,3
RU-A1016,img_f9cb0f62a2f9dee6,0,3
RU-A1016,img_f200dd72193fca94,0,3
RU-A1016,img_c5463e2d3573a32d,0,3
RU-A1016,img_660a1172573efb3d,0,3
RU-A1016,img_db680ee3ee579acf,0,3
RU-A1016,img_d66b614a2efa24ba,0,3
RU-A1016,img_76a57fe47177e519,0,3
RU-A1029,img_e825fe74e6132943,0,3
RU-A1029,img_323631b9fa860ba6,0,3
RU-A1029,img_582de64fa9c74839,0,3
RU-A1029,img_508999944ae549e5,0,3
RU-A1029,img_f1a0ee38cfb62b6c,0,3
RU-A1029,img_6f233b980bb434ec,0,3
RU-A1029,img_1208cc2799c15572,0,3
RU-A1029,img_fc83ad80024edab0,0,3
RU-A1029,img_c15eab5b1c44aff8,0,3
RU-A1029,img_3a38da96935c8a0b,0,3
RU-A1029,img_e36aa681c0fe408e,0,3
RU-A1029,img_ec8a1737dbf37558,0,3
RU-A1088,img_77fb839e22a81ea0,0,0
RU-A1088,img_bbc5791d9e903fba,0,0
RU-A1088,img_ed587aac265d48bf,0,0
RU-A1028,img_9186ea1b68af7a16,0,3
RU-A1028,img_59af5522ee42dd3a,0,3
RU-A1028,img_f783026f342a6482,0,3
RU-A1028,img_5ef1934dd39ef6c6,0,3
RU-A1028,img_8892d86f78b462d6,0,3
RU-A1028,img_4bb681a746c81a7f,0,3
RU-A1028,img_3c215ac89e95ba44,0,3
RU-A1028,img_5e07201630caed67,0,3
RU-A1028,img_8c91ced34d71bedc,0,3
RU-A1028,img_dd855907dea8bd1a,0,3
RU-A1028,img_e8f5288252a5afe6,0,3
RU-A1028,img_f1d72401093b2ae9,0,3
RU-A1028,img_a31c80e612bb6c0f,0,3
RU-A1028,img_62af9ce8b88d844b,0,3
RU-A1028,img_5a1fc06e268b0964,0,3
RU-A1028,img_11389e39675fa361,0,3
RU-A1028,img_92faf56551f1ecb7,0,3
RU-A1028,img_58a70e0f7594054f,0,3
RU-A1028,img_d3cac3ed28420324,0,3
RU-A1028,img_ad8cfda26c1f4637,0,3
RU-A1154,img_5476fe987483759c,0,4
RU-A1154,img_992a70f408f406f6,0,4
RU-A1154,img_936f9dc9b2f78a6f,0,4
RU-A1154,img_7da041418749470b,0,4
RU-A1154,img_61bcef50b69e4193,0,4
RU-A1154,img_4664ca41b75b9a13,0,4
RU-A1154,img_c8613ee5954c56ee,0,4
RU-A1153,img_e41f05ceac97ed9d,0,2
RU-A1153,img_9ccef5f2f53ab371,0,2
RU-A1153,img_8b62f60a7176cbab,0,2
RU-A1153,img_4a3d0e39c1758da2,0,2
RU-A1153,img_8406dace63d557b3,0,2
RU-A1153,img_339a5d72da5f63b2,0,2
RU-A1153,img_add53a4093586bb4,0,2
RU-A1153,img_adfb43380c994046,0,2
RU-A1153,img_f2a8e01b5bc32deb,0,2
RU-A1107,img_30b865385a3a8111,1,1
RU-A1107,img_7943a2764ebe4f45,1,1
RU-A1107,img_5757a6f8a818272a,1,1
RU-A1107,img_f04ee51dca89ce7b,1,1
RU-A1107,img_fda012248364a169,1,1
RU-A1107,img_50bf0ef21c9048ed,1,1
RU-A1107,img_4fee057eb622a00a,1,1
RU-A1107,img_fce4cb3b097bbad6,1,1
RU-A1107,img_c4b7672daaaf2439,1,1
RU-A1107,img_9ccd8e2c0fc5d95b,1,1
RU-A1100,img_c81f8c8a70cd3139,0,1
RU-A1100,img_4b20fb7f5ff24230,0,1
RU-A1100,img_1c6646260bc28bec,0,1
RU-A1100,img_2e77e44df2d1db95,0,1
RU-A1100,img_5a797af27f9f5ae8,0,1
RU-A1163,img_3743aada76dc8fda,1,2
RU-A1163,img_2c6cb70021bef4f4,1,2
RU-A1163,img_9dd752bcacada28a,1,2
RU-A1163,img_6a8f28e36f6db8bf,1,2
RU-A1163,img_b502f231e32df228,1,2
RU-A1163,img_9cbe3113142996a0,1,2
RU-A1164,img_49cb12e008452b61,0,1
RU-A1164,img_e0745cdaee26c02a,0,1
RU-A1164,img_bf94d08c6159616b,0,1
RU-A1164,img_1c37a5d25644e6d0,0,1
RU-A1164,img_d5dd079e68439563,0,1
RU-A1164,img_74ff1a0418220b96,0,1
RU-A1164,img_6d2a80c00e5f398d,0,1
RU-A1164,img_177ab27d6a553a57,0,1
RU-A1152,img_1dc5364f09dd821a,0,4
RU-A1152,img_ab622a57e919af77,0,4
RU-A1152,img_77cccad7cbabed51,0,4
RU-A1152,img_fd61f616f17b3e77,0,4
RU-A1152,img_5e8f5eb5f8a53f1a,0,4
RU-A1152,img_5f2cc95b62cd3cad,0,4
RU-A1152,img_0b9390c0770806b8,0,4
RU-A1155,img_630061a039854c8c,0,2
RU-A1155,img_3ae0b442c77e550e,0,2
RU-A1155,img_d72bc9e5fdc6769c,0,2
RU-A1155,img_e059e8cc7f4df80d,0,2
RU-A1155,img_19b332043a8ebd9e,0,2
RU-A1155,img_e5c3510bb969ea45,0,2
RU-A1155,img_61bec809afa0f586,0,2
RU-A1155,img_a75d2c94ce933509,0,2
RU-A1130,img_338a5b910e706069,0,4
RU-A1130,img_7db36346bb4b56c0,0,4
RU-A1130,img_201054926b06333c,0,4
RU-A1130,img_6bcedd7656330b98,0,4
RU-A1130,img_d2c547aa9eaf75a6,0,4
RU-A1130,img_63163e1041c303e5,0,4
RU-A1130,img_fd6ef2f81aa1163d,0,4
RU-A1130,img_bf0167809679559b,0,4
RU-A1130,img_2a01e20dd2092ec1,0,4
RU-A1130,img_44d35812ae2440b1,0,4
RU-A1130,img_631d536f136db22a,0,4
RU-A1130,img_c322b1213417d16f,0,4
RU-A1130,img_6fee4309c3c4e41b,0,4
RU-A1130,img_295c38c9bb1c09b3,0,4
RU-A1137,img_3975a4354b70217c,0,0
RU-A1137,img_23f933d20a4469a2,0,0
RU-A1137,img_a9e6f7e62ec1f210,0,0
RU-A1137,img_a7c641c5f4520f0d,0,0
RU-A1137,img_1f8a37c73682785d,0,0
RU-A1137,img_ae3bda2d83de46c0,0,0
RU-A1048,img_ea32b8d86126cb3e,1,2
RU-A1048,img_b36cdcb93c0bbf53,1,2
RU-A1149,img_9b7941d30401778f,0,3
RU-A1149,img_59f220e2c035e21c,0,3
RU-A1149,img_08d0b86138256f03,0,3
RU-A1149,img_9886db63431ca026,0,3
RU-A1173,img_d39f591099e9fcb2,0,2
RU-A1173,img_7f77167ad6456ea5,0,2
RU-A1173,img_465705e72cd5b480,0,2
RU-A1173,img_5e52ecc8e660cbfc,0,2
RU-A1173,img_7fb15b3941e8a82f,0,2
RU-A1173,img_fbe3d6237d9fd73a,0,2
RU-A1173,img_2116f62e9e669089,0,2
RU-A1173,img_121c63b2ab59b51a,0,2
RU-A1180,img_a32953c3b97733c8,1,2
RU-A1180,img_13f9546518d1197f,1,2
RU-A1180,img_2cdc25628a1b9d07,1,2
RU-A1180,img_65fbc227735a5351,1,2
RU-A1180,img_881454a73d9eaaed,1,2
RU-A1180,img_40dc7e5b3d80fb21,1,2
RU-A1180,img_3e892f48a8cda534,1,2
RU-A1180,img_2651e182bf8ac03d,1,2
RU-A1180,img_bf032a46f44b4162,1,2
RU-A1180,img_c474382f04a86e4d,1,2
RU-A1180,img_92e7b4033f682cc7,1,2
RU-A1180,img_0c5204b5b33110c6,1,2
RU-A1180,img_7b6ad1112cd91677,1,2
RU-A1180,img_f5638917b9917114,1,2
RU-A1180,img_6ba1d98daf63df56,1,2
RU-A1180,img_eae4b0fd5fed2360,1,2
RU-A1180,img_9c8a7d697dfac257,1,2
RU-A1180,img_6448f3e275ea1bb0,1,2
RU-A1180,img_a91a56541020adf4,1,2
RU-A1180,img_25ee5f298acd8986,1,2
RU-A1180,img_091e93b2e415f262,1,2
RU-A1180,img_a9e3e83eb44f2723,1,2
RU-A1174,img_d4dbab8b6c7aa9db,0,1
RU-A1174,img_16f089903c062f5f,0,1
RU-A1174,img_b95aa84ac020bc2e,0,1
RU-A1174,img_4f34b1785a13e17d,0,1
RU-A1174,img_dfdf66fd5cbcf0f1,0,1
RU-A1174,img_3ce9ebab4005f490,0,1
RU-A1174,img_0ca15cb9b0926026,0,1
RU-A1174,img_b8ccbf5081b1365e,0,1
RU-A1142,img_015fc2e0a6cc1c49,0,4
RU-A1142,img_9e6ad6d40e6509c8,0,4
RU-A1142,img_74496021708fef9a,0,4
RU-A1142,img_91959abcd00364be,0,4
RU-A1142,img_6845f0144a46703b,0,4
RU-A1142,img_86583f65be3fc5e6,0,4
RU-A1145,img_7ad8f3e9ef2b9e3c,0,1
RU-A1145,img_b1e65f107e6a33dd,0,1
RU-A1145,img_726901e17c5e1443,0,1
RU-A1145,img_9db78fdd85f81465,0,1
RU-A1145,img_09a39c9416a4de28,0,1
RU-A1145,img_c1716b05551a1c5d,0,1
RU-A1145,img_d3dff6aef73f0e12,0,1
RU-A1145,img_00c9146d1a433ae3,0,1
RU-A1145,img_73061bcdd825492d,0,1
RU-A1145,img_687e3d8f4e84e405,0,1
RU-A1145,img_e33089d175103b0d,0,1
RU-A1111,img_ffd1358e3f8f7d7d,0,4
RU-A1129,img_c6d72ea9274c5b2d,0,3
RU-A1129,img_fcc0769aa1b71fee,0,3
RU-A1129,img_df404fb7bead1c77,0,3
RU-A1129,img_9e0fc9d239c11adb,0,3
RU-A1129,img_3a13f874365fc357,0,3
RU-A1129,img_21c7b86427f39f36,0,3
RU-A1129,img_9ae5bfbff380a60a,0,3
RU-A1129,img_e7cdc3f361abe091,0,3
RU-A1129,img_b57257b2dce74535,0,3
RU-A1129,img_89625b9cc336540e,0,3
RU-A1129,img_8b0659c56b778bfd,0,3
RU-A1129,img_f6a242d0094a2d5f,0,3
RU-A1116,img_0bf61c7d4909896f,0,1
RU-A1116,img_84e226937274b4bc,0,1
RU-A1116,img_b1fb798181512d9b,0,1
RU-A1116,img_64095b8c5e06b255,0,1
RU-A1116,img_94afeafc331719e7,0,1
RU-A1116,img_72162a57179ed294,0,1
RU-A1116,img_c9179f22c26e98d8,0,1
RU-A1116,img_d2b494297e5bb6d0,0,1
RU-A1119,img_44b41355a14c4bf1,0,4
RU-A1119,img_2fdac7d2dbf591d8,0,4
RU-A1119,img_f571e9d78d7cd731,0,4
RU-A1119,img_4f98f33786095a97,0,4
RU-A1119,img_db8d91935b1bf96a,0,4
RU-A1119,img_a2018903e80d4e8c,0,4
RU-A1119,img_f8c2e438285a4b69,0,4
RU-A1119,img_ea3b538fc215b66b,0,4
RU-A1119,img_c7caa649c63a194e,0,4
RU-A1119,img_6d35998a351a3cac,0,4
RU-A1119,img_ac848cfdc1970131,0,4
RU-A1119,img_4bb04117c5fe19c5,0,4
RU-A1119,img_7cbbce4dfc94136d,0,4
RU-A1119,img_7293bd047f3eb953,0,4
RU-A1126,img_26a5ec518de8f3a6,0,0
RU-A1126,img_7d4652e1c60c996b,0,0
RU-A1126,img_cba8e0af25942aea,0,0
RU-A1126,img_baa0f171bafdb0c3,0,0
RU-A1126,img_86b8bd3a30057f5a,0,0
RU-A1126,img_00365fab745c8e55,0,0
RU-A1126,img_5f55c15b79c6b5bf,0,0
RU-A1126,img_520d6235dff09957,0,0
RU-A1126,img_7cf3a5d472edf71b,0,0
RU-A1126,img_369c29b6023d74a2,0,0
RU-A1126,img_f029a19a828aa6fa,0,0
RU-A1126,img_02a5f6b2ce482e6a,0,0
RU-A1128,img_7cddc1a2cc32611f,0,0
RU-A1128,img_1b2ddb1a9c778788,0,0
RU-A1128,img_30408394e5ba81c0,0,0
RU-A1128,img_ba49730d95d42fd4,0,0
RU-A1128,img_5541a24dc8137832,0,0
RU-A1128,img_ce1c6c8bd20e647c,0,0
RU-A1128,img_7d19beae10eb8a85,0,0
RU-A1128,img_1d0ab9fe1210d457,0,0
RU-A1128,img_82e00967a1a3aff3,0,0
RU-A1128,img_c5c4e27a807fd506,0,0
RU-A1117,img_264c58b6b22a63a3,0,2
RU-A1117,img_3a8529d733380171,0,2
RU-A1117,img_b7d20da0d9ab59ec,0,2
RU-A1117,img_d62fb3d5a164073d,0,2
RU-A1117,img_237e6fe9e477c250,0,2
RU-A1117,img_41ad0e0ad6ac19c5,0,2
RU-A1117,img_06d8f9370c568e7c,0,2
RU-A1117,img_4c1c145162a3e356,0,2
RU-A1117,img_f9c3cacbaa2c1aaa,0,2
RU-A1117,img_2a79ebd462d1e2c9,0,2
RU-A1110,img_e440ec08f68ece43,0,1
RU-A1110,img_499e102ef252abb3,0,1
RU-A1110,img_9c4862963c92b78e,0,1
RU-A1110,img_4aa11bdf921d14f2,0,1
RU-A1110,img_d3621500d245a5ae,0,1
RU-A1110,img_33e3f93a013a89f2,0,1
RU-A1110,img_0cb3a73499fe4d21,0,1
RU-A1110,img_06948035e350489a,0,1
RU-A1250,img_cfd4edd05d2bcda7,0,4
RU-A1250,img_0779ddfadc03fd9e,0,4
RU-A1250,img_1113c4bd771f883b,0,4
RU-A1250,img_3812eb7005a8f763,0,4
RU-A1250,img_a855af58896aec3c,0,4
RU-A1250,img_4b6f8b5e11749a03,0,4
RU-A1250,img_73b488e6570f6842,0,4
RU-A1250,img_f4002bd67fe7e0b8,0,4
RU-A1250,img_39da811a1ea66b2c,0,4
RU-A1096,img_1e26d9fc37be42c2,0,4
RU-A1096,img_6d7c0c57a231bfae,0,4
RU-A1096,img_76d63b500cb528eb,0,4
RU-A1096,img_6435aa860bdaf0fa,0,4
RU-A1096,img_464fd4f2def58654,0,4
RU-A1096,img_ddd0a07384ef55a7,0,4
RU-A1096,img_65c2a4742f26d34b,0,4
RU-A1096,img_8a77c8cb85f3401d,0,4
RU-A1096,img_578dcdafd6a026e5,0,4
RU-A1096,img_e166744ba111714a,0,4
RU-A1091,img_5c7f2dd52208adb7,0,3
RU-A1091,img_a600e7ebd741e1eb,0,3
RU-A1091,img_9949b787363182d0,0,3
RU-A1091,img_eaebe648c139115e,0,3
RU-A1091,img_794070ec7047426f,0,3
RU-A1091,img_b922a19140dbf363,0,3
RU-A1091,img_5aad415c18309378,0,3
RU-A1091,img_380b52574d3830eb,0,3
RU-A1091,img_b4ce7bf79ae3336a,0,3
RU-A1091,img_5ad7f54740867a77,0,3
RU-A1259,img_cbf1f6cad4f5fc81,0,2
RU-A1259,img_8daaf6d7228aedf1,0,2
RU-A1259,img_ca48c9fe7f667e22,0,2
RU-A1259,img_1f72bf09480cd254,0,2
RU-A1259,img_b75f66ebdcc43b40,0,2
RU-A1259,img_a2d38828822b143d,0,2
RU-A1259,img_07596b499871d11f,0,2
RU-A1259,img_3ead0a7c7de772a0,0,2
RU-A1259,img_ab564f6452a55458,0,2
RU-A1259,img_85dc5fe471165dc8,0,2
RU-A1259,img_f87974316a26a56c,0,2
RU-A1259,img_e04188b86cc07880,0,2
RU-A1259,img_71273d246b6623ab,0,2
RU-A1259,img_9d23c7ba43b92ddc,0,2
RU-A1259,img_2e20a3bc06b451f0,0,2
RU-A1259,img_303a14f39e38fb5f,0,2
RU-A1259,img_61fd54f60516192e,0,2
RU-A1259,img_3ab3b2f550e80904,0,2
RU-A1259,img_0d2ec62422ef2622,0,2
RU-A1259,img_7f0f95c19d025597,0,2
RU-A1259,img_8f881352ba3e4641,0,2
RU-A1259,img_76a3d9658bc4c07e,0,2
RU-A1259,img_52a41f1f005749a8,0,2
RU-A1203,img_6cd2d70f989dc241,0,0
RU-A1203,img_ef33a9f002ab42c9,0,0
RU-A1203,img_564be224d6a897a4,0,0
RU-A1203,img_a6e99be3aaeee4fb,0,0
RU-A1203,img_9971a10bd8f16b33,0,0
RU-A1203,img_9955f33c60238760,0,0
RU-A1203,img_a73c093078307678,0,0
RU-A1203,img_74820ea716edf14c,0,0
RU-A1203,img_21dadebf37a59104,0,0
RU-A1203,img_5777c1710bcbd8b7,0,0
RU-A1203,img_355ca2f35298e808,0,0
RU-A1203,img_084a788d43b1806e,0,0
RU-A1203,img_1fc4e40eca40e68a,0,0
RU-A1203,img_33d25b48f87c942e,0,0
RU-A1203,img_1b21005f80a9fe7b,0,0
RU-A1203,img_a9158e0810463013,0,0
RU-A1203,img_a1d067735c52d824,0,0
RU-A1203,img_11aef542141ed859,0,0
RU-A1203,img_ac7a1f8c24006005,0,0
RU-A1203,img_8a80deeed9ec8600,0,0
RU-A1256,img_3cdf5038292d42c2,0,2
RU-A1256,img_7bfb5df6c4b5e1da,0,2
RU-A1256,img_0a9a329d7a64bfae,0,2
RU-A1256,img_5bea67293edc25b8,0,2
RU-A1256,img_180e8cb526183889,0,2
RU-A1256,img_0d11fc90b7a4a93c,0,2
RU-A1256,img_c28ed4f0b93bf99f,0,2
RU-A1256,img_e681d947a681160a,0,2
RU-A1256,img_deac659cf17095c7,0,2
RU-A1256,img_dd54f5143faa323d,0,2
RU-A1256,img_c643ded830ab2349,0,2
RU-A1256,img_a3abba9d5f11771d,0,2
RU-A1256,img_c3c00230c024acdd,0,2
RU-A1256,img_b557b0dc91950062,0,2
RU-A1256,img_8c49ee0be5075b64,0,2
RU-A1256,img_0f064ea580c73117,0,2
RU-A1090,img_da7ed7700138b035,0,0
RU-A1090,img_eeec812712e45477,0,0
RU-A1090,img_cd6c7dda11ac5b28,0,0
RU-A1090,img_8caefe511b92d8a5,0,0
RU-A1090,img_ace7cb921e3480df,0,0
RU-A1090,img_a345fbfb947dbfea,0,0
RU-A1090,img_3dcb387bed7986ad,0,0
RU-A1090,img_13f9cf0486a6e670,0,0
RU-A1030,img_bdecef1977425ccd,0,4
RU-A1030,img_b23cd40b90a71e00,0,4
RU-A1030,img_836d3d110f4f3cb3,0,4
RU-A1030,img_101bfc3f0b42f55b,0,4
RU-A1030,img_158bfd7b6d2e166b,0,4
RU-A1030,img_54a680d43f9e56a0,0,4
RU-A1030,img_300ec3d4ee8c9bd5,0,4
RU-A1030,img_47f225098acdcbc3,0,4
RU-A1030,img_c89f899f8ebb5e91,0,4
RU-A1211,img_c7f57691239df356,0,3
RU-A1211,img_60f742e92dcfa7ba,0,3
RU-A1211,img_37bea8f6a7902f6e,0,3
RU-A1211,img_81d1ab82bb5f4c48,0,3
RU-A1211,img_283c6490ddf19518,0,3
RU-A1211,img_fc05258825a57ead,0,3
RU-A1211,img_62969f0da6c3a7c7,0,3
RU-A1211,img_2b810c253ba64088,0,3
RU-A1211,img_c38d45610fe095de,0,3
RU-A1211,img_b59386fc890f10b3,0,3
RU-A1211,img_8f0f79811f46a544,0,3
RU-A1211,img_b6f79fde17cb88f5,0,3
RU-A1211,img_51d30819d2781b85,0,3
RU-A1211,img_b3a2e6b0e91480a2,0,3
RU-A1211,img_df84be14d790da4d,0,3
RU-A1211,img_c50e586074042183,0,3
RU-A1211,img_4add907ae718d02c,0,3
RU-A1211,img_167b62aea684fa2f,0,3
RU-A1211,img_8e4bfe5989f7131f,0,3
RU-A1211,img_918200447ba09a92,0,3
RU-A1211,img_08cbc86847848400,0,3
RU-A1211,img_85acf433668c8bf0,0,3
RU-A1211,img_c4d1e5d0d7e5f144,0,3
RU-A1211,img_e0c728f461babf17,0,3
RU-A1211,img_dd38c149437f285f,0,3
RU-A1211,img_2970e7a4d0918de7,0,3
RU-A1216,img_211c9da9a944e882,0,0
RU-A1216,img_16192767cc575220,0,0
RU-A1216,img_f17d00d8076f5d14,0,0
RU-A1216,img_076d1788c0168fe5,0,0
RU-A1216,img_f79b85b64e736b0a,0,0
RU-A1216,img_2acd2623f4664122,0,0
RU-A1216,img_1e8b89bd766064bd,0,0
RU-A1216,img_d027515227104c35,0,0
RU-A1216,img_83bfd6ffeecf85a3,0,0
RU-A1216,img_2ab5bfbe58a45dac,0,0
RU-A1216,img_324e624902f062f6,0,0
RU-A1216,img_f008ee42065c6779,0,0
RU-A1216,img_61229fa9f8ce62a2,0,0
RU-A1216,img_792782821743cd54,0,0
RU-A1216,img_993b4afdaa9e8a72,0,0
RU-A1216,img_920a52b2991bc320,0,0
RU-A1216,img_3d6a125594556fb9,0,0
RU-A1220,img_07c98b14aed7ccaa,0,1
RU-A1220,img_ca42876583ae3a97,0,1
RU-A1220,img_24fa20bb28fdb08f,0,1
RU-A1220,img_e67109dd8a14a773,0,1
RU-A1220,img_9156491c867f5ab1,0,1
RU-A1220,img_764843dfeea0da95,0,1
RU-A1220,img_6aead28825c999aa,0,1
RU-A1220,img_fd3458f35329c56e,0,1
RU-A1220,img_159c8db49fbbcfe5,0,1
RU-A1220,img_248ddd32efb7c82d,0,1
RU-A1220,img_570ed02087628f5d,0,1
RU-A1220,img_beb7ace43bb3be89,0,1
RU-A1220,img_909c77eacd3ef9d8,0,1
RU-A1220,img_339a094dd561e6c4,0,1
RU-A1220,img_ceec7e9357abf22d,0,1
RU-A1220,img_db37c7c45965bc21,0,1
RU-A1220,img_73642d0c9cd40eaf,0,1
RU-A1220,img_7aa449cc3ef0a96f,0,1
RU-A1220,img_b19f8b601e9a2629,0,1
RU-A1220,img_916a8e773206a116,0,1
RU-A1273,img_dac2ccd0b15afda7,0,0
RU-A1273,img_dbe2e3e326eb9708,0,0
RU-A1273,img_1ac60bc2f83406ad,0,0
RU-A1273,img_f0e712aa982397be,0,0
RU-A1273,img_6dbb595e581ac446,0,0
RU-A1273,img_adbe95f0d7e54fc8,0,0
RU-A1273,img_09fb14db3054c8cd,0,0
RU-A1273,img_2c1143bdb7ee9f11,0,0
RU-A1273,img_a2fff9cee77965d9,0,0
RU-A1273,img_dfadd00a0199f1ef,0,0
RU-A1070,img_a5972d8c95eca0f2,0,3
RU-A1070,img_648e90226c2a03f4,0,3
RU-A1242,img_1c4e9c5d474de66e,0,0
RU-A1242,img_7750824ecd2c4f55,0,0
RU-A1242,img_c276dcd449f385ba,0,0
RU-A1242,img_989ddb2963272454,0,0
RU-A1242,img_2672af54b27bab1e,0,0
RU-A1242,img_d4bd9caee3201271,0,0
RU-A1242,img_2ac5e9eb1ba6e665,0,0
RU-A1242,img_e8ace6ab22376d8c,0,0
RU-A1242,img_e203ada625248d95,0,0
RU-A1242,img_9735c4d48c7b1987,0,0
RU-A1242,img_71a10170b3208d7d,0,0
RU-A1242,img_ee8baff9219ee8df,0,0
RU-A1242,img_07ecb2eada456532,0,0
RU-A1242,img_04cec895b1babcb2,0,0
RU-A1242,img_93427961028c8525,0,0
RU-A1242,img_cffb7a858b97c933,0,0
RU-A1219,img_d8bd7e80df936f08,0,2
RU-A1219,img_42808dc2218c111f,0,2
RU-A1219,img_f2d85588cbb6ea11,0,2
RU-A1219,img_48dcbee750c90542,0,2
RU-A1219,img_8c73fa50332cfe17,0,2
RU-A1219,img_d544c62bbe32c096,0,2
RU-A1219,img_680abce8830fc2b8,0,2
RU-A1219,img_1884c1ab11268364,0,2
RU-A1219,img_5839d8dbbb5a8035,0,2
RU-A1219,img_947d8a17b8cd7e6b,0,2
RU-A1219,img_21ff47bcbb1c7f48,0,2
RU-A1219,img_dc7502461abe24fc,0,2
RU-A1219,img_0b0a8dd50befcb42,0,2
RU-A1219,img_e57a234ce1c5d42d,0,2
RU-A1219,img_e99f7190477f7828,0,2
RU-A1228,img_686400c4ad0a6e6a,0,3
RU-A1228,img_32aa43ade73cf3bd,0,3
RU-A1228,img_5983adb208f5eb40,0,3
RU-A1228,img_cd2047f770b50f0a,0,3
RU-A1228,img_1de7aaaabd0faabe,0,3
RU-A1228,img_11a9796f5c0eb9db,0,3
RU-A1228,img_6bcd77faf38364ac,0,3
RU-A1228,img_84c4ee509582e376,0,3
RU-A1228,img_191369ef64922788,0,3
RU-A1228,img_de085be18aedc97e,0,3
RU-A1228,img_adcba9e0daa1cb38,0,3
RU-A1228,img_85321b41fc1123ff,0,3
RU-A1228,img_f441659b2f0f1af1,0,3
RU-A1210,img_3b33735ee57f7f7d,0,4
RU-A1210,img_0f01e4deeaf12d6d,0,4
RU-A1210,img_5750349fa57f0570,0,4
RU-A1210,img_7deac667baee5c70,0,4
RU-A1210,img_cd92a6994acd1151,0,4
RU-A1210,img_ac81a04d40a42026,0,4
RU-A1210,img_a49fb1a83a6291aa,0,4
RU-A1210,img_0855ba30dca90b13,0,4
RU-A1210,img_d246f5e8f86e5537,0,4
RU-A1210,img_0db40e82e5cc865d,0,4
RU-A1210,img_20fd20ac857c5bab,0,4
RU-A1210,img_d5c9993e56e3bca1,0,4
RU-A1210,img_bd9622ed37b5c1c9,0,4
RU-A1210,img_75810f231ed8a305,0,4
RU-A1210,img_367e8f43fce5c4bd,0,4
RU-A1210,img_8861f63bac767f5a,0,4
RU-A1210,img_9cd860d3da1e6a4d,0,4
RU-A1275,img_d3f9bd6aa7649a7a,1,2
RU-A1275,img_ef4dd9ce45e41606,1,2
RU-A1275,img_e6a610bbd05d4ff5,1,2
RU-A1275,img_912d5cb661707b74,1,2
RU-A1135,img_41ba806057493acb,0,0
RU-A1135,img_ea4166f5b26a84bb,0,0
RU-A1135,img_a011c3b35feddab3,0,0
RU-A1135,img_ef1943656f87aeae,0,0
RU-A1135,img_f816675ed1aa3d37,0,0
RU-A1135,img_6559163344452298,0,0
RU-A1135,img_99335859440b641e,0,0
RU-A1135,img_a1845eed0baead6a,0,0
RU-A1135,img_57b7a9479d1e8f5b,0,0
RU-A1135,img_acff71efdd980f23,0,0
RU-A1135,img_7356b7760ce62d57,0,0
RU-A1135,img_9a0bfa7f75f420ad,0,0
RU-A1135,img_3d9796b9a937bfe1,0,0
RU-A1135,img_4e39c40a68c4fbd3,0,0
RU-A1135,img_a8d8ac1ffef528d6,0,0
RU-A1135,img_63384cfe4d4bb2c6,0,0
RU-A1135,img_072a5350aad64f7f,0,0
RU-A1168,img_2d1e23169ca9444f,0,2
RU-A1168,img_67c8216ea315f930,0,2
RU-A1168,img_5478081e9d6a7481,0,2
RU-A1168,img_20507a621eefc73a,0,2
RU-A1168,img_9e51f8bfaef65f85,0,2
RU-A1168,img_fe37a479ab402293,0,2
RU-A1168,img_bc3672a0253fee12,0,2
RU-A1168,img_b3c96026f16e75b5,0,2
RU-A1168,img_2290246b1b1d0450,0,2
RU-A1168,img_33bbeb48c21079ae,0,2
RU-A1161,img_95733855bca6c6bc,0,1
RU-A1161,img_b4217154bb20dc1e,0,1
RU-A1161,img_fe3798700010e591,0,1
RU-A1161,img_6c2ffc6ae0cb9b98,0,1
RU-A1161,img_5286695679afa1c8,0,1
RU-A1161,img_f57d78565fc7c82b,0,1
RU-A1161,img_68c9c00b092f920d,0,1
RU-A1161,img_9443ff7acd47ca8e,0,1
RU-A1161,img_4cd5e2e03a618c31,0,1
RU-A1161,img_a50dd968e4554492,0,1
RU-A1161,img_0d3ab2414f771caf,0,1
RU-A1161,img_9d3c7964a9cb7d87,0,1
RU-A1161,img_ecef5e9e48ea5c36,0,1
RU-A1159,img_2326165d4e32930d,0,0
RU-A1159,img_99b21a47fb3f2872,0,0
RU-A1159,img_466e5ae749d0a069,0,0
RU-A1159,img_2ffb01acc36ee8aa,0,0
RU-A1159,img_b124cd59fd389d0a,0,0
RU-A1158,img_3b8d195989338c7d,0,1
RU-A1158,img_eb28b17c0dd891c8,0,1
RU-A1158,img_394d70aaa40639c1,0,1
RU-A1158,img_94925372cc1708ba,0,1
RU-A1158,img_9ac3a25ba9aa17bc,0,1
RU-A1158,img_fe5ca52fb0daa4b4,0,1
RU-A1158,img_2b1929eaf6d3e910,0,1
RU-A1158,img_ed77e5a0bda7ee61,0,1
RU-A1158,img_b8e26be5706fe5ea,0,1
RU-A1194,img_f6b82baa6a903c66,0,0
RU-A1194,img_0ce6fd681b404aac,0,0
RU-A1194,img_2de0c8e545ea33a1,0,0
RU-A1194,img_2d1cd1fd1c94bcaf,0,0
RU-A1194,img_72da80507da9557d,0,0
RU-A1194,img_31155e5405829a26,0,0
RU-A1194,img_5760640c6144190e,0,0
RU-A1194,img_7be68f77adb9ddd7,0,0
RU-A1194,img_3f56855a4bab5878,0,0
RU-A1194,img_9770c35d668c177e,0,0
RU-A1194,img_e4cadfa5fc91f16a,0,0
RU-A1194,img_93f7d0b873989fb3,0,0
RU-A1194,img_e8cec3db3c56e7ce,0,0
RU-A1194,img_0c32a3172545d5d6,0,0
RU-A1194,img_b4bc327dc926d6ad,0,0
RU-A1194,img_15fb6e3252b71160,0,0
RU-A1169,img_4e8bd7aaae06e8dc,0,4
RU-A1169,img_818b098385504412,0,4
RU-A1169,img_d281bc91cd039886,0,4
RU-A1169,img_cb70331c5e98f3af,0,4
RU-A1169,img_4ee8f1d961da0833,0,4
RU-A1169,img_ebbe0f14bba87b2a,0,4
RU-A1169,img_891d4bbeaad9707d,0,4
RU-A1169,img_0aebe84f6dc37e31,0,4
RU-A1156,img_262c65557723fe8c,1,0
RU-A1156,img_1f71c42f0f912f82,1,0
RU-A1156,img_799e950f1748b729,1,0
RU-A1156,img_ad61d14526830328,1,0
RU-A1156,img_ef456495ac2f35cd,1,0
RU-A1156,img_ef2f2153249842fe,1,0
RU-A1156,img_cf692464232b62d4,1,0
RU-A1156,img_1d8650e8f1f66310,1,0
RU-A1156,img_fbe00abc1efa07f6,1,0
RU-A1156,img_d1478e1373a44355,1,0
RU-A1156,img_787108daa11b1763,1,0
RU-A1156,img_216139bf460e46a8,1,0
RU-A1156,img_33775f127e9fd6d8,1,0
RU-A1156,img_626c1ffd0917d6b6,1,0
RU-A1156,img_b2bfb55855e0dc8e,1,0
RU-A1112,img_899fff18335ed915,0,0
RU-A1112,img_05bb3a368eecd832,0,0
RU-A1112,img_8d9c9d574b669277,0,0
RU-A1112,img_84ecf6c9f4f9d27c,0,0
RU-A1112,img_f00ee7943d84f5ba,0,0
RU-A1112,img_d8d39ed32d4d937d,0,0
RU-A1112,img_b9dcaa8ff4edd8d5,0,0
RU-A1112,img_04eb7f7c6823c9ad,0,0
RU-A1112,img_1210f4445c6f3370,0,0
RU-A1112,img_ada4c6871db8549b,0,0
RU-A1123,img_634f529c50723700,0,0
RU-A1123,img_c1325d406c22ee04,0,0
RU-A1123,img_c078c3b68364f6dd,0,0
RU-A1123,img_9e7e0223726fc763,0,0
RU-A1123,img_fbf1a9547b5d81ab,0,0
RU-A1123,img_33e3fce3705bebb1,0,0
RU-A1123,img_e8f4de4c2f03d4de,0,0
RU-A1123,img_aef76e5b71881df0,0,0
RU-A1183,img_6d1a6fb732485fd0,0,4
RU-A1183,img_741683fa20acf36f,0,4
RU-A1183,img_cf8042993e43025c,0,4
RU-A1183,img_84b47caa9f19044d,0,4
RU-A1183,img_3cee3fb7e5ca15dd,0,4
RU-A1183,img_3e302e3f2617cc5f,0,4
RU-A1183,img_903a7a748a7656ba,0,4
RU-A1183,img_862bed5da46cfec2,0,4
RU-A1183,img_16dee0ffc6f0f082,0,4
RU-A1183,img_b969d0f0e1c69fd2,0,4
RU-A1183,img_5b708eb167bd19d7,0,4
RU-A1183,img_cd3337cf3d2e05c2,0,4
RU-A1183,img_cbc1c4afe7cf8de8,0,4
RU-A1146,img_022eba16e19c6886,0,2
RU-A1146,img_3e45be546aa50b76,0,2
RU-A1146,img_3233c051b4af2a86,0,2
RU-A1146,img_282c0ec06f1bf33d,0,2
RU-A1146,img_76bc99c4274faca1,0,2
RU-A1146,img_1ac99bc52d6237ad,0,2
RU-A1146,img_778bf7751b067ec9,0,2
RU-A1146,img_c1d8d626347c278a,0,2
RU-A1146,img_b36daea93cfaa7a0,0,2
RU-A1146,img_f5176214e90037e0,0,2
RU-A1146,img_2b2592f424e22beb,0,2
RU-A1146,img_b80fb274dc0109c2,0,2
RU-A1146,img_6f448cbf82be7ade,0,2
RU-A1146,img_45ad1c9a3dc093d3,0,2
RU-A1146,img_c28e217acf19eb11,0,2
RU-A1146,img_3a566b4818d136bc,0,2
RU-A1146,img_618493e1134e66cb,0,2
RU-A1146,img_36641c79828d3420,0,2
RU-A1146,img_8f1a4338a883de82,0,2
RU-A1146,img_3e3f6f4c254faeae,0,2
RU-A1146,img_98b63eeb9f6bc410,0,2
RU-A1141,img_6268824656d7744d,0,2
RU-A1141,img_344b213a1ab7e363,0,2
RU-A1122,img_f8ad0ecb10ef2194,0,3
RU-A1122,img_5bcee98f411459f6,0,3
RU-A1122,img_a7908f17489be1cd,0,3
RU-A1122,img_2f40a3d6c60a32aa,0,3
RU-A1122,img_4106ac5b15f44cff,0,3
RU-A1122,img_0fcfad02f1a31f42,0,3
RU-A1122,img_31aa51859fbc1fe5,0,3
RU-A1122,img_79f7368389bb7515,0,3
RU-A1125,img_212267f10aa5b67f,0,2
RU-A1125,img_26f6be7581ec469e,0,2
RU-A1125,img_6712e06fa6fae110,0,2
RU-A1125,img_211bfa28bc3cb3d6,0,2
RU-A1125,img_c701dbeea7ee4625,0,2
RU-A1125,img_aae7b125b8e38b8e,0,2
RU-A1125,img_9c03820c2d2b715e,0,2
RU-A1125,img_2dce294e42a4b91e,0,2
RU-A1125,img_f0e95881799a7c3a,0,2
RU-A1125,img_9b48a35529a84fd0,0,2
RU-A1125,img_947991b72c6446b2,0,2
RU-A1125,img_32084539b9128b78,0,2
RU-A1113,img_dd11b0dc5f09a181,0,3
RU-A1113,img_1fa79c9e7e568d94,0,3
RU-A1113,img_8678d3816665a840,0,3
RU-A1113,img_6521c62e366298b7,0,3
RU-A1113,img_c5d7c27be0db5ad3,0,3
RU-A1113,img_95729538c6d2336a,0,3
RU-A1113,img_8fa384122d927400,0,3
RU-A1113,img_6327d27c37c52b8a,0,3
RU-A1113,img_434364783689b3e7,0,3
RU-A1113,img_c8b3166eb3c50523,0,3
RU-A1114,img_eb142b365f2a25a8,0,3
RU-A1114,img_3ee8778107c0c9b9,0,3
RU-A1114,img_706f999e2aba58ee,0,3
RU-A1114,img_c64f384c32be17f0,0,3
RU-A1114,img_2f16f1305d7fe00c,0,3
RU-A1114,img_9a50aca0a0267c87,0,3
RU-A1147,img_404c604009aaebb5,0,0
RU-A1147,img_6597926927bfb8c5,0,0
RU-A1147,img_ba83307be998fc1a,0,0
RU-A1147,img_f6d5dbd37759f0f2,0,0
RU-A1147,img_2ed8cecbe4df5b10,0,0
RU-A1147,img_626b2132ed95fd5f,0,0
RU-A1147,img_9d894954a01c990c,0,0
RU-A1147,img_99dda2a9033f50f7,0,0
RU-A1147,img_25291aa67b1734d4,0,0
RU-A1147,img_c0afc5370644a362,0,0
RU-A1147,img_f2700607dabf6846,0,0
RU-A1147,img_c9d92adeb1f8aab5,0,0
RU-A1147,img_a3f88911cfe5ecfe,0,0
RU-A1147,img_e6d05edaf7afc860,0,0
RU-A1185,img_9c4824c3e1af159a,0,0
RU-A1185,img_e079d4a93726e092,0,0
RU-A1185,img_80a8751f396472a9,0,0
RU-A1185,img_ecea7ea3e7001bd3,0,0
RU-A1185,img_9f3dc35b26f187ea,0,0
RU-A1185,img_ef13fc5cab8bdd25,0,0
RU-A1185,img_3d1f6ec6f275bb64,0,0
RU-A1185,img_cf3ad10b52ccd240,0,0
RU-A1185,img_7271d082e1f7ad3b,0,0
RU-A1185,img_18cd7cd1def4b9bb,0,0
RU-A1185,img_c5d65bf2807e7774,0,0
RU-A1185,img_aa07523b6c833c33,0,0
RU-A1209,img_e88de895b372bf1c,0,4
RU-A1209,img_08404ebec47e352a,0,4
RU-A1209,img_cad4d04e8e16992a,0,4
RU-A1209,img_709c9a3f563ca37f,0,4
RU-A1209,img_e20434596f201958,0,4
RU-A1209,img_3a4692b4e18b6391,0,4
RU-A1209,img_f6722068b5dad8d7,0,4
RU-A1209,img_4baa788adc1b229b,0,4
RU-A1209,img_687835999dcc67a4,0,4
RU-A1209,img_4bfcbf4b310641fa,0,4
RU-A1209,img_7d516d887fbc2b2e,0,4
RU-A1209,img_c90025e4e614f112,0,4
RU-A1209,img_f1bbcba33e99e050,0,4
RU-A1209,img_4ecb72e934988617,0,4
RU-A1231,img_51b4c30f70426d83,0,2
RU-A1231,img_ccf719192cc88df3,0,2
RU-A1231,img_24718b320b2853da,0,2
RU-A1231,img_0b31512d6a8c02bd,0,2
RU-A1231,img_ae84f5eb5ead9979,0,2
RU-A1231,img_f4d008b0a483cd5d,0,2
RU-A1231,img_b780581cefb1152c,0,2
RU-A1231,img_1d8a6058ea75ab7a,0,2
RU-A1231,img_be34a7deb1f2276c,0,2
RU-A1231,img_01b949e1a2145417,0,2
RU-A1231,img_8046ff2b7b4976b7,0,2
RU-A1231,img_74ce8166af4c8205,0,2
RU-A1231,img_0ae8ce3d947692ce,0,2
RU-A1231,img_eabb944a930246f8,0,2
RU-A1231,img_9abf973dc29876e3,0,2
RU-A1231,img_fc421bfd84fbaeb6,0,2
RU-A1231,img_d7cc5d47b8a48e33,0,2
RU-A1238,img_e20f3263c127c259,0,3
RU-A1238,img_eac274422d9acdee,0,3
RU-A1238,img_ce1366539e3b0ed2,0,3
RU-A1238,img_e7259510f749eab0,0,3
RU-A1238,img_d0d25584d7bef12b,0,3
RU-A1238,img_6005967f95ec60ca,0,3
RU-A1238,img_2239dc4761e7e193,0,3
RU-A1238,img_9ba3b3028870fa08,0,3
RU-A1238,img_b3153d90f5dfc68d,0,3
RU-A1238,img_afbf5542edb64799,0,3
RU-A1238,img_c77e5ef5beedfd6d,0,3
RU-A1238,img_015bf7bdf6cd351c,0,3
RU-A1238,img_43e055c79b475c14,0,3
RU-A1238,img_66d96e0e246636d2,0,3
RU-A1238,img_9e265f4850cb933c,0,3
RU-A1238,img_704d17296596edcf,0,3
RU-A1095,img_7223a841400a8bea,0,1
RU-A1095,img_e06442a3c78fada2,0,1
RU-A1095,img_62ec564add3111d0,0,1
RU-A1095,img_771a6357f86f8163,0,1
RU-A1095,img_9d37ab6d4d6ee6fd,0,1
RU-A1095,img_131801c141b7b3cb,0,1
RU-A1095,img_2ef12c376c3c77d8,0,1
RU-A1095,img_88ce412adff0b82b,0,1
RU-A1068,img_de5b723909de6980,0,0
RU-A1068,img_456cfa310dcddcce,0,0
RU-A1068,img_4f22d43ec3f2dec4,0,0
RU-A1068,img_61ee812215da48e1,0,0
RU-A1068,img_8712b88c249e9aab,0,0
RU-A1068,img_dfdbfc98d52a0888,0,0
RU-A1262,img_3c1af7869d1e7173,0,4
RU-A1262,img_87282c743067431e,0,4
RU-A1262,img_3837fa2887e58634,0,4
RU-A1262,img_2acf2eb2b9bef314,0,4
RU-A1262,img_28f5051ebee77577,0,4
RU-A1262,img_804ef1804e7cc2a1,0,4
RU-A1262,img_9e93a22b8b55c058,0,4
RU-A1262,img_51ab81ff1c69b054,0,4
RU-A1262,img_e74f5f664be1106a,0,4
RU-A1262,img_ae49189e0fd89054,0,4
RU-A1262,img_8aea94aee54fe00f,0,4
RU-A1262,img_653cb8cb0ed09c43,0,4
RU-A1262,img_59962e5d727c38b5,0,4
RU-A1262,img_e937360c993d2be6,0,4
RU-A1262,img_77d634c5dd408353,0,4
RU-A1262,img_07ddbdc38e4dda24,0,4
RU-A1262,img_182faac0f23de042,0,4
RU-A1262,img_93ba0db911c1b58b,0,4
RU-A1206,img_bd7a537e8e0b9316,0,3
RU-A1206,img_72b30c7d9f3e31e7,0,3
RU-A1206,img_d9a9956b3d8a898f,0,3
RU-A1206,img_eb3a4f42c5fdcf59,0,3
RU-A1206,img_7a80f955d8d6a192,0,3
RU-A1206,img_f923ad98fb696f1d,0,3
RU-A1206,img_433374e96ab77c4f,0,3
RU-A1206,img_a56b83ef6b33b9e8,0,3
RU-A1206,img_ebff90a9d3932358,0,3
RU-A1206,img_bae214ef7edfe710,0,3
RU-A1206,img_ab6f5313ad127c9a,0,3
RU-A1206,img_46a6541117b289bc,0,3
RU-A1206,img_a87eafe66f1422eb,0,3
RU-A1206,img_8cb6c907a28588b1,0,3
RU-A1206,img_3ed5102073093fb2,0,3
RU-A1230,img_5d5cf5ce561b2753,0,3
RU-A1230,img_578b80c32f12835e,0,3
RU-A1230,img_4d43fc49b18a6b3a,0,3
RU-A1230,img_3b12e41dd0985fa6,0,3
RU-A1230,img_1c6d5529c2be02d0,0,3
RU-A1230,img_654d57803e4fb266,0,3
RU-A1230,img_da3ffd66000677b8,0,3
RU-A1230,img_3910dce46395a9bb,0,3
RU-A1230,img_56f77b7f006595c7,0,3
RU-A1230,img_1102764d3fabd2b7,0,3
RU-A1230,img_6acbec2f0b3d51cc,0,3
RU-A1230,img_de64e3be31186311,0,3
RU-A1230,img_8aca700258a18303,0,3
RU-A1230,img_8748cb83737b6b34,0,3
RU-A1230,img_0bda90c8cef94842,0,3
RU-A1230,img_f1162e01af4332b6,0,3
RU-A1208,img_9d7b7b94b73b511a,0,3
RU-A1208,img_b9b540d94e000e04,0,3
RU-A1208,img_acd28e52a2ac32af,0,3
RU-A1208,img_015b78d2bb589be2,0,3
RU-A1208,img_f69d6285f70e963d,0,3
RU-A1208,img_0bd9285b26eccbdb,0,3
RU-A1208,img_39213722d17bf56a,0,3
RU-A1208,img_23f119d431908552,0,3
RU-A1208,img_660724cfab6a8ed8,0,3
RU-A1208,img_f8ae74856b40ebbe,0,3
RU-A1208,img_77ea794e6c2bd3b5,0,3
RU-A1208,img_c2c0352f39862819,0,3
RU-A1208,img_1bf4dcd5ac81d37d,0,3
RU-A1208,img_adda8f0d972b51d8,0,3
RU-A1208,img_8a8549224fbd4de6,0,3
RU-A1208,img_db2bfb4dfa93a1d3,0,3
RU-A1208,img_5713d7a0eda58aef,0,3
RU-A1208,img_76c1ce6234fb1f21,0,3
RU-A1263,img_8e36343b54542f21,0,0
RU-A1263,img_76228744c0e5ba42,0,0
RU-A1263,img_f9f5c7c61249efda,0,0
RU-A1263,img_dcda6fc930914168,0,0
RU-A1263,img_407dc9554b777423,0,0
RU-A1263,img_7570af8548086d4e,0,0
RU-A1263,img_0a2a59ddbff0500d,0,0
RU-A1263,img_3c2ad106f7c4411e,0,0
RU-A1263,img_1da1ac75a7c0a830,0,0
RU-A1263,img_5a9469cca855523b,0,0
RU-A1263,img_1c7117e1ce632deb,0,0
RU-A1263,img_c3e49b85cf0cadb6,0,0
RU-A1263,img_0639f3f5749f20f6,0,0
RU-A1263,img_1aded2d0d4c1f580,0,0
RU-A1263,img_1165273a18d49178,0,0
RU-A1263,img_2b706706372357ef,0,0
RU-A1264,img_ac3771e367879afb,0,0
RU-A1264,img_885c0e60e939e664,0,0
RU-A1264,img_efe8a8edbe35540d,0,0
RU-A1264,img_87704616471c7123,0,0
RU-A1264,img_1ed4ebad8461ce0d,0,0
RU-A1264,img_2159421164067c67,0,0
RU-A1264,img_4064de275e52aeb9,0,0
RU-A1264,img_16dc01084959e50d,0,0
RU-A1264,img_60144fd95de324fe,0,0
RU-A1264,img_1f735fcab0f04a7e,0,0
RU-A1264,img_5733e4732e7a3837,0,0
RU-A1264,img_ee535e29ed16a511,0,0
RU-A1069,img_d2162374d38811c4,0,1
RU-A1069,img_1453f3d3ba1702fc,0,1
RU-A1069,img_7e1918eb197d9e3f,0,1
RU-A1069,img_fc0ca96fa46b7e39,0,1
RU-A1094,img_01517ff93b6553c8,0,0
RU-A1094,img_560efa9a189f71c0,0,0
RU-A1094,img_7009db8f5803fa4f,0,0
RU-A1094,img_234095713ed1a428,0,0
RU-A1094,img_af0b4494245fdada,0,0
RU-A1094,img_3d552d0c02ff030b,0,0
RU-A1094,img_ba24b1d2557febc2,0,0
RU-A1094,img_de9617d0067d25e3,0,0
RU-A1094,img_016ee1ba631c4b8e,0,0
RU-A1094,img_099a61e10a581254,0,0
RU-A1094,img_51cf0b452c3dac8e,0,0
RU-A1094,img_b00261126714a5d7,0,0
RU-A1094,img_3af6ff4fe6a989e6,0,0
RU-A1094,img_4f6b7fe12cbc23d2,0,0
RU-A1094,img_278d58ac00cfa405,0,0
RU-A1094,img_b99e12daec6865ab,0,0
RU-A1094,img_3579b10c7334c7d9,0,0
RU-A1094,img_6bb68d4c1e6fc0a7,0,0
RU-A1094,img_612cfbf89e7f0009,0,0
RU-A1067,img_6220e015637d978b,0,0
RU-A1067,img_582995212b33d9fa,0,0
RU-A1067,img_598d7eb38695123d,0,0
RU-A1067,img_9fd49335748f236e,0,0
RU-A1067,img_30bacd694da343ae,0,0
RU-A1067,img_1cc1b68fe2c6648c,0,0
RU-A1067,img_7aac1d36262d63e2,0,0
RU-A1067,img_6738f0288f81b7ac,0,0
RU-A1067,img_58b7dd968c69975a,0,0
RU-A1067,img_b10500173e492ade,0,0
RU-A1067,img_85cefcd71798f630,0,0
RU-A1067,img_347cf4fa9fc9d748,0,0
RU-A1067,img_f750f50e31e4de00,0,0
RU-A1067,img_74143139cff3b8d2,0,0
RU-A1067,img_5d7f4e352a78ba30,0,0
RU-A1067,img_431fe5eb8b87dc54,0,0
RU-A1067,img_cba2c4445fd59785,0,0
RU-A1067,img_f8d73a49b3df3a8a,0,0
RU-A1067,img_85b277b7f80a7de0,0,0
RU-A1067,img_f02f0bcb958baf00,0,0
RU-A1089,img_811face9c3d57208,1,4
RU-A1089,img_7cc89259b39f4b3a,1,4
RU-A1089,img_a8090ed170f3c63c,1,4
RU-A1089,img_dafe6d89fca0e734,1,4
RU-A1089,img_b8ea01026ec45144,1,4
RU-A1089,img_b8b1c5cc1f214ff6,1,4
RU-A1089,img_c61f35b010f5a552,1,4
RU-A1089,img_5945880600829012,1,4
RU-A1089,img_9b2c4e0781ff09f1,1,4
RU-A1089,img_587e7e5120f33f09,1,4
RU-A1089,img_ac13013ed6b93a9e,1,4
RU-A1089,img_e3ee18caca7f5ff0,1,4
RU-A1089,img_28e1133f512e5bda,1,4
RU-A1089,img_b01686bfa4e11490,1,4
RU-A1270,img_55ab5fc7558a3da0,0,3
RU-A1270,img_8e07b5a077c23f71,0,3
RU-A1270,img_439f0de0aa900f02,0,3
RU-A1270,img_53c6000866daf0c7,0,3
RU-A1270,img_15f68d34505348a8,0,3
RU-A1270,img_d4b769f7946dfe2a,0,3
RU-A1020,img_d163103548b31860,0,1
RU-A1020,img_302cda32ea635188,0,1
RU-A1020,img_4d16dfbd8c96551b,0,1
RU-A1020,img_7a8874ca8507a149,0,1
RU-A1016,img_cee1dbbab99c3fb4,0,3
RU-A1016,img_49e8c807a9b0b3ae,0,3
RU-A1016,img_077b685b5fb2b0e8,0,3
RU-A1016,img_331a80a5c6d3dc56,0,3
RU-A1016,img_5d54fe6a5ac10b9c,0,3
RU-A1016,img_00bb35f82dbeffef,0,3
RU-A1016,img_54643f96ceb59614,0,3
RU-A1016,img_1b382d8d94b541c5,0,3
RU-A1016,img_16ae3c04504347a2,0,3
RU-A1016,img_02058635abf0a136,0,3
RU-A1016,img_a4a1cffe754e7e7e,0,3
RU-A1016,img_5f34131f8d83f557,0,3
RU-A1016,img_fc5460112d0ac32b,0,3
RU-A1016,img_a1dce564bd8054d3,0,3
RU-A1016,img_958708cfc55356d4,0,3
RU-A1016,img_04276ba2186ed138,0,3
RU-A1029,img_46a098f3c35da684,0,3
RU-A1029,img_9e4ea82fe3482893,0,3
RU-A1029,img_8669c598d1725c58,0,3
RU-A1029,img_9c8e62e767730557,0,3
RU-A1029,img_b8e656a5f977f14a,0,3
RU-A1029,img_39df9b5de27b853d,0,3
RU-A1029,img_c15a4f4ca9c566f7,0,3
RU-A1029,img_b223b7cf2ed93b6c,0,3
RU-A1240,img_faec1caad0db6847,1,1
RU-A1240,img_9ebce91590b175e2,1,1
RU-A1240,img_0702c508ef753fe4,1,1
RU-A1240,img_38e889a7062e8fd3,1,1
RU-A1240,img_a91cea6e73ce309d,1,1
RU-A1240,img_079e22b6c0eedb15,1,1
RU-A1240,img_c440c9a08439942e,1,1
RU-A1240,img_67ecb61aba03d340,1,1
RU-A1240,img_defb84afbe547876,1,1
RU-A1240,img_956ee8f34f1bed43,1,1
RU-A1240,img_614724ddd1bd16d3,1,1
RU-A1240,img_5dff125894c9b5c3,1,1
RU-A1240,img_a0766365f0a30244,1,1
RU-A1240,img_6fd83b9ca57e94f9,1,1
RU-A1240,img_d7851fb645c2daa7,1,1
RU-A1240,img_0fba4184a5ac5bbf,1,1
RU-A1240,img_14049336882f1cd7,1,1
RU-A1240,img_2623591ef0216d02,1,1
RU-A1240,img_0e2bc745a84c70e4,1,1
RU-A1240,img_8f231c2969b5ecff,1,1
RU-A1240,img_ebb94dca020758a5,1,1
RU-A1240,img_2dd66acb7a396405,1,1
RU-A1240,img_d50bcefe0a8b25f5,1,1
RU-A1240,img_6a2e92f3187eb4f4,1,1
RU-A1240,img_5cdfcbd2b340c3fd,1,1
RU-A1240,img_cf4e4c86a583bd60,1,1
RU-A1240,img_5583f142316e32e2,1,1
RU-A1240,img_544d76fc6948178c,1,1
RU-A1240,img_8ce750407ce73c6c,1,1
RU-A1240,img_1d5fd248b1bef9ae,1,1
RU-A1240,img_09a564a0f2e5af0a,1,1
RU-A1088,img_b059212b4cba448d,0,0
RU-A1088,img_7d17497ed1db2fdf,0,0
RU-A1088,img_463ad8f0758eaa18,0,0
RU-A1088,img_5113ce6f3bd7308e,0,0
RU-A1088,img_ad9b4f09d8aa6d92,0,0
RU-A1088,img_61e018d87c2cb670,0,0
RU-A1088,img_75e515cee5baa1e7,0,0
RU-A1088,img_bb066cc5258870ea,0,0
RU-A1088,img_3adfadea36fc2438,0,0
RU-A1088,img_1fad5212f12b3ea5,0,0
RU-A1088,img_cf87841e0bd73023,0,0
RU-A1088,img_7fcf3289769331eb,0,0
RU-A1088,img_1f1215db2184ca0d,0,0
RU-A1088,img_7812a64d2fd3d8ef,0,0
RU-A1276,img_8ef3adff28101c6b,0,2
RU-A1276,img_806036a2c487b3d1,0,2
RU-A1276,img_92e0339698da44ea,0,2
RU-A1276,img_645337b6259eb4f1,0,2
RU-A1276,img_26f2d28833a3b08d,0,2
RU-A1276,img_09b8b92376bbab14,0,2
RU-A1276,img_106a60c280c8bd0a,0,2
RU-A1276,img_58fef6df503d2c78,0,2
RU-A1276,img_4240b8463af9417a,0,2
RU-A1276,img_b4beaf27e4f4d0ec,0,2
RU-A1276,img_57c33553448c7b67,0,2
RU-A1276,img_4e2eb3af717365d7,0,2
RU-A1214,img_e980dd8a1c9edd85,0,1
RU-A1214,img_383895366ee5c396,0,1
RU-A1214,img_1b1f9630ef3f5a79,0,1
RU-A1214,img_4ed94a795e692eb2,0,1
RU-A1214,img_f0645d10c812d5fa,0,1
RU-A1214,img_00a95adb67aef831,0,1
RU-A1214,img_b69c4644fb7d6277,0,1
RU-A1214,img_d26d55fba085ab34,0,1
RU-A1214,img_946fdee97f153f2a,0,1
RU-A1214,img_00eebae8830ce78f,0,1
RU-A1214,img_0ec73c27666ca999,0,1
RU-A1214,img_cbe7261479f1b205,0,1
RU-A1214,img_a0308e6da0434b85,0,1
RU-A1214,img_a039cae3af65385d,0,1
RU-A1214,img_9858c5f76734fe71,0,1
RU-A1214,img_ba1e3b1c317d9e8e,0,1
RU-A1154,img_b0ddd97534aff59f,0,4
RU-A1154,img_97586c286db7fdd5,0,4
RU-A1154,img_17b1f0bc2ba50ba6,0,4
RU-A1154,img_346040f744de1e56,0,4
RU-A1154,img_b2c1d8c089315277,0,4
RU-A1154,img_6e9c29885ee02390,0,4
RU-A1154,img_33454f26cc69f87a,0,4
RU-A1154,img_baf085b9448ec617,0,4
RU-A1198,img_953b6a6267cac31b,0,3
RU-A1198,img_cdaa0aa988cb7aac,0,3
RU-A1198,img_81ded11dbe476611,0,3
RU-A1198,img_e6371548354223ad,0,3
RU-A1198,img_b465558e3006a29a,0,3
RU-A1198,img_157cdd7f9b876aa4,0,3
RU-A1198,img_0fd87d5cbaca72e6,0,3
RU-A1198,img_67fbe614d2bcbc60,0,3
RU-A1198,img_661a96909ee7b788,0,3
RU-A1198,img_3a53c10b640afbb7,0,3
RU-A1198,img_efb1124d3a5e8315,0,3
RU-A1198,img_c72ce79bedc36f4b,0,3
RU-A1198,img_4faa7efaec1eff7a,0,3
RU-A1198,img_0be15ac6863af72d,0,3
RU-A1198,img_9033c08da1ffcf8c,0,3
RU-A1198,img_429f411fdc36d7dc,0,3
RU-A1100,img_4953da6872e33174,0,1
RU-A1100,img_c462d66fd5c1c1e9,0,1
RU-A1100,img_4e38338f667b5e52,0,1
RU-A1100,img_affbbe4d42c8ec3d,0,1
RU-A1100,img_26a14bcf2c218f31,0,1
RU-A1100,img_f580fa8701660458,0,1
RU-A1100,img_4ea8eb0a85f14609,0,1
RU-A1100,img_935ae2c5d2e7dd8b,0,1
RU-A1100,img_c36a20fe573d25ac,0,1
RU-A1100,img_8768a0a3c8b97453,0,1
RU-A1197,img_467bfd92a143f6cd,0,3
RU-A1197,img_afee9489127624da,0,3
RU-A1197,img_4ce3f165116c4c30,0,3
RU-A1197,img_f0f82c36f1725797,0,3
RU-A1197,img_7a1adbc33ffc84c3,0,3
RU-A1197,img_c10caed0516e6a2f,0,3
RU-A1197,img_089592f6c2d14dec,0,3
RU-A1197,img_8575977d0a71bab2,0,3
RU-A1197,img_22b058b254e73b0b,0,3
RU-A1197,img_b20b0c6e9b87c1c0,0,3
RU-A1197,img_dc542746b72db72c,0,3
RU-A1197,img_c1868aab8365b901,0,3
RU-A1197,img_367b49b9a96fe35c,0,3
RU-A1197,img_3f44c9f857b69514,0,3
RU-A1197,img_bb3e45de02941913,0,3
RU-A1197,img_50435214b7f8b11b,0,3
RU-A1197,img_383e28db8ae244f7,0,3
RU-A1197,img_a5b66e19d58c9628,0,3
RU-A1197,img_7953ca7f8c896b92,0,3
RU-A1197,img_68a3ee81adb912f8,0,3
RU-A1197,img_6b5e6add405030f5,0,3
RU-A1164,img_46431b039365f14f,0,1
RU-A1164,img_3330bc0ab71eff27,0,1
RU-A1164,img_cfe69f9d10cf7416,0,1
RU-A1164,img_599e4971a42d6be3,0,1
RU-A1164,img_d765b093fd570608,0,1
RU-A1164,img_d13eb07f89302fcb,0,1
RU-A1164,img_3338bed229dcaec5,0,1
RU-A1164,img_b948720ee31bf475,0,1
RU-A1164,img_f025d4a56ced1c6a,0,1
RU-A1152,img_5aaa5cfe757bbf58,0,4
RU-A1152,img_dcc321c8b740b6e2,0,4
RU-A1152,img_d44427e314007edd,0,4
RU-A1152,img_6dd38ca3398386c9,0,4
RU-A1152,img_753dc5222715f8eb,0,4
RU-A1152,img_9a5ace42fd4f4c92,0,4
RU-A1152,img_733ebffe90d81add,0,4
RU-A1152,img_308cd63ed703aacf,0,4
RU-A1152,img_6ce3d6bfb6e2be0f,0,4
RU-A1152,img_9b1ad6bbabbfa368,0,4
RU-A1155,img_8ef27605c15ab300,0,2
RU-A1155,img_3ec5072b2497f6ea,0,2
RU-A1155,img_c3a4fdbba41095bd,0,2
RU-A1155,img_90c09cab56fe2ea7,0,2
RU-A1155,img_aa57cb76dec4d117,0,2
RU-A1155,img_d4a5ea6a61739703,0,2
RU-A1130,img_8d9cf10bd7085775,0,4
RU-A1130,img_523afcb122fa310c,0,4
RU-A1130,img_62ee0daaa77c8aaa,0,4
RU-A1130,img_a9b617fee1535b62,0,4
RU-A1130,img_f4d912680285d99a,0,4
RU-A1130,img_c2a1a0df967c3996,0,4
RU-A1189,img_d61470bc4d9e1993,0,1
RU-A1189,img_cd52a5fe7eb1574c,0,1
RU-A1189,img_e097570a752a4591,0,1
RU-A1189,img_9d82add66791e092,0,1
RU-A1189,img_16f8713e9f751a70,0,1
RU-A1189,img_a2db2b0365d1b54b,0,1
RU-A1189,img_266b2908d23a446d,0,1
RU-A1189,img_5cf8c08158cf639c,0,1
RU-A1118,img_e2ff7d26d45a542b,0,1
RU-A1118,img_9e756e3a1ec86958,0,1
RU-A1118,img_fb143aeb9f63ed53,0,1
RU-A1118,img_feaf1589002c990f,0,1
RU-A1118,img_52f6e597fbe82b4e,0,1
RU-A1118,img_2241f92a44087ee9,0,1
RU-A1118,img_74ba0510523a510c,0,1
RU-A1118,img_315b13f61da1a52f,0,1
RU-A1127,img_64aa81472947e522,0,2
RU-A1127,img_ba3b74718dcc6472,0,2
RU-A1127,img_6d1e56d7489e8a58,0,2
RU-A1127,img_1e8c45e9176de293,0,2
RU-A1127,img_05694d0b0b107848,0,2
RU-A1127,img_5c29e7a5eed42aaa,0,2
RU-A1127,img_53957efbaaccf4cc,0,2
RU-A1127,img_1717d641253489a4,0,2
RU-A1127,img_313c1956523f85bd,0,2
RU-A1127,img_f4bbe2a50d58b617,0,2
RU-A1127,img_75e234b8c651743e,0,2
RU-A1127,img_944e45014654ba3c,0,2
RU-A1127,img_54f015d3585537af,0,2
RU-A1127,img_d424ac3f32b316ff,0,2
RU-A1127,img_08907d35a44471e5,0,2
RU-A1127,img_eab5b68d5c796b8d,0,2
RU-A1127,img_9414e1688c1ad4fa,0,2
RU-A1127,img_6c17e7df3c66fc87,0,2
RU-A1144,img_2f57175cb8ce8278,0,0
RU-A1144,img_532040d4d771bf9c,0,0
RU-A1144,img_d4f39c6028ca22a5,0,0
RU-A1144,img_376185d834cf2c11,0,0
RU-A1144,img_4e9da4e06bd28e15,0,0
RU-A1144,img_0539deb78b15c0b5,0,0
RU-A1144,img_40fee211a592cc50,0,0
RU-A1144,img_4bf072c669f5f93c,0,0
RU-A1144,img_8c9545ec85bef032,0,0
RU-A1144,img_aad7f181c6037066,0,0
RU-A1144,img_718c685a52f05fce,0,0
RU-A1144,img_5d14f060b4e630de,0,0
RU-A1144,img_fa6c3da8c5610cca,0,0
RU-A1144,img_106692bac4270976,0,0
RU-A1188,img_dedde03bdd0209e8,0,3
RU-A1188,img_0ff62672cc2c1d5f,0,3
RU-A1188,img_b723ddd3cb41871d,0,3
RU-A1188,img_39db3e5cd73f2ceb,0,3
RU-A1188,img_e6b15ec14104dd98,0,3
RU-A1188,img_4bd2f23ef86120da,0,3
RU-A1188,img_1a24867a4caa9ee1,0,3
RU-A1188,img_f82563acec12e8ef,0,3
RU-A1188,img_9c096cc584bab0dd,0,3
RU-A1188,img_ab68b7c12399bcee,0,3
RU-A1188,img_ceafa6d222cf52a6,0,3
RU-A1188,img_c67e671f2000ab9d,0,3
RU-A1181,img_1b21af35ebe31a40,0,2
RU-A1181,img_fbb51617fd5003e7,0,2
RU-A1181,img_7834566d569fb42e,0,2
RU-A1181,img_9af3b37aac686000,0,2
RU-A1181,img_4391a3cfed685795,0,2
RU-A1181,img_568f8d3cacb186b8,0,2
RU-A1181,img_3b822922a45cf4b0,0,2
RU-A1181,img_7e0187d53e7e8a10,0,2
RU-A1181,img_edcd59e4afb14935,0,2
RU-A1181,img_ffb05acefb0d1ad3,0,2
RU-A1181,img_de7faa4893daa14e,0,2
RU-A1181,img_e75f17638fe79ea2,0,2
RU-A1172,img_c0ef2638a03ac69c,0,4
RU-A1172,img_2c25962f9e4e3301,0,4
RU-A1172,img_33cce7289dbc8e41,0,4
RU-A1172,img_a648b6627d6508d0,0,4
RU-A1172,img_6b078847ee4edfad,0,4
RU-A1172,img_f651a408f0e78bb6,0,4
RU-A1172,img_5c27849989bd21ba,0,4
RU-A1172,img_8c180001bb60b4a0,0,4
RU-A1172,img_9313f48a1a097706,0,4
RU-A1172,img_ea2c77ab2945bc23,0,4
RU-A1172,img_d51e1039110368e7,0,4
RU-A1172,img_4fd87d5e65ed3121,0,4
RU-A1121,img_3fe986cf8166d3ab,0,3
RU-A1121,img_3c03e3ff7b53004d,0,3
RU-A1121,img_206f501d5857243f,0,3
RU-A1121,img_b17bc478467e9c4f,0,3
RU-A1121,img_ca015f419e3e0e25,0,3
RU-A1121,img_25ed27ba89c7569b,0,3
RU-A1121,img_e3f04b6c91569be8,0,3
RU-A1121,img_43ed91faeda28152,0,3
RU-A1121,img_20ac32a3a1cab633,0,3
RU-A1071,img_40cb13c8c0cb2aa6,1,3
RU-A1071,img_bd02794bcd38155e,1,3
RU-A1071,img_1812e5334dbbd7c1,1,3
RU-A1071,img_d2e929dba10e0cb1,1,3
RU-A1071,img_d0b207f1393265dd,1,3
RU-A1071,img_cea25b38ade1ef0c,1,3
RU-A1071,img_c50079bf2d41486a,1,3
RU-A1071,img_45a77ec3126983a2,1,3
RU-A1071,img_c2da71a0b3ba3d03,1,3
RU-A1071,img_c40e4a5a4d152648,1,3
RU-A1071,img_d1fae4a6dc8ea639,1,3
RU-A1071,img_68e09aad18797564,1,3
RU-A1071,img_b05698c8097991db,1,3
RU-A1071,img_01dd9818da7e97cd,1,3
RU-A1071,img_920a0522ce11e9d9,1,3
RU-A1071,img_ac1bcf294f512172,1,3
RU-A1071,img_79679a56a40ec485,1,3
RU-A1071,img_69d1565eafb8c4c9,1,3
RU-A1071,img_d71c01fc378133d7,1,3
RU-A1071,img_89e6a6287e246b73,1,3
RU-A1071,img_ee8a849c528c34e6,1,3
RU-A1071,img_cc3665760e0abf5c,1,3
RU-A1071,img_2c47faab2d562c4a,1,3
RU-A1071,img_c675a7daa7d4e885,1,3
RU-A1071,img_8387e3ac29bad0a6,1,3
RU-A1071,img_f9d42990f5335760,1,3
RU-A1076,img_a37116a144bac8fe,0,2
RU-A1076,img_03b5be47de1815a3,0,2
RU-A1076,img_14aa3bfb168e01ba,0,2
RU-A1076,img_01c9a8d02b68e4f0,0,2
RU-A1076,img_3bf4692c4ee392a3,0,2
RU-A1257,img_d02da1912c6ca0a4,0,1
RU-A1257,img_397a741e6c6de371,0,1
RU-A1257,img_7db9267ccaf56e5b,0,1
RU-A1257,img_61bdb0209d65ee59,0,1
RU-A1257,img_822aaecf3701f39b,0,1
RU-A1257,img_88ebb5923ca6d880,0,1
RU-A1257,img_a673e73a61190f4f,0,1
RU-A1257,img_ebf47dd25d0c9a12,0,1
RU-A1257,img_71445f4f447c7e55,0,1
RU-A1257,img_6692460d8eb8723b,0,1
RU-A1257,img_444f283f99231bc5,0,1
RU-A1257,img_58ea3cab738c0d1e,0,1
RU-A1257,img_30001d80c6771d07,0,1
RU-A1257,img_e03f9fde7e5965e8,0,1
RU-A1257,img_9f9b284821a7e722,0,1
RU-A1257,img_3e7f54bcc6bd683b,0,1
RU-A1257,img_a3d5ada90ce644ed,0,1
RU-A1257,img_79ea44d09330c617,0,1
RU-A1257,img_d5751a55b6191376,0,1
RU-A1257,img_f62a9e1949f60f7b,0,1
RU-A1257,img_203e0ffd40b14069,0,1
RU-A1257,img_9a3721994210cfd3,0,1
RU-A1257,img_91834953473b3cdb,0,1
RU-A1257,img_7cf8f0716058a540,0,1
RU-A1257,img_ff2b9b6177f6ee26,0,1
RU-A1257,img_6e5f9fcd928cdff2,0,1
RU-A1257,img_77e487eacb87bdaf,0,1
RU-A1257,img_c97c9c4bf0795403,0,1
RU-A1257,img_44c18369b0906b63,0,1
RU-A1257,img_98fcbfe2a36319c6,0,1
RU-A1257,img_fe7607eace762107,0,1
RU-A1257,img_e1b7258484d83f50,0,1
RU-A1257,img_5a826b67147b997f,0,1
RU-A1257,img_b85f175e67b25487,0,1
RU-A1268,img_28716da0665c91fc,0,0
RU-A1268,img_2564fd5132af48a6,0,0
RU-A1268,img_881be1e796ea6a91,0,0
RU-A1268,img_21d83f1898e92ae4,0,0
RU-A1268,img_63eb5ae687789e88,0,0
RU-A1268,img_cff5ff073a5c137a,0,0
RU-A1268,img_839cf54b86aac1be,0,0
RU-A1268,img_fd46d0a33086feec,0,0
RU-A1268,img_e18f9391ff549133,0,0
RU-A1268,img_79373943a6e8d31e,0,0
RU-A1268,img_9ae5e7ffb7e8edae,0,0
RU-A1261,img_1f41cd4f1f7a9c59,0,1
RU-A1261,img_ef17b1b9c4e43440,0,1
RU-A1261,img_79ada27a464232f1,0,1
RU-A1261,img_b9311536bcccb444,0,1
RU-A1261,img_c457914dafae249d,0,1
RU-A1261,img_13d602fd5942fc7b,0,1
RU-A1261,img_e4bc84b79493468a,0,1
RU-A1261,img_2c9df3cdcd4c1e25,0,1
RU-A1261,img_c1eb6641799d3283,0,1
RU-A1261,img_a5120b3f6eae07a4,0,1
RU-A1261,img_91f9ab568997177e,0,1
RU-A1261,img_851000e800c80b86,0,1
RU-A1266,img_2f15498db3f81aab,0,0
RU-A1266,img_ab756b487e7b6cb0,0,0
RU-A1266,img_99acfb4c6b2b5a88,0,0
RU-A1266,img_9638f3f6957ea88d,0,0
RU-A1266,img_4cca22debee97676,0,0
RU-A1266,img_fec3da9e679c3ce1,0,0
RU-A1266,img_1d5162cc84180a41,0,0
RU-A1266,img_7a6d3f594199650a,0,0
RU-A1266,img_432c29c572804c2b,0,0
RU-A1266,img_76a4d55a22d6e2a5,0,0
RU-A1266,img_618cf0b42c9b700c,0,0
RU-A1266,img_9c3eb4ec3bcd7ae2,0,0
RU-A1266,img_9341dd448a60f263,0,0
RU-A1266,img_73cbc842de030e8b,0,0
RU-A1232,img_dc3082f5608f1e29,0,3
RU-A1232,img_73ddcf5a56d6502f,0,3
RU-A1232,img_e4323a519f90e86d,0,3
RU-A1232,img_36e9fdf981825551,0,3
RU-A1232,img_bbb21a1cde0e293f,0,3
RU-A1232,img_029974ccce7d74ab,0,3
RU-A1232,img_2334e73a73295af8,0,3
RU-A1232,img_9a1c37156a12a467,0,3
RU-A1232,img_5c655d10ababbbb8,0,3
RU-A1232,img_640f5cc12e8dc878,0,3
RU-A1232,img_746be47f3c7a05fe,0,3
RU-A1232,img_df665957d02246d1,0,3
RU-A1232,img_fabbf7a87831af54,0,3
RU-A1232,img_feb9d76c57bef46c,0,3
RU-A1232,img_c9461e8ac1dc0ffe,0,3
RU-A1235,img_1d7e2f832dcb9c94,0,0
RU-A1235,img_841313b0cf5799ae,0,0
RU-A1235,img_2d0b3e7f340ab821,0,0
RU-A1235,img_4ead61e030f87593,0,0
RU-A1235,img_c1cfa740a682ef0e,0,0
RU-A1235,img_c0902f7019bb60c1,0,0
RU-A1235,img_a427b560c89e369d,0,0
RU-A1235,img_135bbd9f9049f4e7,0,0
RU-A1235,img_187b05971961682c,0,0
RU-A1235,img_de97b5af39dc6a9a,0,0
RU-A1235,img_66a69e322bd0d251,0,0
RU-A1235,img_0856194757e831ba,0,0
RU-A1235,img_58957032d2494a55,0,0
RU-A1235,img_1be3654ff4d0d106,0,0
RU-A1235,img_81df7fa69bfc0ed1,0,0
RU-A1235,img_0a1eba50c0790381,0,0
RU-A1235,img_250749c00c0aee48,0,0
RU-A1235,img_c6e74e783509f8e4,0,0
RU-A1235,img_7d79b4a91feded42,0,0
RU-A1036,img_acb9ee65edbe0f85,0,4
RU-A1036,img_23d1bff876d54e9a,0,4
RU-A1036,img_15c924cc0ae85496,0,4
RU-A1036,img_5651cb4b80f16e0d,0,4
RU-A1036,img_52be54085e4c417f,0,4
RU-A1036,img_be8cb617f758a93c,0,4
RU-A1036,img_0b6adb3425d696b2,0,4
RU-A1036,img_b0516af1c829d28d,0,4
RU-A1036,img_a78c5f9a94c73fbe,0,4
RU-A1267,img_21ea9291b93be116,0,4
RU-A1267,img_0e850cf454bdfef8,0,4
RU-A1267,img_4be61cd3b77a3a78,0,4
RU-A1267,img_7f6fd4cc42d49618,0,4
RU-A1267,img_07913762dcb8b063,0,4
RU-A1267,img_62e202552dd41000,0,4
RU-A1267,img_de30b4dd3416a6f8,0,4
RU-A1267,img_07d637bbe68830e4,0,4
RU-A1267,img_5887a6883c399c8b,0,4
RU-A1267,img_38f3bfdecd5c822c,0,4
RU-A1267,img_23a4742c63801f66,0,4
RU-A1267,img_b0f3d27f969da586,0,4
RU-A1267,img_2a02af88c8de2307,0,4
RU-A1267,img_da42e4e5b30a3ec5,0,4
RU-A1258,img_95798fd48b1378ae,0,4
RU-A1258,img_6c6998346f045a35,0,4
RU-A1258,img_a3751921b74ea221,0,4
RU-A1258,img_f98a63d51b4a8336,0,4
RU-A1258,img_3702b4709b0d13e8,0,4
RU-A1258,img_1d01d185dd39fe89,0,4
RU-A1258,img_8090655d83c85422,0,4
RU-A1258,img_7c05726e7fe62332,0,4
RU-A1258,img_744b848d8ceccfa0,0,4
RU-A1258,img_0580526b2cef20e5,0,4
RU-A1258,img_01de7ebbfbcf4a42,0,4
RU-A1258,img_c3475ebfe8da8aad,0,4
RU-A1258,img_93e63f068b60736d,0,4
RU-A1258,img_a3edee66baffdfb3,0,4
RU-A1258,img_f78ed0b3704a470f,0,4
RU-A1258,img_4bd13a81c434cc92,0,4
RU-A1260,img_097f0ca2f07c1c58,0,2
RU-A1260,img_d3de6318e5949112,0,2
RU-A1260,img_7dac941efcfe08fa,0,2
RU-A1260,img_b67fd62839db7a25,0,2
RU-A1260,img_990ce7b389196003,0,2
RU-A1260,img_a9c94d736a8089da,0,2
RU-A1260,img_e1e63d143eaafb37,0,2
RU-A1260,img_2cc9463e3b295375,0,2
RU-A1260,img_e1f8245d2f54fdc0,0,2
RU-A1260,img_ed34a047bcb89be3,0,2
RU-A1260,img_e6e25a238f0e0766,0,2
RU-A1260,img_305716a53fca3a88,0,2
RU-A1260,img_9ba88bfea6ae9aba,0,2
RU-A1260,img_40112e2e7af0a012,0,2
RU-A1260,img_17b1f518cb813b06,0,2
RU-A1260,img_516ba8053d697ec7,0,2
RU-A1260,img_3aa5ea01021fc19a,0,2
RU-A1260,img_51490f8fdba054e6,0,2
RU-A1064,img_0ff0a0d1ba8b75dd,0,2
RU-A1064,img_0b6df19ba0d9501b,0,2
RU-A1269,img_2159148dc92a981a,0,4
RU-A1269,img_7c9396c0cf2b5736,0,4
RU-A1269,img_6558a294a76c89ea,0,4
RU-A1269,img_36a45b241acb751a,0,4
RU-A1269,img_52abcd7819abc887,0,4
RU-A1269,img_111dec2968df31fe,0,4
RU-A1269,img_70428de52a3b1eb5,0,4
RU-A1269,img_64535c6c235d36b3,0,4
RU-A1269,img_c5614af7e632a366,0,4
RU-A1269,img_d178e5db3a293ad8,0,4
RU-A1269,img_d1eb80393e193c25,0,4
RU-A1269,img_d1c3747b5efcf3c6,0,4
RU-A1251,img_c9985d640438c39d,1,0
RU-A1251,img_30c6ca7ae5062574,1,0
RU-A1251,img_c7dcf158890179b0,1,0
RU-A1251,img_165ea7fa809c5cc3,1,0
RU-A1251,img_aca29ab39e66d0cc,1,0
RU-A1251,img_6e452e8a212d96f0,1,0
RU-A1251,img_d81a832b06e839c6,1,0
RU-A1251,img_06f8afa20994d8e6,1,0
RU-A1251,img_b9a620e2099000e5,1,0
RU-A1251,img_9a19f15efff4644c,1,0
RU-A1251,img_2ff6e72cad350b48,1,0
RU-A1251,img_1a4ad4d56dffe035,1,0
RU-A1251,img_24fc47a8699f5d84,1,0
RU-A1251,img_3e8a08c00c68c697,1,0
RU-A1251,img_23945302990405c5,1,0
RU-A1251,img_91ffc4bdb87e781b,1,0
RU-A1251,img_a7fec3efe4ffc34c,1,0
RU-A1251,img_4e2fbe29308405b7,1,0
RU-A1251,img_4dc97ee750b9eae4,1,0
RU-A1251,img_dbe2bf1e6241169b,1,0
RU-A1251,img_635ad39478137fbe,1,0
RU-A1251,img_5a6c32bbbcaa8791,1,0
RU-A1251,img_71e1ddd25a181561,1,0
RU-A1251,img_1ddce53b6a92fb5f,1,0
RU-A1205,img_7f53d57df94cc3b6,0,1
RU-A1205,img_3ce6036e58425ed8,0,1
RU-A1205,img_597b4e6543135595,0,1
RU-A1205,img_090b0a0a141bd596,0,1
RU-A1205,img_9604acbe04b82637,0,1
RU-A1205,img_c75f7bcc05db7010,0,1
RU-A1205,img_522479377b109482,0,1
RU-A1205,img_1a29841a03d73edb,0,1
RU-A1205,img_a42d6c5190e2cd4f,0,1
RU-A1205,img_256ad36ad6c6c74c,0,1
RU-A1205,img_a487c0f440ddf53c,0,1
RU-A1205,img_464effa375365d0a,0,1
RU-A1205,img_940fa893e8de772a,0,1
RU-A1205,img_5454b691489d7130,0,1
RU-A1202,img_b87c885d5145f309,0,2
RU-A1202,img_a6001711bbdb260f,0,2
RU-A1202,img_e022baff42a2b071,0,2
RU-A1202,img_a45c4cccd016136c,0,2
RU-A1202,img_341476fb916207b0,0,2
RU-A1202,img_2bc90c2a49c25fc4,0,2
RU-A1202,img_ca43d16b8207ab16,0,2
RU-A1202,img_19e39a3405dfa0b6,0,2
RU-A1202,img_0f1182a694105726,0,2
RU-A1202,img_36c46927a944b1ca,0,2
RU-A1202,img_d6898aa5bc7f261a,0,2
RU-A1202,img_8ef52ed2798bdef7,0,2
RU-A1202,img_430f898bab3455c2,0,2
RU-A1202,img_c3f582fdf12a15f2,0,2
RU-A1202,img_ef7176df96f51bb0,0,2
RU-A1202,img_9b774c902156d7d6,0,2
RU-A1202,img_b89c0aa8fcbcfd4a,0,2
RU-A1202,img_378abbce1245f691,0,2
RU-A1202,img_03e22d806aa6d762,0,2
RU-A1234,img_12e9cafe0eb23e58,0,1
RU-A1234,img_09282870b01aa398,0,1
RU-A1234,img_2eae736435a2251f,0,1
RU-A1234,img_efaa644bc314aa8e,0,1
RU-A1234,img_cc72c2975b8485f4,0,1
RU-A1234,img_931bd91e37df89cf,0,1
RU-A1234,img_3e104077dea4277f,0,1
RU-A1234,img_50c83ce77bcbafba,0,1
RU-A1234,img_b0d8f3631a52ea86,0,1
RU-A1234,img_6b3a7bb70662d183,0,1
RU-A1234,img_1685d56d8c1909bc,0,1
RU-A1234,img_ffa3f1292cfa0dce,0,1
RU-A1233,img_e72ff3dec59f6081,0,2
RU-A1233,img_bb7a42ea7db630bb,0,2
RU-A1233,img_5d82e23ba8b7cce7,0,2
RU-A1233,img_2d575cafd0330173,0,2
RU-A1233,img_a976da0a093de925,0,2
RU-A1233,img_5f42b1e0b86d7e60,0,2
RU-A1233,img_97f1e65cbc78f6f4,0,2
RU-A1233,img_50935b44812f9c3f,0,2
RU-A1233,img_06b0a7c583f7f900,0,2
RU-A1233,img_6756c79b220c17f4,0,2
RU-A1233,img_1353576f7344a4f0,0,2
RU-A1233,img_f2b0d904f44092b5,0,2
RU-A1233,img_54fc9d3decafced7,0,2
RU-A1233,img_ea8fecc4603c6d8d,0,2
RU-A1233,img_fd44bb92953dbd34,0,2
RU-A1233,img_3b2ba3ec22205199,0,2
RU-A1233,img_87befcb79837829a,0,2
RU-A1233,img_4576dfadd8eb9527,0,2
RU-A1233,img_04aeca4e6df2a3ee,0,2
RU-A1233,img_d6f153f3b2e7301b,0,2
RU-A1233,img_59712f9fdab7620a,0,2
RU-A1229,img_4c18863e6e008f28,1,2
RU-A1229,img_ec4dca31d4a48d4d,1,2
RU-A1229,img_938071a7b7b9908d,1,2
RU-A1229,img_efb891afff1c2f45,1,2
RU-A1229,img_2477e4103940a404,1,2
RU-A1229,img_da0d63b8c8b8aaf4,1,2
RU-A1229,img_4a576c9a96283603,1,2
RU-A1229,img_13b5ce37d354dd21,1,2
RU-A1229,img_159156e85e804862,1,2
RU-A1229,img_4109ab018439111a,1,2
RU-A1229,img_6760e0c51a82764c,1,2
RU-A1229,img_1a5e6e4ec655f5b9,1,2
RU-A1229,img_b480ec3b9c82fdbc,1,2
RU-A1229,img_a3255b194d4838b7,1,2
RU-A1229,img_f070abe9c4fc265d,1,2
RU-A1229,img_c659519dafcd21bf,1,2
RU-A1229,img_7f9abf8166b4eb97,1,2
RU-A1229,img_9f21d08e0d5dedc4,1,2
RU-A1229,img_05b81721bdbb38a4,1,2
RU-A1229,img_2a02ed9eea194852,1,2
RU-A1229,img_e1ceea7fd98378a9,1,2
RU-A1229,img_8f3c67fc0c614d8a,1,2
RU-A1229,img_90e10d3f073b62ab,1,2
RU-A1229,img_87ac58202dd9f1b8,1,2
RU-A1229,img_64426d6851e872e3,1,2
RU-A1229,img_fa355b2ffb2771f2,1,2
RU-A1229,img_796750d8885498f6,1,2
RU-A1229,img_5e408cc2ce54a037,1,2
RU-A1229,img_9989def98b6d5cf0,1,2
RU-A1229,img_a65e960a3b591df6,1,2
RU-A1229,img_c15dcf3616f541db,1,2
RU-A1229,img_ef0c82d94f19de89,1,2
RU-A1227,img_75190369a012c6f8,0,1
RU-A1227,img_9c8853bf9b898c2d,0,1
RU-A1227,img_58a151881598999f,0,1
RU-A1227,img_5db45c3cbc827d28,0,1
RU-A1227,img_65d254225994f7ab,0,1
RU-A1227,img_578d8491e4fcba50,0,1
RU-A1227,img_b313e57b17e318e5,0,1
RU-A1227,img_de8ba1c6482f4616,0,1
RU-A1227,img_6ca05ad98e6597e6,0,1
RU-A1227,img_0fe29b9aa2dc09b5,0,1
RU-A1227,img_6c20c94bb92716ff,0,1
RU-A1227,img_b4b795ae13576a50,0,1
RU-A1227,img_d216788802f6db8c,0,1
RU-A1227,img_ea16fd3aab1d503d,0,1
RU-A1227,img_158975cdb72043a9,0,1
RU-A1227,img_caa09fdccc1c975e,0,1
RU-A1227,img_c336b7ce37aafb6b,0,1
RU-A1227,img_c3f2370a4c58c3b0,0,1
RU-A1227,img_4433beca0d88cfdb,0,1
RU-A1218,img_78c6e73a3420aa5d,0,2
RU-A1218,img_d8bd41be8b9c751f,0,2
RU-A1218,img_d7de14025bb3f1d8,0,2
RU-A1218,img_9e936b58d59f07f2,0,2
RU-A1218,img_a17949518f47bfb2,0,2
RU-A1218,img_cc0161bccffde005,0,2
RU-A1218,img_a35ec4e420e7b48f,0,2
RU-A1218,img_2c819167932ae065,0,2
RU-A1218,img_b7c60e10a5436e19,0,2
RU-A1218,img_a34fe7b81bb4c0bf,0,2
RU-A1218,img_f5c9f287ffedc701,0,2
RU-A1218,img_1a895d0868aeaeed,0,2
RU-A1218,img_3aed684d3fa67b15,0,2
RU-A1218,img_df889d27e91d593d,0,2
RU-A1218,img_0328dbb87720794d,0,2
RU-A1218,img_5f2d9f36ee6bb608,0,2
RU-A1218,img_2b7f833a6a43dfaf,0,2
RU-A1218,img_244fa169ce2733ff,0,2
RU-A1274,img_c12deef267167153,0,2
RU-A1274,img_9fec4297304b95af,0,2
RU-A1274,img_3d39cddecd4ab8c4,0,2
RU-A1274,img_f2efd32440487a4f,0,2
RU-A1274,img_ecaeb1982b0bd12a,0,2
RU-A1274,img_2ae04c06b7ae0d48,0,2
RU-A1274,img_8ebe45de80ef9e28,0,2
RU-A1274,img_d387d5e84827857e,0,2
RU-A1274,img_35b3a5cbb0478d7c,0,2
RU-A1274,img_77779376281d4792,0,2
RU-A1274,img_0b8ddaf11625ee44,0,2
RU-A1274,img_f2597038d2ecf982,0,2
RU-A1274,img_3322be1f5f454f17,0,2
RU-A1274,img_ec5dd60325e6ac3e,0,2
RU-A1274,img_a6cbee9c751002ac,0,2
RU-A1274,img_6c8ed98fd5464033,0,2
RU-A1280,img_5bb92f18eff6f69b,0,4
RU-A1280,img_f52eedaaccd63ed1,0,4
RU-A1280,img_ba2c2604f02fb1b4,0,4
RU-A1280,img_2ccc0cdd847ee8a3,0,4
RU-A1280,img_5156fc3b3324d3f1,0,4
RU-A1280,img_68cb282eac891690,0,4
RU-A1083,img_ec7fc37756537189,0,4
RU-A1083,img_1b4c780bcd8d4a3c,0,4
RU-A1083,img_82c06b0e699491f7,0,4
RU-A1083,img_31e60fae52c1dcee,0,4
RU-A1245,img_538cd9307eeecdcc,0,3
RU-A1245,img_ff7f5bc7d799987f,0,3
RU-A1245,img_1d22e177a6f05a23,0,3
RU-A1245,img_d1887625f359f31d,0,3
RU-A1245,img_9880f24a93abbf99,0,3
RU-A1245,img_76d65316b18af89b,0,3
RU-A1245,img_cbda284dacfed80e,0,3
RU-A1245,img_9c667293098e8c30,0,3
RU-A1245,img_d9c90bd82636698d,0,3
RU-A1245,img_218659e69b712a4e,0,3
RU-A1245,img_929bcf8c9ae4a8c2,0,3
RU-A1245,img_5ad4e83e325649fa,0,3
RU-A1245,img_6f802a7fd57c6e64,0,3
RU-A1245,img_baff998b7f5ed166,0,3
RU-A1226,img_408a839fa73278e6,0,4
RU-A1226,img_3ee202c3c0421c06,0,4
RU-A1226,img_9ebd3f89a5a9c5cd,0,4
RU-A1226,img_f4ae85f0d9b321d6,0,4
RU-A1226,img_065313fe3c66688d,0,4
RU-A1226,img_e9552c84d4ca18f9,0,4
RU-A1226,img_acdbaddf584b66e8,0,4
RU-A1226,img_0fe1f0323651cd50,0,4
RU-A1014,img_e9ebe05d75ddc84f,0,3
RU-A1014,img_2a5d348cd6b9ebc8,0,3
RU-A1014,img_5e97044c9e33dfa9,0,3
RU-A1014,img_a875b0b71b556de9,0,3
RU-A1014,img_03dbb5c9eea5d9c2,0,3
RU-A1014,img_ffbb64923342b37c,0,3
RU-A1014,img_0531d53ddb9f9ccd,0,3
RU-A1014,img_43f012d58f07e318,0,3
RU-A1014,img_3bb18960e94eb34c,0,3
RU-A1014,img_cc8d3fa65b163de7,0,3
RU-A1014,img_f6a07c3989cfc735,0,3
RU-A1014,img_dad90a895b83b7a0,0,3
RU-A1014,img_acea0d42fd33a3a5,0,3
RU-A1014,img_9875791091115f78,0,3
RU-A1014,img_2f336b04b3f37384,0,3
RU-A1014,img_06deca90e9e72a3b,0,3
RU-A1014,img_7e9a88ffeeceb4f2,0,3
RU-A1014,img_0f501ee6488c7c97,0,3
RU-A1014,img_5b8f033a28dcc6b0,0,3
RU-A1014,img_88ca3ac1cd0eb0de,0,3
RU-A1014,img_5b7d51f334b5f2c3,0,3
RU-A1014,img_98ae0a083d21c904,0,3
RU-A1014,img_4f9a6844acb363cd,0,3
RU-A1014,img_f561d82a5e0e4e8e,0,3
RU-A1014,img_2ff1ce646fbab719,0,3
RU-A1014,img_7c5df0846c30a69b,0,3
RU-A1014,img_dfb8ca946ce4aee9,0,3
RU-A1014,img_d9495ae34c6b503c,0,3
RU-A1221,img_8b66b906bfe62ae0,0,2
RU-A1221,img_9b8f190cb308d477,0,2
RU-A1221,img_de5b3c0f1a1d9325,0,2
RU-A1221,img_c1097768970e6430,0,2
RU-A1221,img_87ac558364c46729,0,2
RU-A1221,img_ee53e439dca84032,0,2
RU-A1221,img_0299b1bc11317153,0,2
RU-A1221,img_6ea2ec123fb90295,0,2
RU-A1221,img_7e382c5bc1116dd1,0,2
RU-A1221,img_722d43399c6a5948,0,2
RU-A1221,img_564205694ee9fc9a,0,2
RU-A1221,img_c7c2cb3b04b18679,0,2
RU-A1221,img_af0e50239019a898,0,2
RU-A1221,img_5d5810af83eff5bb,0,2
RU-A1221,img_ae6562b1570c9333,0,2
RU-A1221,img_6a6c773e70b7182b,0,2
RU-A1221,img_122ade8cedc657e0,0,2
RU-A1221,img_3dde7b8648ac2c4a,0,2
RU-A1217,img_59609ba524a67826,0,0
RU-A1217,img_de0f5f519dccdfb9,0,0
RU-A1217,img_298504df87d966c9,0,0
RU-A1217,img_efa381a5c7b02737,0,0
RU-A1217,img_02040ded30c0eef1,0,0
RU-A1217,img_24bbe2e898f01661,0,0
RU-A1217,img_def53435b61a54a2,0,0
RU-A1217,img_5996421dc26b6672,0,0
RU-A1217,img_a1dac332fc10b1ac,0,0
RU-A1217,img_96afe7d70f1942ea,0,0
RU-A1217,img_aa69da5e7d0ebbb0,0,0
RU-A1217,img_5ffdceabd5ceee2b,0,0
RU-A1217,img_920c9a753ea0dd0e,0,0
RU-A1217,img_254a8dd4e5f70610,0,0
RU-A1076,img_76f7beac4fc87ef2,0,2
RU-A1076,img_4e9533de9dc02da8,0,2
RU-A1076,img_107ee902e2024adb,0,2
RU-A1076,img_b5b624e6d99003c9,0,2
RU-A1076,img_9e5471b6652bd358,0,2
RU-A1076,img_2fcd9b31025663c7,0,2
RU-A1076,img_06628074b87e77f3,0,2
RU-A1076,img_6fbd3701d3e3d903,0,2
RU-A1076,img_f02e82795308ae0d,0,2
RU-A1076,img_1a014cf7cd017c06,0,2
RU-A1076,img_2256b4bf80031e35,0,2
RU-A1076,img_9f724615652db7ec,0,2
RU-A1076,img_0b41922526e9d7ca,0,2
RU-A1076,img_76f23fd37f9350fa,0,2
RU-A1076,img_468f854c491eade5,0,2
RU-A1076,img_df94a851b1e8cb49,0,2
RU-A1076,img_9d7197d4f38d14dd,0,2
RU-A1076,img_37d4424363c3e308,0,2
RU-A1244,img_c7148933086c497f,0,3
RU-A1244,img_f0337b24fd7e2d6e,0,3
RU-A1244,img_e7cbe92a1f81bd30,0,3
RU-A1244,img_43ffc7c5de0f1d71,0,3
RU-A1244,img_801a2eea922900ee,0,3
RU-A1244,img_a90cf1242c2948ad,0,3
RU-A1244,img_d5c7f27a8b86acc4,0,3
RU-A1244,img_e0dcc74d9c646c4b,0,3
RU-A1244,img_2de6cb15ba44074f,0,3
RU-A1244,img_f6662e708f3dafe2,0,3
RU-A1244,img_b9339582f119aa86,0,3
RU-A1244,img_7f98d401a1c50df7,0,3
RU-A1244,img_fb8dfea9ea40cde8,0,3
RU-A1244,img_4681664b24c9259f,0,3
RU-A1244,img_1b005bfc1dc70e58,0,3
RU-A1244,img_e635760484ee24ac,0,3
RU-A1244,img_0e75061e7e03c8ce,0,3
RU-A1244,img_4b2db309fe4bdb74,0,3
RU-A1244,img_7cb804ba71333b86,0,3
RU-A1244,img_5c5cd4cf08107dd2,0,3
RU-A1244,img_ade3cd753cc2361c,0,3
RU-A1244,img_cc0f22aa68891e57,0,3
RU-A1244,img_4e557c0bfb8c5aa8,0,3
RU-A1244,img_8baf6784556768fe,0,3
RU-A1244,img_5977e9e4e326e932,0,3
RU-A1244,img_0be7770698ecfef8,0,3
RU-A1244,img_109185900c40d562,0,3
RU-A1244,img_e7444063afe78672,0,3
RU-A1244,img_029f225d93fddad1,0,3
RU-A1244,img_d48929c9fe461301,0,3
RU-A1244,img_9c60bd03e277648b,0,3
RU-A1244,img_3939bb897ed5e7e5,0,3
RU-A1244,img_9ab9b81588d099dd,0,3
RU-A1244,img_dfb3a8de9efcce77,0,3
RU-A1244,img_6ade6e76732746e9,0,3
RU-A1244,img_08abc47ef89d2e2c,0,3
RU-A1244,img_34effa5498db29fa,0,3
RU-A1244,img_3dc17c65fa5c2c81,0,3
RU-A1244,img_4a32fa3af3a03d65,0,3
RU-A1244,img_43a2a04549190c71,0,3
RU-A1244,img_832d2865becb4ed7,0,3
RU-A1244,img_6d1472f645008229,0,3
RU-A1244,img_1e90a1669535e5ca,0,3
RU-A1244,img_3ed722a2a5f721ac,0,3
RU-A1082,img_91e44d46459d8b9a,0,3
RU-A1082,img_256730e7a3226f1e,0,3
RU-A1082,img_04f3ea600cc4f932,0,3
RU-A1082,img_95852c0e862b6af6,0,3
RU-A1082,img_37227f0721f38499,0,3
RU-A1082,img_9484a3992b634f20,0,3
RU-A1082,img_ef770a503575d55e,0,3
RU-A1082,img_338911efff99c68f,0,3
RU-A1085,img_181952f335458f92,0,3
RU-A1085,img_e24fd8d7ae00e1e6,0,3
RU-A1085,img_3d5d216d8841fd96,0,3
RU-A1085,img_2cff3bd8dd2361c7,0,3
RU-A1085,img_cc188c42dc74cbbb,0,3
RU-A1085,img_c1b628d6fb784d10,0,3
RU-A1085,img_b52bf735ad8cff2b,0,3
RU-A1085,img_45cfbc25ac3c47ea,0,3
RU-A1085,img_8d8cb8347cbe1a7b,0,3
RU-A1085,img_78b7d18accf534ab,0,3
RU-A1085,img_4d37aad9812fe9db,0,3
RU-A1085,img_67785fa4dd51b1e6,0,3
RU-A1085,img_40765f07b4685496,0,3
RU-A1085,img_de59c967a8efc20f,0,3
RU-A1085,img_9e4bfd883dbfedb0,0,3
RU-A1085,img_3b3de30dad4aa869,0,3
RU-A1085,img_ce8e1f8410b5987d,0,3
RU-A1085,img_5d0444e78f09228a,0,3
RU-A1085,img_8777c6009f0b1f52,0,3
RU-A1085,img_f8b538251f1e3104,0,3
RU-A1085,img_1a62f335df2c94c4,0,3
RU-A1085,img_d4a1c3b86d95ebaa,0,3
RU-A1243,img_f25c69f16dafc057,0,1
RU-A1243,img_921f0001d1857117,0,1
RU-A1243,img_ba0f8a365c2a6bff,0,1
RU-A1243,img_4aa3bb8114485d16,0,1
RU-A1243,img_43abb27c1ec09b3c,0,1
RU-A1243,img_6425a3d61e532c47,0,1
RU-A1243,img_916ef6e95fb3b4e1,0,1
RU-A1243,img_f40fe40c43ec5f2a,0,1
RU-A1243,img_da7111655455ef88,0,1
RU-A1243,img_31a307c7e6d41629,0,1
RU-A1243,img_d5b6f3e5b4058527,0,1
RU-A1243,img_b2ad5dd7b6a394a8,0,1
RU-A1243,img_e95b9d32f5c8ab18,0,1
RU-A1243,img_44c4a682b16c0842,0,1
RU-A1243,img_e2939d59eb7ee6dc,0,1
RU-A1243,img_1e36ce21611a3f64,0,1
RU-A1243,img_a968179fa007a859,0,1
RU-A1243,img_f2ecc3cfd837077e,0,1
RU-A1071,img_f554583877537a7a,1,3
RU-A1071,img_cd8eae3c4e394f69,1,3
RU-A1071,img_7072f6b44f47fc60,1,3
RU-A1071,img_3661b3983b5e7fe9,1,3
RU-A1071,img_447f641829175a3b,1,3
RU-A1071,img_0224b3453d885af8,1,3
RU-A1071,img_ca6eb48bb4099602,1,3
RU-A1071,img_11763223d31be726,1,3
RU-A1071,img_d7454bb2e12a639d,1,3
RU-A1071,img_5f88ebbf88734e4c,1,3
RU-A1071,img_5adf9d4209404936,1,3
RU-A1071,img_ecd72cf498a2372f,1,3
RU-A1071,img_7a08b9f8a31823b7,1,3
RU-A1071,img_18f36b9fc0cd35a0,1,3
RU-A1071,img_e4f4f21f77af3385,1,3
RU-A1071,img_1d7e3ce4fe5fd4e4,1,3
RU-A1071,img_79d90a6cefdc27b5,1,3
RU-A1071,img_52f85bac5022605f,1,3
RU-A1071,img_3ca2f79c910b2f8a,1,3
RU-A1071,img_f33e8828f5400bb7,1,3
RU-A1071,img_c3e6dd0143f55667,1,3
RU-A1071,img_95234b372b9d0514,1,3
RU-A1071,img_2e11bc1f221412eb,1,3
RU-A1071,img_daacfc6e68796bf8,1,3
RU-A1071,img_1e85edfb52d2da04,1,3
RU-A1071,img_428903c50274b407,1,3
RU-A1071,img_260352664ab41ebe,1,3
RU-A1071,img_10190a63eb6f6263,1,3
RU-A1071,img_8884a5d0d58a9f61,1,3
RU-A1071,img_3eeeec4fc33f6cf7,1,3
RU-A1071,img_e875b3814a78dc8b,1,3
RU-A1071,img_99aea85f186f09e0,1,3
RU-A1071,img_50dcf2bba450a58c,1,3
RU-A1071,img_bac3c71eace80742,1,3
RU-A1071,img_ee03752c493b2d4a,1,3
RU-A1071,img_eda9bbf8a78cd04c,1,3
RU-A1071,img_ff4840e11e7fef96,1,3
RU-A1071,img_2db90b4f11cf25c3,1,3
RU-A1078,img_a33c58eedfe1d7fa,1,2
RU-A1078,img_119b290ca1150100,1,2
RU-A1078,img_3fa99c86fe1c0341,1,2
RU-A1078,img_3f0a948c69ad22ba,1,2
RU-A1078,img_57c42e1ebb64d119,1,2
RU-A1078,img_23744e6c9a2fbe3d,1,2
RU-A1078,img_a9618544ebd89e70,1,2
RU-A1078,img_07e486b72469af9b,1,2
RU-A1078,img_81ce9525b200983c,1,2
RU-A1078,img_33c2b0dfb0c6e178,1,2
RU-A1078,img_853a099992d381e4,1,2
RU-A1078,img_abd20a1570d5e80f,1,2
RU-A1078,img_7994f92889224211,1,2
RU-A1078,img_089bb567b76392f6,1,2
RU-A1078,img_ce05b04e451d4344,1,2
RU-A1078,img_9dc16e7e373c5495,1,2
RU-A1078,img_9913ea605dd83edb,1,2
RU-A1078,img_ef304bd553e0ea2e,1,2
RU-A1078,img_c3d250632ca8e00f,1,2
RU-A1078,img_0d93b5b4445fb61a,1,2
RU-A1078,img_7da3c810367b7d7e,1,2
RU-A1078,img_de733e043dc2328a,1,2
RU-A1078,img_cf45b7c670fc53fb,1,2
RU-A1078,img_e77156dbed0cccf9,1,2
RU-A1078,img_6595a90975449040,1,2
RU-A1078,img_5f66512d2902703a,1,2
RU-A1078,img_c607d5a1ae8c22fa,1,2
RU-A1078,img_4bfe7c81cb71991e,1,2
RU-A1078,img_25265cf500e5d107,1,2
RU-A1078,img_be8e88515ad5d7e3,1,2
RU-A1078,img_1ea8e07fec66c5c8,1,2
RU-A1078,img_6520155a3b03abe7,1,2
RU-A1281,img_1ba53ef3551b8244,0,2
RU-A1281,img_22d002d6c10e87f8,0,2
RU-A1281,img_fc87477ad47e2da1,0,2
RU-A1281,img_debb30df78a2fa19,0,2
RU-A1281,img_73f67169ded92be6,0,2
RU-A1281,img_8e8d3a1be0d30ce3,0,2
RU-A1281,img_c04ccd768d2f346e,0,2
RU-A1281,img_650d448d0fd2116a,0,2
RU-A1281,img_46b43a4509fbdb3f,0,2
RU-A1281,img_d8aae8bb1349b4a7,0,2
RU-A1281,img_dd3f86bcc981099e,0,2
RU-A1272,img_ada61dda3a4760d9,0,0
RU-A1272,img_902e2f144d78b84c,0,0
RU-A1272,img_1f660473bc2c9923,0,0
RU-A1272,img_cc81ac8c17f0b877,0,0
RU-A1272,img_940d1f339ff1aa43,0,0
RU-A1272,img_284d0d5266df6aee,0,0
RU-A1272,img_698d7c09c326d203,0,0
RU-A1272,img_f8c61ddbb93a0f34,0,0
RU-A1272,img_890437cda0b39bd0,0,0
RU-A1272,img_1bf978230a29099d,0,0
RU-A1132,img_77ae203d6207858f,0,1
RU-A1132,img_e61a5d5e1fe75c69,0,1
RU-A1132,img_293d90758ee8b232,0,1
RU-A1132,img_e83127cbbbb47ec6,0,1
RU-A1132,img_55cb4b1eb9c4cf3a,0,1
RU-A1132,img_14e3ada83a003050,0,1
RU-A1132,img_2bc91d2e22a93aa4,0,1
RU-A1132,img_a6088274341a4562,0,1
RU-A1132,img_8ea34d24ff53c2b3,0,1
RU-A1132,img_9ea6377af5625cfd,0,1
RU-A1103,img_b94bf2fc4738c752,0,4
RU-A1103,img_824e395bee9c165a,0,4
RU-A1103,img_cf6bdad0b11c3d52,0,4
RU-A1103,img_c22b9d0255577d48,0,4
RU-A1103,img_28040a644d30aad6,0,4
RU-A1103,img_8e9972f79a3af466,0,4
RU-A1103,img_2c0e5c6d902766bc,0,4
RU-A1103,img_abf0d5dacae45ad1,0,4
RU-A1103,img_210d3b2811e49b64,0,4
RU-A1103,img_306a1575da122db3,0,4
RU-A1157,img_1aa0b645ce572cfd,0,3
RU-A1157,img_524a982ddee07cd5,0,3
RU-A1157,img_c13b085b4ed093ff,0,3
RU-A1157,img_f085d1eb244f4c00,0,3
RU-A1157,img_518b32d269dd3bae,0,3
RU-A1157,img_b59072bc6995ec0f,0,3
RU-A1157,img_33636d59ad4b0169,0,3
RU-A1157,img_5b84df8c01c1a296,0,3
RU-A1157,img_8736b3df00b3c120,0,3
RU-A1157,img_063975351f34fbef,0,3
RU-A1157,img_0ea47c856eec133e,0,3
RU-A1157,img_6b81174e1baa9fc4,0,3
RU-A1157,img_afa382fd429b7de4,0,3
RU-A1157,img_5eb15b44711abb10,0,3
RU-A1157,img_9951971ef7bc4b85,0,3
RU-A1157,img_53635b0c9a1f514b,0,3
RU-A1157,img_7f7d082cfe22892e,0,3
RU-A1157,img_9d03fe5abe87a72e,0,3
RU-A1157,img_1a1607e5694c0bc3,0,3
RU-A1157,img_96fc199eea72b8a7,0,3
RU-A1192,img_ff79009e78c48e13,0,0
RU-A1192,img_94da32df92da85db,0,0
RU-A1192,img_a3b359690186c69c,0,0
RU-A1192,img_7f254d02885d1e6f,0,0
RU-A1192,img_c3940ab46fda3898,0,0
RU-A1192,img_2a98b2a84b94fbb0,0,0
RU-A1192,img_121619271193f139,0,0
RU-A1192,img_836ee3c32d728520,0,0
RU-A1192,img_df2d22aa1bc238a6,0,0
RU-A1192,img_5ec2f86fa7e543be,0,0
RU-A1192,img_782f862d73b86e28,0,0
RU-A1192,img_17804eebfd071c0c,0,0
RU-A1192,img_ae2cc0c473be1cf2,0,0
RU-A1192,img_8f684231833ea7b9,0,0
RU-A1192,img_99e656d3fd9c8fea,0,0
RU-A1192,img_fd34b6c8a7d42c42,0,0
RU-A1192,img_adc049fac95c1d6d,0,0
RU-A1192,img_2326123769292c73,0,0
RU-A1192,img_429c12f47a2014be,0,0
RU-A1192,img_19aa175d11e8685e,0,0
RU-A1192,img_447b36fd82189fb1,0,0
RU-A1192,img_0cd6e8c5bceec8b0,0,0
RU-A1192,img_d2f9b82108aa9e9d,0,0
RU-A1192,img_67f1d02f46cd36db,0,0
RU-A1192,img_024e5236c0cb9e30,0,0
RU-A1105,img_dd5d7c6308087692,0,4
RU-A1105,img_d3032ae5db9bc6f4,0,4
RU-A1105,img_328c472e7317388a,0,4
RU-A1105,img_5478dfca23bf1148,0,4
RU-A1105,img_a6c45bad9504eab6,0,4
RU-A1105,img_d3009aeae0a74bf2,0,4
RU-A1105,img_4e9dbaece6c1de11,0,4
RU-A1105,img_1d21cefb6040a5d4,0,4
RU-A1105,img_275e2ffc306069b2,0,4
RU-A1105,img_1be56e0e48765f36,0,4
RU-A1105,img_40bcfebb9b6721c8,0,4
RU-A1105,img_46b17f5853cbb439,0,4
RU-A1105,img_f841a4c82518a6c3,0,4
RU-A1105,img_3f09cfb8f69c3c29,0,4
RU-A1105,img_858829ffb90d2e9d,0,4
RU-A1105,img_426690138d713dd6,0,4
RU-A1105,img_cc60d625e3d310f2,0,4
RU-A1102,img_0b16858f4994ce07,0,2
RU-A1102,img_c52ffd0f91fdd0b8,0,2
RU-A1102,img_2b8ad297d0ab1fca,0,2
RU-A1102,img_78766390fa73d281,0,2
RU-A1102,img_56d212e9664bcbf9,0,2
RU-A1102,img_0f71f6bf95088c4b,0,2
RU-A1102,img_4d700668fdcb3abc,0,2
RU-A1102,img_5c53571bbf711519,0,2
RU-A1102,img_de48312ca4c537ff,0,2
RU-A1102,img_779400b9291a0ee8,0,2
RU-A1134,img_e223f2a343a01f86,0,3
RU-A1134,img_bfef048e6962daca,0,3
RU-A1134,img_844c9138478e978b,0,3
RU-A1134,img_1ee4a5587d26a2b8,0,3
RU-A1134,img_8b7f6c05d0b00b78,0,3
RU-A1134,img_54e1d5d00731093d,0,3
RU-A1134,img_5a9b78e046b08f64,0,3
RU-A1134,img_c49c3b3a5dc2c3ba,0,3
RU-A1133,img_b311b314b3e8276e,0,1
RU-A1133,img_49266e8a8389d556,0,1
RU-A1133,img_737d21b81a9486b1,0,1
RU-A1133,img_61f8c1877edafbad,0,1
RU-A1133,img_181e2531ab7008df,0,1
RU-A1133,img_2b9a76da21fc2e1a,0,1
RU-A1133,img_7ed67cfcfe13d393,0,1
RU-A1133,img_43326d354e7371f8,0,1
RU-A1133,img_b523c0bd45ba54ec,0,1
RU-A1133,img_d5d447179537224b,0,1
RU-A1133,img_14c469889addbb45,0,1
RU-A1133,img_83c9fb9833955b3f,0,1
RU-A1133,img_62cf8c10d1bb6adc,0,1
RU-A1133,img_7dababdfbd19d661,0,1
RU-A1133,img_54386c4d1bebf547,0,1
RU-A1133,img_fc5609b68800dcff,0,1
RU-A1133,img_73f3e21931fdc275,0,1
RU-A1133,img_368c6f702b89c256,0,1
RU-A1133,img_f961d3e6a4725416,0,1
RU-A1133,img_a74a9c859478e65e,0,1
RU-A1133,img_1011be47455cd72a,0,1
RU-A1133,img_99883f9cc92cc001,0,1
RU-A1133,img_2cb5aae570bfc344,0,1
RU-A1167,img_e68441162ef8a0dc,0,4
RU-A1167,img_65079a1c0f31fcd7,0,4
RU-A1167,img_96ef5bd0d4388f45,0,4
RU-A1167,img_19e08ca652337140,0,4
RU-A1167,img_705bb370535a22e2,0,4
RU-A1167,img_a88e746ac03ccaad,0,4
RU-A1167,img_1b462a9be6990a24,0,4
RU-A1167,img_c1e5988ac177752e,0,4
RU-A1167,img_250fa1b277792dac,0,4
RU-A1167,img_cbc0e58c45dab725,0,4
RU-A1193,img_a39130230b6aba2c,0,3
RU-A1193,img_9c1812c2b1ec98de,0,3
RU-A1193,img_46281d5fd3611c82,0,3
RU-A1193,img_76743222f6b34e7e,0,3
RU-A1193,img_52be73c631c8d311,0,3
RU-A1193,img_80b18cb3a073f145,0,3
RU-A1193,img_bdf8da4d634de334,0,3
RU-A1193,img_fa59702eff75b0b4,0,3
RU-A1193,img_5bc5270560cba3a7,0,3
RU-A1193,img_20fe64d4ed015ac7,0,3
RU-A1193,img_ea6dd4248312aff4,0,3
RU-A1193,img_cd7bd52a5ff83a0d,0,3
RU-A1193,img_8b52eee7dedc38f6,0,3
RU-A1193,img_08060c5c134864b2,0,3
RU-A1160,img_2cd6d445c28d37a4,0,1
RU-A1160,img_f01699f62a93e020,0,1
RU-A1160,img_49017e0dfd192359,0,1
RU-A1160,img_d85aa1c3f05a1748,0,1
RU-A1160,img_f928ccec5e87c668,0,1
RU-A1160,img_55f4ed6f657ab274,0,1
RU-A1160,img_1bb5bc89f1c30610,0,1
RU-A1160,img_a0190ef4f3391fc7,0,1
RU-A1151,img_68e96f611bc6284e,0,4
RU-A1151,img_1367aa1aab27036c,0,4
RU-A1151,img_497654e521ddaa63,0,4
RU-A1151,img_eefd9c3bc110173a,0,4
RU-A1151,img_ffa5f7f511a1df5b,0,4
RU-A1151,img_f124626dde483627,0,4
RU-A1151,img_24456f8a4b7f29c4,0,4
RU-A1151,img_5f434e20193e1437,0,4
RU-A1151,img_6720b0f4d9f7f3c1,0,4
RU-A1151,img_05387cf4766931a5,0,4
RU-A1151,img_081ee04395eda053,0,4
RU-A1151,img_926946097d2100ab,0,4
RU-A1151,img_8deab10eb63f3d31,0,4
RU-A1151,img_50f87d6559edbdf6,0,4
RU-A1151,img_c9e5f1487a785307,0,4
RU-A1151,img_30afaccc4c47b92d,0,4
RU-A1151,img_0981d1bfc439e1d4,0,4
RU-A1151,img_42827a5edd8ddd65,0,4
RU-A1151,img_b43906a35d54e524,0,4
RU-A1151,img_255d66996b049aab,0,4
RU-A1151,img_6b7a41a4c0232036,0,4
RU-A1115,img_801ab6df10fc5c90,0,1
RU-A1115,img_3de4d226e2b94ffc,0,1
RU-A1115,img_4561743d964593f8,0,1
RU-A1115,img_0cf2c303c4a2e534,0,1
RU-A1115,img_ca30f5a66d094ecd,0,1
RU-A1115,img_664c55cb06e7a0ea,0,1
RU-A1115,img_40347bad9a9ad99c,0,1
RU-A1115,img_5990c9bfca3f0f24,0,1
RU-A1115,img_7f3277048344e03b,0,1
RU-A1115,img_26990b967c3614cf,0,1
RU-A1115,img_f0a703b387ae2a22,0,1
RU-A1177,img_3e6081e2f613f42a,0,2
RU-A1177,img_7a4162b066166505,0,2
RU-A1177,img_fd4fabecf8acff25,0,2
RU-A1177,img_3158118f274fd7af,0,2
RU-A1177,img_b0d23bae11a527b4,0,2
RU-A1177,img_aa98fd505f13be72,0,2
RU-A1177,img_e448e79d4763c5ae,0,2
RU-A1177,img_8733d46bb4f41c2d,0,2
RU-A1177,img_551ab349c2c2db4a,0,2
RU-A1177,img_8b9476316aff624e,0,2
RU-A1177,img_dedc375f5a1b02d4,0,2
RU-A1177,img_dea20bd195e9140e,0,2
RU-A1177,img_0c08716b2f9b53c0,0,2
RU-A1177,img_8237fa4033daf52e,0,2
RU-A1177,img_c81c39f58f74f42d,0,2
RU-A1177,img_78a55e5d346d7be3,0,2
RU-A1177,img_46a362edf6a853d4,0,2
RU-A1177,img_6bf20687000ca7ea,0,2
RU-A1177,img_e95b803982bbad11,0,2
RU-A1177,img_37d667e81728a652,0,2
RU-A1177,img_d2b8bc246fa86f34,0,2
RU-A1177,img_a2a6930473a4b46c,0,2
RU-A1177,img_989879b417f93c27,0,2
RU-A1177,img_437ba72a8a22ed01,0,2
RU-A1177,img_6e93093f5ec07e5e,0,2
RU-A1177,img_af008b40a855f0b3,0,2
RU-A1177,img_314c5f0b025eb250,0,2
RU-A1177,img_2dcbb678657c820e,0,2
RU-A1177,img_bad192b9e9bed78a,0,2
RU-A1177,img_f2768909b18e3d9b,0,2
RU-A1177,img_a602c7aa92703183,0,2
RU-A1177,img_02f0dbe4bf2ca987,0,2
RU-A1177,img_e2ea7e21d729ebf9,0,2
RU-A1177,img_935a932ee3ce353c,0,2
RU-A1177,img_1b861b6955d0aff9,0,2
RU-A1177,img_6eb5430939b66bfe,0,2
RU-A1177,img_7cd2bd02ad2f0490,0,2
RU-A1177,img_0d82cb007924a4f6,0,2
RU-A1177,img_5fb38bde35085e71,0,2
RU-A1177,img_110695b897d43cfa,0,2
RU-A1177,img_84c585ee3e1962d1,0,2
RU-A1177,img_7ebc4ec435be6ce6,0,2
RU-A1177,img_ffafdd023819b5e4,0,2
RU-A1177,img_bf253108d9fb351f,0,2
RU-A1177,img_45395ee594280005,0,2
RU-A1148,img_d9f29456289149ff,0,2
RU-A1148,img_3a66727bdd034d1f,0,2
RU-A1148,img_c0ed9d66604010d6,0,2
RU-A1148,img_f61f2a57dff6a682,0,2
RU-A1148,img_b2d2b22f049d5dd7,0,2
RU-A1148,img_91f5989999dd8861,0,2
RU-A1148,img_afd315d1f5d8624b,0,2
RU-A1148,img_8d99ffbf93e7ac6e,0,2
RU-A1170,img_322eef0f046e8099,1,0
RU-A1170,img_16c73e6c38e38f57,1,0
RU-A1170,img_ac674c7b854603f9,1,0
RU-A1170,img_193289482bca411d,1,0
RU-A1170,img_52c8f7dcd68a7f34,1,0
RU-A1170,img_798b1c57fecbe7ab,1,0
RU-A1170,img_f939472ad48b87ff,1,0
RU-A1170,img_3fbe29db0df2d9c1,1,0
RU-A1170,img_9cccaa3fc7a15cde,1,0
RU-A1170,img_0639e9b2f3efb18d,1,0
RU-A1170,img_6ce6a7252d97d477,1,0
RU-A1170,img_001f908f860dade7,1,0
RU-A1170,img_3f850ae1fcfe9063,1,0
RU-A1170,img_85470eae15fda081,1,0
RU-A1170,img_9214619a23da7fc5,1,0
RU-A1170,img_4c9d6b94c7a67916,1,0
RU-A1170,img_bb4f21b84e598460,1,0
RU-A1170,img_fe0d718e2e454220,1,0
RU-A1170,img_d88bae1920d1bd3c,1,0
RU-A1170,img_b0dbe7d91eb1d6d1,1,0
RU-A1170,img_452ddac4d6dab52c,1,0
RU-A1170,img_867a52abaae2670d,1,0
RU-A1170,img_0052a47cac4695ae,1,0
RU-A1170,img_dd574c94323e869a,1,0
RU-A1170,img_c49d098bb10230e2,1,0
RU-A1170,img_5f8b31b790e0b4c5,1,0
RU-A1170,img_c29e208904cc8a35,1,0
RU-A1170,img_b586da3e376f004f,1,0
RU-A1170,img_d2980b5e55c3746e,1,0
RU-A1170,img_cf8e8ecc7ca9a4c6,1,0
RU-A1170,img_8f81ef11729ad687,1,0
RU-A1184,img_ba8e82f5df2789ef,0,2
RU-A1184,img_41593efa9475262c,0,2
RU-A1184,img_dfe67b98f2f872a8,0,2
RU-A1184,img_418a960664c8fc33,0,2
RU-A1184,img_6670d9519da5fe30,0,2
RU-A1184,img_fb724f655ab30785,0,2
RU-A1184,img_b46373721a8ea6d3,0,2
RU-A1184,img_63c6edd42fa4a4f0,0,2
RU-A1184,img_4d28de8fe0a564a9,0,2
RU-A1184,img_edbfb22328f5e1aa,0,2
RU-A1179,img_22ad4b1e2ae6fd48,0,4
RU-A1179,img_050bc8396d65c8f8,0,4
RU-A1179,img_7baa1e6c76d58441,0,4
RU-A1179,img_e10efa26007be920,0,4
RU-A1179,img_21f82a33d8d9a1b2,0,4
RU-A1179,img_87e509184b1d2f39,0,4
RU-A1179,img_636d15405fc82265,0,4
RU-A1179,img_99d354905d9ceebb,0,4
RU-A1179,img_bc1a1e50447cfe9b,0,4
RU-A1179,img_4027b6dd8dda3df2,0,4
RU-A1179,img_36e93f398bb783b3,0,4
RU-A1179,img_a82ad50c196c44d4,0,4
RU-A1179,img_d8924fa7703f78b8,0,4
RU-A1179,img_97e8d6fe2919c021,0,4
RU-A1140,img_0c71561a57a4e5b8,0,3
RU-A1140,img_ee95bae1cfd262be,0,3
RU-A1140,img_282612c1ded16dd9,0,3
RU-A1140,img_340683c13527fc3c,0,3
RU-A1140,img_09ff6e6ca4a1acc2,0,3
RU-A1140,img_b29d2dec824054d8,0,3
RU-A1140,img_2591ca7f58b96533,0,3
RU-A1140,img_5dd0f7fc8888d0dc,0,3
RU-A1140,img_4f968ffa597ca9d7,0,3
RU-A1140,img_f7ae1ee4d468c9b2,0,3
RU-A1140,img_d903bae04b064ce2,0,3
RU-A1140,img_b00de7d1007d5a2f,0,3
RU-A1140,img_93fb1b91995d9d07,0,3
RU-A1140,img_ae63b3e96fc14e6e,0,3
RU-A1140,img_8f86884912dcea6e,0,3
RU-A1140,img_3051f25f9fecb48c,0,3
RU-A1140,img_af7ac8c3bcfd5f1f,0,3
RU-A1140,img_6e748ec3e48984a6,0,3
RU-A1178,img_b3e6762f6acd939a,0,0
RU-A1178,img_d474a03432deecef,0,0
RU-A1178,img_f97f0de44d88f0c6,0,0
RU-A1178,img_b79e86277c0a3040,0,0
RU-A1178,img_7bc476d42bf39e62,0,0
RU-A1178,img_d43d7880815fd424,0,0
RU-A1178,img_e0e69ecfacee3e90,0,0
RU-A1178,img_99de0f45d0a0d5b2,0,0
RU-A1178,img_6d1f126e3fefdad8,0,0
RU-A1178,img_8323d51bcb2f87e5,0,0
RU-A1178,img_e65a330fb9069109,0,0
RU-A1178,img_a28b6e03abb93de8,0,0
RU-A1178,img_27e1afae2b721fb3,0,0
RU-A1178,img_c56601df6114d466,0,0
RU-A1178,img_4ffc44caedc70cc9,0,0
RU-A1178,img_303b8425055859b7,0,0
RU-A1171,img_114425c4d86acf40,0,3
RU-A1171,img_8f25097e18dd6746,0,3
RU-A1171,img_46414719a2feb570,0,3
RU-A1171,img_bad54da433cc2764,0,3
RU-A1171,img_d3cc7cf72db99138,0,3
RU-A1171,img_08685e476f8a8d78,0,3
RU-A1171,img_04359d9239322235,0,3
RU-A1171,img_ef99e7d2ffc05fb5,0,3
RU-A1171,img_f1589056bba4aac1,0,3
RU-A1182,img_c479299904e9b296,0,4
RU-A1182,img_b46f0cab6d4bc207,0,4
RU-A1182,img_8010401492a433ba,0,4
RU-A1182,img_afbaadf89078cef3,0,4
RU-A1182,img_21fd610fc0f89ed3,0,4
RU-A1182,img_5379c79fc4da584f,0,4
RU-A1182,img_f36578579f5264a8,0,4
RU-A1182,img_4f58559a009606f1,0,4
RU-A1182,img_48bacc661648961f,0,4
RU-A1182,img_364b16cf579d6505,0,4
RU-A1236,img_f04490e64863d397,0,0
RU-A1236,img_6f1df08be2945b22,0,0
RU-A1236,img_63c9968da9d3faa2,0,0
RU-A1236,img_3fcda480c35b5b0e,0,0
RU-A1236,img_2cd2212980b00c2d,0,0
RU-A1236,img_00cda28a3d248ea5,0,0
RU-A1236,img_78024267629afa3f,0,0
RU-A1236,img_924a0c52241314d3,0,0
RU-A1236,img_dada7017950b5329,0,0
RU-A1236,img_2e2c63d9f0f918e7,0,0
RU-A1207,img_206312e5547f5c93,0,3
RU-A1207,img_0aa462d382c5cb19,0,3
RU-A1207,img_2b8205e52ef0b812,0,3
RU-A1207,img_1dc76fe145ed76b7,0,3
RU-A1207,img_818fb49a4813d8ce,0,3
RU-A1207,img_d218c35c4ba04b37,0,3
RU-A1207,img_d2bd9d6828ff99c7,0,3
RU-A1207,img_38a01cb328d0f140,0,3
RU-A1207,img_8979c76dea115974,0,3
RU-A1207,img_d407204307b51a57,0,3
RU-A1207,img_0fa2f344ff8db57e,0,3
RU-A1207,img_447bfe00b918f2b9,0,3
RU-A1207,img_396d5db3e5705a98,0,3
RU-A1207,img_2eba4591a14e2c4d,0,3
RU-A1207,img_cf63c0d683c0f7f7,0,3
RU-A1207,img_61e0284648ba809d,0,3
RU-A1207,img_c350af4b468e6728,0,3
RU-A1207,img_f270b0377c906b96,0,3
RU-A1207,img_55d740300a68865e,0,3
RU-A1035,img_2781b82233990ed9,0,0
RU-A1035,img_b33f0c8969aea167,0,0
RU-A1035,img_0696a3a1d64927d3,0,0
RU-A1035,img_ba9405fd2e8b583b,0,0
RU-A1035,img_9925003fd96e83d1,0,0
RU-A1035,img_f6222b429c2da269,0,0
RU-A1035,img_8f655076d58f7ab9,0,0
RU-A1035,img_1e43f49d1b358c77,0,0
RU-A1035,img_322ca851cb41bb2d,0,0
RU-A1035,img_cb0ec32ae602749a,0,0
RU-A1035,img_88a42fb2efc5018d,0,0
RU-A1200,img_4c4a144ca6e42fa4,0,0
RU-A1200,img_3c6de86533f5a128,0,0
RU-A1200,img_f275bce656de45cd,0,0
RU-A1200,img_17373360a571e890,0,0
RU-A1200,img_8b32b4801a437907,0,0
RU-A1200,img_caca0c60f0247346,0,0
RU-A1200,img_8ceb0b1d3939837d,0,0
RU-A1200,img_827701790a5f23ce,0,0
RU-A1200,img_ad10aedfed723d40,0,0
RU-A1200,img_8da1a31cd78bc6af,0,0
RU-A1200,img_00d042446939590b,0,0
RU-A1200,img_76a72e150ed9430a,0,0
RU-A1200,img_8d8f70c6b151c7d1,0,0
RU-A1200,img_0a65a03ba632b145,0,0
RU-A1200,img_7ff4f9eb78b084b8,0,0
RU-A1200,img_b7252ad817ca62b0,0,0
RU-A1092,img_3e0805c7bdd275c0,0,1
RU-A1092,img_e4be0cff64198967,0,1
RU-A1092,img_060ed8a223e86760,0,1
RU-A1092,img_c0f6299300092ddf,0,1
RU-A1092,img_e59412333c4fc489,0,1
RU-A1092,img_66e90716fe1934ad,0,1
RU-A1092,img_e61afcff754df550,0,1
RU-A1092,img_bf3f86b9013eaa56,0,1
RU-A1092,img_9642b6f525e4c22b,0,1
RU-A1092,img_8fc3629d151c9bb0,0,1
RU-A1092,img_9fdf05ffae101cc4,0,1
RU-A1092,img_66e12f0dc3028194,0,1
RU-A1092,img_dbc466f23ae7d628,0,1
RU-A1092,img_0ec25cf6fa6457f8,0,1
RU-A1092,img_0837385e5bc0bd02,0,1
RU-A1254,img_334a1c17bf85552b,0,0
RU-A1254,img_2b765a90fee435be,0,0
RU-A1254,img_879f65b08f72ddca,0,0
RU-A1254,img_3df4d4c145a91429,0,0
RU-A1254,img_9186e22c5289e40c,0,0
RU-A1254,img_6688027b842b3944,0,0
RU-A1254,img_9638720e313f0c7f,0,0
RU-A1254,img_42921d6c55985e23,0,0
RU-A1254,img_d993f8a5fe78302b,0,0
RU-A1254,img_e552b6e47951c08a,0,0
RU-A1254,img_bfa18f87d14ac9c9,0,0
RU-A1254,img_3d45a233584d6150,0,0
RU-A1254,img_13cec63ab48b1e72,0,0
RU-A1254,img_eeb5e88cf860e454,0,0
RU-A1254,img_73ffeaebdf98c9d4,0,0
RU-A1254,img_23e0a125f05fb1ee,0,0
RU-A1254,img_b1d55443de472b14,0,0
RU-A1254,img_50f37d10678d2888,0,0
RU-A1253,img_a2fd15ec29d50e97,0,4
RU-A1253,img_03789b0dc89baf64,0,4
RU-A1253,img_db5c809e48548cad,0,4
RU-A1253,img_ba54d5815eb18658,0,4
RU-A1253,img_1f28d9845508978d,0,4
RU-A1253,img_79d8167b356a7b3f,0,4
RU-A1253,img_45994c82aa3afcbe,0,4
RU-A1253,img_113442587f9a425a,0,4
RU-A1253,img_47c814b9b960c4b2,0,4
RU-A1253,img_07becccd3b12ff2f,0,4
RU-A1253,img_15f4c458eb86b455,0,4
RU-A1253,img_8ccc7c931ad2e72c,0,4
RU-A1253,img_8a26592fd7d69826,0,4
RU-A1253,img_116ebd0f827cb253,0,4
RU-A1253,img_05fa3a31750916cc,0,4
RU-A1253,img_dce620519e599a3e,0,4
RU-A1072,img_fa40566497f993da,0,2
RU-A1072,img_6376fb28ee980c27,0,2
RU-A1072,img_4568868658a56d4d,0,2
RU-A1072,img_22534e30ad387f18,0,2
RU-A1265,img_257cfb485ea01b1d,0,1
RU-A1265,img_12a539cc4fe4286d,0,1
RU-A1265,img_ecd44ed6d8879878,0,1
RU-A1265,img_20d3d5e8483e5c07,0,1
RU-A1265,img_ffab649c74282701,0,1
RU-A1265,img_eeed0e1bdec58d5d,0,1
RU-A1265,img_4e1037efbb49144c,0,1
RU-A1265,img_42c456b42b78af94,0,1
RU-A1265,img_c4687bf2c8b141cb,0,1
RU-A1265,img_c48a9aef4310d980,0,1
RU-A1265,img_6c58079f141e9715,0,1
RU-A1265,img_e3ec821ab9b3ffb4,0,1
RU-A1265,img_24ab56350396b871,0,1
RU-A1265,img_32f46c4594b50203,0,1
RU-A1265,img_13ee8c956fed7b59,0,1
RU-A1265,img_9dda97d67dd31823,0,1
RU-A1201,img_177d4644abf97479,0,1
RU-A1201,img_06f1e54bcec157c5,0,1
RU-A1201,img_9b7960727f798713,0,1
RU-A1201,img_0e8dc112b1355c42,0,1
RU-A1201,img_ccf805d6e6484eba,0,1
RU-A1201,img_572d4716c4fbf14a,0,1
RU-A1239,img_7092733110ac15d9,0,3
RU-A1239,img_f15cd1c6163235d2,0,3
RU-A1239,img_f5abeeefed5fb7ec,0,3
RU-A1239,img_54684f1c02ef8d47,0,3
RU-A1239,img_fddd277474e8c357,0,3
RU-A1239,img_b72892e273ea65bc,0,3
RU-A1239,img_d9e1dc8c6c2acfd0,0,3
RU-A1239,img_32ce35a304a499fb,0,3
RU-A1239,img_0e5b74da3706ab8c,0,3
RU-A1239,img_90aa334d4fb93816,0,3
RU-A1239,img_c17147867a34ecf6,0,3
RU-A1239,img_7f8045446af62298,0,3
RU-A1239,img_951fb1762c80f28e,0,3
RU-A1239,img_36b94fb534987414,0,3
RU-A1237,img_5df2f6c6b520cee5,0,1
RU-A1237,img_373457bb6a2fb466,0,1
RU-A1237,img_d3b2bfde4ddf8ce7,0,1
RU-A1237,img_2b4d5a250ca02c09,0,1
RU-A1237,img_3c0d57d3226cf55f,0,1
RU-A1237,img_ef3d980f77c7ef69,0,1
RU-A1237,img_0ae2818b600473b7,0,1
RU-A1237,img_3a6d16cf762df580,0,1
RU-A1237,img_eb1705c1da4c4da8,0,1
RU-A1237,img_53a043d071b530c3,0,1
RU-A1237,img_918d6ab3b7624a94,0,1
RU-A1237,img_935c654b5dd784b6,0,1
RU-A1237,img_53d2eed1c380ecf9,0,1
RU-A1237,img_be9cccad1d10b52d,0,1
RU-A1237,img_673efe7a9df278cb,0,1
RU-A1237,img_2d1b49e88b68c76f,0,1
RU-A1237,img_bdf09c1941c8d624,0,1
RU-A1237,img_4b5cf5dc1a207a4b,0,1
RU-A1237,img_5f1fc1c1709cf40b,0,1
RU-A1237,img_77cf2594d5448370,0,1
RU-A1237,img_0ff71c094336b66e,0,1
RU-A1237,img_e76f6498aa010e0c,0,1
RU-A1237,img_a2402b72836f0bb2,0,1
RU-A1237,img_553d1bad23c9ea15,0,1
RU-A1237,img_acc18232f440eebc,0,1
RU-A1237,img_d0119487241621d2,0,1
RU-A1237,img_b3f97ab35931539d,0,1
RU-A1237,img_f6581c654f5bf3e7,0,1
RU-A1237,img_156c66fbb03112bc,0,1
RU-A1237,img_4536ce764dcc4df4,0,1
RU-A1237,img_d5b6da19f0be376f,0,1
RU-A1237,img_d3f7a77d66236f07,0,1
RU-A1237,img_687a48a1abb692dd,0,1
RU-A1237,img_fc95e80028c3ecd1,0,1
RU-A1237,img_d58a747693256717,0,1
RU-A1237,img_55bd1da6261f935c,0,1
RU-A1237,img_fb77c0fc489d6730,0,1
RU-A1237,img_11c988a457b0823b,0,1
RU-A1237,img_8d5593bddc2d420b,0,1
RU-A1237,img_5d71b9b741a9a7d3,0,1
RU-A1237,img_a8f50a7b5f5c1b17,0,1
RU-A1237,img_dacf4cef01697399,0,1
RU-A1252,img_df164b8b81ffe6ce,0,2
RU-A1252,img_42483df510ac9a5a,0,2
RU-A1252,img_987a2744be6f18fa,0,2
RU-A1252,img_c9028511c5974804,0,2
RU-A1252,img_671ddda65de95a5b,0,2
RU-A1252,img_85c0d9c98128aa77,0,2
RU-A1252,img_3f7811d8b2ea8c39,0,2
RU-A1252,img_b38f137317a39d2d,0,2
RU-A1252,img_60d4516d0359ce50,0,2
RU-A1252,img_818b0519151ab1c4,0,2
RU-A1252,img_aa26d5ae4d414ad9,0,2
RU-A1252,img_97ea8a3d733b0a7f,0,2
RU-A1252,img_94bd301d0fcf8660,0,2
RU-A1252,img_3afe84c010571be9,0,2
RU-A1252,img_c1840774c3cbd5a1,0,2
RU-A1252,img_c1916101b4a5aa70,0,2
RU-A1252,img_6ee2966896fbd5b7,0,2
RU-A1252,img_fe61dbc2a97ca370,0,2
RU-A1252,img_4a799c482e5f4321,0,2
RU-A1252,img_cf9dcdc52a95fc7f,0,2
RU-A1252,img_2e008c731d27c5df,0,2
RU-A1252,img_bd62767c10645837,0,2
RU-A1252,img_4f4e402b1d1d30cc,0,2
RU-A1252,img_148ba90ae42d93fe,0,2
RU-A1252,img_5a08e42c3086bbc0,0,2
RU-A1252,img_75c42d0dac9745ac,0,2
RU-A1252,img_7f4d679e277f79a7,0,2
RU-A1252,img_25bc1bdff426301d,0,2
RU-A1252,img_43fb2e51a512884e,0,2
RU-A1252,img_c278b20a50ec42ed,0,2
RU-A1252,img_d296793c722a1219,0,2
RU-A1252,img_6aef072fcfd020d9,0,2
RU-A1252,img_20e71f14861f13c3,0,2
RU-A1252,img_7185ba3c880d0b16,0,2
RU-A1252,img_36b51b6ff6ed9654,0,2
RU-A1252,img_4000071bae612aa0,0,2
RU-A1252,img_56383307822212e2,0,2
RU-A1252,img_2aec5ef456dc3d3c,0,2
RU-A1252,img_26263c68bec9aad9,0,2
RU-A1252,img_f40c68041043f2c6,0,2
RU-A1255,img_e03bda62f0548052,0,4
RU-A1255,img_32a064da6cceda9a,0,4
RU-A1255,img_4dd19983fa44ed43,0,4
RU-A1255,img_39c05d9ab19bb36c,0,4
RU-A1255,img_e9a3aec5f9a160ea,0,4
RU-A1255,img_81d0379d38e8c3a9,0,4
RU-A1255,img_d89e3b0efbd185ca,0,4
RU-A1255,img_5ddeea49e2fec6a6,0,4
RU-A1255,img_1888f72b3d62535a,0,4
RU-A1255,img_0c824bd28a3490ce,0,4
RU-A1255,img_02e9a94b9af336c0,0,4
RU-A1255,img_42cf2a1882f7fcda,0,4
RU-A1255,img_b63a57eb68f30eda,0,4
RU-A1255,img_ca1d82b9933b1cac,0,4
RU-A1255,img_d59293fbd58ddcfd,0,4
RU-A1255,img_86b9db951757c2e8,0,4
RU-A1255,img_9ed0eccf2d963019,0,4
RU-A1255,img_3c769459fcace4fc,0,4
RU-A1255,img_d4ec53156489ad84,0,4
RU-A1255,img_6a9ac07da613d8e6,0,4
RU-A1093,img_e209be2f849003e6,0,3
RU-A1093,img_ace67330d7d5c84b,0,3
RU-A1093,img_561420b719ef1577,0,3
RU-A1093,img_2e395a696bc66513,0,3
RU-A1093,img_f11a3e5abe52842b,0,3
RU-A1093,img_5408addce3e5759a,0,3
RU-A1093,img_340c4830b054662b,0,3
RU-A1093,img_1b48fa423c84e81d,0,3
RU-A1093,img_43fc564bb68f4d1b,0,3
RU-A1093,img_ef755b44ac5edd90,0,3
RU-A1248,img_2d81ce39be98104f,0,3
RU-A1248,img_3f80e14b2cee2551,0,3
RU-A1248,img_9229263ca09c0825,0,3
RU-A1248,img_7f5f24bfdfd176ac,0,3
RU-A1248,img_208af3344f42f2d9,0,3
RU-A1248,img_17f02b911f5f6d6c,0,3
RU-A1248,img_14a66bca7ca22da8,0,3
RU-A1248,img_8e1139561a430e0b,0,3
RU-A1248,img_62ad1b34e7725190,0,3
RU-A1248,img_519d5a673513f974,0,3
RU-A1248,img_565a1a0534cd442c,0,3
RU-A1248,img_439986ceb0f64d14,0,3
RU-A1248,img_f7426b6c0f90b326,0,3
RU-A1277,img_e7b87801c6110daa,0,1
RU-A1277,img_4771027018bd65d1,0,1
RU-A1277,img_557dde24b468d33f,0,1
RU-A1277,img_2018f684d443e18e,0,1
RU-A1277,img_3e6169b87d780027,0,1
RU-A1277,img_65bdbbb85d4b2b8c,0,1
RU-A1277,img_b705675cc0eb7c8c,0,1
RU-A1277,img_9349f5129d14aad4,0,1
RU-A1277,img_33868c37c13feb0b,0,1
RU-A1277,img_6fa14d2e3619ace9,0,1
RU-A1277,img_d74dea28fb4df27c,0,1
RU-A1277,img_865dd836cf634632,0,1
RU-A1283,img_8124f03613a953d6,0,0
RU-A1283,img_98bc92cf702aa1dd,0,0
RU-A1283,img_fd60ab0c217dd372,0,0
RU-A1283,img_4f296839e5e2bbcd,0,0
RU-A1283,img_163c2be2aabca2d3,0,0
RU-A1283,img_701d70a6ab2e8b60,0,0
RU-A1283,img_3f84beb6b6705fa7,0,0
RU-A1283,img_842bbf204509a5e4,0,0
RU-A1283,img_94494e0bca2185f7,0,0
RU-A1283,img_f524ce597841fdd6,0,0
RU-A1283,img_8819d2c41a2c63dd,0,0
RU-A1283,img_8ee559a0cff1da31,0,0
RU-A1284,img_e43a2533f8c89761,0,4
RU-A1284,img_0bace792e2604557,0,4
RU-A1284,img_0c41ea5f0bda5965,0,4
RU-A1284,img_ec8ff48883a59070,0,4
RU-A1284,img_56ca2c1782014022,0,4
RU-A1284,img_d9c960ec3e8816e5,0,4
RU-A1279,img_0612eb975b8daeb5,0,1
RU-A1279,img_8052ad2b1db3ae56,0,1
RU-A1279,img_8a7b263159fec707,0,1
RU-A1279,img_a59035b03676a3e2,0,1
RU-A1279,img_0e432509fe766930,0,1
RU-A1279,img_233c9fc0d9c6dfc6,0,1
RU-A1279,img_c5b99ad8a8217735,0,1
RU-A1279,img_06a9adc33a1fde6c,0,1
RU-A1279,img_3d7e5a2560be81e1,0,1
RU-A1279,img_f1ffad1eea8128b4,0,1
RU-A1279,img_2508c91283b38f7b,0,1
RU-A1279,img_9c823d3db6e034d5,0,1
RU-A1279,img_8c2bf1161d51b72f,0,1
RU-A1279,img_169374c7075b5aca,0,1
RU-A1279,img_94e2a9007a348026,0,1
RU-A1279,img_a2b2bbd17bf366a7,0,1
RU-A1279,img_7bd83829e21e7b07,0,1
RU-A1279,img_b1ef5c4161cfc7b0,0,1
RU-A1279,img_ac60f1382098059c,0,1
RU-A1080,img_281d018da843561a,0,4
RU-A1080,img_7368e28e573c0658,0,4
RU-A1080,img_76f91f8b00a1c8b1,0,4
RU-A1080,img_7d94a5d1cf337d49,0,4
RU-A1080,img_d8f36dc2c7d1da30,0,4
RU-A1080,img_016e7e01f87af7ee,0,4
RU-A1074,img_f5d7c64f0f64686b,0,0
RU-A1074,img_12799064bea142ff,0,0
RU-A1074,img_e68a1a44d5f43d21,0,0
RU-A1074,img_d1cdf81a09a9bf6c,0,0
RU-A1246,img_059cf68104e680a8,0,3
RU-A1246,img_b23f089f0a9b2b77,0,3
RU-A1246,img_d0024d65527e5b54,0,3
RU-A1246,img_31ca7795b0f43d78,0,3
RU-A1246,img_2815dd870bcf9cf7,0,3
RU-A1246,img_1b6008d853532e09,0,3
RU-A1246,img_e4599a2483b9523b,0,3
RU-A1246,img_1b6d00ded3fac5a0,0,3
RU-A1246,img_690ef0c4a67daa73,0,3
RU-A1246,img_8566c5f9aeeabe77,0,3
RU-A1241,img_5191c2f20611a76f,0,4
RU-A1241,img_d18f54b685e933dc,0,4
RU-A1241,img_d4922dd8673b86ae,0,4
RU-A1241,img_fbe82c0eec65867b,0,4
RU-A1241,img_eeaee6c65ee7d60e,0,4
RU-A1241,img_0420c4257c32e8cd,0,4
RU-A1241,img_9e37529173793324,0,4
RU-A1241,img_9cdc2aecf1a440bb,0,4
RU-A1241,img_a2bf6456fc44ffb6,0,4
RU-A1241,img_fabf248cb2d1ab4f,0,4
RU-A1241,img_895b3423269a9af0,0,4
RU-A1241,img_1de628bfef6de35d,0,4
RU-A1073,img_885fc4f8e0c91574,0,2
RU-A1073,img_84c8c220b9d06d2c,0,2
RU-A1073,img_0f1b35b08b4d52b8,0,2
RU-A1073,img_3e9fb6ae2892fe47,0,2
RU-A1073,img_740be3a1d31c4d3e,0,2
RU-A1073,img_9311e4891ccc8871,0,2
RU-A1073,img_879cde514d5d3944,0,2
RU-A1073,img_b4056ac9d3ed3e9b,0,2
RU-A1073,img_e84f37859dceee6b,0,2
RU-A1073,img_aca519ad22a35b0d,0,2
RU-A1073,img_8df21e650c0fb65f,0,2
RU-A1073,img_b6c31d96db8f49c5,0,2
RU-A1073,img_e9d9aa70bf42cb69,0,2
RU-A1073,img_25bff9dbbf03abb1,0,2
RU-A1073,img_c716780312d63fd1,0,2
RU-A1073,img_91e93a661e9255f6,0,2
RU-A1073,img_fed54b8f080ab9e9,0,2
RU-A1073,img_7052876e362224e5,0,2
RU-A1073,img_e58671d26ff1625e,0,2
RU-A1073,img_d158cff3b4895a67,0,2
RU-A1073,img_9072034171f6ba59,0,2
RU-A1087,img_a0dd2917ffed6f78,0,4
RU-A1087,img_4a4eb2f3119d7f65,0,4
RU-A1087,img_a4c74132cc42235b,0,4
RU-A1087,img_32522279eda057f8,0,4
RU-A1087,img_f36e0e7b15717fcf,0,4
RU-A1087,img_fe9b85a64c1e43c6,0,4
RU-A1087,img_142a0838c8463226,0,4
RU-A1087,img_ea959388692ecb27,0,4
RU-A1087,img_c1c84fa5e9663c46,0,4
RU-A1087,img_76187282ebc6e702,0,4
RU-A1087,img_eedc8c9b8ad0e219,0,4
RU-A1087,img_ac4470d54ddf07d0,0,4
RU-A1087,img_96e5ed67915ac593,0,4
RU-A1087,img_aba135451fbf26b5,0,4
RU-A1215,img_a86d8fd1a4952d46,0,4
RU-A1215,img_07adf48e5c056ea7,0,4
RU-A1215,img_1fea7d0126c6e5a3,0,4
RU-A1215,img_c3ed2a3e9992d230,0,4
RU-A1215,img_f9b0b9c6e180bd79,0,4
RU-A1215,img_fc2739394bc123da,0,4
RU-A1215,img_1b3d692e6158e202,0,4
RU-A1215,img_8242e4ab6b77a84e,0,4
RU-A1215,img_dbb3b90d78bad171,0,4
RU-A1215,img_cf044f861991b910,0,4
RU-A1215,img_feb78fd3fb675672,0,4
RU-A1215,img_434725c16f06a8aa,0,4
RU-A1215,img_984c96482b0153dc,0,4
RU-A1215,img_5d44fda2c7306462,0,4
RU-A1215,img_864bb949a1a9188c,0,4
RU-A1215,img_6a73fc540ee8a6e5,0,4
RU-A1215,img_13d7d596e4d1b040,0,4
RU-A1215,img_02f189e0535db216,0,4
RU-A1215,img_29ad3a221aac4993,0,4
RU-A1212,img_4b61cbe1eb34913b,0,2
RU-A1212,img_d3cc35c0845cfebd,0,2
RU-A1212,img_1f094a2591f43c3a,0,2
RU-A1212,img_f8739d2bf3bd4d74,0,2
RU-A1212,img_d53cdd43beaebd1f,0,2
RU-A1212,img_9f843db588b8bad7,0,2
RU-A1212,img_7bab25f2adf70988,0,2
RU-A1212,img_3b8f9f5d343b760a,0,2
RU-A1212,img_155da394afff705a,0,2
RU-A1212,img_5155225023b98c43,0,2
RU-A1212,img_24645cb017972bc8,0,2
RU-A1212,img_be6918998be48725,0,2
RU-A1212,img_59821378dc512596,0,2
RU-A1212,img_ea835ec5e21f1593,0,2
RU-A1224,img_6a3f79a619c88e0e,0,1
RU-A1224,img_8f0a0bbba9571ce8,0,1
RU-A1224,img_6232278bdeb98973,0,1
RU-A1224,img_89baad3c7b172218,0,1
RU-A1224,img_cba75cdd6968adab,0,1
RU-A1224,img_6a61557634285ec7,0,1
RU-A1224,img_2c81557d9aa80610,0,1
RU-A1224,img_c5627880b37e9a60,0,1
RU-A1224,img_208cd0efbc319cb6,0,1
RU-A1224,img_39fc770a0221b4cd,0,1
RU-A1223,img_38a62d4079466fd3,0,2
RU-A1223,img_ce94f5f266a1e08a,0,2
RU-A1223,img_c2d6aaf97ab76d03,0,2
RU-A1223,img_e0eaef5b6f0d20e6,0,2
RU-A1223,img_5357c767290e4e18,0,2
RU-A1223,img_bc6466571c05fa25,0,2
RU-A1223,img_604e7bbbd8a8f55a,0,2
RU-A1223,img_507844a50042f50b,0,2
RU-A1223,img_ad92a8e10e8f24cd,0,2
RU-A1223,img_fadf198fac493331,0,2
RU-A1223,img_c7907dc2989724a5,0,2
RU-A1223,img_f2202015435f5dcb,0,2
RU-A1223,img_4f3daecd53c822f4,0,2
RU-A1223,img_0d9229dab7d3ddb8,0,2
RU-A1223,img_97041cda2d54d81e,0,2
RU-A1223,img_4f39f99deaadeee7,0,2
RU-A1072,img_f09dd1a8ee12c0aa,0,2
RU-A1072,img_548343b6d6d15d1e,0,2
RU-A1072,img_61f08e6dcd4be9e5,0,2
RU-A1072,img_be2d74eb02c87c26,0,2
RU-A1072,img_e3511894998a6992,0,2
RU-A1072,img_d19a0a85098581af,0,2
RU-A1072,img_0367e7f591c1c35c,0,2
RU-A1072,img_af58b23ccb35a7f3,0,2
RU-A1278,img_c77b64e2ea751a76,0,1
RU-A1278,img_eb8c5d5a2078b44e,0,1
RU-A1278,img_f6ed00080fe73bbd,0,1
RU-A1278,img_5b8c1dcdafe593a4,0,1
RU-A1278,img_e8e98d19c450e8cf,0,1
RU-A1278,img_e375edcd6f9c9c0a,0,1
RU-A1247,img_c2fc01f9a175e1eb,0,4
RU-A1247,img_f777afaf5b1fb543,0,4
RU-A1247,img_f8feeaae34a2426d,0,4
RU-A1247,img_4b69f99bc37d808a,0,4
RU-A1247,img_b0b1afc53a825338,0,4
RU-A1247,img_2e740412431f00ff,0,4
RU-A1247,img_a2cb0213a5a36d17,0,4
RU-A1247,img_9f93b40fa295d838,0,4
RU-A1247,img_501049bd0ec9dea6,0,4
RU-A1247,img_7378f67dba77b4fa,0,4
RU-A1247,img_69545d8956da20df,0,4
RU-A1081,img_efd41a465737b6ae,0,2
RU-A1081,img_e8654298eada61fd,0,2
RU-A1081,img_f53796e40912a2fe,0,2
RU-A1081,img_9e2a785ea8e55463,0,2
RU-A1271,img_49a20c7a265cc60b,0,2
RU-A1271,img_0c168343a6b764ee,0,2
RU-A1271,img_c176099c52086ee3,0,2
RU-A1271,img_d2ef0c398f5bf0a9,0,2
RU-A1271,img_867ed996c813016d,0,2
RU-A1271,img_32ab34ed6e332488,0,2
RU-A1271,img_ee769d5d3d759bf7,0,2
RU-A1271,img_f4bf73617e984bfe,0,2
RU-A1271,img_c2b9f6fdf49fcbab,0,2
RU-A1271,img_1299ded7f7ef78c3,0,2
RU-A1271,img_a11e1fcea38ada27,0,2
RU-A1271,img_8107cfb2de5d8eac,0,2
RU-A1271,img_ffae95d4f5e72c4e,0,2
RU-A1271,img_5c33a899e47505e4,0,2
RU-A1249,img_80043e4972ec3492,0,4
RU-A1249,img_9c56df51aa954dd2,0,4
RU-A1249,img_bbf9cc9624670e66,0,4
RU-A1249,img_5ea3143b0d10b0d2,0,4
RU-A1249,img_168aa9493db1868a,0,4
RU-A1249,img_a352bad8247fbd3e,0,4
RU-A1249,img_09ecd709b521d2d8,0,4
RU-A1249,img_ccb9ff5df060747f,0,4
RU-A1249,img_b5f53f45d5302eae,0,4
RU-A1249,img_044fadedc43063da,0,4
RU-A1249,img_d2a65f14ddfecda1,0,4
RU-A1249,img_3f0d3f7dc3d4709e,0,4
RU-A1249,img_29095324c0ec13d3,0,4
RU-A1249,img_35878ead1184b574,0,4
RU-A1249,img_691b8333c4b36110,0,4
RU-A1249,img_bb7d2d1e4fce2df0,0,4
RU-A1249,img_f9a391a44447375b,0,4
RU-A1249,img_7a20f51f47520ce8,0,4
RU-A1249,img_c5d8215fe3f21784,0,4
RU-A1249,img_22ce99d0e3bead89,0,4
RU-A1249,img_f7718551183f4f08,0,4
RU-A1249,img_e0df94800e04164e,0,4
RU-A1249,img_3d1cb7a28ea7b16b,0,4
RU-A1249,img_8b7e528ed94f5794,0,4
RU-A1249,img_19e75d47d9159c3d,0,4
RU-A1249,img_5f765de2d4cb53aa,0,4
RU-A1282,img_b558afbc0bb464a5,0,1
RU-A1282,img_590cc0bbfcfee4c5,0,1
RU-A1282,img_f8739aa6ba789366,0,1
RU-A1282,img_2592e6977484eafe,0,1
RU-A1282,img_ef77214739946a4a,0,1
RU-A1282,img_18bcf8c7b87862e2,0,1
RU-A1282,img_49d4b42e4d058f43,0,1
RU-A1282,img_8c60ef247810c42a,0,1
RU-A1282,img_271de465c00591a4,0,1
RU-A1282,img_8e4ec29bd861a82d,0,1
RU-A1222,img_df68633eb0f4b097,0,1
RU-A1222,img_745c25841ffd99be,0,1
RU-A1222,img_5b8720ebd2aabbdc,0,1
RU-A1222,img_6ca6e6d27045b410,0,1
RU-A1222,img_9b2cfb0d303b8916,0,1
RU-A1222,img_e351ae4d705dad92,0,1
RU-A1222,img_7509d43f55ca7157,0,1
RU-A1222,img_3c5878d08c6c3b50,0,1
RU-A1222,img_90f2507710348035,0,1
RU-A1222,img_2ff35e1f89149772,0,1
RU-A1222,img_2023b128c754de9f,0,1
RU-A1222,img_53d0d5fb74c3690f,0,1
RU-A1222,img_dafb6fa89fd01eb4,0,1
RU-A1225,img_02192bfd8dc1ceca,0,0
RU-A1225,img_30047bd3ddeafd54,0,0
RU-A1225,img_5b314ca7e54e37d9,0,0
RU-A1225,img_a4c3c678fcd0dbb3,0,0
RU-A1225,img_2f3670af1cbb1d6b,0,0
RU-A1225,img_0212370b2c15cf5d,0,0
RU-A1225,img_11b48f7c1b2fb4f1,0,0
RU-A1028,img_054b458ff328320b,0,3
RU-A1028,img_592a8620b3490313,0,3
RU-A1028,img_be9170f210606e68,0,3
RU-A1028,img_3b3359b8c2e80c00,0,3
RU-A1028,img_996c0ccdc5e43873,0,3
RU-A1028,img_14e5ce51b76f5f34,0,3
RU-A1028,img_f8b5523ed69c5536,0,3
RU-A1028,img_4f44e410f8f7fe66,0,3
RU-A1028,img_e3b6ded177d54dd7,0,3
RU-A1028,img_98f7d9eca76636b5,0,3
RU-A1028,img_8f7b75a53a32db4a,0,3
RU-A1028,img_0b38ae1bea8dac63,0,3
RU-A1028,img_93aa07d66781385c,0,3
RU-A1028,img_3e128b5b1269be78,0,3
RU-A1213,img_5b4db87a51ccb5d3,0,2
RU-A1213,img_4d39da6b7f34f185,0,2
RU-A1213,img_e6f6f4e1999d7c9a,0,2
RU-A1213,img_f0179e5f215c5aa0,0,2
RU-A1213,img_5ac29510c0393899,0,2
RU-A1213,img_6e541f2d55f1e840,0,2
RU-A1213,img_04aad0fe8fa86140,0,2
RU-A1213,img_cfa5b8d05b2e514f,0,2
RU-A1213,img_6d28ca0af7fa6d5b,0,2
RU-A1213,img_9daffea21583812c,0,2
RU-A1213,img_82bba1964e8e974e,0,2
RU-A1213,img_0ff6191eacf329db,0,2
RU-A1213,img_e5ab6f86a4c98fe0,0,2
RU-A1213,img_60fdb84a148610cb,0,2
RU-A1213,img_c654b7143caf23b5,0,2
RU-A1213,img_da5eca65d17efc7b,0,2
RU-A1213,img_3f841589356bfeb0,0,2
RU-A1213,img_8f2271af3a87652f,0,2
RU-A1213,img_27bfd78c63bf4c07,0,2
RU-A1213,img_4ae28de8d155d29c,0,2
RU-A1213,img_481650bbd02d45a7,0,2
RU-A1191,img_9b799bf3a02ffdee,0,1
RU-A1191,img_12561d632c371bd7,0,1
RU-A1191,img_b6ea3f77d80d9cbd,0,1
RU-A1191,img_c1be20715eab8ed1,0,1
RU-A1191,img_b9eb6d9a9f0c3ff4,0,1
RU-A1191,img_e07bae6d2184a0fb,0,1
RU-A1191,img_22c92b79ee1ff1fd,0,1
RU-A1191,img_6065c9316301b272,0,1
RU-A1191,img_e20d4c0ff2b899f1,0,1
RU-A1191,img_6e57f23e292dd54c,0,1
RU-A1191,img_cb02c7ae7a981b89,0,1
RU-A1191,img_ac7600b164e9a9ed,0,1
RU-A1191,img_4d77f48533eb4fb0,0,1
RU-A1191,img_a462cd11db442d53,0,1
RU-A1191,img_54270c240ac815b1,0,1
RU-A1191,img_dfb69fb8e88da034,0,1
RU-A1191,img_9dd65eab02b961c6,0,1
RU-A1165,img_f050540a999a5fe3,0,3
RU-A1165,img_4a694ba0e8523ac5,0,3
RU-A1165,img_ccf657939744cedd,0,3
RU-A1165,img_6e43c40dc8463016,0,3
RU-A1165,img_4e978cada3dca5c6,0,3
RU-A1165,img_30ba72b7dec067ea,0,3
RU-A1165,img_e3f4238bd652e804,0,3
RU-A1165,img_446c513167a558e5,0,3
RU-A1165,img_6b2411ecfd5950cd,0,3
RU-A1162,img_8e7bb4817c2137b7,0,1
RU-A1162,img_2d401ca388a0f2c7,0,1
RU-A1162,img_3f514bd10cf7d296,0,1
RU-A1162,img_4c955d2cf7cefd40,0,1
RU-A1162,img_151341f61da7eef1,0,1
RU-A1162,img_a7618ea8d7cbddf1,0,1
RU-A1162,img_c94ab6a4831f7e67,0,1
RU-A1162,img_0bc1a14bdfe4addf,0,1
RU-A1162,img_420d37e73b9292fc,0,1
RU-A1162,img_ad0f6063dade7945,0,1
RU-A1162,img_a40fdabbf3570c22,0,1
RU-A1162,img_d76c21da8258179e,0,1
RU-A1162,img_240e72eed54ba095,0,1
RU-A1162,img_fa44563a6a565092,0,1
RU-A1196,img_9f55fd11af2ae9b9,0,3
RU-A1196,img_ba8eb6af3283f260,0,3
RU-A1196,img_083893cb8333f755,0,3
RU-A1196,img_938d910ab66d6135,0,3
RU-A1196,img_d14928d543b7a499,0,3
RU-A1196,img_33bffb3318bebc82,0,3
RU-A1196,img_bd5bc52de710990a,0,3
RU-A1196,img_9137aae6743bb0ea,0,3
RU-A1196,img_f0a1cb66e95c1e48,0,3
RU-A1196,img_d562f5673f869130,0,3
RU-A1196,img_6891425df3039dc7,0,3
RU-A1196,img_0133427aae96eddb,0,3
RU-A1196,img_cb8966f441a31388,0,3
RU-A1196,img_9cf086e3d233f6fc,0,3
RU-A1196,img_eb61226ac4bff905,0,3
RU-A1196,img_161540107686e368,0,3
RU-A1196,img_5c4af17fdae97684,0,3
RU-A1196,img_7d791ae94a6b30bd,0,3
RU-A1196,img_3b01c941fa29cd97,0,3
RU-A1196,img_7f00fc9c95ac3ab2,0,3
RU-A1196,img_23dfcc05ada42d5b,0,3
RU-A1196,img_fecd2df8621ff12d,0,3
RU-A1196,img_e4a9cb5d9226e117,0,3
RU-A1196,img_e72074fac815a8f2,0,3
RU-A1196,img_8b8832907bc1d608,0,3
RU-A1196,img_7b48651458014f1f,0,3
RU-A1196,img_1ebca42d25bb3295,0,3
RU-A1196,img_57c105344a95a659,0,3
RU-A1196,img_fdfa06b4a1958628,0,3
RU-A1196,img_d0913a540b4a1b28,0,3
RU-A1196,img_97365cfdcab62e77,0,3
RU-A1196,img_f0a45135d995726a,0,3
RU-A1196,img_ab91c6698634cae7,0,3
RU-A1196,img_02a8ac2ca4ec517c,0,3
RU-A1196,img_599d74df05d3a124,0,3
RU-A1196,img_fe614be9457eacab,0,3
RU-A1196,img_81eb33f9f7555c44,0,3
RU-A1136,img_85d4cc9927feb984,0,3
RU-A1136,img_be855bb5f58dc786,0,3
RU-A1136,img_0d0e72cf4091a36e,0,3
RU-A1136,img_391d7e74fb14a2b4,0,3
RU-A1136,img_6bbfacb96af9feb1,0,3
RU-A1136,img_5e26e9929e8ffabb,0,3
RU-A1136,img_a912d43bb82e73d0,0,3
RU-A1285,img_fd54e8c2bce8d931,0,1
RU-A1285,img_0d0789b1eafd9d1f,0,1
RU-A1109,img_5e6290331bf3c199,0,2
RU-A1109,img_d1f84cb918cb4990,0,2
RU-A1109,img_d87c6342d2d2de58,0,2
RU-A1109,img_565d7592bfee6efb,0,2
RU-A1109,img_6c89b31be822c752,0,2
RU-A1109,img_12c5ce95cd7c50cf,0,2
RU-A1131,img_ed5e366e8d7159b0,0,0
RU-A1131,img_98290570a7061526,0,0
RU-A1131,img_d1eb590722cbb46d,0,0
RU-A1131,img_df1798161703ab50,0,0
RU-A1131,img_e5e995698b6035ed,0,0
RU-A1131,img_28f1fae918a269ff,0,0
RU-A1131,img_101b91db2c569a39,0,0
RU-A1131,img_3d8544c06afc066f,0,0
RU-A1131,img_a9d5c404f6c16a7f,0,0
RU-A1131,img_d079ce391994fe76,0,0
RU-A1131,img_5e6fc0b2ff362ce7,0,0
RU-A1131,img_3dcb58574d8c7ecb,0,0
RU-A1131,img_49fcf74d627019fa,0,0
RU-A1131,img_5d8384df87b43757,0,0
RU-A1131,img_5b8bd9cddc06ceb1,0,0
RU-A1131,img_919259a54713977e,0,0
RU-A1131,img_2245ba63408e330a,0,0
RU-A1131,img_e4c6452843fac36e,0,0
RU-A1131,img_ea137bc68a7ce85b,0,0
RU-A1131,img_1ba7e2252f8b991e,0,0
RU-A1131,img_05d435295e123006,0,0
RU-A1131,img_d786c8bb836e58d9,0,0
RU-A1131,img_ddd19cf356452463,0,0
RU-A1131,img_ecc4bd7bc10ec0b9,0,0
RU-A1131,img_5a41485bdefce007,0,0
RU-A1131,img_6445b92c9a4b967d,0,0
RU-A1131,img_ff548523213bfac7,0,0
RU-A1131,img_6fb651b29cf34782,0,0
RU-A1138,img_63bdf6ab3c36da8c,0,4
RU-A1138,img_ea47312076f1eea9,0,4
RU-A1138,img_725fd5d20f35fea4,0,4
RU-A1138,img_55c3a92f648d4c0f,0,4
RU-A1138,img_3ae50717590f8b31,0,4
RU-A1138,img_e58f05505040a089,0,4
RU-A1138,img_a65ce744fc540460,0,4
RU-A1138,img_7a688d479438ae4a,0,4
RU-A1163,img_d4604c62d2116bce,1,2
RU-A1163,img_c40efa24c2a27a3a,1,2
RU-A1163,img_4dbb9a28b2b05f68,1,2
RU-A1163,img_e71af0443ecebdd8,1,2
RU-A1163,img_4f59d8304cba3c34,1,2
RU-A1163,img_3a64471e4cdc8b1e,1,2
RU-A1190,img_04e6d15bba56e7d0,0,2
RU-A1190,img_94bee2a5fee3f353,0,2
RU-A1190,img_312921adfe937cf7,0,2
RU-A1190,img_a6727726eee921dc,0,2
RU-A1190,img_5cc33ece0889291a,0,2
RU-A1190,img_b3d99aaf20d93940,0,2
RU-A1190,img_04f455a7b6a2e418,0,2
RU-A1190,img_2e67740c1da89cc1,0,2
RU-A1190,img_c6ea31f6161b5b76,0,2
RU-A1190,img_9fbca749b1d43c11,0,2
RU-A1190,img_b7267a938d3f80f9,0,2
RU-A1190,img_7c46135aa6e1877a,0,2
RU-A1190,img_43975960819dfde4,0,2
RU-A1190,img_92c6672d2c3c443f,0,2
RU-A1199,img_6a3fdaa13908a44c,0,4
RU-A1199,img_95a18d42955f6aed,0,4
RU-A1199,img_88fc8ca9a8991d10,0,4
RU-A1199,img_5a9f18bf29f3716b,0,4
RU-A1199,img_6034b4a4a1c3ddeb,0,4
RU-A1199,img_a05453872618da93,0,4
RU-A1199,img_2d87ad6c678cd69c,0,4
RU-A1199,img_48000a55d8cb1912,0,4
RU-A1199,img_ffdc605ae0c2fdc2,0,4
RU-A1199,img_aac4c02f9775f545,0,4
RU-A1199,img_5de38a18f353910c,0,4
RU-A1199,img_06599324e56652a5,0,4
RU-A1199,img_f6a76d46e9e3194a,0,4
RU-A1199,img_257639bed8205a10,0,4
RU-A1199,img_6bc2f4adb36a1f22,0,4
RU-A1199,img_d451ab2e77049a6d,0,4
RU-A1101,img_0e0d398e2a95acab,0,4
RU-A1101,img_fe0d81aacce3a909,0,4
RU-A1101,img_0d93769e1c94c36e,0,4
RU-A1101,img_99f230ab33fa9e4c,0,4
RU-A1101,img_666f414d14ec7494,0,4
RU-A1101,img_f0dd8df5f44615c6,0,4
RU-A1101,img_ef8a2bfed08e1a63,0,4
RU-A1101,img_c1fe70e42dcf55da,0,4
RU-A1101,img_e5850d456acb90f4,0,4
RU-A1101,img_fcd6b75b97467bfb,0,4
RU-A1101,img_0f58c947fbfa1e72,0,4
RU-A1101,img_f2916975481ac3e8,0,4
RU-A1101,img_19f542c832fd15fe,0,4
RU-A1101,img_9046a356b09eb7f4,0,4
RU-A1106,img_1bba5191f338dba9,0,1
RU-A1106,img_24d54e2efe2d205f,0,1
RU-A1106,img_2ecda2aac6348f1d,0,1
RU-A1106,img_8264c4e5283f69a9,0,1
RU-A1106,img_f9ea3a2bc62ec469,0,1
RU-A1139,img_4d7e963348b5d6de,0,4
RU-A1139,img_039074669ffff270,0,4
RU-A1139,img_b5944bcb28171749,0,4
RU-A1139,img_94c8ec1886f5adf2,0,4
RU-A1139,img_f7c5801934017bd7,0,4
RU-A1139,img_d5571b32bc7df43a,0,4
RU-A1139,img_cefd96b406f165d4,0,4
RU-A1139,img_6fd275e4d73a0dc4,0,4
RU-A1139,img_da10ad75e2d3f808,0,4
RU-A1139,img_d0199afa2b0d48d3,0,4
RU-A1139,img_468c88b8f3285b76,0,4
RU-A1139,img_50dc4070aacd702a,0,4
RU-A1139,img_fc25cc26283205aa,0,4
RU-A1139,img_825f52cc211c5bd0,0,4
RU-A1139,img_dbf0c77cbc53c0a2,0,4
RU-A1139,img_db8e7e89e9df8be6,0,4
RU-A1108,img_f1aa766c4e6adf15,1,0
RU-A1108,img_4f79f834e3ae8a31,1,0
RU-A1108,img_a0eeb89c98a128f7,1,0
RU-A1108,img_9b4a1cd7fad1e2ef,1,0
RU-A1108,img_23e90ca14d6dfdf3,1,0
RU-A1108,img_3db7bbf41d7b1391,1,0
RU-A1108,img_748c183725d9cf5a,1,0
RU-A1108,img_ea201689467e3555,1,0
RU-A1108,img_5225dd23870311bb,1,0
RU-A1108,img_ffbd5b5a2ef521e8,1,0
RU-A1108,img_83809a64ad48061f,1,0
RU-A1108,img_c96785f9a7c9e8f9,1,0
RU-A1108,img_4a73efe72d2d4073,1,0
RU-A1108,img_174819be903b3671,1,0
RU-A1108,img_3c7a09fa5eb20562,1,0
RU-A1108,img_212b5f22b6172ce4,1,0
RU-A1108,img_f470f5a1e8fe5066,1,0
RU-A1108,img_e0ab75729cdf6b35,1,0
RU-A1108,img_43f6a0c8cae5c2f1,1,0
RU-A1108,img_b072c44279125734,1,0
