pid,image_id,y_true,fold
RU-A1156,img_2919fb9629af8eb6,1,3
RU-A1156,img_d113fcf2b340674b,1,3
RU-A1048,img_8f9a44bea6a42f53,1,0
RU-A1048,img_615157a6f6318fc0,1,0
RU-A1048,img_1af1a8ac1245dd39,1,0
RU-A1048,img_0434b8184663ea6a,1,0
RU-A1048,img_1347dbe04673e854,1,0
RU-A1048,img_5e7df910a2c0ac34,1,0
RU-A1048,img_01a97ea00547c5bf,1,0
RU-A1048,img_2304df2aacc876f7,1,0
RU-A1048,img_b12dcc3a6511f07e,1,0
RU-A1048,img_cdd19bc4e12d3f46,1,0
RU-A1048,img_a2d37942a0dbbc96,1,0
RU-A1048,img_afd4dca917b2e2a4,1,0
RU-A1048,img_d5d10a64657c06f0,1,0
RU-A1048,img_5410faa7cb69fefd,1,0
RU-A1048,img_02224c7fbd4dd58a,1,0
RU-A1048,img_4cd6f378b1d3490b,1,0
RU-A1048,img_ecfe43303e608d76,1,0
RU-A1048,img_76da8f0577c13e22,1,0
RU-A1048,img_77a1e9fda7d6f6ed,1,0
RU-A1048,img_393086b1d76cf2e3,1,0
RU-A1048,img_2daa10ddecff8b06,1,0
RU-A1048,img_583fd0ffd3a7fae2,1,0
RU-A1048,img_7efb7f864b447cc7,1,0
RU-A1048,img_6d16e816a53174de,1,0
RU-A1048,img_3d47a159b9c2cc0b,1,0
RU-A1048,img_5cc8a8b1f0819e10,1,0
RU-A1048,img_0ada6a07b5b250db,1,0
RU-A1048,img_c15388c3fa938a21,1,0
RU-A1048,img_8a8de340f52f77e0,1,0
RU-A1048,img_2dc9bdc31e605b73,1,0
RU-A1048,img_19c1e67cae61b925,1,0
RU-A1048,img_f905a8654c65f429,1,0
RU-A1048,img_da5f0762a08801b8,1,0
RU-A1048,img_69ab8a2da31db811,1,0
RU-A1048,img_668f31f770b24522,1,0
RU-A1048,img_9e431fa94056e03b,1,0
RU-A1048,img_552958db4b80a3c8,1,0
RU-A1080,img_53d27e21f6293a1a,0,4
RU-A1080,img_e4462661e8adeeaa,0,4
RU-A1080,img_ed05b6d12b2d2d64,0,4
RU-A1080,img_7d20c607d97e0f9d,0,4
RU-A1080,img_b7c02f7e41a921b7,0,4
RU-A1080,img_f6c8588b96713ccc,0,4
RU-A1080,img_8c4c47a820d602cc,0,4
RU-A1080,img_cb27c19db45d745b,0,4
RU-A1080,img_e7e6926b0c5d8fe3,0,4
RU-A1080,img_763a8069a29b9b05,0,4
RU-A1080,img_c2f198b75855ef4f,0,4
RU-A1080,img_24b9cd99bc92a3fd,0,4
RU-A1080,img_a0004c6821cef0f7,0,4
RU-A1080,img_a0004c6821cef0f7,0,4
RU-A1080,img_3bfb72167025c12f,0,4
RU-A1080,img_daf92caf345fcdf3,0,4
RU-A1080,img_a98e6efe9c8de603,0,4
RU-A1080,img_cb025e3782630dbe,0,4
RU-A1080,img_8f18c4773b2ced5b,0,4
RU-A1080,img_49be88c649c5c5be,0,4
RU-A1080,img_01d9956ff4f1c9af,0,4
RU-A1080,img_4efd098f5790b5ae,0,4
RU-A1089,img_e22a379091047774,1,4
RU-A1089,img_bdfb8c59d943520a,1,4
RU-A1089,img_923b67c488c6ee3a,1,4
RU-A1089,img_5d1e6893be217606,1,4
RU-A1099,img_ced36bdbc001ccc5,1,3
RU-A1099,img_934d287b5ca033af,1,3
RU-A1099,img_605490138f3b6cce,1,3
RU-A1099,img_5f889a4ac2057fb5,1,3
RU-A1099,img_026898dfaf220c28,1,3
RU-A1099,img_09b90c24774e7828,1,3
RU-A1099,img_5713f808f87de59a,1,3
RU-A1099,img_f78a5576013a805f,1,3
RU-A1099,img_df71352500303022,1,3
RU-A1099,img_317b76b04a2f324b,1,3
RU-A1099,img_0217147e197a1837,1,3
RU-A1099,img_ca690feda1d750fa,1,3
RU-A1099,img_76769bde8f825629,1,3
RU-A1107,img_9d423112ae60515f,1,2
RU-A1107,img_70c41eda32a6d457,1,2
RU-A1107,img_698fb297a7c6039d,1,2
RU-A1107,img_5a3419b739374530,1,2
RU-A1107,img_49d54f6060b2b8a6,1,2
RU-A1107,img_0cf61bd5239ae088,1,2
RU-A1107,img_b3f55e8e2c0c7d91,1,2
RU-A1107,img_7e7ccc1610fb8614,1,2
RU-A1016,img_1d66366cc1998061,0,3
RU-A1016,img_d645bb77266d216e,0,3
RU-A1016,img_38533c643fffe140,0,3
RU-A1016,img_0358417b98bb8bae,0,3
RU-A1016,img_da759c53188dfdb3,0,3
RU-A1016,img_2855963ede417424,0,3
RU-A1016,img_b13f7bb1b109886d,0,3
RU-A1016,img_b0ef8d3dfb45148d,0,3
RU-A1016,img_23ca300f480bc79f,0,3
RU-A1016,img_1a7a1dd3d46fc9a1,0,3
RU-A1016,img_86028360675e4477,0,3
RU-A1016,img_70a1cef338771195,0,3
RU-A1016,img_7a817b858d664095,0,3
RU-A1016,img_6344e1d2a7c42db6,0,3
RU-A1016,img_3a4c46066b8724b4,0,3
RU-A1016,img_3596404fd114e7a8,0,3
RU-A1016,img_10fa9ab5f75b2e02,0,3
RU-A1016,img_7ba1a59cd0f4ad6d,0,3
RU-A1016,img_629dc507d72bad23,0,3
RU-A1016,img_1c5c60846914dc8f,0,3
RU-A1016,img_c1e4dd7a053cb0eb,0,3
RU-A1016,img_a9a633d4c9469d9c,0,3
RU-A1052,img_30ccafa79b1e5c28,0,3
RU-A1052,img_8ce1046e2ebff118,0,3
RU-A1052,img_d0f9311ab829f8b7,0,3
RU-A1052,img_912d52db8f918955,0,3
RU-A1052,img_78ad139745c96657,0,3
RU-A1052,img_0a077b8d620d3f1f,0,3
RU-A1052,img_3e094221f0b3a7f5,0,3
RU-A1052,img_251898e286d3f2ae,0,3
RU-A1052,img_574ca5460edab67d,0,3
RU-A1052,img_1e8f662b5872bf74,0,3
RU-A1052,img_0258837c4cf74c89,0,3
RU-A1052,img_c30682191e48ad40,0,3
RU-A1052,img_689f29f80d42312b,0,3
RU-A1052,img_89074b12d5e3769f,0,3
RU-A1052,img_6e69a1cffb1797fe,0,3
RU-A1052,img_bb88c76ad332f52c,0,3
RU-A1052,img_6b9803ba9e3f4d39,0,3
RU-A1052,img_1913daa8efde5462,0,3
RU-A1052,img_7f89d2839caa3961,0,3
RU-A1052,img_345241a2162f61a8,0,3
RU-A1058,img_8ca9b1dfea8f445b,0,0
RU-A1058,img_1448eb37b91dfbf2,0,0
RU-A1058,img_d1a2c8e18334ad60,0,0
RU-A1058,img_1285bc76185e755d,0,0
RU-A1058,img_4dbdef8acf00bafd,0,0
RU-A1058,img_dceb55e14171e936,0,0
RU-A1058,img_ac7b7097852242e3,0,0
RU-A1058,img_87af2e58ec90a397,0,0
RU-A1058,img_1853a2a49bb8b525,0,0
RU-A1058,img_ccf5234f0f34a9d7,0,0
RU-A1058,img_53f9e1bf5a2928fd,0,0
RU-A1058,img_0c6632a19da1d320,0,0
RU-A1058,img_e9dec779ff8a2acd,0,0
RU-A1058,img_6f5cd7dab11d66cd,0,0
RU-A1058,img_1397bd6a0fcbb42b,0,0
RU-A1058,img_8ab00ebe9c4df78f,0,0
RU-A1058,img_a2227d56edfa74ed,0,0
RU-A1058,img_2bb842b2363853da,0,0
RU-A1058,img_ffed7cab95661d93,0,0
RU-A1058,img_9b6fdf227782fd34,0,0
RU-A1058,img_fb5455b8a94bb58c,0,0
RU-A1058,img_c019ffcfb4890f5c,0,0
RU-A1058,img_bd58a96c7a49a8fa,0,0
RU-A1058,img_f01449513fc32162,0,0
RU-A1058,img_dafc4c297d6ba0f6,0,0
RU-A1058,img_41ac8f76a6be08c7,0,0
RU-A1058,img_7722642afa3d1969,0,0
RU-A1058,img_588134547734a2ad,0,0
RU-A1058,img_4f49820e37ad3f33,0,0
RU-A1058,img_8e0a67f93d17f524,0,0
RU-A1058,img_fc9442cf9ee7d0a7,0,0
RU-A1058,img_bacc99d5d573c2f7,0,0
RU-A1058,img_d3c518024052eb31,0,0
RU-A1058,img_1277b04f88d3d270,0,0
RU-A1058,img_a813e15ee1fb49a5,0,0
RU-A1058,img_6b4c91c46e2ee9e7,0,0
RU-A1058,img_6e04fb5a35747565,0,0
RU-A1058,img_6cb909bef7a2df08,0,0
RU-A1058,img_51dde94f30d9ce01,0,0
RU-A1058,img_c1b819c2a044c300,0,0
RU-A1058,img_01172d93cf2bd66a,0,0
RU-A1058,img_0d38dc280a0ed213,0,0
RU-A1058,img_99ab39aa9ccfdafc,0,0
RU-A1058,img_d1028cb6d5249b73,0,0
RU-A1074,img_a0861ea9e7660989,0,0
RU-A1074,img_e145a6fa6dd942f6,0,0
RU-A1074,img_2280b5ee7c16817d,0,0
RU-A1074,img_5bd90bdf47028a11,0,0
RU-A1074,img_31f3a4018f5dd8d0,0,0
RU-A1074,img_c944a6f2be7b4fe9,0,0
RU-A1074,img_4be57788bb696efa,0,0
RU-A1074,img_0afa4204df405d1e,0,0
RU-A1074,img_36173f5c1e011c0d,0,0
RU-A1074,img_1a8ed1c40c6e7e5f,0,0
RU-A1098,img_3ae15fde7f9afade,0,1
RU-A1098,img_905e1b987819fed4,0,1
RU-A1098,img_37c256109ac3a823,0,1
RU-A1098,img_e00095b434bed28d,0,1
RU-A1098,img_4fdbe66edfebdc04,0,1
RU-A1098,img_dc432a1c6eaf385c,0,1
RU-A1098,img_649647fb79dc30f1,0,1
RU-A1098,img_7e67f0a743c39d7b,0,1
RU-A1098,img_31a7b21a748aed23,0,1
RU-A1098,img_1cccaf4a04648eb1,0,1
RU-A1098,img_f1be550ff3962c7d,0,1
RU-A1098,img_d1cf387ca6183568,0,1
RU-A1098,img_c6e9d7dd49742e7f,0,1
RU-A1098,img_372303b678d21eec,0,1
RU-A1050,img_d2ef31434a0fff6e,1,2
RU-A1050,img_ee0066527d1c4cd6,1,2
RU-A1068,img_0dc274e4a92e9052,0,4
RU-A1068,img_c865d5a832893e9b,0,4
RU-A1068,img_317b4fff0903419a,0,4
RU-A1068,img_59e4a3ab0eaa7173,0,4
RU-A1068,img_164e07147199a243,0,4
RU-A1068,img_fac566c3c6c081fd,0,4
RU-A1068,img_fadbd2819e4b7f0b,0,4
RU-A1068,img_6195cb9ef196e838,0,4
RU-A1068,img_df1bb1f949077480,0,4
RU-A1068,img_ccdb8b939171d9df,0,4
RU-A1068,img_1480e4fb992468df,0,4
RU-A1068,img_93521b4fc9a39744,0,4
RU-A1068,img_0ef6c053a1efa9cb,0,4
RU-A1068,img_25d8ce440d731440,0,4
RU-A1068,img_f9a002da7cad21c9,0,4
RU-A1068,img_3e2567fe3fb24db3,0,4
RU-A1068,img_a1eb985fcd771a63,0,4
RU-A1068,img_6919fc42f2cb0292,0,4
RU-A1068,img_9cbe0916309e271f,0,4
RU-A1068,img_57370c3c8838e6d5,0,4
RU-A1069,img_29fea1742bde81f1,0,4
RU-A1069,img_d3537ec084088385,0,4
RU-A1069,img_786bc9bb74ec4999,0,4
RU-A1069,img_a03d9fb3529c6d6c,0,4
RU-A1069,img_5f90bb3a75a84565,0,4
RU-A1069,img_89432fed4f986adb,0,4
RU-A1069,img_94e32847b1525e07,0,4
RU-A1069,img_9e8a3d22ce06dd4b,0,4
RU-A1069,img_253774fa529eb536,0,4
RU-A1069,img_9229aec739a567b9,0,4
RU-A1069,img_253774fa529eb536,0,4
RU-A1069,img_9229aec739a567b9,0,4
RU-A1069,img_7a36ca777906472c,0,4
RU-A1069,img_dbe15317497aec02,0,4
RU-A1069,img_14e7d000646a65d7,0,4
RU-A1069,img_1253bf2e85143496,0,4
RU-A1069,img_00881378b5922b46,0,4
RU-A1069,img_11333961ba50a402,0,4
RU-A1069,img_4f1bda40ee606847,0,4
RU-A1069,img_2730485b8df5a181,0,4
RU-A1069,img_144d587daae63140,0,4
RU-A1069,img_1fa30c15d9825d6d,0,4
RU-A1069,img_481afe4e6c4bde07,0,4
RU-A1069,img_9e907ab2c0c5f60f,0,4
RU-A1069,img_c2312dc45a9ee6c9,0,4
RU-A1069,img_d8927ccf9dbf9fc3,0,4
RU-A1069,img_b32ac99a4d74aea7,0,4
RU-A1069,img_66f1fc5d75ccad3c,0,4
RU-A1069,img_f40cefc5aabb8685,0,4
RU-A1069,img_bff9a7d9bba6e27b,0,4
RU-A1069,img_10f479aa1a528ebb,0,4
RU-A1069,img_3539ec17c0f6dc19,0,4
RU-A1069,img_2f445d43cb6a4c34,0,4
RU-A1069,img_2febcc60f8e6033c,0,4
RU-A1069,img_617dceca987dd374,0,4
RU-A1069,img_096a19e1485e3e1d,0,4
RU-A1069,img_38e65d5e417cbbd8,0,4
RU-A1069,img_f671c6ba486706aa,0,4
RU-A1069,img_bdea5092bebf5d01,0,4
RU-A1069,img_b7487da3d4cbfd51,0,4
RU-A1069,img_de7f3391803d823e,0,4
RU-A1069,img_ec74d794cb0c8612,0,4
RU-A1069,img_fd9e9ef128d318ca,0,4
RU-A1069,img_01e130c6d297ae08,0,4
RU-A1069,img_9dd32d7bf023b9a7,0,4
RU-A1069,img_1958472f7c720185,0,4
RU-A1069,img_1c977fc3cb36e35c,0,4
RU-A1069,img_9969c931dcbf3e6f,0,4
RU-A1069,img_110f2388544b24b1,0,4
RU-A1069,img_dc6e72e5addf23c9,0,4
RU-A1069,img_1c331cded5089a43,0,4
RU-A1069,img_442be143f68ec796,0,4
RU-A1069,img_e8b8b58f33b4213b,0,4
RU-A1069,img_902a4cff1b93d849,0,4
RU-A1069,img_be34d14764caec98,0,4
RU-A1069,img_42ec4f3bc431bfe1,0,4
RU-A1069,img_68f1972aa3e1f73e,0,4
RU-A1069,img_14783106ce96dfba,0,4
RU-A1069,img_f7009805dff8f9cf,0,4
RU-A1069,img_cbe30f9cebd532ad,0,4
RU-A1069,img_807f692be3a97d7b,0,4
RU-A1071,img_f1bf7e185918828e,1,3
RU-A1071,img_6764b3bb82303282,1,3
RU-A1071,img_255ba469849c7fbe,1,3
RU-A1071,img_2dac592fdbd0c8a6,1,3
RU-A1071,img_3d9a41f2fe1ca017,1,3
RU-A1071,img_90df39c79d5dae79,1,3
RU-A1071,img_84434d0905eb1cd1,1,3
RU-A1071,img_fb8cdf71da917259,1,3
RU-A1071,img_5d53ba894d46933e,1,3
RU-A1071,img_18981532a2de742f,1,3
RU-A1071,img_a9aaef3a0dba033a,1,3
RU-A1071,img_0ee93f8e65fd3577,1,3
RU-A1071,img_36c3df2b5e129f18,1,3
RU-A1072,img_e4d19559ce6c7c5b,0,4
RU-A1072,img_745564efb4b1aedf,0,4
RU-A1072,img_f530b2376b0151fe,0,4
RU-A1072,img_96f8bda7ad996c64,0,4
RU-A1072,img_b9428b3d585b9fee,0,4
RU-A1072,img_30d0d7cbd2ae936d,0,4
RU-A1072,img_72a885f1ff65b718,0,4
RU-A1072,img_6b6b231721ed2d11,0,4
RU-A1072,img_09350acbf91fa1d1,0,4
RU-A1072,img_e96f4fedd84d477b,0,4
RU-A1072,img_a3c284039c65c513,0,4
RU-A1072,img_360fe074b55f1c73,0,4
RU-A1072,img_2a6459477585e3f1,0,4
RU-A1072,img_f1dbff2a22171d4e,0,4
RU-A1072,img_8febd76937b4875c,0,4
RU-A1072,img_dd7b51e630516b59,0,4
RU-A1073,img_8dba78fb4cbfdcb2,0,4
RU-A1073,img_510a24476049a246,0,4
RU-A1073,img_05613777d7d60acf,0,4
RU-A1073,img_69a449be8babb7c4,0,4
RU-A1073,img_bf31b7c2b9a2c89a,0,4
RU-A1073,img_ccdf9e7d4d800d31,0,4
RU-A1073,img_9d374727786014d6,0,4
RU-A1073,img_3eeff4e77fc6c6ee,0,4
RU-A1073,img_a658cde89dc61e4f,0,4
RU-A1073,img_8adf2d3bfaa855df,0,4
RU-A1073,img_43ce6eaffe64af70,0,4
RU-A1073,img_8dc1cd9e017c86c7,0,4
RU-A1073,img_511e64a01468c6b6,0,4
RU-A1073,img_15ce333e9394cba1,0,4
RU-A1076,img_bb2fb924b90d812c,0,4
RU-A1076,img_0744d508411907b0,0,4
RU-A1076,img_cf47fd4a5b3d5861,0,4
RU-A1076,img_90aa7702aac36616,0,4
RU-A1076,img_611f27940adb49c8,0,4
RU-A1076,img_644a8a6165b936ba,0,4
RU-A1076,img_d6e587c8adcafb69,0,4
RU-A1076,img_edfffb30cde4edf0,0,4
RU-A1076,img_534fc301f6b1e833,0,4
RU-A1076,img_fa80805e4426bc0e,0,4
RU-A1076,img_8ced36859b2e2275,0,4
RU-A1076,img_6ff3c63be67f1e84,0,4
RU-A1076,img_8ca4a7fbe4e032bb,0,4
RU-A1076,img_4835ab32c70833cc,0,4
RU-A1076,img_0bd46e20f48bac92,0,4
RU-A1076,img_2d3912519479c947,0,4
RU-A1126,img_4ddb1f110e63c31b,0,0
RU-A1126,img_35bf6e4514660541,0,0
RU-A1126,img_f242ba277c2de047,0,0
RU-A1126,img_dae060c5b2c5ecf1,0,0
RU-A1126,img_a7f819e1627380f3,0,0
RU-A1126,img_46103a5600e7d5d5,0,0
RU-A1126,img_d4f2f36284da00ee,0,0
RU-A1126,img_4e09a720d179bb90,0,0
RU-A1126,img_101a1e6361f5d305,0,0
RU-A1126,img_377d04c2fcdda1f4,0,0
RU-A1126,img_4586a68b3d2249a8,0,0
RU-A1126,img_e13eda31bc43c528,0,0
RU-A1126,img_7998e9dbf58d3c6a,0,0
RU-A1126,img_37cb5a2deaaa5c10,0,0
RU-A1126,img_f0c301384cc7ea3a,0,0
RU-A1126,img_f04024872a2783b5,0,0
RU-A1126,img_be378e4ddef3ad7d,0,0
RU-A1126,img_aa754c57db63c2df,0,0
RU-A1126,img_2fee4e76211266f7,0,0
RU-A1126,img_580f0d855a3b94db,0,0
RU-A1126,img_f9c296af341d4ac0,0,0
RU-A1126,img_53cab7963dfdb145,0,0
RU-A1126,img_39d5cad440ad53bc,0,0
RU-A1126,img_958fa6a4ec1667dc,0,0
RU-A1126,img_c7158cbc470dd6b2,0,0
RU-A1126,img_056bdeb69b8eb219,0,0
RU-A1126,img_a26eb1715e61d6d7,0,0
RU-A1126,img_f7128edd69c5262b,0,0
RU-A1126,img_69984608b5a511ee,0,0
RU-A1126,img_aeb0d9f5e4463af5,0,0
RU-A1126,img_f0814c91261a030c,0,0
RU-A1126,img_7a8b9e8f09a41c3e,0,0
RU-A1126,img_9666940deb9aa619,0,0
RU-A1126,img_8f58731f05b2d28f,0,0
RU-A1126,img_bb03e6e5f4e38473,0,0
RU-A1127,img_65f135634172bf81,0,2
RU-A1127,img_e11c00a5e4be1445,0,2
RU-A1127,img_bd270699ec7182d8,0,2
RU-A1127,img_e435f67edcf96df7,0,2
RU-A1127,img_a43b0bab4cd1ed22,0,2
RU-A1127,img_fc88faf9ee7ce35a,0,2
RU-A1127,img_26041efc1df315c9,0,2
RU-A1127,img_7a642b7a90127e64,0,2
RU-A1127,img_b0a2fe2eabb06c4a,0,2
RU-A1127,img_5f0812657da0cf92,0,2
RU-A1127,img_99531d809548016a,0,2
RU-A1127,img_af09bc5d6bba7a42,0,2
RU-A1127,img_e107b34bb7b0667d,0,2
RU-A1127,img_49f74ab45bc9115c,0,2
RU-A1127,img_b6e2d573eaf7b7cd,0,2
RU-A1127,img_f9f954868257ad47,0,2
RU-A1127,img_6f6d437764103eb8,0,2
RU-A1127,img_68e064a2f6d46660,0,2
RU-A1127,img_db6a9fd49d75710d,0,2
RU-A1127,img_83a990ec838630eb,0,2
RU-A1127,img_0ca49a5a34306a63,0,2
RU-A1127,img_258742d4f1fa433c,0,2
RU-A1127,img_b8ed1858e6b45a1f,0,2
RU-A1127,img_dcce50c02752e365,0,2
RU-A1127,img_3241036c5d844cf8,0,2
RU-A1127,img_38e42fc4971199d2,0,2
RU-A1128,img_f4c5b5b86d18cce6,0,2
RU-A1128,img_204eec53a566d1b7,0,2
RU-A1128,img_701ac62ee9a3469d,0,2
RU-A1128,img_789ac8a72d2f1104,0,2
RU-A1128,img_eec002ba891bdbc6,0,2
RU-A1128,img_8b119e966f9ca72f,0,2
RU-A1128,img_15909bf3676184c2,0,2
RU-A1128,img_fd3dac5bdcc003dc,0,2
RU-A1128,img_c853576ec6962317,0,2
RU-A1128,img_e716f023a7d8d739,0,2
RU-A1128,img_538d5666e7520d8e,0,2
RU-A1128,img_7a5261be4e4997f3,0,2
RU-A1128,img_0f7370c1b633d224,0,2
RU-A1128,img_ac771a3bced2f6b2,0,2
RU-A1128,img_1c293c4dda9fd891,0,2
RU-A1128,img_6de6308d06d109ec,0,2
RU-A1128,img_6e4a336fbc07d053,0,2
RU-A1128,img_7fc72f32c5bc12a1,0,2
RU-A1129,img_f6039f0947ed5b6b,0,1
RU-A1129,img_e3e37d1eb88750cc,0,1
RU-A1129,img_89e7758c27344884,0,1
RU-A1129,img_be95c5b90c88c440,0,1
RU-A1129,img_48e7aa056995efae,0,1
RU-A1129,img_137a5b427d8d4a64,0,1
RU-A1129,img_6dd6e89d47bb86fe,0,1
RU-A1129,img_e4c96351506b7f65,0,1
RU-A1129,img_697570746b7b3079,0,1
RU-A1129,img_7bd0ed37218258ca,0,1
RU-A1129,img_9159cded7ef6f37d,0,1
RU-A1129,img_05dfc9716a971b0b,0,1
RU-A1129,img_89cc744a823c5f4d,0,1
RU-A1129,img_8c20f3c01ddd8002,0,1
RU-A1129,img_ebf3fa2458e11f90,0,1
RU-A1129,img_7bfe8492b3ec3a47,0,1
RU-A1129,img_4a6c657b1ada4258,0,1
RU-A1129,img_9bface4be6bed882,0,1
RU-A1129,img_50278f3d469627de,0,1
RU-A1129,img_d9a943c8560821a6,0,1
RU-A1129,img_85c9554d7ea88341,0,1
RU-A1129,img_25bf6bfb7549cdbb,0,1
RU-A1129,img_1655afc496e7bcb4,0,1
RU-A1129,img_b2c49f4a3ff85489,0,1
RU-A1129,img_17dbaff41152c136,0,1
RU-A1129,img_d293e37da6fcf502,0,1
RU-A1129,img_60a04a540fd43499,0,1
RU-A1129,img_cdcd718603f2c4dd,0,1
RU-A1129,img_ae43a31c7534a3bd,0,1
RU-A1129,img_f27a71a255fcd7bb,0,1
RU-A1130,img_48323da9bd082bec,0,2
RU-A1130,img_2e06ce1cead79d54,0,2
RU-A1130,img_12daf29661aac061,0,2
RU-A1130,img_353bf259c477ee37,0,2
RU-A1130,img_f7fb6cc5bc7d9e73,0,2
RU-A1130,img_aa569dc1ef97c1fb,0,2
RU-A1130,img_719a6ee7036befaa,0,2
RU-A1130,img_c9154752ed6643e5,0,2
RU-A1130,img_f0b2453f76d15da4,0,2
RU-A1130,img_507260ca6a53b174,0,2
RU-A1130,img_b84256f2bb4fdb92,0,2
RU-A1130,img_3aeed82bf65626b0,0,2
RU-A1130,img_9b3878bfe27b7895,0,2
RU-A1130,img_1f3a2d6655b84224,0,2
RU-A1130,img_515c6b118c67dccb,0,2
RU-A1130,img_f8b045814de867ba,0,2
RU-A1130,img_06f79d1195bec41d,0,2
RU-A1130,img_79ef52bffc6ec78f,0,2
RU-A1130,img_04ae63b035263d00,0,2
RU-A1130,img_04ae63b035263d00,0,2
RU-A1130,img_bb74e7be37127015,0,2
RU-A1130,img_949e23c2f2fd1016,0,2
RU-A1130,img_1d4b352986086f6e,0,2
RU-A1130,img_67e7de3d28cb8496,0,2
RU-A1130,img_3d0e575a22dab7e5,0,2
RU-A1130,img_f6bf7c99481933fb,0,2
RU-A1130,img_fd0b3076be1c1123,0,2
RU-A1130,img_5e638612a1b4fc24,0,2
RU-A1130,img_802074d2422790a7,0,2
RU-A1130,img_988057f0440d7c5a,0,2
RU-A1130,img_9278346218aac63e,0,2
RU-A1130,img_312db85171272a92,0,2
RU-A1131,img_0b749114d42daca0,0,0
RU-A1131,img_5a88d83db18de295,0,0
RU-A1131,img_c106cde4c966041d,0,0
RU-A1131,img_57defb92f758f758,0,0
RU-A1131,img_c81cafa07f26cb7e,0,0
RU-A1131,img_5c087d1a854b4a31,0,0
RU-A1131,img_f79fbf1df0c8321a,0,0
RU-A1131,img_dd162b079b094840,0,0
RU-A1131,img_893f0d3825b554d5,0,0
RU-A1131,img_57327063d7b6d713,0,0
RU-A1131,img_f49e388ae10e67df,0,0
RU-A1131,img_f3b4d6a85cb88d27,0,0
RU-A1131,img_cdadac931b08d3a6,0,0
RU-A1131,img_31d53487459c03e8,0,0
RU-A1131,img_d1a41c081f78e132,0,0
RU-A1131,img_b465ca99fe1f18a9,0,0
RU-A1131,img_1c7146e0f3eede9b,0,0
RU-A1131,img_58c3d1ce15725046,0,0
RU-A1131,img_0c4dd14694c4841c,0,0
RU-A1131,img_fc9b22f519120fb5,0,0
RU-A1131,img_f07e722dd1aa4c6c,0,0
RU-A1131,img_aceab744e6062350,0,0
RU-A1131,img_b5e57ad9415462a0,0,0
RU-A1131,img_5a09de8c7641ec04,0,0
RU-A1131,img_df5a094a4793e8cf,0,0
RU-A1131,img_a93bc4f399fcddb0,0,0
RU-A1131,img_e1ce17f85c54665c,0,0
RU-A1131,img_0e458376f14de4ee,0,0
RU-A1131,img_95a871696ffc985d,0,0
RU-A1131,img_307aab7dfcfac7da,0,0
RU-A1131,img_fcd5263c6511f20a,0,0
RU-A1131,img_0d0209069a75eedd,0,0
RU-A1131,img_c38d61f47204609d,0,0
RU-A1131,img_4db8de3008aef774,0,0
RU-A1131,img_9575ac30b19bd7f4,0,0
RU-A1131,img_f86a3120082bc05d,0,0
RU-A1131,img_a869a4b1879ae00b,0,0
RU-A1131,img_f620174819440338,0,0
RU-A1131,img_06342b79110aee72,0,0
RU-A1131,img_a5f4d29cb78564b6,0,0
RU-A1131,img_4a86f0a357c8d887,0,0
RU-A1131,img_d6fc64ab8d01436b,0,0
RU-A1131,img_21589958ce83395d,0,0
RU-A1131,img_c48816fa1448d76a,0,0
RU-A1131,img_0b9ea072968e3190,0,0
RU-A1131,img_1f5af73869ca98c4,0,0
RU-A1131,img_604bc35f0d01b239,0,0
RU-A1132,img_15cf412b8a36ef71,0,2
RU-A1132,img_0b7a2191dae0145e,0,2
RU-A1132,img_1161f7890a7f9978,0,2
RU-A1132,img_e349a5fc94399321,0,2
RU-A1132,img_bd3bef2fda7e9294,0,2
RU-A1132,img_c56c490910e5f114,0,2
RU-A1132,img_5b406ba3a615003d,0,2
RU-A1132,img_8666641272024f8c,0,2
RU-A1132,img_29fe3d927d718862,0,2
RU-A1132,img_6637779fbed35c03,0,2
RU-A1132,img_c7c63540b3bccd76,0,2
RU-A1132,img_6782a6d9db6d0f08,0,2
RU-A1133,img_4dd30ef220739129,0,2
RU-A1133,img_9fdb3004006fb583,0,2
RU-A1133,img_0f8a84c5585db9e0,0,2
RU-A1133,img_7e599e22da3e9ad2,0,2
RU-A1133,img_16ad54908803d355,0,2
RU-A1133,img_b8b1d03099d3b68e,0,2
RU-A1133,img_1d0da9d20fc15170,0,2
RU-A1133,img_5dbafefa1884bcc9,0,2
RU-A1133,img_1e853a199f94bd0c,0,2
RU-A1133,img_dde17dbd58b9b1d3,0,2
RU-A1133,img_e2caff634357bc0e,0,2
RU-A1133,img_03ef30754e533a31,0,2
RU-A1133,img_a77f45575c65a286,0,2
RU-A1133,img_01396c8e70449092,0,2
RU-A1133,img_0eba25a0a12d1eb2,0,2
RU-A1133,img_6d0518e172463a76,0,2
RU-A1133,img_b946972072d5301c,0,2
RU-A1133,img_51980bec7efda075,0,2
RU-A1133,img_85bf5f8731ff920d,0,2
RU-A1133,img_7ca1932fe4c85477,0,2
RU-A1133,img_fc83b1f2ec805f26,0,2
RU-A1133,img_334d403fac4ea1e1,0,2
RU-A1133,img_19d7fed7bd86d967,0,2
RU-A1133,img_b8f7a9847a15d211,0,2
RU-A1133,img_c9ce38be7722b7a4,0,2
RU-A1133,img_4798318cde3a1421,0,2
RU-A1133,img_203649cdb542ecee,0,2
RU-A1134,img_ed36ea9af7ad3d98,0,2
RU-A1134,img_376ff3f0d8fe329a,0,2
RU-A1134,img_18354121f1df57d4,0,2
RU-A1134,img_8dd33ed422baf89d,0,2
RU-A1134,img_9e4e935346f1d491,0,2
RU-A1134,img_ff0b2d613e853bc2,0,2
RU-A1134,img_5aa4dc0e4e9b3302,0,2
RU-A1134,img_387266081843805a,0,2
RU-A1135,img_56952127417c94b0,0,0
RU-A1135,img_49f60fe3a815bbb9,0,0
RU-A1135,img_effb746d58a61371,0,0
RU-A1135,img_97a67ce819773434,0,0
RU-A1135,img_74533c5080577f94,0,0
RU-A1135,img_a95e9e26848f273f,0,0
RU-A1135,img_8e6f25b814f1bd4f,0,0
RU-A1135,img_0d8b5d72aa37485c,0,0
RU-A1135,img_e2207ad1fa5aaaf2,0,0
RU-A1135,img_5745b0875fce9cd8,0,0
RU-A1135,img_52c3cdad31666a9c,0,0
RU-A1135,img_effc727dd111c5f3,0,0
RU-A1135,img_c474af5a94d6c7e7,0,0
RU-A1135,img_8c32590e51086ca3,0,0
RU-A1135,img_c82d8de6b91030fb,0,0
RU-A1135,img_c9e464554cddf543,0,0
RU-A1135,img_a4ee354b694bda41,0,0
RU-A1135,img_4ae00bfd829ab3e2,0,0
RU-A1135,img_a173b1dde10d4bc3,0,0
RU-A1135,img_017660fbfe2280a5,0,0
RU-A1135,img_a8adf9908dfc8c32,0,0
RU-A1135,img_9f8f240316461b4a,0,0
RU-A1135,img_065ea38bcd0c7c62,0,0
RU-A1135,img_a9479de5e22db8bd,0,0
RU-A1135,img_4846316b89b8d4c7,0,0
RU-A1135,img_2c772c43e3e1e3bd,0,0
RU-A1136,img_e5219e7b26eb73b1,0,1
RU-A1136,img_8e6c90ed9efe226e,0,1
RU-A1136,img_db87d54477455f59,0,1
RU-A1136,img_5f0e93cb50037c12,0,1
RU-A1136,img_dddbf3b0c573d5bc,0,1
RU-A1136,img_33a3fe0aca88de3c,0,1
RU-A1138,img_931d5f624e33e830,0,2
RU-A1138,img_94fdc2acc712d855,0,2
RU-A1138,img_1fd857d59af02295,0,2
RU-A1138,img_92bf00783d473c20,0,2
RU-A1138,img_9670dd15697b9414,0,2
RU-A1138,img_52e3fb1a3a09f5fb,0,2
RU-A1138,img_c89d9cac0d78641f,0,2
RU-A1138,img_2d14bc4ed50019b0,0,2
RU-A1139,img_a0a0681c0f504288,0,2
RU-A1139,img_80ff552783e0160d,0,2
RU-A1139,img_3fb25d283203ec69,0,2
RU-A1139,img_c09c2cf650dadbe0,0,2
RU-A1139,img_4f592f8b7198c69f,0,2
RU-A1139,img_0243ed6625d457b6,0,2
RU-A1139,img_396bfcc16f61b215,0,2
RU-A1139,img_456c20f1e038272d,0,2
RU-A1139,img_a5eb0bce84817083,0,2
RU-A1139,img_215eac80c8974f54,0,2
RU-A1139,img_35dc2dfe80bae39d,0,2
RU-A1139,img_b961ac4ec3ae188f,0,2
RU-A1139,img_46cc0870d782d8f0,0,2
RU-A1139,img_a48043f35f11ded7,0,2
RU-A1139,img_b1f87444687720ea,0,2
RU-A1139,img_dab42944989b11f2,0,2
RU-A1139,img_15e4cac767512699,0,2
RU-A1139,img_ce7ff5b966f904bd,0,2
RU-A1139,img_c95487444a4e50fe,0,2
RU-A1139,img_2a79ba7d5b46a09f,0,2
RU-A1139,img_51ee1ae3809742be,0,2
RU-A1139,img_4be422ea928b637f,0,2
RU-A1139,img_bf038bdcf290efce,0,2
RU-A1139,img_793548ff471454a6,0,2
RU-A1139,img_4ed18c48fdff101e,0,2
RU-A1139,img_3f66f47730598562,0,2
RU-A1139,img_8d942fb94cd14302,0,2
RU-A1139,img_a8edc153e0a81e64,0,2
RU-A1139,img_791c763b6d505617,0,2
RU-A1139,img_d135f9292f08e785,0,2
RU-A1139,img_8fd91e2b53c5806c,0,2
RU-A1139,img_6237d1c6578d7f20,0,2
RU-A1139,img_a53b36472b667b61,0,2
RU-A1139,img_434603eb41ab48f0,0,2
RU-A1139,img_bf1450d21190eb30,0,2
RU-A1139,img_5f12e8e7ad7e096b,0,2
RU-A1139,img_2f2d73ad430f52d7,0,2
RU-A1139,img_26fb18c28a6e53e6,0,2
RU-A1139,img_758b3f17650c0bc9,0,2
RU-A1139,img_bec91c04b70fc1db,0,2
RU-A1140,img_26c110293f70dad1,0,4
RU-A1140,img_ae5e7eba2b3aa7c8,0,4
RU-A1140,img_28fe572d3ec42ae6,0,4
RU-A1140,img_6894c9532af8d57f,0,4
RU-A1140,img_00fa53f51edf4895,0,4
RU-A1140,img_f3cbda6c7488e42c,0,4
RU-A1140,img_bb6e77527d2f772d,0,4
RU-A1140,img_194d27375a4fa5c6,0,4
RU-A1140,img_a05d92da8b327445,0,4
RU-A1140,img_c1590133558a77f9,0,4
RU-A1140,img_0777a718d166850d,0,4
RU-A1140,img_7413a2de0aa0174b,0,4
RU-A1140,img_34889222a498afd6,0,4
RU-A1140,img_e88674d94f0ee96c,0,4
RU-A1140,img_c15f835da83e6b79,0,4
RU-A1141,img_ecdabe6a3e49ccd3,0,1
RU-A1141,img_4fb7b38c4698ebf3,0,1
RU-A1141,img_2bab72732544a5a6,0,1
RU-A1141,img_88bad72442f87e98,0,1
RU-A1141,img_41475682c2aebfc3,0,1
RU-A1141,img_fbf2ba863bd19b3b,0,1
RU-A1141,img_db6786c3dcf16060,0,1
RU-A1141,img_ed6f3e7f8d72d048,0,1
RU-A1141,img_03641367c2f44142,0,1
RU-A1141,img_b9237598d9256f2c,0,1
RU-A1141,img_e3ded371448f2b8a,0,1
RU-A1141,img_c3f74ba3c8f13502,0,1
RU-A1141,img_32fe33511d4318f3,0,1
RU-A1141,img_26c6376324a1c588,0,1
RU-A1141,img_c1e472cb347b9bf7,0,1
RU-A1141,img_268532d45961e5a1,0,1
RU-A1141,img_e82ef0224f602d0c,0,1
RU-A1141,img_17dfb0f1956e65cf,0,1
RU-A1142,img_b2ad183e525f10c1,0,0
RU-A1142,img_25c26e43a8315a84,0,0
RU-A1142,img_6ce18d9da5068176,0,0
RU-A1142,img_65057f6d6bc448f5,0,0
RU-A1142,img_bdc73face27cb757,0,0
RU-A1142,img_a73b2795321d87fd,0,0
RU-A1142,img_a4dec0f8826348fa,0,0
RU-A1142,img_70f42d3489e475e8,0,0
RU-A1142,img_968b51a1720bbe67,0,0
RU-A1142,img_5709e565aebbbcab,0,0
RU-A1142,img_d489e86a8b165ad2,0,0
RU-A1144,img_2321d2c7c61443d5,0,4
RU-A1144,img_f9fbf54dd971d875,0,4
RU-A1144,img_d7d60c7b7f6da86d,0,4
RU-A1144,img_f2727e60e01acd7b,0,4
RU-A1144,img_38e99becd6fe2fa6,0,4
RU-A1144,img_ab4fa3020e4749e6,0,4
RU-A1144,img_0c2c61de2275055a,0,4
RU-A1144,img_89a54ee5a40c334f,0,4
RU-A1145,img_5506c96096e2993c,0,4
RU-A1145,img_b2927a9e01e64f71,0,4
RU-A1145,img_4a21211935dbf055,0,4
RU-A1145,img_ab6ea08957db0f7f,0,4
RU-A1145,img_691cfcc39614dce0,0,4
RU-A1145,img_25dcbd43003f67a8,0,4
RU-A1145,img_0326cf3b6e450cc3,0,4
RU-A1145,img_b803433cef56a214,0,4
RU-A1145,img_d70c693384d7f193,0,4
RU-A1145,img_d9daac6a4f660ce8,0,4
RU-A1145,img_7dc6a14c8dfc7b36,0,4
RU-A1145,img_7b523791a95e3682,0,4
RU-A1145,img_ee6148fa870aea45,0,4
RU-A1145,img_63c280efbd4c42c2,0,4
RU-A1145,img_b464a60724b572f1,0,4
RU-A1145,img_af026aa6bd47d667,0,4
RU-A1145,img_492780f19b2d8a0f,0,4
RU-A1145,img_3013477ad116dabd,0,4
RU-A1145,img_984d5432222ff399,0,4
RU-A1145,img_85d0c89ba7b1deb2,0,4
RU-A1145,img_106c4d1330a25198,0,4
RU-A1145,img_728b520aa9b3df5b,0,4
RU-A1145,img_728b520aa9b3df5b,0,4
RU-A1145,img_e5f7b03075ac2b2d,0,4
RU-A1145,img_0f524c91d54a0ee1,0,4
RU-A1145,img_224fa980cf6196e0,0,4
RU-A1145,img_71e823ff66e5114a,0,4
RU-A1145,img_8f29a44b434e5073,0,4
RU-A1145,img_6047d9d88baa7ec6,0,4
RU-A1145,img_fafa84a1d8dc3bba,0,4
RU-A1145,img_552c364fe8605900,0,4
RU-A1146,img_ced7d37a8dae7e24,0,1
RU-A1146,img_15c81a3a70b32e64,0,1
RU-A1146,img_d36a03a1d0789eba,0,1
RU-A1146,img_18a50179b924dc8c,0,1
RU-A1146,img_0fed6dfc88b8b783,0,1
RU-A1146,img_f28324d2ab8439c5,0,1
RU-A1146,img_079d65bb55233256,0,1
RU-A1146,img_df34a65d25931de7,0,1
RU-A1146,img_96bbdcf63f1c1f66,0,1
RU-A1146,img_cb16569d14cc9ca2,0,1
RU-A1146,img_9300749e2c5a0221,0,1
RU-A1146,img_0f78a20b1b387214,0,1
RU-A1146,img_547da02fb9eca47e,0,1
RU-A1146,img_4b0b2dc7686d6899,0,1
RU-A1146,img_f30f814768e4212a,0,1
RU-A1146,img_c7ce172bd4ae9f88,0,1
RU-A1147,img_69e14d7b393117b7,0,3
RU-A1147,img_f5aca410d64307db,0,3
RU-A1147,img_fcdd57bb839a53a4,0,3
RU-A1147,img_3903baa4c4f2c7c7,0,3
RU-A1147,img_402a2adeeaf43be0,0,3
RU-A1147,img_402a2adeeaf43be0,0,3
RU-A1147,img_12af5491025ef0ea,0,3
RU-A1147,img_9210309a03851a22,0,3
RU-A1147,img_5ae420538bcec54b,0,3
RU-A1147,img_5e70d2b34946b905,0,3
RU-A1147,img_759efcb3c4356499,0,3
RU-A1147,img_17b76f0a1611d140,0,3
RU-A1147,img_2f8ab08af539ca63,0,3
RU-A1147,img_249f44eef7f09aa2,0,3
RU-A1147,img_4624055e69a270ac,0,3
RU-A1147,img_ff7accb2b937f7d6,0,3
RU-A1147,img_6c5a1b4c76af71ae,0,3
RU-A1147,img_db2739db13c5b7b5,0,3
RU-A1202,img_4c401195a5b2dbc8,0,2
RU-A1202,img_4fbe40f27ae53a8d,0,2
RU-A1202,img_5daedf8cf6d54f2b,0,2
RU-A1202,img_2429b0c9ac82f187,0,2
RU-A1202,img_b968590fd31c6c14,0,2
RU-A1202,img_39d666110e045dd9,0,2
RU-A1202,img_e3308c822e4420c7,0,2
RU-A1202,img_8866af445ebb4c51,0,2
RU-A1202,img_17102de048dbece6,0,2
RU-A1202,img_4aed10f09f507bdc,0,2
RU-A1202,img_db256c2fac421b77,0,2
RU-A1202,img_d523cb532b98a5c5,0,2
RU-A1202,img_f1563bf697969b68,0,2
RU-A1202,img_feefe35d98ce7752,0,2
RU-A1202,img_96ada6b1a6c5ed2b,0,2
RU-A1202,img_ef363ec5702bcaa8,0,2
RU-A1202,img_8aaa59e07886299a,0,2
RU-A1202,img_401d3b5a95cc3181,0,2
RU-A1202,img_8f1d8900d04ea317,0,2
RU-A1202,img_2e38a5c4e4fa5e01,0,2
RU-A1202,img_78269f2cf0e2576c,0,2
RU-A1202,img_8a39d825db4a5db3,0,2
RU-A1202,img_70b5f2968fea226a,0,2
RU-A1202,img_69057031549b9606,0,2
RU-A1202,img_87243945ec9d81eb,0,2
RU-A1201,img_d1762700fcfa5573,0,1
RU-A1201,img_161c128bae72d4e7,0,1
RU-A1201,img_86b52b9e9958cb91,0,1
RU-A1201,img_ebb5fa79a3a0e738,0,1
RU-A1201,img_b4f319cde4390e16,0,1
RU-A1201,img_bfedefb83253ece9,0,1
RU-A1201,img_638a3b81d858d2ac,0,1
RU-A1201,img_0543a375b20dd158,0,1
RU-A1201,img_af504136d37b5d17,0,1
RU-A1201,img_93e2fb7f8c450a41,0,1
RU-A1201,img_f4e988516512b4d7,0,1
RU-A1201,img_0b650760c9e26b95,0,1
RU-A1201,img_8c7350b8b294a6cc,0,1
RU-A1201,img_43a4858ea026528e,0,1
RU-A1203,img_f9649968c9fff551,0,1
RU-A1203,img_1e75a1f1fc6e260c,0,1
RU-A1203,img_00912f19a2ca03d6,0,1
RU-A1203,img_933c2e5b6d1dacb8,0,1
RU-A1203,img_097410aaa009b6dd,0,1
RU-A1203,img_c00a3cbe65ad9b25,0,1
RU-A1203,img_03a3d593450297cf,0,1
RU-A1203,img_f12972b736030a28,0,1
RU-A1203,img_13394217e6d79693,0,1
RU-A1203,img_08903abb37754c7a,0,1
RU-A1203,img_1ed1e355291bc918,0,1
RU-A1205,img_cb252e7cb6b252b7,0,2
RU-A1205,img_e74c1037c323ddbf,0,2
RU-A1205,img_e76f306966d729c7,0,2
RU-A1205,img_eedffc1c166d9a7d,0,2
RU-A1205,img_036397361a161372,0,2
RU-A1205,img_b6a2604d53f26de4,0,2
RU-A1205,img_cd710c0f71114ace,0,2
RU-A1205,img_9ce042bd27793e69,0,2
RU-A1206,img_401d451bf4585e41,0,0
RU-A1206,img_881a18cc6320eb00,0,0
RU-A1206,img_4ad5f238a8ee51e3,0,0
RU-A1206,img_8b4b82c0750ab605,0,0
RU-A1206,img_324ae7ad040477db,0,0
RU-A1206,img_e90e80bfa5a79964,0,0
RU-A1206,img_003cb469d8a569c5,0,0
RU-A1206,img_1e2961fc027f93b3,0,0
RU-A1206,img_543f6834ba928c4f,0,0
RU-A1206,img_1204d642ab1ecf9f,0,0
RU-A1207,img_b494786e9af450da,0,1
RU-A1207,img_4d81d7fe9b422e84,0,1
RU-A1207,img_902232c7c0a3d4c2,0,1
RU-A1207,img_0a7e6f9256c72f06,0,1
RU-A1207,img_89691706dd795af2,0,1
RU-A1207,img_23ddfd649bd0101b,0,1
RU-A1207,img_ade057890099e117,0,1
RU-A1207,img_8a8f29a0889233c3,0,1
RU-A1207,img_f7666f176e7f7388,0,1
RU-A1207,img_b7394b5b833237ce,0,1
RU-A1207,img_d22e0128ef0d5974,0,1
RU-A1207,img_77689d2ad2c3e35c,0,1
RU-A1207,img_c6d609029afdddea,0,1
RU-A1207,img_690cecc6bcfcbd21,0,1
RU-A1207,img_03cfa7f553178508,0,1
RU-A1207,img_841ada8e475bba36,0,1
RU-A1207,img_af41e73a224b54c6,0,1
RU-A1207,img_90d64498b7859686,0,1
RU-A1207,img_95a0a1fe89c59b6c,0,1
RU-A1207,img_4f2380c6f4e1dbd8,0,1
RU-A1207,img_c5f77a55a52377a3,0,1
RU-A1207,img_a7438582f2d0d331,0,1
RU-A1207,img_63e3adb2bb0fd1fa,0,1
RU-A1207,img_15ff7a594efb091e,0,1
RU-A1207,img_dd9f802e25fe4573,0,1
RU-A1207,img_a06482114b8a0a58,0,1
RU-A1207,img_80bd3866312990be,0,1
RU-A1207,img_4f461291c01a489b,0,1
RU-A1208,img_17dd2e5560d73f63,0,2
RU-A1208,img_d56111bfa714c12e,0,2
RU-A1208,img_a48902cd0e0c7f5b,0,2
RU-A1208,img_bab8b1dc4cdfd884,0,2
RU-A1208,img_20b267e1e36d8a2d,0,2
RU-A1208,img_a8558e059a21a194,0,2
RU-A1208,img_6e30820baee20e4e,0,2
RU-A1208,img_f814851c6320208c,0,2
RU-A1208,img_60426c88744ab86a,0,2
RU-A1208,img_4b59fab1264f9432,0,2
RU-A1208,img_9880b1f7d904b33b,0,2
RU-A1208,img_cb5b16f1a828f7fe,0,2
RU-A1208,img_ec85dbb0087e3358,0,2
RU-A1208,img_78a8e0d97a7f8ac9,0,2
RU-A1208,img_8b6ef4fe53bd38b5,0,2
RU-A1208,img_8278d9a770b28639,0,2
RU-A1208,img_45de160d4d64ac55,0,2
RU-A1208,img_438779e812f8bf6a,0,2
RU-A1208,img_d95245b8eb3b03dd,0,2
RU-A1208,img_a734d97526c79282,0,2
RU-A1208,img_cdb118f39a5b4473,0,2
RU-A1208,img_954bad01cc0ef40b,0,2
RU-A1208,img_2454671c3a5a8268,0,2
RU-A1208,img_d1b32299212a9638,0,2
RU-A1209,img_353fd50f62aca218,0,2
RU-A1209,img_f206a6c21b92305a,0,2
RU-A1209,img_e797af8591a092eb,0,2
RU-A1209,img_609014321771c16c,0,2
RU-A1209,img_cea364c286189852,0,2
RU-A1209,img_c219aea0ff511d86,0,2
RU-A1209,img_dd5c21938494dc52,0,2
RU-A1209,img_f64dc240905f9be2,0,2
RU-A1209,img_cb6236fc3b677115,0,2
RU-A1209,img_68a555302192c0fb,0,2
RU-A1209,img_e01bab62a7cc400f,0,2
RU-A1209,img_9f71b42047c2dca8,0,2
RU-A1210,img_61725d0b1b0e0cb2,0,4
RU-A1210,img_155bd3fc8325c70f,0,4
RU-A1210,img_cf00ee9fe2f5ffeb,0,4
RU-A1210,img_6cd9c4dc9e3109cb,0,4
RU-A1210,img_47075dae946ac15d,0,4
RU-A1210,img_0d38d197dd26f0aa,0,4
RU-A1210,img_672d5348093db90f,0,4
RU-A1210,img_037c13fdc57aedd9,0,4
RU-A1210,img_3ea19e454d2e6af6,0,4
RU-A1210,img_4a5ecf9eb8d55429,0,4
RU-A1210,img_94ed3aafef16935c,0,4
RU-A1210,img_8e351f771befb897,0,4
RU-A1210,img_c57c0fbdaad7627b,0,4
RU-A1210,img_222116b186ac538a,0,4
RU-A1211,img_0907b22528827814,0,3
RU-A1211,img_eebacaf09c83427e,0,3
RU-A1211,img_4537beab7cb1193c,0,3
RU-A1211,img_85441c6c4d0fb8c2,0,3
RU-A1211,img_c404e9fd6b4a121b,0,3
RU-A1211,img_370d3ae678d4fc2a,0,3
RU-A1211,img_1eacae29803bf21a,0,3
RU-A1211,img_4010ea7515699c33,0,3
RU-A1211,img_b305b181dd2bcc13,0,3
RU-A1211,img_53a904632ffc47fc,0,3
RU-A1212,img_37e836309c923c11,0,3
RU-A1212,img_582e7b6003f841ef,0,3
RU-A1212,img_9fdccda4397371f9,0,3
RU-A1212,img_08b78af2be2b0564,0,3
RU-A1212,img_b61e0c2b04f62696,0,3
RU-A1212,img_0803eba8390853af,0,3
RU-A1212,img_3787324da3c493da,0,3
RU-A1212,img_25b9111efdeb38ae,0,3
RU-A1212,img_b392e12dabd0e65d,0,3
RU-A1212,img_5d1876c815c9ec6d,0,3
RU-A1212,img_e2390075fbdfa4c2,0,3
RU-A1212,img_6ee22e20dbf4cf67,0,3
RU-A1212,img_d252e91988a42408,0,3
RU-A1212,img_f4336d900fedae9e,0,3
RU-A1212,img_17b05618a5de66ac,0,3
RU-A1212,img_3d0b770bfdad6a39,0,3
RU-A1212,img_6503eac8e7fc0323,0,3
RU-A1212,img_8ca58e3c9b0d9ec9,0,3
RU-A1212,img_f0029347f2f4f900,0,3
RU-A1212,img_729f4b312b74b92d,0,3
RU-A1212,img_0f9848e72c3a2c80,0,3
RU-A1212,img_1523cf43e9580f58,0,3
RU-A1213,img_dbfe70b1bfbd5e40,0,3
RU-A1213,img_89b747d14d60745f,0,3
RU-A1213,img_1bdcc8a87c984e0a,0,3
RU-A1213,img_895bf7487250ad15,0,3
RU-A1213,img_b3b9484f99521e97,0,3
RU-A1213,img_f90fccbd65c09948,0,3
RU-A1213,img_572ff5251336d120,0,3
RU-A1213,img_c57c4f5bfc75cc8f,0,3
RU-A1213,img_9f9d4f67321bea8d,0,3
RU-A1213,img_3a9a6ca234198d21,0,3
RU-A1213,img_91a772c91a94b51c,0,3
RU-A1213,img_cce15d978aebc504,0,3
RU-A1213,img_c47dc55af6b43d5c,0,3
RU-A1213,img_efdf70b61f1b5a28,0,3
RU-A1213,img_adead6b7c91f5c48,0,3
RU-A1213,img_d95b3eec1467f2a7,0,3
RU-A1213,img_abc0690756eda713,0,3
RU-A1213,img_3367cc15db417dc3,0,3
RU-A1213,img_67ad1072713dc361,0,3
RU-A1213,img_7b056d25cb09eed9,0,3
RU-A1213,img_a372e4f3d7450f90,0,3
RU-A1213,img_c7491e64ea123a3f,0,3
RU-A1213,img_055002a97baf65c6,0,3
RU-A1213,img_eb3f920ac78c6b41,0,3
RU-A1213,img_29ecbd554218393b,0,3
RU-A1213,img_2e9ede0b611b65a5,0,3
RU-A1213,img_794d7243480aa955,0,3
RU-A1213,img_bf3f1776019b50f8,0,3
RU-A1213,img_34d7a86850d1da2b,0,3
RU-A1213,img_27ad44cd5d6f25af,0,3
RU-A1213,img_408e672fbbc70197,0,3
RU-A1214,img_82f48037ecfde536,0,3
RU-A1214,img_0175ba697801006d,0,3
RU-A1214,img_101e864ca47066ed,0,3
RU-A1214,img_a47e743276634fc6,0,3
RU-A1214,img_4afffebb4c4f09c5,0,3
RU-A1214,img_dfd5d89080f6115a,0,3
RU-A1214,img_c91a96aab3d29be3,0,3
RU-A1214,img_9ea04aab50e2f659,0,3
RU-A1214,img_a94cfe6cfddb4352,0,3
RU-A1214,img_be4de677b986c00a,0,3
RU-A1214,img_f3a2fb94bb548845,0,3
RU-A1214,img_1ec0a35041f8c55d,0,3
RU-A1214,img_8a4ec502a0d4f888,0,3
RU-A1214,img_3e4e7b16862d6fbd,0,3
RU-A1214,img_697402d7672f79d7,0,3
RU-A1214,img_532bb62f4d8e54a4,0,3
RU-A1214,img_104e3505d2f90687,0,3
RU-A1214,img_6e25eab3586fb211,0,3
RU-A1214,img_fdb706a39535a531,0,3
RU-A1214,img_9d9a3b84108d849e,0,3
RU-A1214,img_8b19c19304c7b730,0,3
RU-A1214,img_ebaee6f5b15f1f27,0,3
RU-A1214,img_9109357d61a20553,0,3
RU-A1214,img_5045633daab523be,0,3
RU-A1214,img_ad91749442565da8,0,3
RU-A1214,img_0a6386de03591960,0,3
RU-A1215,img_3c3af50601f6355b,0,4
RU-A1215,img_c436f697141deeab,0,4
RU-A1215,img_65f06901ee257285,0,4
RU-A1215,img_567929a533ed4918,0,4
RU-A1215,img_e7a1c15fdeacdbcf,0,4
RU-A1215,img_a764adb0e1f302db,0,4
RU-A1215,img_215b156f5f8ec6ac,0,4
RU-A1215,img_d84fc175a73ccdf6,0,4
RU-A1215,img_bc2b7ae00ce8f017,0,4
RU-A1215,img_4df97f48b6c2ccb3,0,4
RU-A1215,img_b4f9b8b09788a8bd,0,4
RU-A1215,img_0293bbc6a93fe1e0,0,4
RU-A1215,img_1c7cdedd6e14cc95,0,4
RU-A1215,img_c7263a916b585c89,0,4
RU-A1215,img_7dab665bae3adbc5,0,4
RU-A1215,img_aa066bce5dfae31d,0,4
RU-A1215,img_e44a1785e73fc759,0,4
RU-A1215,img_cbca57a9b9b8163e,0,4
RU-A1215,img_ffe61ae1b951d5fb,0,4
RU-A1215,img_f560b3a13f719595,0,4
RU-A1215,img_949619fb3f54957a,0,4
RU-A1215,img_1d0802399c891690,0,4
RU-A1215,img_99ede023c10d736f,0,4
RU-A1216,img_85aae14b16814baf,0,3
RU-A1216,img_128ebddc631fe0fd,0,3
RU-A1216,img_9645aa83969d100b,0,3
RU-A1216,img_32f380c2141ae417,0,3
RU-A1216,img_fb28765f779c2851,0,3
RU-A1216,img_a46e8e754cb91c31,0,3
RU-A1216,img_29de4260da3855b7,0,3
RU-A1216,img_89a825217bfa20e8,0,3
RU-A1216,img_34a531c66098ed9d,0,3
RU-A1216,img_cd6d076ca651c25e,0,3
RU-A1216,img_e2301fa82ad75acb,0,3
RU-A1216,img_87a67277319d4806,0,3
RU-A1216,img_7bb72be2ec6e13dd,0,3
RU-A1216,img_c3123396d113dc30,0,3
RU-A1216,img_bc42ba5fbc05918b,0,3
RU-A1216,img_2b08646653481ec5,0,3
RU-A1217,img_b75808893f16eaa2,0,0
RU-A1217,img_4193e2d2ee44194a,0,0
RU-A1217,img_7a8100e30ffcbc5a,0,0
RU-A1217,img_7f382726a58f713c,0,0
RU-A1217,img_1753a9b5b94b3036,0,0
RU-A1217,img_ddbe21634b2d1f6a,0,0
RU-A1217,img_b09e1bd129e98a76,0,0
RU-A1217,img_916f518e1fda63bc,0,0
RU-A1217,img_d58493146e90799f,0,0
RU-A1217,img_c4f8d97b32f76345,0,0
RU-A1217,img_55216939beed38b7,0,0
RU-A1217,img_cd55e13a707e57bb,0,0
RU-A1217,img_5be731c064a94a7a,0,0
RU-A1217,img_b605f07c257a0bd7,0,0
RU-A1217,img_c1c98037e8e36353,0,0
RU-A1217,img_55dac0684b296a55,0,0
RU-A1218,img_703e38a785c38433,0,2
RU-A1218,img_be5e63e89a31df45,0,2
RU-A1218,img_5abd89008539f5f5,0,2
RU-A1218,img_5034fb6ac4c953fb,0,2
RU-A1218,img_cc7f31335ec973f5,0,2
RU-A1218,img_9535ff106b7314b1,0,2
RU-A1218,img_04b2eb6dbb51c52b,0,2
RU-A1218,img_2ad8b3b308f31cbc,0,2
RU-A1218,img_9ff17c4fd95b5a55,0,2
RU-A1218,img_35495e49a8b5be35,0,2
RU-A1218,img_a0a1ba70508d3e19,0,2
RU-A1218,img_62ede3e11a0b1c48,0,2
RU-A1218,img_05b59d2a7a60e97e,0,2
RU-A1218,img_9f268ba0df3847ee,0,2
RU-A1219,img_4f14f1da66b198fe,0,2
RU-A1219,img_3dbcdae8f5b3b161,0,2
RU-A1219,img_10f8ba30a1bcb49a,0,2
RU-A1219,img_7230d5864a187cda,0,2
RU-A1219,img_36f36b4b5276b559,0,2
RU-A1219,img_ce2a8bf52477e0c0,0,2
RU-A1219,img_4637e9dabc842144,0,2
RU-A1219,img_c7622927bf489b22,0,2
RU-A1219,img_64d250cf33bb9a68,0,2
RU-A1219,img_c5904826d462940e,0,2
RU-A1219,img_71fac1dae6e97fdb,0,2
RU-A1219,img_dd7bba3058c5d71c,0,2
RU-A1220,img_4368837fbcb7ea84,0,4
RU-A1220,img_21ca0d666aaa0c4f,0,4
RU-A1220,img_fa90efdb3f2a3aad,0,4
RU-A1220,img_65fc83f4e483bbf6,0,4
RU-A1220,img_0fae07cda02fea3a,0,4
RU-A1220,img_be2b140f75d6caa0,0,4
RU-A1220,img_099b76ea38acab3e,0,4
RU-A1220,img_2f1dec00f1a0a3dd,0,4
RU-A1220,img_4abbb21182f3c417,0,4
RU-A1220,img_a0bb44e4f5cd7750,0,4
RU-A1220,img_d4633f9b2697f097,0,4
RU-A1220,img_27b7cf9783092ede,0,4
RU-A1220,img_ce9a3c9b21f2c084,0,4
RU-A1241,img_045781793b1ff9df,0,4
RU-A1241,img_850861b01c3c6a2e,0,4
RU-A1241,img_89ae72efc991889c,0,4
RU-A1241,img_a9e07b15b56078ac,0,4
RU-A1241,img_74672b8acd9757ef,0,4
RU-A1241,img_c81a6169c0ac3b94,0,4
RU-A1241,img_78e533712cc7794f,0,4
RU-A1241,img_395fe9475d2fac3a,0,4
RU-A1241,img_94c2f31fe48086d3,0,4
RU-A1241,img_7cc40ec2f56f4610,0,4
RU-A1241,img_ea315baacbeb672d,0,4
RU-A1241,img_b92681cd2f99fd75,0,4
RU-A1241,img_9f0acf67351d4a2e,0,4
RU-A1241,img_a51d6d20a618285e,0,4
RU-A1242,img_5fead66f3dcb2616,0,3
RU-A1242,img_0d6b82fd51ad5e66,0,3
RU-A1242,img_0f3251073499f501,0,3
RU-A1242,img_298a4b07b78d3d73,0,3
RU-A1242,img_e75d2c7679125fca,0,3
RU-A1242,img_35fe4e00351e04be,0,3
RU-A1242,img_79306880cd26e397,0,3
RU-A1242,img_d57e276f1cf19d74,0,3
RU-A1242,img_449f7cefc5a4c72f,0,3
RU-A1242,img_14af9eb1bfe39590,0,3
RU-A1242,img_10053acd2829f178,0,3
RU-A1242,img_0e2846309978704b,0,3
RU-A1242,img_fdb1ce0c7364e939,0,3
RU-A1242,img_a3f2371394406b14,0,3
RU-A1243,img_d707538bf936b39a,0,0
RU-A1243,img_2d54536024e49d79,0,0
RU-A1243,img_f717e18aad2b42bb,0,0
RU-A1243,img_785134d167e51707,0,0
RU-A1243,img_52de9832c78d4dc6,0,0
RU-A1243,img_655e3d5e9479a6a3,0,0
RU-A1243,img_d4545450faafeb63,0,0
RU-A1243,img_c485d31309c463df,0,0
RU-A1243,img_19b0f01e63c079f5,0,0
RU-A1243,img_5a18c6bcc2c5a67b,0,0
RU-A1243,img_39d50d99158ed5d0,0,0
RU-A1243,img_e7531a9634fea0d4,0,0
RU-A1243,img_71c2e2eba682cbe6,0,0
RU-A1243,img_6896921d5f4794d3,0,0
RU-A1243,img_f82357f5349e7fc2,0,0
RU-A1243,img_13fae1072df220b2,0,0
RU-A1243,img_c10e7c2043ca610c,0,0
RU-A1243,img_fa2008829bdbfb32,0,0
RU-A1243,img_2d88e970bab9b550,0,0
RU-A1243,img_58a01afe9bbf1906,0,0
RU-A1244,img_514c946bba777e0f,0,0
RU-A1244,img_cd79f7804d4f6da3,0,0
RU-A1244,img_b8c5214ed22a3b5f,0,0
RU-A1244,img_9b4c479e80f1c8a1,0,0
RU-A1244,img_e0276b94ea3c68f6,0,0
RU-A1244,img_53f6ef1ae48a7a02,0,0
RU-A1244,img_ecaa725cd22c8e76,0,0
RU-A1244,img_456fd799ce7f41f9,0,0
RU-A1244,img_6d7c65f36eaf7463,0,0
RU-A1244,img_1109f8e2fed67593,0,0
RU-A1244,img_389dd09d4f18d066,0,0
RU-A1244,img_cfca37188d6a167b,0,0
RU-A1244,img_0a578762919d86f3,0,0
RU-A1244,img_ac435e9fed16d425,0,0
RU-A1244,img_6a0ed9fa8c3abb2f,0,0
RU-A1244,img_4f97e8e11996e1fb,0,0
RU-A1244,img_185cf16a9884342f,0,0
RU-A1244,img_5f9db9da350cdc73,0,0
RU-A1249,img_ae5f0c08e5dc41e8,0,4
RU-A1249,img_0ce8d47d8e85d53d,0,4
RU-A1249,img_98a0c29f954e8b7e,0,4
RU-A1249,img_5acff58f31d5dcfe,0,4
RU-A1249,img_09d221ba6f95febb,0,4
RU-A1249,img_e269f52617f53200,0,4
RU-A1249,img_bb2ddc86c404dd09,0,4
RU-A1249,img_c699b29b95de37e6,0,4
RU-A1249,img_7aedecf9b58c3d08,0,4
RU-A1249,img_832d322243392162,0,4
RU-A1249,img_a9832216840c9294,0,4
RU-A1249,img_08d2036dd8991e91,0,4
RU-A1249,img_21696868eddd7e13,0,4
RU-A1249,img_871c8589fbf80ffa,0,4
RU-A1249,img_d6e27f78ee193563,0,4
RU-A1249,img_e61f116dd51681ff,0,4
RU-A1249,img_9546aaf89a0455f5,0,4
RU-A1249,img_185155d4df457469,0,4
RU-A1249,img_1cb5f6d53e3a8b33,0,4
RU-A1249,img_0ae7cbfee133f83c,0,4
RU-A1249,img_e6da8f3d486bcc0e,0,4
RU-A1249,img_35283a9ba57b1485,0,4
RU-A1249,img_e157916ddbe16ff1,0,4
RU-A1249,img_f81b0d3832ac08b7,0,4
RU-A1249,img_4109c9c81c95071b,0,4
RU-A1249,img_642fe0e7d165c178,0,4
RU-A1249,img_5835b83d14de1597,0,4
RU-A1249,img_85eea57ad4224871,0,4
RU-A1249,img_bd95692254565781,0,4
RU-A1249,img_2766115f84e48f1e,0,4
RU-A1249,img_90ee8364aadaabf4,0,4
RU-A1249,img_5a29e1cf28f327ab,0,4
RU-A1249,img_d5c250cb3c2b0c42,0,4
RU-A1261,img_4d532ff4a30f1b1d,0,0
RU-A1261,img_96ef82d877b175d8,0,0
RU-A1261,img_4dec0a11cf25c46c,0,0
RU-A1261,img_2ac460087ac4d9a6,0,0
RU-A1261,img_c756caac4f3f21ad,0,0
RU-A1261,img_e02397584c77be93,0,0
RU-A1261,img_c778bc81bd1af9b3,0,0
RU-A1261,img_ab4bedc9280053c5,0,0
RU-A1261,img_5949b6f9fc105913,0,0
RU-A1261,img_92c9da2ddf48a78e,0,0
RU-A1261,img_e55076c363183d2d,0,0
RU-A1261,img_33298886c3950740,0,0
RU-A1261,img_da330c2a7f94e2e5,0,0
RU-A1261,img_05a15bf49394f503,0,0
RU-A1262,img_87611470e1900181,0,3
RU-A1262,img_580b0a4b6ecd33c3,0,3
RU-A1262,img_83158ddb0e5a8241,0,3
RU-A1262,img_b13c78326ba9486a,0,3
RU-A1262,img_ab4d0728e74d738b,0,3
RU-A1262,img_2d7aab5bcde5c3a1,0,3
RU-A1262,img_bf0624efc18a3bba,0,3
RU-A1262,img_947fe92a4f3b0bf3,0,3
RU-A1262,img_4b41ae435f3247e1,0,3
RU-A1262,img_b01d3ae282fb58da,0,3
RU-A1262,img_eefbb63f4ea925d9,0,3
RU-A1262,img_5bc9cb2d7c85da9e,0,3
RU-A1262,img_f8a8e9e8ab9711c2,0,3
RU-A1262,img_e2b725f1f16796ab,0,3
RU-A1262,img_17e93d9f2120e04a,0,3
RU-A1262,img_b36f5834828ae80c,0,3
RU-A1262,img_6305539ae25abf5c,0,3
RU-A1262,img_2fa1d672b01936f4,0,3
RU-A1262,img_fa35e17d957c24e3,0,3
RU-A1262,img_50bb0e467dc5d352,0,3
RU-A1262,img_224deb10406f2cc4,0,3
RU-A1262,img_1a7d93c2acd38238,0,3
RU-A1262,img_fcd0e99a98bc1b86,0,3
RU-A1262,img_743d5a7f39584897,0,3
RU-A1262,img_4b05081ec4479cab,0,3
RU-A1263,img_435bb1b920c2b3c0,0,4
RU-A1263,img_13e36824ed3fcf2c,0,4
RU-A1263,img_e4d495b6697ca6fa,0,4
RU-A1263,img_71c88b60bb59150f,0,4
RU-A1263,img_efaf179ce581d8c9,0,4
RU-A1263,img_1598242ebd66d24d,0,4
RU-A1263,img_236c15dddf2ccb2a,0,4
RU-A1263,img_a12000f9f75bd98d,0,4
RU-A1263,img_e4df8feeaf93931f,0,4
RU-A1263,img_41e79dad42b7e531,0,4
RU-A1263,img_16af28f7a73035be,0,4
RU-A1263,img_0bc8b7231762d070,0,4
RU-A1263,img_c04c71e187796257,0,4
RU-A1263,img_ad7b9a822f641942,0,4
RU-A1263,img_5c6646c5c0b2b525,0,4
RU-A1263,img_d52396c560754652,0,4
RU-A1263,img_78967ec170a7f20f,0,4
RU-A1263,img_10631151c659aa9c,0,4
RU-A1263,img_376b9bc1ece576c5,0,4
RU-A1264,img_d41ecf141f9ed473,0,0
RU-A1264,img_56544d9c2f53bb5c,0,0
RU-A1264,img_68dece8e8c6a7cb5,0,0
RU-A1264,img_e5784c2141da2d79,0,0
RU-A1264,img_96ddf5750e709015,0,0
RU-A1264,img_52debfdeecf508e0,0,0
RU-A1264,img_77cc81c2e14c309d,0,0
RU-A1264,img_bc4d5536c9b5ebd2,0,0
RU-A1264,img_fb2037b8046d8d03,0,0
RU-A1264,img_2f53c4dfe2449443,0,0
RU-A1264,img_7b63913e9c2065ef,0,0
RU-A1264,img_56544d9c2f53bb5c,0,0
RU-A1264,img_d41ecf141f9ed473,0,0
RU-A1264,img_f748c0c4cda8f9f0,0,0
RU-A1264,img_afedbe66ee8795f9,0,0
RU-A1264,img_581f3b194a39c71f,0,0
RU-A1264,img_613fec3db8327974,0,0
RU-A1264,img_09570056f18a001a,0,0
RU-A1264,img_2079564b2c395391,0,0
RU-A1264,img_4e5dd2aab3133eb2,0,0
RU-A1264,img_e3f84f6e74dfa169,0,0
RU-A1265,img_10f15d007c102249,0,1
RU-A1265,img_5d1912d36452ad5b,0,1
RU-A1265,img_43cb32be54330ffa,0,1
RU-A1265,img_7da36c28b8c49106,0,1
RU-A1265,img_712828c6f477cdaa,0,1
RU-A1265,img_f11494e41a6f2a1a,0,1
RU-A1265,img_05f2559b11f26c43,0,1
RU-A1265,img_554666e285f7bcab,0,1
RU-A1265,img_f797c8bee425afe5,0,1
RU-A1265,img_9f39165321d89620,0,1
RU-A1265,img_2ec793bdb8390354,0,1
RU-A1265,img_1510caa3ee2fdea7,0,1
RU-A1265,img_8358a8cbf1afed90,0,1
RU-A1266,img_3b199f5479f5e708,0,4
RU-A1266,img_f3c0b7ba0ef3e96c,0,4
RU-A1266,img_c21a88b247fc1f3d,0,4
RU-A1266,img_57f7445f0cf6650d,0,4
RU-A1266,img_364c0b524ce95115,0,4
RU-A1266,img_9e26ad7d09b6344f,0,4
RU-A1266,img_c052758e10d08ea2,0,4
RU-A1266,img_69799231ecd36e9e,0,4
RU-A1266,img_574b24d0c55da5c0,0,4
RU-A1266,img_b9ab14e677e3c89f,0,4
RU-A1266,img_ac42bb0a66c32570,0,4
RU-A1266,img_bf44ab2193b82226,0,4
RU-A1266,img_6dc503ed3d819b96,0,4
RU-A1266,img_b5bdd55c153b4818,0,4
RU-A1267,img_c07902678e21aed4,0,3
RU-A1267,img_96d2d704da38617e,0,3
RU-A1267,img_386f3d1e924505aa,0,3
RU-A1267,img_7e5da01a35961959,0,3
RU-A1267,img_db7290e86800c243,0,3
RU-A1267,img_cc6fbaac7090d620,0,3
RU-A1267,img_9bf96e69112986c0,0,3
RU-A1267,img_c951dc1406810728,0,3
RU-A1267,img_3147f3df2fa54267,0,3
RU-A1267,img_6ed5e70f2691a2bf,0,3
RU-A1281,img_5681b621569404b7,0,1
RU-A1281,img_4d5280a2796e5bce,0,1
RU-A1281,img_7c2be3071cf09aa1,0,1
RU-A1281,img_efce938a4b954a6a,0,1
RU-A1281,img_441d70d398400073,0,1
RU-A1281,img_c90879043eafe22c,0,1
RU-A1281,img_226b2ca1dbe4c809,0,1
RU-A1281,img_5b958e8a8f21cd1c,0,1
RU-A1281,img_b41dd8f4c463d43a,0,1
RU-A1282,img_126a321f1ae72efb,0,2
RU-A1282,img_60947e291a8b9bea,0,2
RU-A1282,img_19fceb70db2d795b,0,2
RU-A1282,img_1e157f7f42fc7104,0,2
RU-A1282,img_e33f58c7b5560dd1,0,2
RU-A1282,img_0ae1126300fbef17,0,2
RU-A1282,img_fa643009b322fde3,0,2
RU-A1282,img_015e8994fa128759,0,2
RU-A1282,img_7f7b767b5ac8229c,0,2
RU-A1282,img_5c005931e137ddf1,0,2
RU-A1283,img_90931af35314ff57,0,1
RU-A1283,img_1b1046ec19054957,0,1
RU-A1283,img_f1d586723e634ff2,0,1
RU-A1283,img_4c70a13a011f3fed,0,1
RU-A1283,img_1cb01ac428a049a0,0,1
RU-A1283,img_e411ad72db1e8a5e,0,1
RU-A1283,img_038276bc6d2092c1,0,1
RU-A1283,img_da33cfa44996babb,0,1
RU-A1283,img_e4310a68feefbb59,0,1
RU-A1283,img_e0046de3c4126082,0,1
RU-A1284,img_6d7e86413ed22da8,0,3
RU-A1284,img_d4c14ba96b63b6a7,0,3
RU-A1284,img_1004a08ad65ce394,0,3
RU-A1284,img_b6b0555962fb1eb7,0,3
RU-A1284,img_de54de68ae83291b,0,3
RU-A1284,img_295fe1dbcba92133,0,3
RU-A1284,img_563f3732f2c6993a,0,3
RU-A1284,img_2be36ff6cae45d36,0,3
RU-A1284,img_48cbf31138f223f7,0,3
RU-A1284,img_296ce221b4ba9796,0,3
RU-A1284,img_44c8383762e6d163,0,3
RU-A1284,img_b9623df785ed0fd3,0,3
RU-A1284,img_c1bae5559244d658,0,3
RU-A1284,img_0b0f1579c7f17454,0,3
RU-A1284,img_e6e0348c73783d70,0,3
RU-A1284,img_51b890ba965e47d2,0,3
RU-A1254,img_6db0451b2a52b97b,0,1
RU-A1254,img_0029c917365e1fc2,0,1
RU-A1254,img_95a9bdb4f5ca1a02,0,1
RU-A1254,img_99454d0c3db17904,0,1
RU-A1254,img_786d30eaded81206,0,1
RU-A1254,img_b0df02bfeab88770,0,1
RU-A1254,img_5b9934039d39847c,0,1
RU-A1254,img_bda15e7f5373f212,0,1
RU-A1254,img_f5d2f09f5742ac00,0,1
RU-A1254,img_daa0c0d92c2bc038,0,1
RU-A1254,img_f07d484a84acbf9f,0,1
RU-A1254,img_841af76668982227,0,1
RU-A1254,img_31777401523307d2,0,1
RU-A1255,img_7adff320b0f7ce16,0,3
RU-A1255,img_7d8e19e08b079aa4,0,3
RU-A1255,img_fa8c2bc92c8094a7,0,3
RU-A1255,img_3a736480ba50d7a9,0,3
RU-A1255,img_bf3a707d3399e367,0,3
RU-A1255,img_41793197ca0c0dbc,0,3
RU-A1255,img_3b08414ccac54a6d,0,3
RU-A1255,img_fbeee2a1f129308b,0,3
RU-A1255,img_b7b89aa8804fbde0,0,3
RU-A1255,img_422923663fdc9ba0,0,3
RU-A1255,img_0909c3ee3e57d8f7,0,3
RU-A1255,img_fcd513956c35ddde,0,3
RU-A1255,img_b80679293c2b4a95,0,3
RU-A1255,img_cfc991d3f5b27c44,0,3
RU-A1255,img_248818884bb66924,0,3
RU-A1255,img_04f89d3609d83941,0,3
RU-A1255,img_9331c4ea8c2f020a,0,3
RU-A1255,img_7cf89598384c241c,0,3
RU-A1255,img_1d340123b72d0299,0,3
RU-A1255,img_f1fe70e3ffa89572,0,3
RU-A1255,img_f776c41efd57328c,0,3
RU-A1255,img_559dfd706801eec3,0,3
RU-A1255,img_ea55bab1c168f1d1,0,3
RU-A1255,img_7a2ea4b0d78b7c04,0,3
RU-A1255,img_9e770a55aa40fa56,0,3
RU-A1255,img_94490129aba162b6,0,3
RU-A1255,img_43160674773d00f6,0,3
RU-A1255,img_35f72ab231748c3f,0,3
RU-A1255,img_73adb0d2a1c43bb9,0,3
RU-A1255,img_912bb2170abebb02,0,3
RU-A1255,img_200961b96d0888ab,0,3
RU-A1255,img_4835c1fa98252266,0,3
RU-A1304,img_89b5d7ebd63ad99d,0,0
RU-A1304,img_89b5d7ebd63ad99d,0,0
RU-A1307,img_c9e2ff1e6ddc255a,0,3
RU-A1310,img_fafa1fc6e321f0b6,0,3
RU-A1310,img_fdc30b40f09ead96,0,3
RU-A1311,img_08ed0b3a342f522e,0,3
RU-A1311,img_06645a73674c2248,0,3
RU-A1311,img_8cc4828d0705a470,0,3
RU-A1257,img_bd693bd3cc9443db,0,3
RU-A1257,img_a2faf2485e4df2fe,0,3
RU-A1257,img_bf2cbae8f90280a8,0,3
RU-A1257,img_e033f1852de8dd2f,0,3
RU-A1257,img_a8bcdbea572c7e89,0,3
RU-A1257,img_e794a2dfec44d94c,0,3
RU-A1257,img_a5aaeaccdcf22371,0,3
RU-A1257,img_a5aaeaccdcf22371,0,3
RU-A1257,img_722bb9beea1351af,0,3
RU-A1257,img_6cdb547b4ae1b3e0,0,3
RU-A1257,img_33dac73b8cf3dd80,0,3
RU-A1257,img_2c1847999f9b6bee,0,3
RU-A1258,img_1bce2d1bb80d1b15,0,2
RU-A1258,img_4c006a179a8bf080,0,2
RU-A1258,img_a98c7c182dddd7a9,0,2
RU-A1258,img_bc9bebcaabc4b4e6,0,2
RU-A1258,img_3f96a5cf5d582b40,0,2
RU-A1258,img_db12268e60b2db73,0,2
RU-A1258,img_68ba5dcc591d5496,0,2
RU-A1258,img_1094d99ff814a2a9,0,2
RU-A1259,img_a49c88e61ee6db72,0,2
RU-A1259,img_c29a6904d92cb9a5,0,2
RU-A1259,img_aceb4ef362e1e91e,0,2
RU-A1259,img_f9b167a55b243415,0,2
RU-A1259,img_247b78d1dea1ed6c,0,2
RU-A1259,img_32af93b61b70edae,0,2
RU-A1260,img_176bf43c2512ed7c,0,2
RU-A1260,img_e127946ef82622dc,0,2
RU-A1260,img_a30d88aee62d3f1d,0,2
RU-A1260,img_de54f672a176ee0c,0,2
RU-A1303,img_4146de61999b8d07,1,1
RU-A1303,img_54affd5e4e94e344,1,1
RU-A1303,img_3283f3162c96dddf,1,1
RU-A1303,img_b03fa7fa59099ea4,1,1
RU-A1305,img_6f846b735e8c5a8d,0,3
RU-A1305,img_41adec4d60742018,0,3
RU-A1306,img_5d52bd9338c422f3,0,2
RU-A1306,img_a434a911dcb5ffa8,0,2
RU-A1308,img_707ca0f7e1460fe8,1,3
RU-A1308,img_c97f1a53557be386,1,3
RU-A1308,img_5a69b6734a3cf0e4,1,3
RU-A1308,img_dfe56c7986621eba,1,3
RU-A1308,img_2f8d6a93bbba9390,1,3
RU-A1308,img_0cd13d99ca8f1720,1,3
RU-A1309,img_000d76073b52ef7a,0,2
RU-A1309,img_c2ba83f9d8f28045,0,2
RU-A1029,img_860f7e7d611e0377,0,3
RU-A1029,img_a59270bf978b4f28,0,3
RU-A1029,img_cbaaeffb0a2fa9c7,0,3
RU-A1029,img_45de95c58e53f6f5,0,3
RU-A1029,img_10b0ff6b9e59c24a,0,3
RU-A1029,img_8ea37478a27704d5,0,3
RU-A1029,img_cf5331c430e351ff,0,3
RU-A1029,img_a0f722bcc9b5d181,0,3
RU-A1029,img_2aa980575247473f,0,3
RU-A1029,img_1d2b77e3c5c741e4,0,3
RU-A1029,img_7c8e644ddb74c6af,0,3
RU-A1029,img_98de0a43e4b03aaa,0,3
RU-A1029,img_9609f2b89fb441ca,0,3
RU-A1035,img_07662a200c884763,0,3
RU-A1035,img_a5d7e95b2220ae15,0,3
RU-A1035,img_9c87a786a6c51385,0,3
RU-A1035,img_e3518cf42e7f0377,0,3
RU-A1035,img_0ca8739ce1681737,0,3
RU-A1035,img_73b4a5124acd24f7,0,3
RU-A1035,img_81426fbd071686d1,0,3
RU-A1035,img_dfb1298d64e2f6c3,0,3
RU-A1035,img_6882e27a3cc0492d,0,3
RU-A1035,img_5ce5bd2372abf9fc,0,3
RU-A1035,img_9e5b031c146462ed,0,3
RU-A1035,img_56fbde22871494ea,0,3
RU-A1035,img_cd81b6dd1f1eab2d,0,3
RU-A1062,img_56c8933d14c2ea88,1,2
RU-A1062,img_b92abb75c6f29c84,1,2
RU-A1062,img_8b77de6538d7c268,1,2
RU-A1062,img_05d73d1f626a71dc,1,2
RU-A1062,img_f89bd7b5f65a748b,1,2
RU-A1062,img_86b8cddbc2f05869,1,2
RU-A1062,img_98737b16c9d5ae41,1,2
RU-A1062,img_ce72f599bbe253a2,1,2
RU-A1062,img_28461e45959616e1,1,2
RU-A1062,img_13aef40a989001f2,1,2
RU-A1049,img_5702d003d4551f52,0,2
RU-A1049,img_24b95ce87133ca94,0,2
RU-A1049,img_5bbb94cda3ca2b60,0,2
RU-A1049,img_4410d7d69d258e02,0,2
RU-A1049,img_3ef0524e3c30e22d,0,2
RU-A1049,img_86c4da80b53ebc7f,0,2
RU-A1049,img_81ab961e34428f1b,0,2
RU-A1049,img_2c0b605a10609045,0,2
RU-A1049,img_5bc663c3ba394ed5,0,2
RU-A1049,img_36c8ad7a4986dc08,0,2
RU-A1070,img_99219f40d4982bdc,0,3
RU-A1070,img_8ed52e1fbbe8fbad,0,3
RU-A1070,img_cfe0392c18f20b4c,0,3
RU-A1070,img_4de0b9a8fb2341af,0,3
RU-A1070,img_aa2b148be8135981,0,3
RU-A1070,img_2715e2b55211387c,0,3
RU-A1070,img_cc8d82d435fcb38f,0,3
RU-A1070,img_41cf13ddbab33b30,0,3
RU-A1070,img_a98e0b9201591757,0,3
RU-A1070,img_7a4202d66734711a,0,3
RU-A1070,img_8e00b4d3b907f9a1,0,3
RU-A1070,img_3910e107371c5c1d,0,3
RU-A1070,img_36d570b715abe2cf,0,3
RU-A1070,img_2b82e2954907adb7,0,3
RU-A1070,img_029b8155d2996a2d,0,3
RU-A1070,img_71902ee4ce8b3317,0,3
RU-A1070,img_706f7efab71a748b,0,3
RU-A1014,img_b7fd217f492669be,0,2
RU-A1014,img_243a28a22bcad735,0,2
RU-A1014,img_4205c8a17dc083d0,0,2
RU-A1014,img_08a093b0b6bfacd1,0,2
RU-A1014,img_e0ed042ba9dfe5bc,0,2
RU-A1014,img_ee28412dd20e7433,0,2
RU-A1014,img_378230eb1e4644ea,0,2
RU-A1014,img_2972d18fd4a5a639,0,2
RU-A1030,img_e318729967b0d6e4,0,4
RU-A1030,img_fc6f932492bcca37,0,4
RU-A1030,img_752c6a597b974eef,0,4
RU-A1030,img_a20cb02f1f418dc8,0,4
RU-A1030,img_168adee19bd456d7,0,4
RU-A1030,img_af631739e2896920,0,4
RU-A1030,img_a216d1059e5ac933,0,4
RU-A1030,img_c24eac19a7dfabe5,0,4
RU-A1176,img_6feb2fbcb8104e80,0,0
RU-A1176,img_6ca1fce1c76a3194,0,0
RU-A1176,img_73c8102a513b3074,0,0
RU-A1176,img_9b8145e65c59b2f1,0,0
RU-A1176,img_519bcd4d0ffd8b3d,0,0
RU-A1176,img_e8cfd5871f08c6c1,0,0
RU-A1176,img_167b8343764e500e,0,0
RU-A1176,img_b1332f64f1834883,0,0
RU-A1176,img_add9a7b87125e384,0,0
RU-A1176,img_7b4674150ac80688,0,0
RU-A1176,img_24aeb50d96209694,0,0
RU-A1176,img_1958bd5f3024b1f8,0,0
RU-A1176,img_7e946d1494a78832,0,0
RU-A1176,img_8be8223fc652a01a,0,0
RU-A1176,img_761d3b341ba6f1e5,0,0
RU-A1176,img_b1546b7043dcfbae,0,0
RU-A1176,img_92d3f0972fb45de5,0,0
RU-A1176,img_803d4b024d6cc4bf,0,0
RU-A1176,img_f1a60a1610a2f766,0,0
RU-A1176,img_526ea7765367a007,0,0
RU-A1176,img_6ea335526c282e7c,0,0
RU-A1176,img_2e43ca1587c851fa,0,0
RU-A1176,img_c7f30ee45bf9c21f,0,0
RU-A1176,img_03589d634b519e82,0,0
RU-A1176,img_dc38c5da2265d8fd,0,0
RU-A1176,img_d98283762b068294,0,0
RU-A1176,img_021540ca1a125521,0,0
RU-A1101,img_dcea5796d4290790,0,4
RU-A1101,img_e9396331d6b48870,0,4
RU-A1101,img_761c3e9062915145,0,4
RU-A1101,img_04937464a87c0687,0,4
RU-A1101,img_e21b7fb579ccece7,0,4
RU-A1101,img_cd21a0df0015f837,0,4
RU-A1101,img_9491b6ea1be38add,0,4
RU-A1101,img_9491b6ea1be38add,0,4
RU-A1101,img_7ed12e06505cca3b,0,4
RU-A1101,img_7ed12e06505cca3b,0,4
RU-A1103,img_616b7ce83bc021f5,0,3
RU-A1103,img_4155e5631e07914d,0,3
RU-A1103,img_e6f009da5b786caa,0,3
RU-A1103,img_590b98f04e1293b3,0,3
RU-A1103,img_dd3fae08f5597a45,0,3
RU-A1103,img_e2fccd11f12d9d5e,0,3
RU-A1103,img_c356e04f4ee01b06,0,3
RU-A1103,img_1c10ca4559bdbaec,0,3
RU-A1106,img_555aea34eb4c352b,0,1
RU-A1106,img_d48348adfae4ecfb,0,1
RU-A1106,img_51dc5a7babb6cd31,0,1
RU-A1106,img_f59084c5355f3e52,0,1
RU-A1106,img_cb3c21187e024cc7,0,1
RU-A1106,img_3abac63c45a55e01,0,1
RU-A1106,img_690ee7c4bed45e4d,0,1
RU-A1106,img_431e3fdf60d452e3,0,1
RU-A1105,img_f3b256fb0918c217,0,1
RU-A1105,img_29dd4b22b824ef5f,0,1
RU-A1105,img_e5113528e35b8fbf,0,1
RU-A1105,img_c70220afb9c96237,0,1
RU-A1105,img_5b9e55ccd91af295,0,1
RU-A1105,img_5bfa5788b54d5f08,0,1
RU-A1105,img_a148f13f47e4b516,0,1
RU-A1109,img_c3c6942cc2123b0f,0,0
RU-A1109,img_14302f2c1459db64,0,0
RU-A1109,img_ef7705c3ec6ee72c,0,0
RU-A1109,img_06dffd3d599422da,0,0
RU-A1110,img_8d699c8bfe2c57aa,0,3
RU-A1110,img_770fde7011cce9e0,0,3
RU-A1110,img_aea9f0a7a37f2de9,0,3
RU-A1110,img_4e532e607af516b4,0,3
RU-A1110,img_e18fffbe9c05d8cd,0,3
RU-A1110,img_3278d8a7682f8326,0,3
RU-A1110,img_20ab5ab41ff0f447,0,3
RU-A1110,img_f581a2bfd5a7a5cc,0,3
RU-A1110,img_1ce0cce7e53305a4,0,3
RU-A1110,img_43ccc116d14f8976,0,3
RU-A1110,img_e1e9da934b47e9c3,0,3
RU-A1110,img_66becbf13127631e,0,3
RU-A1112,img_5c209eebeea13e34,0,2
RU-A1112,img_324640a4cc50e289,0,2
RU-A1112,img_17e2df8d51413624,0,2
RU-A1112,img_5f4a19163e356353,0,2
RU-A1112,img_f4b94e2de8fda5c5,0,2
RU-A1112,img_d595398a0b43227c,0,2
RU-A1112,img_46a908577adb4d80,0,2
RU-A1112,img_32500cab741f7928,0,2
RU-A1112,img_a3b79b281c282130,0,2
RU-A1112,img_dbd586ff89d05cc3,0,2
RU-A1112,img_ce31f4346eee12ba,0,2
RU-A1113,img_81545798247861e3,0,1
RU-A1113,img_83eebaa0fe2b23a3,0,1
RU-A1113,img_7d8692dc4f423426,0,1
RU-A1113,img_4497ed4c430ab50d,0,1
RU-A1113,img_c8241e8a9c76f030,0,1
RU-A1113,img_93d5fe4493299f43,0,1
RU-A1113,img_17c965d21e14d7b5,0,1
RU-A1113,img_8251bcf95910a355,0,1
RU-A1113,img_06c96ec4750b2798,0,1
RU-A1113,img_c37472874370125b,0,1
RU-A1114,img_9c1bc864d2861011,0,2
RU-A1114,img_b8a057013c6fcb88,0,2
RU-A1114,img_856564eeb3fdfc3a,0,2
RU-A1114,img_12b5411be673e7d2,0,2
RU-A1114,img_4bde88354d631376,0,2
RU-A1114,img_0efb88261ba2eaa7,0,2
RU-A1114,img_f42ca7df1c6ee535,0,2
RU-A1114,img_bf2c964191654d10,0,2
RU-A1114,img_4ba35bc2f0005d01,0,2
RU-A1114,img_6c7f17eeaaf5f639,0,2
RU-A1114,img_42454a91ee122063,0,2
RU-A1114,img_a5beed1f0473a7f2,0,2
RU-A1114,img_f2c119c8341f4fe7,0,2
RU-A1114,img_c4663cac89c105c7,0,2
RU-A1114,img_62a013af6125554b,0,2
RU-A1114,img_1c78563367e208dd,0,2
RU-A1115,img_86f7ed45c6b619fb,0,2
RU-A1115,img_86f7ed45c6b619fb,0,2
RU-A1115,img_f7d3462ed61f9e21,0,2
RU-A1115,img_1558bfe5425d4834,0,2
RU-A1115,img_5f64eeec29fdf77a,0,2
RU-A1115,img_c42e0575995e3414,0,2
RU-A1115,img_7b56c833418ba4ce,0,2
RU-A1115,img_d972b095642f83e6,0,2
RU-A1115,img_5eab4fff90b53239,0,2
RU-A1115,img_ab867f79d7d44dab,0,2
RU-A1115,img_d053abaca0be7d75,0,2
RU-A1115,img_db968cd663e58950,0,2
RU-A1115,img_bb6c6738b7b21803,0,2
RU-A1115,img_8c64162b48e8964d,0,2
RU-A1116,img_7249710cc56390b8,0,4
RU-A1116,img_489b92cf9da7b899,0,4
RU-A1116,img_983850c8a173d5ea,0,4
RU-A1116,img_278e37e7c00b8062,0,4
RU-A1116,img_7442a4d4d55add5a,0,4
RU-A1116,img_90fd74574f03849c,0,4
RU-A1116,img_6652d90345487e1b,0,4
RU-A1116,img_42ca0ca526b1c38d,0,4
RU-A1117,img_380eca76a7f2c0e9,0,4
RU-A1117,img_d249fefe288d992e,0,4
RU-A1117,img_9e9b3786db6f6dd5,0,4
RU-A1117,img_331e26c1f269a60f,0,4
RU-A1117,img_18f602e5c83cc6e5,0,4
RU-A1117,img_d8ae47d363c75ccf,0,4
RU-A1117,img_81f412eac5920807,0,4
RU-A1117,img_8d76f0e895b8925e,0,4
RU-A1117,img_ed8fa5c088394646,0,4
RU-A1117,img_22d6c88473705f8f,0,4
RU-A1117,img_b5260b0411b95dd2,0,4
RU-A1117,img_dd3ab5a748aa101a,0,4
RU-A1117,img_3b632a987ddba41d,0,4
RU-A1117,img_06601b928a1ab071,0,4
RU-A1118,img_531023cb78692c48,0,1
RU-A1118,img_3d70ac44a0065636,0,1
RU-A1119,img_846cc1df55b78204,0,0
RU-A1119,img_c1acd3576b343665,0,0
RU-A1119,img_2cd4c9a61e2e13c4,0,0
RU-A1119,img_87b42b15a9b1ab72,0,0
RU-A1119,img_329bcc31f982c6c0,0,0
RU-A1119,img_70b76e4f66451f3a,0,0
RU-A1119,img_a1e62ddc842dcc3a,0,0
RU-A1119,img_fb58792dfd81eeb2,0,0
RU-A1119,img_00437870e21c67b3,0,0
RU-A1119,img_f4ae632538cfd282,0,0
RU-A1119,img_bd38cc2ce0ba15c2,0,0
RU-A1119,img_ecbe5678d22cdd68,0,0
RU-A1119,img_e536929b3dc3f8a8,0,0
RU-A1119,img_bace80cbf8ae6c93,0,0
RU-A1119,img_9f530f6df1bb35c9,0,0
RU-A1119,img_778b4a5bf738cf46,0,0
RU-A1119,img_82e634ba2619512d,0,0
RU-A1119,img_5542fd99f6554f80,0,0
RU-A1119,img_4dba36f15229f8ee,0,0
RU-A1120,img_13c7a8ba405febaa,0,1
RU-A1120,img_194708e413c65cd7,0,1
RU-A1120,img_36e48b9d7c37f7f0,0,1
RU-A1120,img_f7d32c336fb59933,0,1
RU-A1120,img_748f6d1f94199f46,0,1
RU-A1120,img_b8841e3e27fb600e,0,1
RU-A1120,img_8917b601ec5128b7,0,1
RU-A1120,img_cb7b027b3f76c42f,0,1
RU-A1120,img_0d2f572c8d3c5464,0,1
RU-A1120,img_705df92b48edbd2e,0,1
RU-A1120,img_d847a190a0bc9dc7,0,1
RU-A1120,img_b7f318f6e13c0ac6,0,1
RU-A1120,img_34479fec767e65e2,0,1
RU-A1120,img_fecb836f52eea2c2,0,1
RU-A1122,img_2f13a9405f43f1a4,0,1
RU-A1122,img_38a71ef66c1639f1,0,1
RU-A1122,img_bbeacbf69189e69b,0,1
RU-A1122,img_d955981b08f0003e,0,1
RU-A1122,img_fa00dbf4034971f1,0,1
RU-A1122,img_ebde33d9267c4401,0,1
RU-A1122,img_03c85c49b285d237,0,1
RU-A1122,img_008229912c098db6,0,1
RU-A1122,img_6b31413cf4c5030d,0,1
RU-A1122,img_6cff2fc2e27da090,0,1
RU-A1122,img_21f3261de0d7d19d,0,1
RU-A1123,img_48e78da151411010,0,1
RU-A1123,img_96fffe0ba684cc01,0,1
RU-A1123,img_34a231543b13ce9b,0,1
RU-A1123,img_fef819158c99a2e0,0,1
RU-A1123,img_4af9d8b6cc486f29,0,1
RU-A1123,img_378e4df6a1974f35,0,1
RU-A1123,img_c51cf12bc64991a4,0,1
RU-A1123,img_831affe0f424c5d5,0,1
RU-A1125,img_cb109a106ad90310,0,1
RU-A1125,img_16f7742b8bce48df,0,1
RU-A1125,img_b4a405eacc070080,0,1
RU-A1125,img_934a4e0710c7e02c,0,1
RU-A1125,img_6bf03efc4bfc926a,0,1
RU-A1125,img_11edb7fdf3e2b7a4,0,1
RU-A1125,img_d3d91dabdea120bd,0,1
RU-A1271,img_fa1af5457947898a,0,2
RU-A1271,img_e3059ed210e206a4,0,2
RU-A1271,img_850d3a952f0c2271,0,2
RU-A1271,img_eaa747a00163de84,0,2
RU-A1271,img_29401a00d832b737,0,2
RU-A1275,img_e5a6d3417692a3a1,1,4
RU-A1275,img_50101e662954d546,1,4
RU-A1041,img_d82e55e9a58f6968,1,0
RU-A1041,img_bfaa4b66790d4e69,1,0
RU-A1041,img_582d238ef62b90a8,1,0
RU-A1041,img_8a8201b5f6145991,1,0
RU-A1041,img_b1ab3ada92a2bcf5,1,0
RU-A1041,img_58c5d0c382bb7051,1,0
RU-A1041,img_cb9c2b3dcdaf7792,1,0
RU-A1041,img_e9e2d8a6e3bb6fd0,1,0
RU-A1041,img_4edfe2a0d1d3d101,1,0
RU-A1041,img_46e1ed339b9d2b58,1,0
RU-A1041,img_9904628cd5247f36,1,0
RU-A1041,img_6605651cf2cbfa78,1,0
RU-A1041,img_21db5173dedc6207,1,0
RU-A1041,img_c0a27d8f08881b4c,1,0
RU-A1041,img_b295e67b16459f3b,1,0
RU-A1041,img_26fdd9348b957064,1,0
RU-A1041,img_d851b13f840c7778,1,0
RU-A1041,img_cc5111bc314fe923,1,0
RU-A1041,img_8b1c9f26e5d9b8d8,1,0
RU-A1041,img_db131a5ce7b62dda,1,0
RU-A1041,img_4b0a723cd14a349f,1,0
RU-A1041,img_b1ff00b29c6daa6f,1,0
RU-A1041,img_74ebd8fe4797e5d3,1,0
RU-A1041,img_09b64a5b590a4f29,1,0
RU-A1041,img_74ebd8fe4797e5d3,1,0
RU-A1041,img_4b0a723cd14a349f,1,0
RU-A1041,img_5366a96fa0763832,1,0
RU-A1042,img_5eddcd93400acd81,1,3
RU-A1042,img_d232956663679119,1,3
RU-A1042,img_d9f240941e8e8d74,1,3
RU-A1042,img_aaefe08eac4ef17d,1,3
RU-A1042,img_71ab3f0a41fa9045,1,3
RU-A1042,img_b143c3d4151cdb47,1,3
RU-A1042,img_ad9bf67696b5bce4,1,3
RU-A1042,img_318806cbebd3e40c,1,3
RU-A1042,img_b02fe1bfb76cb082,1,3
RU-A1042,img_1bed3d095e45b90b,1,3
RU-A1042,img_ed1de1c62155531f,1,3
RU-A1042,img_0cf33035f0225825,1,3
RU-A1042,img_c343a8b4ee103e99,1,3
RU-A1042,img_9dbb6c356db47f9b,1,3
RU-A1042,img_46966554082507cd,1,3
RU-A1042,img_7003b9c1236a36bb,1,3
RU-A1042,img_f372ae4f2d8c6063,1,3
RU-A1042,img_554c7e76918a974f,1,3
RU-A1042,img_c986b69e6a4cb455,1,3
RU-A1042,img_b09f40a9e67f44ec,1,3
RU-A1042,img_988e5519ec119ade,1,3
RU-A1042,img_20a199898f1c86f9,1,3
RU-A1042,img_9fe6a75ea702764c,1,3
RU-A1042,img_d84985f472aaf216,1,3
RU-A1042,img_69cc312224b15bab,1,3
RU-A1042,img_02a6eb7fac9c7686,1,3
RU-A1042,img_49c5823ac031436f,1,3
RU-A1042,img_148ed926e86674f3,1,3
RU-A1042,img_e843208d4b2bbad7,1,3
RU-A1042,img_dab4b2a209450d02,1,3
RU-A1042,img_2d2f7d558e5372dd,1,3
RU-A1042,img_7113ff2fb3cc7b93,1,3
RU-A1042,img_19a4478223f60831,1,3
RU-A1042,img_d560c43135f7c272,1,3
RU-A1042,img_3fc2c723233d04c2,1,3
RU-A1042,img_79d5999493fdf5b7,1,3
RU-A1042,img_876d70a65ad1c03f,1,3
RU-A1042,img_945912ac1185f172,1,3
RU-A1042,img_05eb85fc9d6d0ac3,1,3
RU-A1042,img_d021aa4e213153bd,1,3
RU-A1042,img_8e3200f356650877,1,3
RU-A1042,img_00542949b0d86be0,1,3
RU-A1042,img_27b52deeb302da1e,1,3
RU-A1042,img_d972b647bd0c2c45,1,3
RU-A1042,img_a349b3bddd69fde5,1,3
RU-A1042,img_53fc03c2ba2abc29,1,3
RU-A1042,img_8f2bcc3d99ce9861,1,3
RU-A1042,img_6ba50b7e0aec2ea2,1,3
RU-A1042,img_ebe68870d8792f92,1,3
RU-A1042,img_520a3f1423af5c0a,1,3
RU-A1042,img_ce3cbb727fa80674,1,3
RU-A1042,img_1eb060ffbb3430f0,1,3
RU-A1042,img_f1e21abcfc66a3f4,1,3
RU-A1042,img_7248f4c22f8b488f,1,3
RU-A1042,img_b9b1a07923d91e00,1,3
RU-A1042,img_99619772fef9648d,1,3
RU-A1042,img_fddea2bbb8f6d169,1,3
RU-A1042,img_18a04dc73f1296fb,1,3
RU-A1268,img_0b6be21b2c8adf60,0,0
RU-A1268,img_999123a256378ff6,0,0
RU-A1268,img_b0e652e80d0fda11,0,0
RU-A1268,img_8ef0681eb1767cba,0,0
RU-A1268,img_8f2d1110677a5f5f,0,0
RU-A1268,img_85c87799d0e48760,0,0
RU-A1269,img_53bdca4579facd9f,0,0
RU-A1269,img_7fa7541c3dc50958,0,0
RU-A1269,img_6497017f19a57c8e,0,0
RU-A1269,img_dddb4282c038f4e7,0,0
RU-A1269,img_846da65f7229aafd,0,0
RU-A1269,img_19feac3fa6303e5c,0,0
RU-A1269,img_b13e8c326521c5b0,0,0
RU-A1269,img_da8be6dc495eac09,0,0
RU-A1269,img_5c1add6fa79b2f2e,0,0
RU-A1269,img_5cb08addb7f9a392,0,0
RU-A1269,img_ebd7312680fea5ea,0,0
RU-A1269,img_8b8c3407fdf97763,0,0
RU-A1269,img_a5fb265655e5f606,0,0
RU-A1269,img_0b434c1570009f87,0,0
RU-A1269,img_df472b958cf7fd39,0,0
RU-A1269,img_0fd4b9cb789376a1,0,0
RU-A1270,img_38bcdb04f0369ee3,0,1
RU-A1270,img_b47ad406a51ac3e2,0,1
RU-A1270,img_d08a7ea7742b7027,0,1
RU-A1270,img_e6a6d010a3e3db9c,0,1
RU-A1270,img_0b880a3ca91f71f0,0,1
RU-A1270,img_1bb3898256440551,0,1
RU-A1270,img_cfb44ad1ce5674fb,0,1
RU-A1270,img_f28cd596755b47bf,0,1
RU-A1270,img_7acf74e376230a9d,0,1
RU-A1270,img_b595bd481aad4e81,0,1
RU-A1270,img_68732bb99c35c284,0,1
RU-A1270,img_44bef1ceb7970292,0,1
RU-A1270,img_a1fbc6a2095ecd54,0,1
RU-A1272,img_a89cbffb5959cba3,0,1
RU-A1272,img_fd95b5355de8ddf2,0,1
RU-A1272,img_f32eb5bd572c5ccc,0,1
RU-A1272,img_58a094770584a1f0,0,1
RU-A1272,img_cd54c717438aa89e,0,1
RU-A1272,img_009e12e72c7bd70a,0,1
RU-A1272,img_99da1b711ff43799,0,1
RU-A1272,img_f8a3bebfeaa4fd2b,0,1
RU-A1272,img_ec35af20a2e8d762,0,1
RU-A1272,img_23087ae66de2fa1f,0,1
RU-A1272,img_feaa5401e0bf0df2,0,1
RU-A1273,img_4960024d1efe15d4,0,3
RU-A1273,img_5f64ef5c7defeff6,0,3
RU-A1273,img_b371e91f5cbddbe4,0,3
RU-A1273,img_80db10a8bb01823c,0,3
RU-A1273,img_29e94b4da5c96aec,0,3
RU-A1273,img_157591b87a633ace,0,3
RU-A1273,img_1d68d30c6ee34d1f,0,3
RU-A1273,img_0c731df55c4b55ad,0,3
RU-A1273,img_e35b1976380244a5,0,3
RU-A1273,img_e6476888feef1d98,0,3
RU-A1273,img_2ffb6aa16ba020f3,0,3
RU-A1273,img_751dae15f4d5f0ff,0,3
RU-A1273,img_72bdd076528bd9da,0,3
RU-A1273,img_1e516943dcac3a12,0,3
RU-A1273,img_1f880f6080a9389a,0,3
RU-A1273,img_4a128763415fffb9,0,3
RU-A1274,img_d7370df4186b642e,0,1
RU-A1274,img_b08f1df3664d1dfe,0,1
RU-A1274,img_7da0285a7c37274d,0,1
RU-A1274,img_1333002e933acc0a,0,1
RU-A1274,img_d94d45633521532d,0,1
RU-A1274,img_cd7cceac77759855,0,1
RU-A1274,img_b87b84242a4e780c,0,1
RU-A1274,img_2d7530912a1e94b6,0,1
RU-A1274,img_6cb56da06b7fa47d,0,1
RU-A1274,img_7353c185f84d51c1,0,1
RU-A1274,img_b95451f1772104fc,0,1
RU-A1274,img_64cbc49db4dd4f0c,0,1
RU-A1274,img_f8a7b0313db911da,0,1
RU-A1274,img_70bd0974825c8b86,0,1
RU-A1274,img_fdd6a48ca1bfe50d,0,1
RU-A1276,img_30be5c94543ef28a,0,0
RU-A1276,img_dc345c72b5d861ee,0,0
RU-A1276,img_5e51e07f891ff79b,0,0
RU-A1276,img_791186871b0855a1,0,0
RU-A1276,img_c3f33b11de8c1069,0,0
RU-A1276,img_ccc77c3040da15f4,0,0
RU-A1276,img_452004518187fb25,0,0
RU-A1276,img_a19805f48f0b78a8,0,0
RU-A1276,img_7e12ca5cfe3214db,0,0
RU-A1276,img_172c6d4ca33024d4,0,0
RU-A1276,img_c2085f423e21b6f0,0,0
RU-A1276,img_de92be6ec4155644,0,0
RU-A1276,img_3e57e35a7ff4f934,0,0
RU-A1276,img_3e57e35a7ff4f934,0,0
RU-A1278,img_7b0c1feab3789d06,0,2
RU-A1278,img_b13ba42334b2c33f,0,2
RU-A1278,img_5e4d8ff7319727a3,0,2
RU-A1278,img_cd66e314ac9d533a,0,2
RU-A1278,img_1c9c6656b55836b2,0,2
RU-A1278,img_f8c0ba76c228838d,0,2
RU-A1278,img_deff87cdcc436f5c,0,2
RU-A1278,img_c8214d76fe8f8e2e,0,2
RU-A1278,img_3f927ebd903d78cc,0,2
RU-A1278,img_2d05b921545955a8,0,2
RU-A1278,img_dab0af3ceeba5439,0,2
RU-A1278,img_dab0af3ceeba5439,0,2
RU-A1277,img_1cc46aadf06684bb,0,3
RU-A1277,img_cffdb8567fdbd8da,0,3
RU-A1277,img_0bdbae9c9ebe13bb,0,3
RU-A1277,img_f6d96fcb13adcff1,0,3
RU-A1277,img_800257b72e9a323e,0,3
RU-A1277,img_5692a857373db6d3,0,3
RU-A1277,img_994f1eb0f59231c7,0,3
RU-A1277,img_c657b970eec5e973,0,3
RU-A1277,img_0b6da8ab165d5751,0,3
RU-A1277,img_fd72cfa6eb9f5c1c,0,3
RU-A1277,img_8b01163fd8b9143c,0,3
RU-A1277,img_38f35a327c2c6879,0,3
RU-A1277,img_332ab029fb0438d2,0,3
RU-A1277,img_54241fa490af4660,0,3
RU-A1277,img_0204a604cf94463f,0,3
RU-A1277,img_e215b1a8315f0fad,0,3
RU-A1277,img_46a96fdeb2ba1950,0,3
RU-A1277,img_bbf2b0bec945572c,0,3
RU-A1279,img_6c0fff5f049b2b29,0,2
RU-A1279,img_170a2bf02e802dec,0,2
RU-A1279,img_9f65a646d7920afe,0,2
RU-A1279,img_cc612087bfbdfb21,0,2
RU-A1279,img_e47bf20e2498bbb2,0,2
RU-A1279,img_a958b94475775659,0,2
RU-A1279,img_b0d54d149682f24f,0,2
RU-A1279,img_c04a30c4bca27998,0,2
RU-A1279,img_610fae3889048ea7,0,2
RU-A1279,img_053de2cb7a4ec9d7,0,2
RU-A1279,img_abcbb6eb9987d2b6,0,2
RU-A1279,img_a6f941549a6c8f2e,0,2
RU-A1279,img_cb3935ccbe629951,0,2
RU-A1279,img_2f64cb764a5de351,0,2
RU-A1279,img_ed64e55e0f79157b,0,2
RU-A1279,img_788088d5110ba322,0,2
RU-A1279,img_d4e55a9a872d75bf,0,2
RU-A1279,img_6d0f2d62cfcaa634,0,2
RU-A1279,img_30633c165fca60d9,0,2
RU-A1280,img_4d999ea619b50da9,0,0
RU-A1280,img_31b3098fe97093c7,0,0
RU-A1280,img_dff6bba202d767af,0,0
RU-A1280,img_e19ffc7f6c351cec,0,0
RU-A1280,img_8ca38e4ad26471aa,0,0
RU-A1280,img_4fecc08ca54a4bad,0,0
RU-A1064,img_a6851a225117fbcb,0,1
RU-A1064,img_5e264bf4434b6b57,0,1
RU-A1064,img_382757dc5d78fb3d,0,1
RU-A1064,img_866e490de3e581e8,0,1
RU-A1064,img_688f3feafcfa3581,0,1
RU-A1064,img_12c8b71b4b82a5e0,0,1
RU-A1064,img_a93131233f27a9bc,0,1
RU-A1064,img_c9bf059ca78e1cb8,0,1
RU-A1064,img_a32381596d29ef4b,0,1
RU-A1064,img_262a93c6b5986f9c,0,1
RU-A1156,img_094624defb3d6e04,1,3
RU-A1156,img_e71efe71750c2af4,1,3
RU-A1156,img_a8349e23f0ed1385,1,3
RU-A1156,img_f7d59d3e11e249be,1,3
RU-A1156,img_056af5ca7cb669a1,1,3
RU-A1156,img_665cb908d67eeb62,1,3
RU-A1156,img_d276e46e44b0e906,1,3
RU-A1156,img_aa1ec292c8744393,1,3
RU-A1156,img_ad01e4b8bb3d48b0,1,3
RU-A1156,img_a11a0cb66cc93a76,1,3
RU-A1156,img_19c1a02ee99cad87,1,3
RU-A1156,img_64a8e707014c0c84,1,3
RU-A1156,img_064091fd4d87763a,1,3
RU-A1156,img_f5b8205e0d01b82d,1,3
RU-A1156,img_32e88d92e1d0bd3d,1,3
RU-A1156,img_965258baf8fec994,1,3
RU-A1156,img_d6d72ef0821da24a,1,3
RU-A1156,img_a1ee5f12b35ce09d,1,3
RU-A1156,img_2ad7828ac19b5f6c,1,3
RU-A1156,img_00a73c30300728bc,1,3
RU-A1156,img_683f9fdb2d3bd77f,1,3
RU-A1156,img_2986dbe2ffa0dbed,1,3
RU-A1156,img_f9c8ccd01f98acde,1,3
RU-A1156,img_b93169c4ce14393a,1,3
RU-A1156,img_30fafafbed014bb2,1,3
RU-A1156,img_920b72db2132a449,1,3
RU-A1156,img_5425640a754d30f4,1,3
RU-A1156,img_44d8f1454fb9cf44,1,3
RU-A1156,img_ae7d35ed5a92dfa6,1,3
RU-A1156,img_1a7e3fa466efbb28,1,3
RU-A1156,img_7548f338dd6cad92,1,3
RU-A1175,img_30772dd4108bcfa9,0,4
RU-A1175,img_4a6f4764434e9581,0,4
RU-A1175,img_9569faecbd055d80,0,4
RU-A1175,img_2b21e680688df9d7,0,4
RU-A1175,img_988abb8e7d96248d,0,4
RU-A1175,img_c21f9b2149c979be,0,4
RU-A1175,img_c21f9b2149c979be,0,4
RU-A1175,img_5016976a877f9dc0,0,4
RU-A1175,img_1660bee06a29174b,0,4
RU-A1175,img_90c4f65acd987813,0,4
RU-A1175,img_8ea92b02f7c1a7f8,0,4
RU-A1175,img_efce141a42218466,0,4
RU-A1175,img_f287b412c0b2bc48,0,4
RU-A1180,img_b38e73507dc7c407,1,2
RU-A1180,img_bf6e5a188405bbf9,1,2
RU-A1180,img_42dff085b350b820,1,2
RU-A1180,img_f9ba8b6531c35a4b,1,2
RU-A1137,img_56ad42587a41d13f,0,3
RU-A1137,img_420d32447d27d9ad,0,3
RU-A1137,img_f8596336cbb6ab7e,0,3
RU-A1137,img_27f241b33f4cd1b9,0,3
RU-A1137,img_c3d6dd135a809758,0,3
RU-A1137,img_b5c886eb2eb77b1b,0,3
RU-A1137,img_07b535625520b4aa,0,3
RU-A1137,img_efc57a0e01321253,0,3
RU-A1150,img_6793bd512d8d268d,0,4
RU-A1150,img_c275765ff341dca4,0,4
RU-A1150,img_d419321a83b4e02d,0,4
RU-A1150,img_065d841c32f09fdc,0,4
RU-A1150,img_37f5dfcd2b0e80b3,0,4
RU-A1150,img_af3a113db2d46354,0,4
RU-A1150,img_e574f619da841664,0,4
RU-A1150,img_85b8f5256f9d2692,0,4
RU-A1150,img_1280c34f8036f285,0,4
RU-A1150,img_050e74da2ea6e27f,0,4
RU-A1186,img_f82d99ec2aebfb87,0,4
RU-A1186,img_a3daa22244771c75,0,4
RU-A1186,img_d29fac8345943833,0,4
RU-A1186,img_6ba5da9a53bdc8d2,0,4
RU-A1186,img_7ba5450aafdbfeec,0,4
RU-A1186,img_0ebfc2931c2621b4,0,4
RU-A1186,img_8511530d67193842,0,4
RU-A1186,img_a60ffee6723789ae,0,4
RU-A1186,img_98755a6cc5be5ca7,0,4
RU-A1186,img_bda19b74d37a24d5,0,4
RU-A1186,img_dda4dacc9fc2affb,0,4
RU-A1186,img_0c71c2316ca6e6c7,0,4
RU-A1186,img_195a63a620799581,0,4
RU-A1186,img_14bf0796f92ea231,0,4
RU-A1186,img_40d657bdfce999b1,0,4
RU-A1186,img_407460dbab18f742,0,4
RU-A1186,img_43ee7c6f5bd75451,0,4
RU-A1186,img_c6b0ddb3934b9c16,0,4
RU-A1186,img_20db6aa84c4c931a,0,4
RU-A1186,img_b9e41703bfd0841d,0,4
RU-A1187,img_209d97bee68fda97,0,0
RU-A1187,img_9fc9c7c07b043792,0,0
RU-A1187,img_1cfefb28992f74bc,0,0
RU-A1187,img_413262bbfcb8b1e1,0,0
RU-A1187,img_c370893f7a9ede8c,0,0
RU-A1187,img_5ec05b3c5765141e,0,0
RU-A1187,img_e5cb30c2e6a5e193,0,0
RU-A1187,img_22d4734c37063186,0,0
RU-A1187,img_f1f434f04000da53,0,0
RU-A1187,img_589ea4fd74ad6a72,0,0
RU-A1187,img_f9261bb2a89b8873,0,0
RU-A1187,img_771210474a95b8b2,0,0
RU-A1187,img_39735991c43cdcd3,0,0
RU-A1187,img_bc48652e78ea9a72,0,0
RU-A1187,img_9d1bdeae69a9b615,0,0
RU-A1187,img_427b3e09ff5547c7,0,0
RU-A1187,img_a18ac4768d9698cd,0,0
RU-A1187,img_647a70889061cc31,0,0
RU-A1028,img_3c1a648dc774b80d,0,3
RU-A1028,img_b84f1a49b1e45947,0,3
RU-A1028,img_e6b188865b934d48,0,3
RU-A1028,img_9485608a01a2802b,0,3
RU-A1028,img_50ce9da389740cd2,0,3
RU-A1028,img_fd676e165ba74bf0,0,3
RU-A1028,img_9e47df40c8ddcb1d,0,3
RU-A1078,img_a86ed017552be765,1,1
RU-A1078,img_68a5b50165104e23,1,1
RU-A1078,img_9b7eee0e78a7e276,1,1
RU-A1078,img_d45c16d2bfa98103,1,1
RU-A1078,img_d92680e01bdd84a7,1,1
RU-A1078,img_b8a47edb240d9a9b,1,1
RU-A1078,img_9af4861df0f742c7,1,1
RU-A1078,img_23fb1ad032ebb4a2,1,1
RU-A1078,img_1f21e5f4d12309a7,1,1
RU-A1078,img_fac47d93c4e9b070,1,1
RU-A1078,img_ad109832c06ae441,1,1
RU-A1078,img_8e0767ffc60fe33c,1,1
RU-A1079,img_7870d359d74857c0,0,2
RU-A1079,img_ac02afc1e7eb373e,0,2
RU-A1079,img_ad1158cf86d294e1,0,2
RU-A1079,img_4de1e43817e4e22a,0,2
RU-A1079,img_baa2a52693417b0d,0,2
RU-A1079,img_e70fac0d76b1d74b,0,2
RU-A1079,img_a3b6f333efc7ce19,0,2
RU-A1079,img_b63857d28eea4cf4,0,2
RU-A1079,img_de364242bebc9c9d,0,2
RU-A1079,img_d054e1c68921e0bd,0,2
RU-A1079,img_7f3a3913f25bb6c6,0,2
RU-A1079,img_5041558f8a325d01,0,2
RU-A1079,img_3a92405136b435c5,0,2
RU-A1079,img_3a92405136b435c5,0,2
RU-A1079,img_24ff27e224f768c6,0,2
RU-A1079,img_24ff27e224f768c6,0,2
RU-A1079,img_925ea64989476711,0,2
RU-A1079,img_536094d2c4858816,0,2
RU-A1081,img_aa03307b4748da7c,0,0
RU-A1081,img_4b5d59b7666caeb2,0,0
RU-A1081,img_c7bdef980998a0b4,0,0
RU-A1081,img_c7bdef980998a0b4,0,0
RU-A1081,img_10135927fd7b74e7,0,0
RU-A1081,img_1b38f620df9cd1c5,0,0
RU-A1081,img_939e296f0c420851,0,0
RU-A1081,img_09be96d6d30fb98c,0,0
RU-A1082,img_5e794b468cdfc4fe,0,0
RU-A1082,img_a226959602cac093,0,0
RU-A1082,img_789327675c233bd8,0,0
RU-A1082,img_789327675c233bd8,0,0
RU-A1082,img_90b26091fff534cd,0,0
RU-A1082,img_129515e703b481cd,0,0
RU-A1082,img_92cfcd4509f3a24f,0,0
RU-A1082,img_6c012193b1e94d25,0,0
RU-A1082,img_dffaf8a7b9b9033d,0,0
RU-A1082,img_1c3af867a8fdf26c,0,0
RU-A1082,img_26cd8962cb5a74eb,0,0
RU-A1082,img_85aa99acc424b906,0,0
RU-A1082,img_36897e28517ddb1f,0,0
RU-A1082,img_3199e8638f192b55,0,0
RU-A1082,img_2cc004635768cc7f,0,0
RU-A1082,img_604eb42425c4d552,0,0
RU-A1082,img_991c3d0b52ad5310,0,0
RU-A1082,img_1133dd7a7a6c47e0,0,0
RU-A1082,img_3e5fb6b9d4e762b4,0,0
RU-A1082,img_56f1a271ed1a28d0,0,0
RU-A1082,img_d79a086a3c1b811a,0,0
RU-A1082,img_d79a086a3c1b811a,0,0
RU-A1082,img_f89350225734bb8d,0,0
RU-A1082,img_f6ef80d9ea256a64,0,0
RU-A1083,img_5139928cc3444c7b,0,1
RU-A1083,img_664e185898657c63,0,1
RU-A1083,img_80b3c730d7ded392,0,1
RU-A1083,img_877d8e27155f752f,0,1
RU-A1083,img_2f0989eb4673c2fd,0,1
RU-A1083,img_be8a0272e0599470,0,1
RU-A1083,img_fd67fab2fe72e872,0,1
RU-A1083,img_1ccec71b4416fd63,0,1
RU-A1084,img_8e23a043abbba07f,0,4
RU-A1084,img_fb3f1ce455115474,0,4
RU-A1084,img_db1a74c82562304c,0,4
RU-A1084,img_de993738e286581f,0,4
RU-A1084,img_ada708e57b01c3c8,0,4
RU-A1084,img_a0b8b38fe7d2789d,0,4
RU-A1084,img_31e9df9a835f7eda,0,4
RU-A1084,img_bb976eb440ac7f37,0,4
RU-A1084,img_58617b80390d35be,0,4
RU-A1084,img_738680b03a52948b,0,4
RU-A1084,img_385f0807a9a54c02,0,4
RU-A1084,img_9de76103ad4f2dd7,0,4
RU-A1084,img_fac9d2926c0e63b2,0,4
RU-A1084,img_292e66079b42b5fe,0,4
RU-A1084,img_28271672e954b37d,0,4
RU-A1084,img_868abe50067b2c1b,0,4
RU-A1084,img_0c0d8930acd62040,0,4
RU-A1084,img_26610022ca0f9669,0,4
RU-A1084,img_b2db014757101fdc,0,4
RU-A1084,img_a3b0040766d5c348,0,4
RU-A1084,img_7abb70a644ac01d7,0,4
RU-A1084,img_aff8c0cfce060f19,0,4
RU-A1084,img_75a7cc7b70ffed18,0,4
RU-A1084,img_d2927f5863cc9afe,0,4
RU-A1084,img_7a848efa01d2ab5b,0,4
RU-A1084,img_989bf1c42bab2058,0,4
RU-A1084,img_6c6985fc7a4dc9f1,0,4
RU-A1084,img_120829c679515f60,0,4
RU-A1084,img_604339027e323f43,0,4
RU-A1084,img_0603f1a7d217e1fa,0,4
RU-A1084,img_7a247eeb34f69a1e,0,4
RU-A1084,img_4c411511595d9dd3,0,4
RU-A1084,img_a3ef717e825aca6b,0,4
RU-A1084,img_9aec24e380226cbb,0,4
RU-A1084,img_76c83c593be3dc5d,0,4
RU-A1084,img_1fab06a8075c9837,0,4
RU-A1084,img_3c94be12f9452a49,0,4
RU-A1084,img_095a20697f55aabf,0,4
RU-A1084,img_ff4f7525a09fc5b1,0,4
RU-A1084,img_cf529bb7ef0e7732,0,4
RU-A1084,img_646cf78d46d82197,0,4
RU-A1084,img_fae698fe99a4f049,0,4
RU-A1084,img_ce34feaf9c152e45,0,4
RU-A1084,img_f3914985a79103ac,0,4
RU-A1084,img_0d7490ad0f8da910,0,4
RU-A1084,img_432603b05d9127b1,0,4
RU-A1084,img_51c234008982d131,0,4
RU-A1084,img_ed1f8cc726d6e744,0,4
RU-A1084,img_28395d2246bf2fab,0,4
RU-A1084,img_2e32ef66ddff8940,0,4
RU-A1084,img_dbc45ec4608d9fb7,0,4
RU-A1084,img_262de30b4f1e3f06,0,4
RU-A1084,img_8aa96eb0ac87f648,0,4
RU-A1084,img_30fb37bb30a7d793,0,4
RU-A1084,img_78424e1cd8cfac32,0,4
RU-A1084,img_3cdefaa1a1f607f7,0,4
RU-A1084,img_e7b88ff096926ed5,0,4
RU-A1084,img_18675dfd5c3d583e,0,4
RU-A1084,img_f1e58efa7e8a4b89,0,4
RU-A1084,img_ee4e31ef61fede0d,0,4
RU-A1084,img_a45c477a9e25b817,0,4
RU-A1084,img_a503e37490f97644,0,4
RU-A1084,img_a6af44adb5b4e3fc,0,4
RU-A1084,img_06116b4fd85491e7,0,4
RU-A1084,img_50792255bd7eda9a,0,4
RU-A1084,img_06acac87fb8e9c81,0,4
RU-A1084,img_b091d058d104f6c8,0,4
RU-A1084,img_86a7d12d98bf8834,0,4
RU-A1084,img_b6986b884f54f94c,0,4
RU-A1084,img_0053270539984ba1,0,4
RU-A1084,img_680916680333756e,0,4
RU-A1084,img_8efbbb07c40d273b,0,4
RU-A1084,img_bb86ae9b108c6b0e,0,4
RU-A1084,img_59bb31e6589ae331,0,4
RU-A1084,img_e1e817fdf5a1d7b2,0,4
RU-A1084,img_9bf276f4353f10c8,0,4
RU-A1084,img_a68613c16ca15a3c,0,4
RU-A1084,img_7ac39cefc2d5ef18,0,4
RU-A1084,img_a7207d192f757a1a,0,4
RU-A1084,img_0d2967c3393ee942,0,4
RU-A1084,img_d0f036473a95231f,0,4
RU-A1084,img_b39057179480b53f,0,4
RU-A1084,img_46b97e6adb87c027,0,4
RU-A1084,img_46b97e6adb87c027,0,4
RU-A1085,img_d2840a0efc4d0500,0,4
RU-A1085,img_86de0b7084b511bc,0,4
RU-A1085,img_421946506fd626cb,0,4
RU-A1085,img_a51137854d80c772,0,4
RU-A1085,img_8d16fe52b0ac7627,0,4
RU-A1085,img_884d0c900a4399a5,0,4
RU-A1085,img_4f0f0942e9b61eeb,0,4
RU-A1085,img_4f0f0942e9b61eeb,0,4
RU-A1085,img_e2508b2a0691ada6,0,4
RU-A1085,img_243a2e132269c95d,0,4
RU-A1085,img_367959deedaa28fe,0,4
RU-A1085,img_58e889d407e217f4,0,4
RU-A1085,img_4b85cdf8d4ef0826,0,4
RU-A1085,img_17b3c6d65d15df0d,0,4
RU-A1085,img_f90427fe5c2068ff,0,4
RU-A1085,img_fbcb78fc05b5c449,0,4
RU-A1085,img_ed0e5c028fbfabe5,0,4
RU-A1085,img_24fdb91b79324aee,0,4
RU-A1085,img_873d59a64c84046d,0,4
RU-A1085,img_dd84221b919004cb,0,4
RU-A1085,img_398da96546b0066c,0,4
RU-A1085,img_36adfb8a249878af,0,4
RU-A1085,img_40f7e4d572e3f1ca,0,4
RU-A1085,img_2df6854354572d95,0,4
RU-A1085,img_fb2304de8433aa8e,0,4
RU-A1085,img_741c686364f3b42f,0,4
RU-A1085,img_f336dd1256b709c6,0,4
RU-A1085,img_2511cc7ca01ff2d5,0,4
RU-A1085,img_a13bf593c6dbb122,0,4
RU-A1085,img_84bffe37b2d26cd5,0,4
RU-A1087,img_4306561128354096,0,4
RU-A1087,img_38737445203e2c13,0,4
RU-A1087,img_dab65d5c5e8f6d55,0,4
RU-A1087,img_840f75a422ad264a,0,4
RU-A1087,img_b55ab284dfe108d9,0,4
RU-A1087,img_9c63f1ff0c8ee69b,0,4
RU-A1087,img_2ca95915a88ac9c9,0,4
RU-A1087,img_010c3e808818e708,0,4
RU-A1087,img_67fe8b732c9b3da3,0,4
RU-A1087,img_ac5b45746d7ebf5c,0,4
RU-A1087,img_d1435d697349c4a4,0,4
RU-A1087,img_7ec30c18756e84a1,0,4
RU-A1087,img_d390e1fe357740b6,0,4
RU-A1087,img_41c3a431d202b410,0,4
RU-A1088,img_5694015d04cb2b93,0,0
RU-A1088,img_63789a8078373372,0,0
RU-A1088,img_96957e32a9b45bfc,0,0
RU-A1088,img_e16367602a287edd,0,0
RU-A1088,img_1f9a100db998bf48,0,0
RU-A1088,img_341bd79bfbb32464,0,0
RU-A1088,img_d465b338932e403e,0,0
RU-A1088,img_38575cb854539b8c,0,0
RU-A1088,img_38575cb854539b8c,0,0
RU-A1088,img_6ac9d9272ee184db,0,0
RU-A1088,img_0c255eb4d4280770,0,0
RU-A1088,img_f45d14e7e3c67467,0,0
RU-A1088,img_81d6bfbdc30c27ff,0,0
RU-A1088,img_2b577ae92b382d83,0,0
RU-A1088,img_0d7fb78e4f080a56,0,0
RU-A1090,img_46a65741768cefd1,0,0
RU-A1090,img_46a65741768cefd1,0,0
RU-A1090,img_02cafda702c58f3d,0,0
RU-A1090,img_55746d1544908753,0,0
RU-A1090,img_7c6912da4ffd5750,0,0
RU-A1090,img_547350790b5bc200,0,0
RU-A1090,img_e4c492a7436a7907,0,0
RU-A1090,img_8f4ecd186cf1dc29,0,0
RU-A1090,img_12dc93313669830c,0,0
RU-A1090,img_20ce68ea5e35dc51,0,0
RU-A1090,img_1faed8b99edcbf33,0,0
RU-A1090,img_0b1ccdaaceb97df4,0,0
RU-A1091,img_0b037bfdcf6b6ca3,0,2
RU-A1091,img_7f506472aa47329f,0,2
RU-A1091,img_496d40d4bdcfa3c7,0,2
RU-A1091,img_496d40d4bdcfa3c7,0,2
RU-A1091,img_9053b6bd763c8b8d,0,2
RU-A1091,img_9053b6bd763c8b8d,0,2
RU-A1091,img_ebb3a517d781b7b0,0,2
RU-A1091,img_ebb3a517d781b7b0,0,2
RU-A1091,img_e443fd4109c97deb,0,2
RU-A1091,img_e31c4bb368dcff18,0,2
RU-A1091,img_5f053b9de856ee74,0,2
RU-A1091,img_363e705648ab44c3,0,2
RU-A1091,img_23e6a7a181090eab,0,2
RU-A1091,img_319c90b60993f854,0,2
RU-A1092,img_8c37cebdc426aa15,0,1
RU-A1092,img_24384ed0c7c80a3e,0,1
RU-A1092,img_fd5e04009c989483,0,1
RU-A1092,img_2689ab49025de65b,0,1
RU-A1092,img_01700a28dbd98744,0,1
RU-A1092,img_e1b2da4fc40c44ee,0,1
RU-A1092,img_642fae92d1365da2,0,1
RU-A1092,img_d6e31cb8399a434c,0,1
RU-A1092,img_7bb8ce1213dfd56e,0,1
RU-A1092,img_953bb7a54e2b3dd7,0,1
RU-A1092,img_e7adf3d837f8f24f,0,1
RU-A1092,img_60f3231643f0ca0f,0,1
RU-A1093,img_3237750f84200969,0,2
RU-A1093,img_6a05c8be91397b37,0,2
RU-A1093,img_54f5c30a4e218882,0,2
RU-A1093,img_bdac7bc8cc858c70,0,2
RU-A1093,img_1ab22373201f5713,0,2
RU-A1093,img_1eb08913720bd9be,0,2
RU-A1093,img_8924ade5313c451f,0,2
RU-A1093,img_e5f0500a197ebc5b,0,2
RU-A1093,img_9109d92681140b6f,0,2
RU-A1093,img_7dacf9f970a2acba,0,2
RU-A1094,img_470109ef7dffa091,0,2
RU-A1094,img_e736a3a9fb7645d9,0,2
RU-A1094,img_d2241ea491a9017b,0,2
RU-A1094,img_afaf3f57a08879c3,0,2
RU-A1094,img_869f691e53f11af1,0,2
RU-A1094,img_08c3b61d5240692f,0,2
RU-A1094,img_f7ee3009a6869a18,0,2
RU-A1094,img_4345f685c8a4d5bb,0,2
RU-A1094,img_60a208321633f4f3,0,2
RU-A1094,img_b8e171fcd99bd91a,0,2
RU-A1094,img_20bd4adf9dea9a4e,0,2
RU-A1094,img_54afa08ac2c15760,0,2
RU-A1094,img_c60cb09190dbb26c,0,2
RU-A1094,img_089bb8c56c8c0983,0,2
RU-A1094,img_88e96e10c56a3e69,0,2
RU-A1094,img_86961c965280d8a8,0,2
RU-A1094,img_ef655038b708a963,0,2
RU-A1094,img_f2da35adfd4ce880,0,2
RU-A1094,img_0c7f75d21828c23c,0,2
RU-A1094,img_e2224c03fa7c8d24,0,2
RU-A1094,img_e802bea95809b264,0,2
RU-A1094,img_f4386dd4976b882e,0,2
RU-A1094,img_45f099d567e8333a,0,2
RU-A1094,img_ef9a732d6509eae6,0,2
RU-A1094,img_902989ce5048de9a,0,2
RU-A1094,img_18b96c6949455734,0,2
RU-A1094,img_33bbf964e1bf25da,0,2
RU-A1094,img_9b0d5d01c772dff8,0,2
RU-A1094,img_92891a86a8c1c63f,0,2
RU-A1094,img_c595694c463ca614,0,2
RU-A1095,img_cfe40bba1a0f810e,0,0
RU-A1095,img_4b773350aaebdbd9,0,0
RU-A1095,img_f3cc0d6b7a6c2a46,0,0
RU-A1095,img_c996bb01a3e89b4c,0,0
RU-A1095,img_e24a827388d07178,0,0
RU-A1095,img_8b639a4d807c6044,0,0
RU-A1095,img_deefb793a0c050cc,0,0
RU-A1095,img_fc0d79d4e55034df,0,0
RU-A1095,img_d9b6a3db6e8ae495,0,0
RU-A1095,img_15e6b6086ff6149b,0,0
RU-A1095,img_a664fc6e46ef2617,0,0
RU-A1095,img_575cdb01c8bad634,0,0
RU-A1096,img_f6c310321f59d359,0,0
RU-A1096,img_c35849104c118fc6,0,0
RU-A1096,img_d5d57717703a052a,0,0
RU-A1096,img_a0ccab2224837eda,0,0
RU-A1096,img_5e6622b02478a5a4,0,0
RU-A1096,img_7b2f91f4f7f6fcaa,0,0
RU-A1096,img_be24564b1ddcd56f,0,0
RU-A1096,img_bc4744b3c20684fe,0,0
RU-A1096,img_ac941b46f905083f,0,0
RU-A1096,img_c4addf21d7357407,0,0
RU-A1096,img_66651c5274ff6450,0,0
RU-A1096,img_6188fce15de78f14,0,0
RU-A1096,img_8a3fbf4952c9a275,0,0
RU-A1096,img_e7f7a8b02fbfe305,0,0
RU-A1100,img_f0bd0fff94bb343f,0,1
RU-A1100,img_7d0aad024ce8d3db,0,1
RU-A1100,img_54c7460ad88dfb08,0,1
RU-A1100,img_378c9a2b6359dcc9,0,1
RU-A1100,img_2e42acf9a04b00ac,0,1
RU-A1100,img_7178489d049aad3c,0,1
RU-A1100,img_896594f32f23cf2e,0,1
RU-A1100,img_21518f275ea66d96,0,1
RU-A1100,img_3f7f3e918750c1e6,0,1
RU-A1100,img_f4f7a0ae77d82517,0,1
RU-A1148,img_24de2e0982f61085,0,0
RU-A1148,img_90c41845dbb766e6,0,0
RU-A1148,img_ee1a82ed2b3e797a,0,0
RU-A1148,img_684717b277a31841,0,0
RU-A1148,img_f10d9b13c8dd1747,0,0
RU-A1148,img_7ee9dfd8047937f2,0,0
RU-A1148,img_2a58a1517acbcc36,0,0
RU-A1148,img_05b1e36af95dec4d,0,0
RU-A1148,img_01039c4b1b623173,0,0
RU-A1148,img_3d509547e54a2108,0,0
RU-A1148,img_8967c7a139024808,0,0
RU-A1151,img_aeb0e4d98421c6ab,0,1
RU-A1151,img_8331c3e1b7e45f52,0,1
RU-A1151,img_4ffca469306da905,0,1
RU-A1151,img_b40fc62c55e17412,0,1
RU-A1151,img_6c74f2ffa84c278b,0,1
RU-A1151,img_69da023df1138ae9,0,1
RU-A1151,img_c607772263a5f3ea,0,1
RU-A1151,img_dcc27cd9ea570257,0,1
RU-A1151,img_ba998cde48614b6a,0,1
RU-A1151,img_e66a65c1c2a86039,0,1
RU-A1151,img_a20df0225e2fcc82,0,1
RU-A1151,img_411718db75334de1,0,1
RU-A1151,img_1f2b5425ad07191d,0,1
RU-A1151,img_2251d9bdf7dbf0e6,0,1
RU-A1151,img_07cdeca75270eea0,0,1
RU-A1151,img_c9397d67b9b2e0e2,0,1
RU-A1151,img_88bb0ec6ba46ac97,0,1
RU-A1151,img_9f18b3aba6cc0de5,0,1
RU-A1151,img_436e14e41d5ec0de,0,1
RU-A1151,img_22c68495bc9bf5e5,0,1
RU-A1151,img_db69759eb5f70678,0,1
RU-A1151,img_dd732375ed43ee05,0,1
RU-A1151,img_e2447950edf6eec0,0,1
RU-A1151,img_30680972dc268360,0,1
RU-A1151,img_906468ac2b6883a3,0,1
RU-A1151,img_ebae27221ad510aa,0,1
RU-A1151,img_c6f74f9a42780d69,0,1
RU-A1151,img_148ce4dfe759a4f0,0,1
RU-A1151,img_f85d1d03ee946252,0,1
RU-A1151,img_a7b2ea7c92412bd6,0,1
RU-A1151,img_36ad6dd7a366d4fa,0,1
RU-A1151,img_0282c29d2b70e91e,0,1
RU-A1152,img_9f36ccabffb91127,0,4
RU-A1152,img_02cd3a50e5722f10,0,4
RU-A1152,img_84a872e80fbba85f,0,4
RU-A1152,img_79ed47c25e1cc9e8,0,4
RU-A1152,img_b2de56818450326b,0,4
RU-A1152,img_c660dad4197daee3,0,4
RU-A1152,img_1b752091dee4c518,0,4
RU-A1152,img_20cb8b00b4c70d4a,0,4
RU-A1152,img_5cb4e0b0f3856695,0,4
RU-A1152,img_c8672f4e365313ce,0,4
RU-A1152,img_bb5ced28cffced61,0,4
RU-A1152,img_95f65e514da15b61,0,4
RU-A1157,img_edf10333b01583a1,0,3
RU-A1157,img_68ac587fb25cb1d8,0,3
RU-A1157,img_af212b8c3b553075,0,3
RU-A1157,img_d4ae8091ae0757af,0,3
RU-A1157,img_3761fc6f346e7291,0,3
RU-A1157,img_853bd35efc6e7f39,0,3
RU-A1157,img_338fb93b842d44ce,0,3
RU-A1157,img_056d0d0ca60d70a7,0,3
RU-A1157,img_a3710a69051a17b1,0,3
RU-A1157,img_d0a7bc73fef9e701,0,3
RU-A1157,img_acee21b7f9f9bccc,0,3
RU-A1157,img_7f4faa8ec619c7ca,0,3
RU-A1157,img_a44f85b42d3405c3,0,3
RU-A1157,img_a2c4c778b6fd866f,0,3
RU-A1157,img_b0fbe72697137acb,0,3
RU-A1157,img_d95a5f98abe2aa6a,0,3
RU-A1157,img_82509bdad829118f,0,3
RU-A1157,img_bc6cde8db9be9374,0,3
RU-A1157,img_ef60f5a06548d674,0,3
RU-A1157,img_c511d5fc6dfd2591,0,3
RU-A1157,img_20cd221b066c7c94,0,3
RU-A1157,img_7b6ec727f530181b,0,3
RU-A1157,img_e2517a99a46f1684,0,3
RU-A1158,img_531d8e9ac93b5827,0,0
RU-A1158,img_e523ce4510d872bc,0,0
RU-A1158,img_1cdc62e4c8543327,0,0
RU-A1158,img_6e0adb91b34377c3,0,0
RU-A1158,img_bd5fac1beb00b89e,0,0
RU-A1158,img_4593d4fb03c4aa2e,0,0
RU-A1158,img_1c399192e010e1e8,0,0
RU-A1158,img_a84359e1fadc93be,0,0
RU-A1158,img_07bbefdbda20d1bf,0,0
RU-A1158,img_dfb6d85a2716b73e,0,0
RU-A1158,img_f8e90ff8a45ea76c,0,0
RU-A1158,img_96c480c67d24ff81,0,0
RU-A1158,img_ca5fc07cd6d2261f,0,0
RU-A1158,img_991c2dbdd0606e22,0,0
RU-A1158,img_c950b0861207bfd0,0,0
RU-A1158,img_a57643551c6682fb,0,0
RU-A1158,img_708256707a33f853,0,0
RU-A1158,img_ed584504de0e38de,0,0
RU-A1159,img_705404ca7c197bb9,0,4
RU-A1159,img_5068aaa46fce3e0a,0,4
RU-A1159,img_68b35fbee2e02205,0,4
RU-A1159,img_9b6252fd936d7f3d,0,4
RU-A1159,img_57e847c25be6c902,0,4
RU-A1159,img_57e847c25be6c902,0,4
RU-A1159,img_a58cfac931b9dfed,0,4
RU-A1159,img_f54dedfd09cd5bb9,0,4
RU-A1159,img_0482fd8c4e89f3a1,0,4
RU-A1159,img_94f472ea68866573,0,4
RU-A1159,img_d2f62e019f86a9a1,0,4
RU-A1159,img_770aeeb6a4734483,0,4
RU-A1159,img_d1419c97bd8b790a,0,4
RU-A1159,img_620bc15e05d6badf,0,4
RU-A1159,img_e3271d3452e87481,0,4
RU-A1159,img_443e45ed9c9b91d8,0,4
RU-A1159,img_71f29ac95eb6e870,0,4
RU-A1159,img_3de9ce03146a6645,0,4
RU-A1160,img_9e4d193096f483cd,0,1
RU-A1160,img_0a3c3b03a9961480,0,1
RU-A1160,img_abf0add4078c02d7,0,1
RU-A1160,img_f3a7c9f498a30cf6,0,1
RU-A1160,img_5be145d6e1398143,0,1
RU-A1160,img_a60d25f0c52c33f2,0,1
RU-A1160,img_5d54faf7bc620d76,0,1
RU-A1160,img_3673caab3ada9169,0,1
RU-A1160,img_e4942ae8aa408aa1,0,1
RU-A1160,img_6d2720b8b4afce34,0,1
RU-A1161,img_d4c0674290ada3b3,0,0
RU-A1161,img_4576ba4bf885d145,0,0
RU-A1161,img_a3431f21b858132b,0,0
RU-A1161,img_a60b9a8e9bb5b2a1,0,0
RU-A1161,img_6f24a09bc5c4136d,0,0
RU-A1161,img_89f672a953a2b644,0,0
RU-A1161,img_fddfd73669db3761,0,0
RU-A1161,img_9a0d76490f4e758c,0,0
RU-A1161,img_703a60c47ce33393,0,0
RU-A1161,img_a77c700d16387170,0,0
RU-A1161,img_59ce1f5678e3f071,0,0
RU-A1161,img_acf011f9b1fdd6c1,0,0
RU-A1161,img_f18955f848c65a47,0,0
RU-A1161,img_b22806dae60e42eb,0,0
RU-A1161,img_51b212558867911b,0,0
RU-A1161,img_b7f9430ceccd86e1,0,0
RU-A1162,img_3fb981f2d24f541f,0,4
RU-A1162,img_aebf25b66e0d7c91,0,4
RU-A1162,img_5bfc7141624849db,0,4
RU-A1162,img_2f6b2b441cbdd64e,0,4
RU-A1162,img_e50a1e9b61f68985,0,4
RU-A1162,img_43f44a1c0dc4e80a,0,4
RU-A1162,img_0686832adf9eb7b0,0,4
RU-A1162,img_ccda422b004b2040,0,4
RU-A1162,img_418b5e42786486b6,0,4
RU-A1162,img_3fdeab88e1ad3211,0,4
RU-A1162,img_a73115e01a2d9552,0,4
RU-A1162,img_1ac9bbabf7fe927f,0,4
RU-A1162,img_5d415cf41db1d133,0,4
RU-A1162,img_910564c6d8bdcd8e,0,4
RU-A1162,img_40d29409cd98659c,0,4
RU-A1162,img_9e99b78a143ee885,0,4
RU-A1162,img_82c269e9b31e5577,0,4
RU-A1162,img_37e8f0a9969c4cac,0,4
RU-A1162,img_3565e826b9cddd17,0,4
RU-A1162,img_d64a4ffe7e6872e8,0,4
RU-A1162,img_550b2eb60c2a5a2b,0,4
RU-A1162,img_4d6c2e072a1f550c,0,4
RU-A1162,img_3373d870d77bbaf3,0,4
RU-A1162,img_88287373e24dfd04,0,4
RU-A1162,img_7553ceffd377bc32,0,4
RU-A1162,img_da20f28ec1bb73e6,0,4
RU-A1162,img_bc1d55c4fbfa977d,0,4
RU-A1162,img_eb4aedf0b4d0e8f8,0,4
RU-A1162,img_ff76b11118fe860b,0,4
RU-A1162,img_6c2f266e76d01eca,0,4
RU-A1162,img_1ebecbd928005394,0,4
RU-A1162,img_a05f3ea344464421,0,4
RU-A1162,img_945070caa7973074,0,4
RU-A1162,img_791ef86c3695b30e,0,4
RU-A1164,img_a75108faede88b0d,0,4
RU-A1164,img_a75108faede88b0d,0,4
RU-A1164,img_c5637cb1f121797e,0,4
RU-A1164,img_2aa35cc8abb52c13,0,4
RU-A1164,img_4839e4d85d2c1991,0,4
RU-A1164,img_3b665fd992bbd503,0,4
RU-A1164,img_fdce6cdc847ab8a7,0,4
RU-A1164,img_328f0f466922f285,0,4
RU-A1164,img_f2a9a25391b544d3,0,4
RU-A1164,img_bbd0d37f984a5849,0,4
RU-A1164,img_dded3e26fcacca5f,0,4
RU-A1164,img_10353862751e7fa5,0,4
RU-A1164,img_9a96dbab552513b9,0,4
RU-A1164,img_4093518313023fbe,0,4
RU-A1164,img_346633eb5b073476,0,4
RU-A1164,img_5c6dc2a437bd1dc9,0,4
RU-A1165,img_65386e7d9cb64f9d,0,3
RU-A1165,img_a02bce084c4dbc51,0,3
RU-A1165,img_d7ec70c596a3c7e5,0,3
RU-A1165,img_f50adedd5121a5af,0,3
RU-A1165,img_af9ac6e3112224fb,0,3
RU-A1165,img_9e20501af01fcc1b,0,3
RU-A1167,img_4862e5ba803082d9,0,1
RU-A1167,img_05f359804f9cf2d2,0,1
RU-A1167,img_90b53155667807a2,0,1
RU-A1167,img_1e91445dbbb10e45,0,1
RU-A1167,img_5e86b0bd16dc943f,0,1
RU-A1167,img_5eb6d21983094c53,0,1
RU-A1167,img_0b8e5ead1c0eb983,0,1
RU-A1167,img_9a356d782ada14e7,0,1
RU-A1167,img_b98127460b716e6e,0,1
RU-A1167,img_ea740e2789140061,0,1
RU-A1168,img_140f1c3b91dd7045,0,3
RU-A1168,img_da7cd62dfbfaebf6,0,3
RU-A1168,img_9fc76d63f24466e0,0,3
RU-A1168,img_bedc1cb2eb82c745,0,3
RU-A1168,img_f6c1b78bf1a1c419,0,3
RU-A1168,img_c4fa6b6606150776,0,3
RU-A1168,img_b12763bc776f237b,0,3
RU-A1168,img_b998ac7903da596a,0,3
RU-A1168,img_9b4e1328a6284d02,0,3
RU-A1168,img_f63bebd6e6b520fb,0,3
RU-A1168,img_894fac2e37fce375,0,3
RU-A1168,img_aff7af80c0434b46,0,3
RU-A1168,img_f82ac1e479af4fee,0,3
RU-A1168,img_21a5e7daef98fa43,0,3
RU-A1168,img_376b0476debf436b,0,3
RU-A1168,img_b4d33d3c58cd47e9,0,3
RU-A1169,img_3d0d09c23dddd708,0,1
RU-A1169,img_e8f319d98e4394db,0,1
RU-A1169,img_ce580288284f0c39,0,1
RU-A1169,img_ce580288284f0c39,0,1
RU-A1169,img_f2e76757f84ec6c2,0,1
RU-A1169,img_6952eb5a597b71e9,0,1
RU-A1169,img_772cb8b12140301c,0,1
RU-A1169,img_9942886fa39cad5b,0,1
RU-A1170,img_35146e0294ffc229,1,1
RU-A1170,img_ad84d34a839db114,1,1
RU-A1170,img_8dc8364e212c57c3,1,1
RU-A1170,img_823170de988deae9,1,1
RU-A1170,img_7c4b026225b78480,1,1
RU-A1170,img_44d09247fe41802c,1,1
RU-A1170,img_a5ebb31b6cf64b39,1,1
RU-A1170,img_52a805b3703a8d23,1,1
RU-A1170,img_19245519512331a8,1,1
RU-A1170,img_3a68b7d522fd8ed8,1,1
RU-A1170,img_63cde5a2d9a7348c,1,1
RU-A1170,img_2bb147b32f203568,1,1
RU-A1170,img_669a0e3d9a6b644c,1,1
RU-A1170,img_fbd531730bf96b19,1,1
RU-A1170,img_6a8cd71aa9b935cc,1,1
RU-A1170,img_b47fd36debeb2945,1,1
RU-A1170,img_744edff32ebf52bc,1,1
RU-A1170,img_5c3f1b9276cd3327,1,1
RU-A1170,img_4bd4a6b0f6bd2071,1,1
RU-A1170,img_e1920afb3003a47d,1,1
RU-A1170,img_ec86d7873fc72200,1,1
RU-A1170,img_863dbaaea59fc328,1,1
RU-A1170,img_7ce23b93f0c30a05,1,1
RU-A1170,img_a2bf1e2cc7588b96,1,1
RU-A1170,img_7167b5fffd811b63,1,1
RU-A1170,img_6543c793c1f09e1e,1,1
RU-A1170,img_4ba222696d23efc5,1,1
RU-A1170,img_ceb1f0c50f953217,1,1
RU-A1171,img_451dd404b3fad6a6,0,4
RU-A1171,img_bcd237220dc0b0ec,0,4
RU-A1171,img_1322665cc2f201fd,0,4
RU-A1171,img_cdd9d5f93458ec5a,0,4
RU-A1171,img_a0e80e65520e2bc2,0,4
RU-A1171,img_c0ff02ba034a11aa,0,4
RU-A1171,img_037a90a03aa3174c,0,4
RU-A1171,img_0fe3bad6dd36def4,0,4
RU-A1172,img_f649f7620ef2b024,0,4
RU-A1172,img_041fdc3884db1991,0,4
RU-A1172,img_be58fe8545d04fce,0,4
RU-A1172,img_b4b1d34ad253ee14,0,4
RU-A1172,img_a84a80e639ada420,0,4
RU-A1172,img_540b391559a99c5c,0,4
RU-A1172,img_133e5f1b77bf145f,0,4
RU-A1172,img_1b76d3ea41ad0fa1,0,4
RU-A1172,img_eed9dbc064baed9b,0,4
RU-A1172,img_22a16cfca581c8cc,0,4
RU-A1172,img_b168d6619e508ea6,0,4
RU-A1172,img_b79a076a1dbb92e9,0,4
RU-A1172,img_e407281c2cea1333,0,4
RU-A1172,img_a12c58a5a5f53650,0,4
RU-A1172,img_56d45c643c1db902,0,4
RU-A1172,img_2a8b04dff441e85c,0,4
RU-A1173,img_6dbc7d2d2fda1e32,0,2
RU-A1173,img_898c00f921b34233,0,2
RU-A1173,img_f6a77858a31c3ef1,0,2
RU-A1173,img_df210a5fab7e194e,0,2
RU-A1173,img_5a85be6ba8d279df,0,2
RU-A1173,img_7f6b6e4091e74c30,0,2
RU-A1173,img_142451132d6f6d6e,0,2
RU-A1173,img_755a70d989ccf55a,0,2
RU-A1173,img_c9acdd3bb65b77c3,0,2
RU-A1173,img_dc953499ca8ffd08,0,2
RU-A1174,img_a9bce608eae449af,0,0
RU-A1174,img_fb7d456259450448,0,0
RU-A1174,img_5db15f9508dec697,0,0
RU-A1174,img_e1247b7848c93548,0,0
RU-A1174,img_5bc4050a4df8e92f,0,0
RU-A1174,img_32cd0bd1996206c9,0,0
RU-A1174,img_0bcc580db6bb5156,0,0
RU-A1174,img_14b50621c0696f5f,0,0
RU-A1174,img_9aea532336c2c157,0,0
RU-A1174,img_8c2b5cc9eea99fea,0,0
RU-A1174,img_71f1b96a1ba6bbb0,0,0
RU-A1174,img_e235934b96951fe8,0,0
RU-A1174,img_cafeb3c92b9af1a6,0,0
RU-A1174,img_7553c8f88bf8a26f,0,0
RU-A1174,img_d11a8e2594bdf46e,0,0
RU-A1174,img_1576581ca61c0ced,0,0
RU-A1174,img_22b4a94e72cec425,0,0
RU-A1174,img_add7d78b3ec6db71,0,0
RU-A1154,img_2b9ec337d64cdc74,0,1
RU-A1154,img_c6445ecfb6d3aa22,0,1
RU-A1154,img_a10ed4749e23c7cc,0,1
RU-A1154,img_0f73b3f77eb23edf,0,1
RU-A1154,img_bc17bb19d4341e1c,0,1
RU-A1154,img_a758888f8a1813b8,0,1
RU-A1154,img_e2e703a4f91f18f3,0,1
RU-A1154,img_44e2b5872169ec50,0,1
RU-A1154,img_fb8432776be06d0b,0,1
RU-A1154,img_151720ef7cb06b90,0,1
RU-A1154,img_6b40865f9b4e08eb,0,1
RU-A1154,img_db8425540c0b0cdb,0,1
RU-A1154,img_0c2eac68ed9ea6fc,0,1
RU-A1154,img_80b13220a746efbb,0,1
RU-A1155,img_5f4824811e011f6c,0,0
RU-A1155,img_7e2f28ed80177923,0,0
RU-A1155,img_5408471552cc8c89,0,0
RU-A1155,img_b29cca99ccd698af,0,0
RU-A1155,img_dad54ac42e65821a,0,0
RU-A1155,img_9ce9024d4db6717f,0,0
RU-A1155,img_25cbf5e7316d2139,0,0
RU-A1155,img_d644413d806b615f,0,0
RU-A1155,img_9f914cbf79247309,0,0
RU-A1155,img_856dd30f9aecc437,0,0
RU-A1155,img_76bbfe9516ee3d70,0,0
RU-A1155,img_97a13be48b21c0cc,0,0
RU-A1155,img_b7fdc13a60334780,0,0
RU-A1221,img_b843df6ac49748b8,0,0
RU-A1221,img_a11314f69c119b7e,0,0
RU-A1221,img_e3360cc395bd4f0c,0,0
RU-A1221,img_3d7784f167ab3877,0,0
RU-A1221,img_7297193f16963b9f,0,0
RU-A1221,img_ec4e39e962c9849c,0,0
RU-A1221,img_0c0431837a672987,0,0
RU-A1221,img_42092abb6d920627,0,0
RU-A1221,img_34725912884f105f,0,0
RU-A1221,img_1510800b4b15ed8c,0,0
RU-A1222,img_0c8e501da531010d,0,3
RU-A1222,img_0a0d40bf622e68e5,0,3
RU-A1222,img_17920b469918312a,0,3
RU-A1222,img_550d8a285a437729,0,3
RU-A1223,img_a334103d06e82401,0,1
RU-A1223,img_00710cab6478ea63,0,1
RU-A1223,img_5666cf83090848ed,0,1
RU-A1223,img_3a1d677b42ada473,0,1
RU-A1223,img_7f37d5da322120da,0,1
RU-A1223,img_152a64867ea59a57,0,1
RU-A1223,img_bd08c069c8b6b287,0,1
RU-A1223,img_290bf16373645e3a,0,1
RU-A1223,img_bfbc5f73ac542b32,0,1
RU-A1223,img_f2732a0a5bc7d57b,0,1
RU-A1223,img_993f965cb2543c0e,0,1
RU-A1223,img_11d2a45a94860f1f,0,1
RU-A1223,img_8ef530bdda0b821a,0,1
RU-A1223,img_1720e084a35b3f70,0,1
RU-A1223,img_a34347443d9b677c,0,1
RU-A1223,img_e0fea148738580c9,0,1
RU-A1223,img_9c7e194bb8c4c7bd,0,1
RU-A1223,img_770a1312a197a602,0,1
RU-A1224,img_9e90a6e8c9e6b201,0,4
RU-A1224,img_15337b82d04473f6,0,4
RU-A1224,img_e955fa53019bce8c,0,4
RU-A1224,img_c33e595f1e2bd626,0,4
RU-A1224,img_63fd892d403c32ec,0,4
RU-A1224,img_4acd6cf742ff474c,0,4
RU-A1224,img_523b6e7e3134994d,0,4
RU-A1224,img_e444667056fd5ed9,0,4
RU-A1224,img_65033a7435c8d2ad,0,4
RU-A1224,img_863e96634c60313b,0,4
RU-A1224,img_5abbe20174b1cb5e,0,4
RU-A1224,img_311dce75a3b93818,0,4
RU-A1224,img_a937d14aa26975fa,0,4
RU-A1224,img_d9b5375df125d7bf,0,4
RU-A1224,img_d99b74a9721c7132,0,4
RU-A1224,img_41106415ecfc609e,0,4
RU-A1224,img_dba5d6602b0b162a,0,4
RU-A1224,img_94c8173e8cccaecd,0,4
RU-A1224,img_7b911e89279ceb61,0,4
RU-A1225,img_9e70c1ee239546d3,0,4
RU-A1225,img_399db71f2f7c74d2,0,4
RU-A1225,img_cd22d5f27c4e885a,0,4
RU-A1225,img_62ecefa711ac0297,0,4
RU-A1226,img_662078eafbab9c59,0,1
RU-A1226,img_d4331128fa77cdd6,0,1
RU-A1226,img_42abf17b96b925c5,0,1
RU-A1226,img_0beb883c88a1a1b9,0,1
RU-A1226,img_f6762463f62781c0,0,1
RU-A1226,img_1ef1a9e89f2b6fc4,0,1
RU-A1227,img_24795bccb3c368b6,0,2
RU-A1227,img_845036e758287675,0,2
RU-A1227,img_a4ed0801b99d3676,0,2
RU-A1227,img_48fc430b50746636,0,2
RU-A1227,img_d14fae684d541a7a,0,2
RU-A1227,img_47bc5f8962e2180b,0,2
RU-A1227,img_3f870c1728ece3ea,0,2
RU-A1227,img_0ffcf060ed7b6ecf,0,2
RU-A1227,img_354c74b3c6338aad,0,2
RU-A1227,img_982144aa5c74c38e,0,2
RU-A1227,img_d13d3e0660084151,0,2
RU-A1227,img_78ccc88c29e409ee,0,2
RU-A1228,img_cff87a80d13e8fb1,0,3
RU-A1228,img_566a72c2cbc99ec0,0,3
RU-A1228,img_d2f9d041e39bcca2,0,3
RU-A1228,img_3d8bf6100cc8d6b8,0,3
RU-A1228,img_d5e1c165c810708f,0,3
RU-A1228,img_f8dc5696bc6d0a98,0,3
RU-A1228,img_b355bf8324014a77,0,3
RU-A1228,img_b355bf8324014a77,0,3
RU-A1228,img_7ecf8f0d78007381,0,3
RU-A1228,img_22d710c277869821,0,3
RU-A1228,img_f68423344c649571,0,3
RU-A1228,img_12c3d180c80e3cea,0,3
RU-A1228,img_dc939f24dbe447cf,0,3
RU-A1228,img_9718837515050473,0,3
RU-A1228,img_0c007308eb0883c9,0,3
RU-A1228,img_3e0504150520acc6,0,3
RU-A1229,img_162437604330dd47,1,3
RU-A1229,img_d45c1afed0365cdd,1,3
RU-A1229,img_4fc2e3f2367365ba,1,3
RU-A1229,img_a64c1a9ca36d3d7e,1,3
RU-A1229,img_51bfd80fc78b1d64,1,3
RU-A1229,img_dbde7e4af6a48e03,1,3
RU-A1229,img_4ba5c7583e07411f,1,3
RU-A1229,img_0306ed4e2444463d,1,3
RU-A1229,img_8950267846928315,1,3
RU-A1229,img_8597f1ce71996a48,1,3
RU-A1229,img_fc7094016fc255fa,1,3
RU-A1229,img_35891b0ac331e5dc,1,3
RU-A1229,img_9be40cd5b5df393c,1,3
RU-A1229,img_0c89647d675dca28,1,3
RU-A1229,img_9ede8b99d8c7f6b3,1,3
RU-A1229,img_44829ee2e0bd1429,1,3
RU-A1229,img_75e20e01b38e078a,1,3
RU-A1229,img_c5de53bc2bceaca1,1,3
RU-A1229,img_fced898912ad8939,1,3
RU-A1229,img_651a50002ea6f8ba,1,3
RU-A1229,img_b1f8e2c4d30fe399,1,3
RU-A1229,img_b1fc6df0715b666a,1,3
RU-A1229,img_9d8af045a4c19822,1,3
RU-A1230,img_3830ae930b0a6ef1,0,2
RU-A1230,img_72e0925990c9bf09,0,2
RU-A1230,img_8de82a7ef7791207,0,2
RU-A1230,img_dfdf8341cd873f00,0,2
RU-A1230,img_4e74d4cfbc6b946d,0,2
RU-A1230,img_9b94bb8e3d3f8938,0,2
RU-A1230,img_63b70a713495db32,0,2
RU-A1230,img_60227010952c481a,0,2
RU-A1230,img_3ed0b603bd39c6fe,0,2
RU-A1230,img_8d9ee4f5d062f4ee,0,2
RU-A1230,img_c54cc26308c5e509,0,2
RU-A1230,img_dadf9f1ef6f7d810,0,2
RU-A1230,img_2badc52b03359c7f,0,2
RU-A1230,img_dc9adb66c18359f9,0,2
RU-A1230,img_5ef2c3436139d7b0,0,2
RU-A1230,img_4c09faa8efeb1750,0,2
RU-A1231,img_4a9ceaba0b907dba,0,0
RU-A1231,img_4dbcc0ccdd01a90e,0,0
RU-A1231,img_dd5a0c6c0753b8f9,0,0
RU-A1231,img_bfee5e09e107f620,0,0
RU-A1231,img_d2ae49d23f2c8fae,0,0
RU-A1231,img_a7b107b5b48b736b,0,0
RU-A1231,img_a8186cb4fbe98fca,0,0
RU-A1231,img_02ae068f77aecd0a,0,0
RU-A1231,img_15cc453ee547e508,0,0
RU-A1231,img_a74e4b7428cc36d5,0,0
RU-A1231,img_d8cf2da71a26d8c0,0,0
RU-A1231,img_ab3df86be37b09b7,0,0
RU-A1232,img_f8eed42054d2d97e,0,1
RU-A1232,img_6b8ee788e5947b23,0,1
RU-A1232,img_e5b24440c4d13433,0,1
RU-A1232,img_91ce6a798f0addf8,0,1
RU-A1232,img_09d3118069786e96,0,1
RU-A1232,img_67c3b03061399bb3,0,1
RU-A1232,img_66e3441a082030fe,0,1
RU-A1232,img_434c1c81c8b8e1ed,0,1
RU-A1232,img_1b574630220b2d0c,0,1
RU-A1232,img_faa874833846d1ff,0,1
RU-A1232,img_0a8f6c9d9da3899f,0,1
RU-A1232,img_8c6af45da81ecb53,0,1
RU-A1233,img_404175eb103df81c,0,1
RU-A1233,img_57c628b195a21633,0,1
RU-A1233,img_906b67fdd4d4fef8,0,1
RU-A1233,img_50c48cfc3d83594c,0,1
RU-A1233,img_5de866f0a887a291,0,1
RU-A1233,img_ccd794e2817b27c9,0,1
RU-A1233,img_b7d8a3f95eea273a,0,1
RU-A1233,img_06613dc42196830f,0,1
RU-A1233,img_f8c5fdc5ef24e200,0,1
RU-A1233,img_3fe0bf91a8b07fbf,0,1
RU-A1233,img_eb990b0170856b53,0,1
RU-A1233,img_1cef30b84b1f8705,0,1
RU-A1233,img_bdfa7b8548f1092d,0,1
RU-A1233,img_bdfa7b8548f1092d,0,1
RU-A1234,img_b60cbe7b8abb5987,0,1
RU-A1234,img_75565159b0e13135,0,1
RU-A1234,img_99e9d7e25e3a7d25,0,1
RU-A1234,img_bf20d024fd6b37fb,0,1
RU-A1234,img_57eca78d9f076130,0,1
RU-A1234,img_e3f923b711f09927,0,1
RU-A1234,img_1b281679b5e562a9,0,1
RU-A1234,img_b0a5a0ef0b0cfb0f,0,1
RU-A1234,img_d89ad9f4221c5256,0,1
RU-A1234,img_f5772f3ef64c2a0b,0,1
RU-A1234,img_9fe7f8c14d214f85,0,1
RU-A1234,img_8f9346484fdadaf5,0,1
RU-A1234,img_b7b77fcba03765a8,0,1
RU-A1234,img_f572494e74b147f7,0,1
RU-A1234,img_710a63173049e79f,0,1
RU-A1234,img_710a63173049e79f,0,1
RU-A1235,img_7fcb73b59693708a,0,3
RU-A1235,img_d7e0b86dae2b2648,0,3
RU-A1235,img_e541919750f8f0bb,0,3
RU-A1235,img_7e5ed24165794b48,0,3
RU-A1235,img_ea88c126f7e69550,0,3
RU-A1235,img_16486f02d158c4f2,0,3
RU-A1236,img_cc2d188476c57231,0,2
RU-A1236,img_bc39e336ae99b7c2,0,2
RU-A1236,img_58056165daf09183,0,2
RU-A1236,img_ce8d7b71c66a36fa,0,2
RU-A1237,img_55d0b6ed1c052547,0,2
RU-A1237,img_f6478ecea5871d8e,0,2
RU-A1237,img_c7c89b67d8c535a8,0,2
RU-A1237,img_e690796825eea6ff,0,2
RU-A1237,img_33a0193ae17c2580,0,2
RU-A1237,img_86e719d298b39181,0,2
RU-A1237,img_6c819e51452d92cf,0,2
RU-A1237,img_5af0c029b3d715ca,0,2
RU-A1237,img_4b1fafd13342564c,0,2
RU-A1237,img_27eb9f91ef9d8830,0,2
RU-A1237,img_31e39ddbf70b5486,0,2
RU-A1237,img_f0325575f3d501ec,0,2
RU-A1237,img_22bdd2ba0172c6ba,0,2
RU-A1237,img_0ef5b4ecc6d8f98e,0,2
RU-A1237,img_c1307c46aeed49e6,0,2
RU-A1237,img_b8874b2b1dabbb97,0,2
RU-A1237,img_4ba69a9051ab6992,0,2
RU-A1237,img_6c83ef5977450433,0,2
RU-A1237,img_6574f2b0d8174d88,0,2
RU-A1237,img_a4bd3a0c5c85281d,0,2
RU-A1237,img_14366eb6c5946e39,0,2
RU-A1237,img_0e945bc042bb913b,0,2
RU-A1237,img_3e017bbfd34b445c,0,2
RU-A1237,img_a41ce4ceaf0e594f,0,2
RU-A1237,img_540af538a9c84cbe,0,2
RU-A1237,img_53f53b2252294e84,0,2
RU-A1237,img_4e1c499c5537d033,0,2
RU-A1237,img_b9287cbc7535eddf,0,2
RU-A1237,img_a2ef16ee7facedf9,0,2
RU-A1238,img_7be6f6758f6c4b6d,0,4
RU-A1238,img_a36c9d9a3209fd1a,0,4
RU-A1238,img_891b503bbeee8157,0,4
RU-A1238,img_e03834fbefdd0c96,0,4
RU-A1238,img_1b16d89d902c69c9,0,4
RU-A1238,img_09c83915e5561442,0,4
RU-A1238,img_c2fc160a3a160ab3,0,4
RU-A1238,img_ae17a68200f20bd7,0,4
RU-A1238,img_80e63a4b5e6fe3e3,0,4
RU-A1238,img_dccbc2393eaf8f48,0,4
RU-A1238,img_7f853cb0757cb5d0,0,4
RU-A1238,img_322c6993b4acc0b4,0,4
RU-A1239,img_e3666bf8aa074a8e,0,4
RU-A1239,img_54c6082c9e330aa9,0,4
RU-A1239,img_7c5fa7fde0d158ec,0,4
RU-A1239,img_959fddb3cb5ba6ad,0,4
RU-A1239,img_80740559af93b0ae,0,4
RU-A1239,img_8e25f67a69d21bf2,0,4
RU-A1239,img_6884c97a9b80867c,0,4
RU-A1239,img_073122c18a534a3f,0,4
RU-A1239,img_9eddbf03683383f0,0,4
RU-A1239,img_88bc67a49de7fd61,0,4
RU-A1240,img_72260948c1179100,1,0
RU-A1240,img_69d116bb7334cd25,1,0
RU-A1240,img_b2826c84edb1a981,1,0
RU-A1240,img_e2929ffcd26a36bb,1,0
RU-A1240,img_1a1f853295b0a1f7,1,0
RU-A1240,img_df2b23c20d373cb2,1,0
RU-A1240,img_5d4d38e81fc13079,1,0
RU-A1240,img_a2138724b6d02b7f,1,0
RU-A1240,img_d2b8911cacdc0fe0,1,0
RU-A1240,img_e4bbe624cbc3bcfa,1,0
RU-A1240,img_fca381572b0f2812,1,0
RU-A1240,img_cb371b74b664dddf,1,0
RU-A1240,img_9e0ffb6578aaaae1,1,0
RU-A1240,img_332150a1c65cc706,1,0
RU-A1240,img_2a566051f674d24c,1,0
RU-A1240,img_e9ca392036a4b523,1,0
RU-A1240,img_67c2360d61cac0ad,1,0
RU-A1240,img_b51ef5794a23ab2d,1,0
RU-A1240,img_ab8c49011a55ede8,1,0
RU-A1240,img_c3a0ac719e920d0e,1,0
RU-A1240,img_28414ce15c61fc3c,1,0
RU-A1240,img_78f813a4d1889cf2,1,0
RU-A1345,img_7e61082adabd31d8,1,1
RU-A1345,img_d3feff1211a4285c,1,1
RU-A1345,img_aeba443ba9d873fb,1,1
RU-A1345,img_5dbd5efc78c3671a,1,1
RU-A1345,img_cdbc4937d28fa0ee,1,1
RU-A1345,img_22eb5d6e909db778,1,1
RU-A1345,img_2f545968116fc1a3,1,1
RU-A1345,img_01ded74f1c033594,1,1
RU-A1104,img_598b6477350fc96b,1,4
RU-A1104,img_2bf7cbef97e597df,1,4
RU-A1104,img_729471d4b94d7c1c,1,4
RU-A1104,img_47d0197ab33180d7,1,4
RU-A1104,img_e179e7d5edea25dd,1,4
RU-A1104,img_367471034a18f4f5,1,4
RU-A1104,img_f038b62723f90de5,1,4
RU-A1104,img_cf819e8b5d63b2eb,1,4
RU-A1245,img_9d0fba21a00a9367,0,0
RU-A1245,img_0b1da719028ee428,0,0
RU-A1245,img_c1c7c530d207703b,0,0
RU-A1245,img_0b1da719028ee428,0,0
RU-A1245,img_0b1da719028ee428,0,0
RU-A1245,img_19718b6879c6a4b5,0,0
RU-A1245,img_a7bf02af7fb692b9,0,0
RU-A1245,img_f2692bb748663132,0,0
RU-A1245,img_be7ccbfa8f413e9f,0,0
RU-A1245,img_ab0e56c36727edfb,0,0
RU-A1245,img_1a07d10d000de6f6,0,0
RU-A1245,img_09efbcfaa788e165,0,0
RU-A1245,img_4904802a5419e12c,0,0
RU-A1245,img_89102dde89e25e9a,0,0
RU-A1245,img_6b92f1c7fec81682,0,0
RU-A1245,img_8764f329067b43eb,0,0
RU-A1245,img_1fa2d22d08365612,0,0
RU-A1246,img_7a670da64b5e50db,0,2
RU-A1246,img_e7f76e4dd817ca61,0,2
RU-A1246,img_17afca4c64ae9079,0,2
RU-A1246,img_4fbced33c790ef9d,0,2
RU-A1246,img_da8f1cba505a5ad1,0,2
RU-A1246,img_582323e232fcf005,0,2
RU-A1247,img_6ff9c2cdd0e66799,0,0
RU-A1247,img_5b48f93e6357fe14,0,0
RU-A1247,img_d284cbf9c3b33366,0,0
RU-A1247,img_3f4a59c8057e580a,0,0
RU-A1248,img_beddcaa9017f505b,0,4
RU-A1248,img_bc651650612474fa,0,4
RU-A1248,img_e74ecb9e8e6b164b,0,4
RU-A1248,img_e74ecb9e8e6b164b,0,4
RU-A1248,img_c5e470e6c5e1641a,0,4
RU-A1248,img_43482114ff3743bb,0,4
RU-A1248,img_7d84051a460db1be,0,4
RU-A1248,img_1fb000f9b88e5ae4,0,4
RU-A1248,img_8a7efa759882e982,0,4
RU-A1248,img_1cdc43e4abf0cd73,0,4
RU-A1347,img_40f993093261617b,1,3
RU-A1347,img_90ed0a0384e864cb,1,3
RU-A1347,img_bac6456f6f260346,1,3
RU-A1020,img_6ebf0480440eeb8b,0,4
RU-A1020,img_3b28f6fb43310f01,0,4
RU-A1020,img_b896f1618048adaa,0,4
RU-A1020,img_beaa46e56d401e5f,0,4
RU-A1020,img_40f951b4d7764e2a,0,4
RU-A1020,img_ff34f3ed16e85d10,0,4
RU-A1020,img_e1dfa0df1f51f26f,0,4
RU-A1020,img_a1223f429e5c77c2,0,4
RU-A1020,img_b5ee6bde032b3b04,0,4
RU-A1020,img_38b66d83c3e10e5f,0,4
RU-A1020,img_269af53d528b1f3b,0,4
RU-A1020,img_3276cf086d867381,0,4
RU-A1020,img_4d4c7ff3a735a438,0,4
RU-A1020,img_4676dc2cf01e5332,0,4
RU-A1020,img_4d94f71538c7fb1b,0,4
RU-A1166,img_7db6e6ebb2386254,0,0
RU-A1166,img_04d2698a8ec4e773,0,0
RU-A1166,img_b6d7e58a858da94c,0,0
RU-A1166,img_b7824cdd6d6634e9,0,0
RU-A1166,img_e48273b2c657ace2,0,0
RU-A1166,img_b5193f801f3b0651,0,0
RU-A1166,img_e59d3ff7589acd4e,0,0
RU-A1166,img_0d2cb0774bf11b66,0,0
RU-A1166,img_8cd4e57f5a7f3fbf,0,0
RU-A1166,img_8c3b4f88af2c18d0,0,0
RU-A1166,img_3f4d1f64fcc3b499,0,0
RU-A1166,img_17f4206bfd6d9f8d,0,0
RU-A1166,img_52722c7a1339f08b,0,0
RU-A1163,img_621bde29fc86d7a9,1,3
RU-A1163,img_67897e77823323b8,1,3
RU-A1163,img_003cabc8572b46af,1,3
RU-A1163,img_a8f8aeb7664ec9be,1,3
RU-A1036,img_9712f6453a25055c,0,3
RU-A1036,img_5bec7bb5045aa6d0,0,3
RU-A1153,img_88c42d232e084af2,0,0
RU-A1153,img_6b2a1851b06d2968,0,0
RU-A1153,img_b3b08eefab81dc7a,0,0
RU-A1153,img_b3b08eefab81dc7a,0,0
RU-A1153,img_d80c0202602c3248,0,0
RU-A1153,img_23afadb8f2777240,0,0
RU-A1153,img_984c70384e69250c,0,0
RU-A1153,img_bdfeb5e9adb39393,0,0
RU-A1067,img_e4b1cb7a4084f5aa,0,4
RU-A1067,img_af4aba150dcdd3ff,0,4
RU-A1067,img_ca0dbcd0e2314b2f,0,4
RU-A1067,img_04df8a8c9c709833,0,4
RU-A1067,img_283d2d5b706f4a10,0,4
RU-A1067,img_4c686295431a83d9,0,4
RU-A1067,img_84e9c056597b5830,0,4
RU-A1067,img_dfd813a7dae1b228,0,4
RU-A1067,img_1787244bdbcfa17f,0,4
RU-A1067,img_d7a788735478282b,0,4
RU-A1067,img_8a2299337955ff3f,0,4
RU-A1067,img_1edb5a7636a9c074,0,4
RU-A1067,img_9f660a26a61b58e8,0,4
RU-A1067,img_5729649385f8778e,0,4
RU-A1067,img_ecb66c64e62255ef,0,4
RU-A1067,img_567e0cbc89e11aa9,0,4
RU-A1067,img_822f55c218047090,0,4
RU-A1067,img_6b6c0e0fd8e23782,0,4
RU-A1067,img_b9c5b789bb762ad4,0,4
RU-A1067,img_5f9a957c502bff93,0,4
RU-A1111,img_1cd53353b8617071,0,3
RU-A1111,img_7dcdf6badb261622,0,3
RU-A1111,img_c1200a40c8ffa7a5,0,3
RU-A1111,img_426db2853397d34f,0,3
RU-A1111,img_258ef9ea500043f1,0,3
RU-A1111,img_b5efa60b2a2e54c1,0,3
RU-A1111,img_ff6679dafd6bb8a8,0,3
RU-A1111,img_555a0eed519bc91b,0,3
RU-A1111,img_68ce501b08448270,0,3
RU-A1111,img_56763286b16db0a6,0,3
RU-A1111,img_b65531f2691565a9,0,3
RU-A1111,img_e6126205083bed2e,0,3
RU-A1111,img_8035530b2457a5dc,0,3
RU-A1111,img_32a1df7ca374c6ea,0,3
RU-A1111,img_9d08c9e62a4a3135,0,3
RU-A1111,img_b32aa6e7333a8187,0,3
RU-A1111,img_73fd6ba78191581d,0,3
RU-A1111,img_920e39be89cd391c,0,3
RU-A1111,img_26eddb6679f4d843,0,3
RU-A1111,img_45e82de5384a33a9,0,3
RU-A1111,img_6b217a017a05fa06,0,3
RU-A1111,img_f47d32fb840bcdeb,0,3
RU-A1111,img_c430eaac3bcee87b,0,3
RU-A1111,img_38493665fbd7fc50,0,3
RU-A1111,img_0a4e2fb4b0a916c8,0,3
RU-A1111,img_d10ec244b1f0ed5a,0,3
RU-A1111,img_36fafc12a6ca0769,0,3
RU-A1111,img_97087714c56d48a1,0,3
RU-A1149,img_bbf258ea7b72621d,0,2
RU-A1149,img_fa033a5cd5376bdd,0,2
RU-A1149,img_d18966405073e381,0,2
RU-A1149,img_929d81fd85e18d0d,0,2
RU-A1014,img_fbe182b684586be3,0,2
RU-A1014,img_0905c8227447f7f5,0,2
RU-A1177,img_20361e9a65e9b7a3,0,1
RU-A1177,img_111685f7f081edfa,0,1
RU-A1177,img_106c162969c153ba,0,1
RU-A1177,img_8648d98d4d0f353e,0,1
RU-A1177,img_fea19a9cfd0b6731,0,1
RU-A1177,img_3add4b70d70febec,0,1
RU-A1177,img_fde64c5b31c46749,0,1
RU-A1177,img_de0186ac48df439f,0,1
RU-A1178,img_c0244d34ea823c43,0,1
RU-A1178,img_bd4f8d649f6e1968,0,1
RU-A1178,img_70dab5a9e268a035,0,1
RU-A1178,img_0374392cde48e133,0,1
RU-A1179,img_79ba5a1608358e10,0,4
RU-A1179,img_02bcd5eefe3ac2f5,0,4
RU-A1179,img_e6bd08db9540dba0,0,4
RU-A1179,img_e6bd08db9540dba0,0,4
RU-A1179,img_a2640cbb642bfa27,0,4
RU-A1179,img_57140cb499290165,0,4
RU-A1179,img_c061a5f7d24d9b99,0,4
RU-A1179,img_876f54a365103bde,0,4
RU-A1181,img_2a8380025c86d64b,0,3
RU-A1181,img_fe062d4a4cfbd0a8,0,3
RU-A1181,img_95278a1793767bf5,0,3
RU-A1181,img_5746beb86ec3e5f7,0,3
RU-A1181,img_cc2d9695cb4b8ef7,0,3
RU-A1181,img_f1e1cbdf1041e44b,0,3
RU-A1181,img_348f5c02ab93acd5,0,3
RU-A1181,img_49b9a19b2d71e267,0,3
RU-A1181,img_472f27e60aebf1e9,0,3
RU-A1181,img_ac58b22e2c8225f4,0,3
RU-A1182,img_d47ec944db986716,0,2
RU-A1182,img_69173755d8cd5f70,0,2
RU-A1182,img_72a6b03b03822cdf,0,2
RU-A1182,img_260b6b676862b479,0,2
RU-A1182,img_281605864dceb93f,0,2
RU-A1182,img_15465a30bb63ac4e,0,2
RU-A1182,img_70033e2e448b5422,0,2
RU-A1182,img_c299d29bd0f9727b,0,2
RU-A1182,img_6eb296f3d192ec4d,0,2
RU-A1182,img_6eb296f3d192ec4d,0,2
RU-A1183,img_ea651f8d1fa0b977,0,4
RU-A1183,img_f354e7452ed4f731,0,4
RU-A1183,img_408280d74f524416,0,4
RU-A1183,img_f18566b9c7f28845,0,4
RU-A1183,img_c0fcbd5c9ef681d8,0,4
RU-A1183,img_d8ee1ebb142b9b41,0,4
RU-A1183,img_b61e390a01f40b2a,0,4
RU-A1183,img_b55fc2518f1f0673,0,4
RU-A1184,img_fab116df3b6b5586,0,2
RU-A1184,img_3f657ccfa56414b5,0,2
RU-A1184,img_9ee7830712ab488f,0,2
RU-A1184,img_cc00cf1d4868e595,0,2
RU-A1185,img_932b5fc52ae332d4,0,0
RU-A1185,img_e3ab61ccfc73868f,0,0
RU-A1185,img_7a04d27506a46931,0,0
RU-A1185,img_3d34854dff7b8564,0,0
RU-A1185,img_ca5e4ba2c40087ba,0,0
RU-A1185,img_c5e29373480c9838,0,0
RU-A1185,img_a193591d6adfb497,0,0
RU-A1185,img_4e5865fcf074a3eb,0,0
RU-A1250,img_bc42d5b6df347267,0,0
RU-A1250,img_1973d0ad146c6caf,0,0
RU-A1250,img_d6507f61bf176ed2,0,0
RU-A1250,img_174d425009190bdc,0,0
RU-A1250,img_d21ae07be7521ee4,0,0
RU-A1250,img_d21ae07be7521ee4,0,0
RU-A1250,img_fae9a948208af627,0,0
RU-A1250,img_9aa8739a0f7d5ebc,0,0
RU-A1250,img_5e69f1ab96f7bbec,0,0
RU-A1250,img_9c9aac34eec51086,0,0
RU-A1250,img_a0fc20927e5f670b,0,0
RU-A1250,img_ce896261265900d1,0,0
RU-A1250,img_8936c6d71252e309,0,0
RU-A1250,img_c9f61a620bfe9e20,0,0
RU-A1250,img_3be085020d15861d,0,0
RU-A1250,img_cbfaf1ca6e402023,0,0
RU-A1250,img_c83020c1cf602e86,0,0
RU-A1250,img_98a645fc9416dc78,0,0
RU-A1251,img_3052a7aac94abe19,1,0
RU-A1251,img_b1c1ad411bee2dab,1,0
RU-A1251,img_2dad71961b5ab5f4,1,0
RU-A1251,img_6bbcbca4ebf1dcc3,1,0
RU-A1251,img_bc72bd486195709b,1,0
RU-A1251,img_9bb4761e496a7c19,1,0
RU-A1251,img_026b03b707d69374,1,0
RU-A1251,img_37d73ec364ecd89c,1,0
RU-A1251,img_389663b2e72f8ccd,1,0
RU-A1251,img_e9207379d7cf370f,1,0
RU-A1251,img_b9c8195ff22a5bdb,1,0
RU-A1251,img_23808aa99ad4a010,1,0
RU-A1251,img_0d4e2f8217a6a429,1,0
RU-A1251,img_7e3e648b59b560ff,1,0
RU-A1251,img_448498b4a6226637,1,0
RU-A1251,img_5a418c5470c18130,1,0
RU-A1251,img_9b3dda18f52398c3,1,0
RU-A1251,img_a9aa2953c27365bd,1,0
RU-A1251,img_bbe2192ae099d420,1,0
RU-A1251,img_62a1e3c01176e5ea,1,0
RU-A1251,img_98d9bd347e7dca9c,1,0
RU-A1251,img_fc56cd99f782bd0a,1,0
RU-A1251,img_e2d4cf3de83553aa,1,0
RU-A1251,img_750f038a9b77edbe,1,0
RU-A1251,img_98af12855b0e7a13,1,0
RU-A1251,img_db3f7d60f735ecbc,1,0
RU-A1251,img_8553b3852e1d6a73,1,0
RU-A1251,img_abbe80a5c5acae71,1,0
RU-A1251,img_682272b90ec796c7,1,0
RU-A1251,img_808b4455bdea926f,1,0
RU-A1251,img_21c449696c4fc309,1,0
RU-A1251,img_a08b9784ea3bd4b5,1,0
RU-A1251,img_e2c5aed86935243f,1,0
RU-A1251,img_bce1f968a01d0189,1,0
RU-A1251,img_14560a622209f4fd,1,0
RU-A1251,img_66db6ee417ba67e1,1,0
RU-A1251,img_a767cdee5c335f40,1,0
RU-A1251,img_d4a7d3dcc6130f54,1,0
RU-A1251,img_fab64903b7422790,1,0
RU-A1251,img_0d22068d4107904f,1,0
RU-A1251,img_5729bf9f8687635f,1,0
RU-A1251,img_dd21869340db820b,1,0
RU-A1251,img_5666a5cd5bd0e47c,1,0
RU-A1251,img_6a5849527105d664,1,0
RU-A1251,img_b259e168c441acce,1,0
RU-A1251,img_6343ef78f8524f7b,1,0
RU-A1251,img_912b8d017c3ab282,1,0
RU-A1251,img_f13ab76a3db112f7,1,0
RU-A1251,img_4103f87e859746ae,1,0
RU-A1251,img_9f9d5e78bd2e9749,1,0
RU-A1251,img_1d9bc72310323b24,1,0
RU-A1251,img_492e0b6e4a99ff4f,1,0
RU-A1251,img_06e9d5dccb52bc1b,1,0
RU-A1251,img_1b4b4d5ff62b8ff0,1,0
RU-A1252,img_64312d924d92e23b,0,1
RU-A1252,img_ed9223aa6ace71e9,0,1
RU-A1252,img_549dc037d491a696,0,1
RU-A1252,img_4e3b338be34c9d38,0,1
RU-A1252,img_1229ea2445e71815,0,1
RU-A1252,img_3f861a7833361ca2,0,1
RU-A1252,img_a63f7b50351280f1,0,1
RU-A1252,img_63a26b05ae24e71e,0,1
RU-A1252,img_20bf0be79d47c78b,0,1
RU-A1252,img_b11e68f0000cf42d,0,1
RU-A1252,img_ab24060abf7e2b5a,0,1
RU-A1252,img_f3fe90b8d540e894,0,1
RU-A1252,img_d0f362f52a0f8893,0,1
RU-A1252,img_d53477674959abf2,0,1
RU-A1252,img_40eca33277dbef3a,0,1
RU-A1252,img_a8dfa2b3f56a932b,0,1
RU-A1252,img_8e205f4c444de7a7,0,1
RU-A1252,img_101a46fad5805961,0,1
RU-A1252,img_84c0e68ffc4e74f7,0,1
RU-A1252,img_6ea321d0ea22adf8,0,1
RU-A1252,img_fadc9151e90eb6be,0,1
RU-A1252,img_2ea72473b736af7f,0,1
RU-A1252,img_f1c1d69ac3d58479,0,1
RU-A1252,img_49bb7dff4e6f9a40,0,1
RU-A1252,img_657d8f17dcf690e5,0,1
RU-A1252,img_0f8593592fbe074b,0,1
RU-A1252,img_e40f5ee990f881e9,0,1
RU-A1252,img_cbefeef31ea64e78,0,1
RU-A1252,img_0745a2dbb2e98fd9,0,1
RU-A1252,img_c0cf11b324e4ffe3,0,1
RU-A1252,img_9db3aaf1d03fe174,0,1
RU-A1252,img_5448d64c6289d498,0,1
RU-A1252,img_2b24113199a30b16,0,1
RU-A1252,img_dd4c063159a69006,0,1
RU-A1252,img_e720fe8c0fd5bb6d,0,1
RU-A1252,img_da34bd5c422736bf,0,1
RU-A1252,img_6068d95d603916b8,0,1
RU-A1252,img_2fc41c01d5796dce,0,1
RU-A1252,img_9c2f55a3a9174183,0,1
RU-A1252,img_cd99bcab71965b3d,0,1
RU-A1252,img_cf8f2d14e5bdbf4f,0,1
RU-A1252,img_56145f34bf656e7e,0,1
RU-A1252,img_9cbe89137af5005c,0,1
RU-A1252,img_5c8ff7d731bf1cd1,0,1
RU-A1252,img_b299c7b2378c53dc,0,1
RU-A1252,img_832ff5a32f5a9864,0,1
RU-A1252,img_4a0a63606b11e146,0,1
RU-A1252,img_3dd9a7ff545ad4e0,0,1
RU-A1252,img_646a3a352ba1316d,0,1
RU-A1252,img_765adfcda644bdb7,0,1
RU-A1252,img_938e24aeb7aff362,0,1
RU-A1252,img_b1fe89eb198d0598,0,1
RU-A1252,img_215b997a60ad7551,0,1
RU-A1252,img_ff80bb71f69c9fcb,0,1
RU-A1252,img_b9c57e7cfc45ff04,0,1
RU-A1252,img_68ce295f36fad3ea,0,1
RU-A1252,img_679e98ea5b182e9c,0,1
RU-A1252,img_9c11aecbe49908fb,0,1
RU-A1252,img_1cffef0ebbd8d77a,0,1
RU-A1252,img_fa387b6def7289bf,0,1
RU-A1252,img_ed12da93bf19b838,0,1
RU-A1252,img_3229042094a4ef67,0,1
RU-A1252,img_c6fca44548e82286,0,1
RU-A1252,img_987c298f642b3291,0,1
RU-A1252,img_fe4f8023f00825d5,0,1
RU-A1252,img_564f186c94763059,0,1
RU-A1252,img_3958e311dbd0cba6,0,1
RU-A1252,img_8827a957dfe2690a,0,1
RU-A1252,img_69ebb599c8b9e351,0,1
RU-A1252,img_9c127e0509704068,0,1
RU-A1252,img_f10cea021fa83ff4,0,1
RU-A1252,img_50b48e4fad7e7339,0,1
RU-A1252,img_38b302f50349503e,0,1
RU-A1252,img_b9ba86ba2d6e9b15,0,1
RU-A1252,img_af56dcaa762d52a3,0,1
RU-A1252,img_04eb48325d3eeadf,0,1
RU-A1252,img_17cfb17231a0f6b5,0,1
RU-A1252,img_30ec18952a9423a9,0,1
RU-A1252,img_47dca7d163b82cea,0,1
RU-A1252,img_4d855547d6d490f2,0,1
RU-A1252,img_d6c655669afa3b5e,0,1
RU-A1252,img_fd1a52219cb2a3f4,0,1
