pid,image_id,fold,y_true,proba
RU-A1156,img_2919fb9629af8eb6,4,1,0.2225591540336609
RU-A1156,img_d113fcf2b340674b,4,1,0.0496228486299514
RU-A1048,img_615157a6f6318fc0,0,1,0.0561395920813083
RU-A1048,img_1af1a8ac1245dd39,0,1,0.1236442551016807
RU-A1048,img_0434b8184663ea6a,0,1,0.0191842708736658
RU-A1048,img_1347dbe04673e854,0,1,0.1315133273601532
RU-A1048,img_5e7df910a2c0ac34,0,1,0.7915812134742737
RU-A1048,img_01a97ea00547c5bf,0,1,0.5246409773826599
RU-A1048,img_cdd19bc4e12d3f46,0,1,0.0806107521057128
RU-A1048,img_a2d37942a0dbbc96,0,1,0.0709943547844886
RU-A1048,img_5410faa7cb69fefd,0,1,0.8368292450904846
RU-A1048,img_02224c7fbd4dd58a,0,1,0.9871402382850648
RU-A1048,img_76da8f0577c13e22,0,1,0.0275224298238754
RU-A1048,img_77a1e9fda7d6f6ed,0,1,0.0048058116808533
RU-A1048,img_393086b1d76cf2e3,0,1,0.2029894739389419
RU-A1048,img_2daa10ddecff8b06,0,1,0.3503224551677704
RU-A1048,img_583fd0ffd3a7fae2,0,1,0.0993891060352325
RU-A1048,img_7efb7f864b447cc7,0,1,0.2228614091873169
RU-A1048,img_5cc8a8b1f0819e10,0,1,0.1262777894735336
RU-A1048,img_0ada6a07b5b250db,0,1,0.2002129107713699
RU-A1048,img_2dc9bdc31e605b73,0,1,0.0210906267166137
RU-A1048,img_19c1e67cae61b925,0,1,0.0013121112715452
RU-A1048,img_f905a8654c65f429,0,1,0.939552128314972
RU-A1048,img_da5f0762a08801b8,0,1,0.9856372475624084
RU-A1048,img_9e431fa94056e03b,0,1,0.8480319380760193
RU-A1048,img_552958db4b80a3c8,0,1,0.2435182034969329
RU-A1080,img_53d27e21f6293a1a,3,0,0.0021337715443223
RU-A1080,img_e4462661e8adeeaa,3,0,0.0061104749329388
RU-A1080,img_b7c02f7e41a921b7,3,0,0.0018825074657797
RU-A1080,img_f6c8588b96713ccc,3,0,0.0011528481263667
RU-A1080,img_e7e6926b0c5d8fe3,3,0,0.0454606153070926
RU-A1080,img_763a8069a29b9b05,3,0,0.0091240974143147
RU-A1080,img_a0004c6821cef0f7,3,0,0.0018344814889132
RU-A1080,img_a98e6efe9c8de603,3,0,0.0006931207026354
RU-A1080,img_cb025e3782630dbe,3,0,0.0035059328656643
RU-A1080,img_8f18c4773b2ced5b,3,0,0.886408805847168
RU-A1080,img_49be88c649c5c5be,3,0,0.8445878028869629
RU-A1089,img_e22a379091047774,1,1,0.0892607197165489
RU-A1089,img_bdfb8c59d943520a,1,1,0.0474834963679313
RU-A1099,img_ced36bdbc001ccc5,2,1,0.0042211315594613
RU-A1099,img_934d287b5ca033af,2,1,0.0363273844122886
RU-A1099,img_605490138f3b6cce,2,1,0.0418519787490367
RU-A1099,img_5f889a4ac2057fb5,2,1,0.001590953906998
RU-A1099,img_026898dfaf220c28,2,1,0.0264507215470075
RU-A1099,img_09b90c24774e7828,2,1,0.0098238419741392
RU-A1099,img_ca690feda1d750fa,2,1,0.0014462313847616
RU-A1099,img_76769bde8f825629,2,1,0.0022474192082881
RU-A1107,img_9d423112ae60515f,0,0,0.0129597065970301
RU-A1107,img_70c41eda32a6d457,0,0,0.0241055786609649
RU-A1107,img_698fb297a7c6039d,0,0,0.0279866904020309
RU-A1107,img_5a3419b739374530,0,0,0.0314801335334777
RU-A1016,img_1d66366cc1998061,1,0,0.0615329332649707
RU-A1016,img_d645bb77266d216e,1,0,0.0848694369196891
RU-A1016,img_da759c53188dfdb3,1,0,0.12720587849617
RU-A1016,img_2855963ede417424,1,0,0.1012875661253929
RU-A1016,img_23ca300f480bc79f,1,0,0.2325712591409683
RU-A1016,img_1a7a1dd3d46fc9a1,1,0,0.5042470097541809
RU-A1016,img_70a1cef338771195,1,0,0.016020642593503
RU-A1016,img_7a817b858d664095,1,0,0.0253969151526689
RU-A1016,img_10fa9ab5f75b2e02,1,0,0.6666529774665833
RU-A1016,img_7ba1a59cd0f4ad6d,1,0,0.7603538036346436
RU-A1016,img_629dc507d72bad23,1,0,0.5283463597297668
RU-A1052,img_30ccafa79b1e5c28,2,0,0.0583532787859439
RU-A1052,img_8ce1046e2ebff118,2,0,0.0902598798274993
RU-A1052,img_78ad139745c96657,2,0,0.0110686048865318
RU-A1052,img_0a077b8d620d3f1f,2,0,0.003617129754275
RU-A1052,img_574ca5460edab67d,2,0,0.0160903055220842
RU-A1052,img_1e8f662b5872bf74,2,0,0.001882356009446
RU-A1052,img_689f29f80d42312b,2,0,0.009802334010601
RU-A1052,img_89074b12d5e3769f,2,0,0.0005640200688503
RU-A1052,img_6e69a1cffb1797fe,2,0,0.0002863119880203
RU-A1052,img_bb88c76ad332f52c,2,0,0.1289463192224502
RU-A1052,img_6b9803ba9e3f4d39,2,0,0.1516679376363754
RU-A1052,img_345241a2162f61a8,2,0,0.023768775165081
RU-A1058,img_8ca9b1dfea8f445b,2,0,0.0388554036617279
RU-A1058,img_1448eb37b91dfbf2,2,0,0.0341240391135215
RU-A1058,img_d1a2c8e18334ad60,2,0,0.026470823213458
RU-A1058,img_1285bc76185e755d,2,0,0.0121021168306469
RU-A1058,img_ac7b7097852242e3,2,0,0.1929646879434585
RU-A1058,img_87af2e58ec90a397,2,0,0.0024530382361263
RU-A1058,img_53f9e1bf5a2928fd,2,0,0.1642533391714096
RU-A1058,img_0c6632a19da1d320,2,0,0.72435063123703
RU-A1058,img_1397bd6a0fcbb42b,2,0,0.0297941360622644
RU-A1058,img_8ab00ebe9c4df78f,2,0,0.0253501050174236
RU-A1058,img_ffed7cab95661d93,2,0,0.0959752276539802
RU-A1058,img_9b6fdf227782fd34,2,0,0.1527183949947357
RU-A1058,img_bd58a96c7a49a8fa,2,0,0.004409575369209
RU-A1058,img_f01449513fc32162,2,0,0.0056618829257786
RU-A1058,img_7722642afa3d1969,2,0,0.0372614823281765
RU-A1058,img_588134547734a2ad,2,0,0.2588070333003998
RU-A1058,img_fc9442cf9ee7d0a7,2,0,0.0227088425308465
RU-A1058,img_bacc99d5d573c2f7,2,0,0.0005299803451634
RU-A1058,img_a813e15ee1fb49a5,2,0,0.0160276722162961
RU-A1058,img_6b4c91c46e2ee9e7,2,0,0.0096100186929106
RU-A1058,img_6e04fb5a35747565,2,0,0.042213324457407
RU-A1058,img_6cb909bef7a2df08,2,0,0.0482703633606433
RU-A1058,img_01172d93cf2bd66a,2,0,0.0750286877155304
RU-A1058,img_0d38dc280a0ed213,2,0,0.0090232668444514
RU-A1074,img_a0861ea9e7660989,2,0,0.0111903855577111
RU-A1074,img_e145a6fa6dd942f6,2,0,0.0376811698079109
RU-A1074,img_31f3a4018f5dd8d0,2,0,0.0046270615421235
RU-A1074,img_c944a6f2be7b4fe9,2,0,0.0021404770668596
RU-A1074,img_36173f5c1e011c0d,2,0,0.0979319512844085
RU-A1074,img_1a8ed1c40c6e7e5f,2,0,0.513389527797699
RU-A1098,img_3ae15fde7f9afade,3,0,0.0009966855868697
RU-A1098,img_905e1b987819fed4,3,0,0.0056263068690896
RU-A1098,img_37c256109ac3a823,3,0,0.0071278437972068
RU-A1098,img_e00095b434bed28d,3,0,0.0020506447181105
RU-A1098,img_4fdbe66edfebdc04,3,0,0.0008881906978785
RU-A1098,img_dc432a1c6eaf385c,3,0,0.0013521467335522
RU-A1098,img_31a7b21a748aed23,3,0,0.0013832437107339
RU-A1098,img_1cccaf4a04648eb1,3,0,0.0001376988657284
RU-A1050,img_d2ef31434a0fff6e,3,1,0.2193070501089096
RU-A1050,img_ee0066527d1c4cd6,3,1,0.2345251888036728
RU-A1068,img_0dc274e4a92e9052,2,0,0.0760823413729667
RU-A1068,img_c865d5a832893e9b,2,0,0.1001378297805786
RU-A1068,img_164e07147199a243,2,0,0.0123947067186236
RU-A1068,img_fac566c3c6c081fd,2,0,0.035640113055706
RU-A1068,img_fadbd2819e4b7f0b,2,0,0.0033935997635126
RU-A1068,img_6195cb9ef196e838,2,0,0.0210185348987579
RU-A1068,img_df1bb1f949077480,2,0,0.0050586755387485
RU-A1068,img_ccdb8b939171d9df,2,0,0.0002575247199274
RU-A1068,img_1480e4fb992468df,2,0,0.002319183666259
RU-A1068,img_93521b4fc9a39744,2,0,0.0016258708201348
RU-A1068,img_0ef6c053a1efa9cb,2,0,0.0015563627239316
RU-A1068,img_25d8ce440d731440,2,0,0.0007704656454734
RU-A1068,img_a1eb985fcd771a63,2,0,0.043595366179943
RU-A1068,img_6919fc42f2cb0292,2,0,0.6266492605209351
RU-A1069,img_29fea1742bde81f1,3,0,0.7102702260017395
RU-A1069,img_d3537ec084088385,3,0,0.560858964920044
RU-A1069,img_5f90bb3a75a84565,3,0,0.0943585857748985
RU-A1069,img_89432fed4f986adb,3,0,0.0068162512034177
RU-A1069,img_7a36ca777906472c,3,0,0.0057509057223796
RU-A1069,img_dbe15317497aec02,3,0,0.0060115619562566
RU-A1069,img_00881378b5922b46,3,0,0.0733585879206657
RU-A1069,img_11333961ba50a402,3,0,0.0079476991668343
RU-A1069,img_2730485b8df5a181,3,0,0.0121002253144979
RU-A1069,img_144d587daae63140,3,0,0.0004850211844313
RU-A1069,img_9e907ab2c0c5f60f,3,0,0.0830221995711326
RU-A1069,img_c2312dc45a9ee6c9,3,0,0.0065337345004081
RU-A1069,img_66f1fc5d75ccad3c,3,0,0.0134241031482815
RU-A1069,img_f40cefc5aabb8685,3,0,0.0698872506618499
RU-A1069,img_3539ec17c0f6dc19,3,0,0.0568029768764972
RU-A1069,img_2f445d43cb6a4c34,3,0,0.0632689669728279
RU-A1069,img_096a19e1485e3e1d,3,0,0.2577021420001983
RU-A1069,img_38e65d5e417cbbd8,3,0,0.3801564872264862
RU-A1069,img_b7487da3d4cbfd51,3,0,0.0040128091350197
RU-A1069,img_de7f3391803d823e,3,0,0.0022916276939213
RU-A1069,img_ec74d794cb0c8612,3,0,0.0372332111001014
RU-A1069,img_fd9e9ef128d318ca,3,0,0.0135105736553668
RU-A1069,img_1958472f7c720185,3,0,0.0002144507307093
RU-A1069,img_1c977fc3cb36e35c,3,0,0.0006864461465738
RU-A1069,img_dc6e72e5addf23c9,3,0,0.000346531625837
RU-A1069,img_1c331cded5089a43,3,0,0.000196878609131
RU-A1069,img_902a4cff1b93d849,3,0,0.0053046513348817
RU-A1069,img_be34d14764caec98,3,0,0.0121681811287999
RU-A1069,img_14783106ce96dfba,3,0,0.0101049467921257
RU-A1069,img_f7009805dff8f9cf,3,0,0.0048034540377557
RU-A1069,img_cbe30f9cebd532ad,3,0,0.0125080607831478
RU-A1069,img_807f692be3a97d7b,3,0,0.0034255948849022
RU-A1071,img_f1bf7e185918828e,0,1,0.9985533356666564
RU-A1071,img_6764b3bb82303282,0,1,0.9965476393699646
RU-A1071,img_255ba469849c7fbe,0,1,0.9917398691177368
RU-A1071,img_fb8cdf71da917259,0,1,0.1865818947553634
RU-A1071,img_5d53ba894d46933e,0,1,0.2993068397045135
RU-A1071,img_18981532a2de742f,0,1,0.3999150097370147
RU-A1072,img_e4d19559ce6c7c5b,0,0,0.0152385430410504
RU-A1072,img_745564efb4b1aedf,0,0,0.011637806892395
RU-A1072,img_b9428b3d585b9fee,0,0,0.0010790484957396
RU-A1072,img_30d0d7cbd2ae936d,0,0,0.0002112404617946
RU-A1072,img_09350acbf91fa1d1,0,0,0.007322032470256
RU-A1072,img_e96f4fedd84d477b,0,0,0.0073129059746861
RU-A1072,img_2a6459477585e3f1,0,0,0.4484589099884033
RU-A1072,img_f1dbff2a22171d4e,0,0,0.2670007050037384
RU-A1073,img_8dba78fb4cbfdcb2,4,0,0.0005935672088526
RU-A1073,img_510a24476049a246,4,0,0.0014720659237354
RU-A1073,img_05613777d7d60acf,4,0,0.0732064694166183
RU-A1073,img_69a449be8babb7c4,4,0,0.0020851613953709
RU-A1073,img_bf31b7c2b9a2c89a,4,0,0.0054539716802537
RU-A1073,img_ccdf9e7d4d800d31,4,0,0.0012863732408732
RU-A1073,img_9d374727786014d6,4,0,0.9789025783538818
RU-A1073,img_3eeff4e77fc6c6ee,4,0,0.9334481358528136
RU-A1073,img_a658cde89dc61e4f,4,0,0.9817750453948976
RU-A1073,img_8adf2d3bfaa855df,4,0,0.4241161644458771
RU-A1073,img_43ce6eaffe64af70,4,0,0.588587760925293
RU-A1076,img_bb2fb924b90d812c,1,0,0.4163502156734466
RU-A1076,img_0744d508411907b0,1,0,0.4601252675056457
RU-A1076,img_611f27940adb49c8,1,0,0.6198551654815674
RU-A1076,img_644a8a6165b936ba,1,0,0.7258659601211548
RU-A1076,img_534fc301f6b1e833,1,0,0.9566171169281006
RU-A1076,img_fa80805e4426bc0e,1,0,0.9431710839271544
RU-A1076,img_8ca4a7fbe4e032bb,1,0,0.9816880822181702
RU-A1076,img_4835ab32c70833cc,1,0,0.9831222891807556
RU-A1126,img_4ddb1f110e63c31b,2,0,0.005739196203649
RU-A1126,img_35bf6e4514660541,2,0,0.0007838886231184
RU-A1126,img_f242ba277c2de047,2,0,0.0028034532442688
RU-A1126,img_dae060c5b2c5ecf1,2,0,0.0002195175766246
RU-A1126,img_a7f819e1627380f3,2,0,0.0021013941150158
RU-A1126,img_46103a5600e7d5d5,2,0,0.0054684909991919
RU-A1126,img_d4f2f36284da00ee,2,0,0.0117676332592964
RU-A1126,img_4e09a720d179bb90,2,0,0.0001367216609651
RU-A1126,img_101a1e6361f5d305,2,0,0.0004086836415808
RU-A1126,img_377d04c2fcdda1f4,2,0,0.0372479856014251
RU-A1126,img_4586a68b3d2249a8,2,0,0.0015838432591408
RU-A1126,img_53cab7963dfdb145,2,0,0.0021632253192365
RU-A1126,img_39d5cad440ad53bc,2,0,0.0013583161635324
RU-A1126,img_056bdeb69b8eb219,2,0,0.0096405185759067
RU-A1126,img_a26eb1715e61d6d7,2,0,0.0151206329464912
RU-A1126,img_f7128edd69c5262b,2,0,0.0174320917576551
RU-A1126,img_69984608b5a511ee,2,0,0.0030689553823322
RU-A1126,img_aeb0d9f5e4463af5,2,0,0.0140388673171401
RU-A1126,img_f0814c91261a030c,2,0,0.0022274504881352
RU-A1126,img_7a8b9e8f09a41c3e,2,0,0.0012934536207467
RU-A1126,img_9666940deb9aa619,2,0,0.0021044940222054
RU-A1126,img_8f58731f05b2d28f,2,0,0.004632172640413
RU-A1126,img_bb03e6e5f4e38473,2,0,0.0011500724358484
RU-A1127,img_65f135634172bf81,0,0,0.0019297675462439
RU-A1127,img_e11c00a5e4be1445,0,0,0.0006848324555903
RU-A1127,img_bd270699ec7182d8,0,0,0.0001916809706017
RU-A1127,img_e435f67edcf96df7,0,0,0.0001052545703714
RU-A1127,img_a43b0bab4cd1ed22,0,0,0.0021133003756403
RU-A1127,img_fc88faf9ee7ce35a,0,0,0.0023059891536831
RU-A1127,img_26041efc1df315c9,0,0,0.0027284612879157
RU-A1127,img_7a642b7a90127e64,0,0,0.0019717272371053
RU-A1127,img_99531d809548016a,0,0,0.0015392296481877
RU-A1127,img_af09bc5d6bba7a42,0,0,0.0018835254013538
RU-A1127,img_b6e2d573eaf7b7cd,0,0,0.047975867986679
RU-A1127,img_f9f954868257ad47,0,0,0.0263373684138059
RU-A1127,img_db6a9fd49d75710d,0,0,0.0299939271062612
RU-A1127,img_83a990ec838630eb,0,0,0.0138943009078502
RU-A1127,img_0ca49a5a34306a63,0,0,0.002261727117002
RU-A1127,img_258742d4f1fa433c,0,0,0.0013200952671468
RU-A1128,img_f4c5b5b86d18cce6,0,0,0.0144829284399747
RU-A1128,img_204eec53a566d1b7,0,0,0.000576838676352
RU-A1128,img_701ac62ee9a3469d,0,0,0.0018720848020166
RU-A1128,img_789ac8a72d2f1104,0,0,0.005836647003889
RU-A1128,img_eec002ba891bdbc6,0,0,0.1177036389708519
RU-A1128,img_8b119e966f9ca72f,0,0,0.1617128401994705
RU-A1128,img_c853576ec6962317,0,0,0.0017299434402957
RU-A1128,img_e716f023a7d8d739,0,0,0.0008400455699302
RU-A1128,img_538d5666e7520d8e,0,0,0.0041620298288762
RU-A1128,img_7a5261be4e4997f3,0,0,0.0102838249877095
RU-A1128,img_0f7370c1b633d224,0,0,0.0003556146984919
RU-A1128,img_ac771a3bced2f6b2,0,0,0.001290496555157
RU-A1129,img_f6039f0947ed5b6b,3,0,0.0032431287690997
RU-A1129,img_e3e37d1eb88750cc,3,0,0.0040612327866256
RU-A1129,img_89e7758c27344884,3,0,0.0061268443241715
RU-A1129,img_be95c5b90c88c440,3,0,0.0056061269715428
RU-A1129,img_48e7aa056995efae,3,0,0.0169269535690546
RU-A1129,img_137a5b427d8d4a64,3,0,0.0138769121840596
RU-A1129,img_6dd6e89d47bb86fe,3,0,0.0012400621781125
RU-A1129,img_e4c96351506b7f65,3,0,0.0014381817309185
RU-A1129,img_697570746b7b3079,3,0,0.0040322723798453
RU-A1129,img_7bd0ed37218258ca,3,0,0.0040989844128489
RU-A1129,img_50278f3d469627de,3,0,0.0001692471705609
RU-A1129,img_d9a943c8560821a6,3,0,0.0001472694711992
RU-A1129,img_85c9554d7ea88341,3,0,0.000901979394257
RU-A1129,img_25bf6bfb7549cdbb,3,0,0.0004855249426327
RU-A1129,img_1655afc496e7bcb4,3,0,0.0026326100341975
RU-A1129,img_b2c49f4a3ff85489,3,0,0.0012729699956253
RU-A1129,img_17dbaff41152c136,3,0,0.0035572377964854
RU-A1129,img_d293e37da6fcf502,3,0,0.0067802555859088
RU-A1130,img_48323da9bd082bec,3,0,0.0052968268282711
RU-A1130,img_2e06ce1cead79d54,3,0,0.0260358173400163
RU-A1130,img_12daf29661aac061,3,0,0.0564773343503475
RU-A1130,img_353bf259c477ee37,3,0,0.0379280410706996
RU-A1130,img_f7fb6cc5bc7d9e73,3,0,0.0069776247255504
RU-A1130,img_aa569dc1ef97c1fb,3,0,0.0016417055157944
RU-A1130,img_f0b2453f76d15da4,3,0,0.0029162429273128
RU-A1130,img_507260ca6a53b174,3,0,0.0013022508937865
RU-A1130,img_9b3878bfe27b7895,3,0,0.0034985789097845
RU-A1130,img_1f3a2d6655b84224,3,0,0.002065252745524
RU-A1130,img_06f79d1195bec41d,3,0,0.0028353817760944
RU-A1130,img_79ef52bffc6ec78f,3,0,0.0051499251276254
RU-A1130,img_04ae63b035263d00,3,0,0.013473393395543
RU-A1130,img_bb74e7be37127015,3,0,0.0059397141449153
RU-A1130,img_949e23c2f2fd1016,3,0,0.0024048550985753
RU-A1130,img_1d4b352986086f6e,3,0,0.0050899367779493
RU-A1130,img_67e7de3d28cb8496,3,0,0.0033701115753501
RU-A1130,img_3d0e575a22dab7e5,3,0,0.0101781943812966
RU-A1130,img_f6bf7c99481933fb,3,0,0.0102043319493532
RU-A1130,img_802074d2422790a7,3,0,0.0012718900106847
RU-A1130,img_988057f0440d7c5a,3,0,0.000815259933006
RU-A1131,img_0b749114d42daca0,3,0,0.4022243320941925
RU-A1131,img_5a88d83db18de295,3,0,0.3420192897319793
RU-A1131,img_c106cde4c966041d,3,0,9.298227814724668e-05
RU-A1131,img_57defb92f758f758,3,0,0.2283629179000854
RU-A1131,img_c81cafa07f26cb7e,3,0,0.4266749322414398
RU-A1131,img_5c087d1a854b4a31,3,0,0.0001702581648714
RU-A1131,img_f79fbf1df0c8321a,3,0,0.0002833665639627
RU-A1131,img_dd162b079b094840,3,0,0.028771486133337
RU-A1131,img_893f0d3825b554d5,3,0,0.0286614205688238
RU-A1131,img_57327063d7b6d713,3,0,0.0006659383070655
RU-A1131,img_f49e388ae10e67df,3,0,0.0101815098896622
RU-A1131,img_f3b4d6a85cb88d27,3,0,0.0073780310340225
RU-A1131,img_cdadac931b08d3a6,3,0,0.0054207541979849
RU-A1131,img_31d53487459c03e8,3,0,0.0008578086271882
RU-A1131,img_d1a41c081f78e132,3,0,0.0004336173878982
RU-A1131,img_b465ca99fe1f18a9,3,0,0.0022642109543085
RU-A1131,img_1c7146e0f3eede9b,3,0,0.0125117534771561
RU-A1131,img_58c3d1ce15725046,3,0,0.0041142171248793
RU-A1131,img_0c4dd14694c4841c,3,0,0.0976107940077781
RU-A1131,img_fc9b22f519120fb5,3,0,0.0011524858418852
RU-A1131,img_f07e722dd1aa4c6c,3,0,0.0008239774033427
RU-A1131,img_aceab744e6062350,3,0,0.3983978927135467
RU-A1131,img_b5e57ad9415462a0,3,0,0.0540037527680397
RU-A1131,img_5a09de8c7641ec04,3,0,0.1510979682207107
RU-A1131,img_df5a094a4793e8cf,3,0,0.078450009226799
RU-A1131,img_a93bc4f399fcddb0,3,0,0.0246488284319639
RU-A1131,img_e1ce17f85c54665c,3,0,0.1924368441104889
RU-A1132,img_15cf412b8a36ef71,4,0,0.0050721545703709
RU-A1132,img_0b7a2191dae0145e,4,0,0.0024904105812311
RU-A1132,img_bd3bef2fda7e9294,4,0,0.0285593848675489
RU-A1132,img_c56c490910e5f114,4,0,0.0225318595767021
RU-A1132,img_29fe3d927d718862,4,0,0.0062778983265161
RU-A1132,img_6637779fbed35c03,4,0,0.0131722828373312
RU-A1133,img_4dd30ef220739129,2,0,0.0028118663467466
RU-A1133,img_9fdb3004006fb583,2,0,0.0020332720596343
RU-A1133,img_0f8a84c5585db9e0,2,0,0.0012829803163185
RU-A1133,img_7e599e22da3e9ad2,2,0,0.0011396743357181
RU-A1133,img_16ad54908803d355,2,0,0.0004706448817159
RU-A1133,img_b8b1d03099d3b68e,2,0,0.0005464293062686
RU-A1133,img_1d0da9d20fc15170,2,0,0.0006045865593478
RU-A1133,img_5dbafefa1884bcc9,2,0,0.0018004509620368
RU-A1133,img_1e853a199f94bd0c,2,0,0.003438422223553
RU-A1133,img_dde17dbd58b9b1d3,2,0,0.0009535130811855
RU-A1133,img_e2caff634357bc0e,2,0,0.0037270835600793
RU-A1133,img_03ef30754e533a31,2,0,0.0429286397993564
RU-A1133,img_a77f45575c65a286,2,0,0.019014423713088
RU-A1133,img_01396c8e70449092,2,0,0.0067882854491472
RU-A1133,img_0eba25a0a12d1eb2,2,0,0.0083556426689028
RU-A1133,img_4798318cde3a1421,2,0,0.0078607881441712
RU-A1133,img_203649cdb542ecee,2,0,0.0139776561409235
RU-A1134,img_ed36ea9af7ad3d98,4,0,0.0026964826975017
RU-A1134,img_376ff3f0d8fe329a,4,0,0.0039185700006783
RU-A1134,img_9e4e935346f1d491,4,0,0.0021855242084711
RU-A1134,img_ff0b2d613e853bc2,4,0,0.0019176377682015
RU-A1135,img_56952127417c94b0,1,0,0.0022366361226886
RU-A1135,img_49f60fe3a815bbb9,1,0,0.0634752288460731
RU-A1135,img_effb746d58a61371,1,0,0.0019704564474523
RU-A1135,img_97a67ce819773434,1,0,0.0200194735080003
RU-A1135,img_74533c5080577f94,1,0,0.0017588102491572
RU-A1135,img_a95e9e26848f273f,1,0,0.0041155749931931
RU-A1135,img_8e6f25b814f1bd4f,1,0,0.0021482252050191
RU-A1135,img_0d8b5d72aa37485c,1,0,0.0298123601824045
RU-A1135,img_e2207ad1fa5aaaf2,1,0,0.007109738420695
RU-A1135,img_5745b0875fce9cd8,1,0,0.0267181824892759
RU-A1135,img_c474af5a94d6c7e7,1,0,0.2969884872436523
RU-A1135,img_8c32590e51086ca3,1,0,0.8766007423400879
RU-A1135,img_c82d8de6b91030fb,1,0,0.0023694308474659
RU-A1135,img_c9e464554cddf543,1,0,0.0012286015553399
RU-A1135,img_a173b1dde10d4bc3,1,0,0.001010222826153
RU-A1135,img_017660fbfe2280a5,1,0,0.0002217275759903
RU-A1135,img_065ea38bcd0c7c62,1,0,0.0094536747783422
RU-A1135,img_a9479de5e22db8bd,1,0,0.0079463338479399
RU-A1136,img_e5219e7b26eb73b1,0,0,0.0462298355996608
RU-A1136,img_8e6c90ed9efe226e,0,0,0.0170328728854656
RU-A1136,img_db87d54477455f59,0,0,0.9949660897254944
RU-A1136,img_5f0e93cb50037c12,0,0,0.9574249386787416
RU-A1138,img_931d5f624e33e830,4,0,0.0425458848476409
RU-A1138,img_94fdc2acc712d855,4,0,0.0142188342288136
RU-A1138,img_9670dd15697b9414,4,0,0.0007351110107265
RU-A1138,img_52e3fb1a3a09f5fb,4,0,0.0012916893465444
RU-A1139,img_a0a0681c0f504288,3,0,0.0397410877048969
RU-A1139,img_80ff552783e0160d,3,0,0.56557297706604
RU-A1139,img_3fb25d283203ec69,3,0,0.0234254598617553
RU-A1139,img_c09c2cf650dadbe0,3,0,0.0491831079125404
RU-A1139,img_4f592f8b7198c69f,3,0,0.4818572700023651
RU-A1139,img_0243ed6625d457b6,3,0,0.769923985004425
RU-A1139,img_396bfcc16f61b215,3,0,0.112817995250225
RU-A1139,img_456c20f1e038272d,3,0,0.0231665316969156
RU-A1139,img_a5eb0bce84817083,3,0,0.7559788823127747
RU-A1139,img_215eac80c8974f54,3,0,0.1273881942033767
RU-A1139,img_35dc2dfe80bae39d,3,0,0.0083010522648692
RU-A1139,img_b961ac4ec3ae188f,3,0,0.0483721978962421
RU-A1139,img_b1f87444687720ea,3,0,0.040961991995573
RU-A1139,img_dab42944989b11f2,3,0,0.3478913307189941
RU-A1139,img_8d942fb94cd14302,3,0,0.8497170209884644
RU-A1139,img_a8edc153e0a81e64,3,0,0.117001362144947
RU-A1139,img_a53b36472b667b61,3,0,0.0476257465779781
RU-A1139,img_434603eb41ab48f0,3,0,0.3112845420837402
RU-A1139,img_2f2d73ad430f52d7,3,0,0.5206772685050964
RU-A1139,img_26fb18c28a6e53e6,3,0,0.1792756468057632
RU-A1140,img_26c110293f70dad1,4,0,0.0011357478797435
RU-A1140,img_ae5e7eba2b3aa7c8,4,0,0.003126406809315
RU-A1140,img_00fa53f51edf4895,4,0,0.0015324060805141
RU-A1140,img_f3cbda6c7488e42c,4,0,0.010671260766685
RU-A1140,img_194d27375a4fa5c6,4,0,0.0024967254139482
RU-A1140,img_a05d92da8b327445,4,0,0.003268304746598
RU-A1140,img_7413a2de0aa0174b,4,0,0.002091169822961
RU-A1140,img_34889222a498afd6,4,0,0.0034035595599561
RU-A1141,img_ecdabe6a3e49ccd3,2,0,0.0090652387589216
RU-A1141,img_4fb7b38c4698ebf3,2,0,0.0005832917522639
RU-A1141,img_41475682c2aebfc3,2,0,0.0079808104783296
RU-A1141,img_fbf2ba863bd19b3b,2,0,0.0088281240314245
RU-A1141,img_db6786c3dcf16060,2,0,0.0074059646576642
RU-A1141,img_ed6f3e7f8d72d048,2,0,0.0159643106162548
RU-A1141,img_03641367c2f44142,2,0,0.0013364758342504
RU-A1141,img_b9237598d9256f2c,2,0,0.0013874709839001
RU-A1141,img_e3ded371448f2b8a,2,0,0.0134403361007571
RU-A1141,img_c3f74ba3c8f13502,2,0,0.0051059043034911
RU-A1141,img_c1e472cb347b9bf7,2,0,0.0007283626473508
RU-A1141,img_268532d45961e5a1,2,0,0.0027433552313596
RU-A1142,img_b2ad183e525f10c1,2,0,0.000652587856166
RU-A1142,img_25c26e43a8315a84,2,0,0.0044752061367034
RU-A1142,img_6ce18d9da5068176,2,0,0.0014721150510013
RU-A1142,img_65057f6d6bc448f5,2,0,0.003667312907055
RU-A1142,img_bdc73face27cb757,2,0,0.0360490605235099
RU-A1142,img_a73b2795321d87fd,2,0,0.0408493764698505
RU-A1142,img_a4dec0f8826348fa,2,0,0.162841185927391
RU-A1142,img_70f42d3489e475e8,2,0,0.0002283590001752
RU-A1142,img_968b51a1720bbe67,2,0,2.8291728085605428e-05
RU-A1144,img_2321d2c7c61443d5,1,0,0.4994186162948608
RU-A1144,img_f9fbf54dd971d875,1,0,0.5702322721481323
RU-A1144,img_38e99becd6fe2fa6,1,0,0.0621650218963623
RU-A1144,img_ab4fa3020e4749e6,1,0,0.0257909707725048
RU-A1145,img_5506c96096e2993c,2,0,0.0005340255447663
RU-A1145,img_b2927a9e01e64f71,2,0,0.0019615879282355
RU-A1145,img_4a21211935dbf055,2,0,0.0003186677931807
RU-A1145,img_ab6ea08957db0f7f,2,0,0.0017618568381294
RU-A1145,img_691cfcc39614dce0,2,0,0.0002027198352152
RU-A1145,img_25dcbd43003f67a8,2,0,0.0095743900164961
RU-A1145,img_0326cf3b6e450cc3,2,0,0.0410862043499946
RU-A1145,img_7b523791a95e3682,2,0,0.3280156552791595
RU-A1145,img_ee6148fa870aea45,2,0,0.1837818324565887
RU-A1145,img_b464a60724b572f1,2,0,0.0586579032242298
RU-A1145,img_85d0c89ba7b1deb2,2,0,0.0049542789347469
RU-A1145,img_106c4d1330a25198,2,0,0.0104266144335269
RU-A1145,img_728b520aa9b3df5b,2,0,0.0068346015177667
RU-A1145,img_e5f7b03075ac2b2d,2,0,0.0002404793194727
RU-A1145,img_0f524c91d54a0ee1,2,0,0.0001868940453277
RU-A1145,img_8f29a44b434e5073,2,0,0.0124562606215476
RU-A1145,img_6047d9d88baa7ec6,2,0,0.0130236260592937
RU-A1146,img_ced7d37a8dae7e24,0,0,0.0023498989176005
RU-A1146,img_15c81a3a70b32e64,0,0,0.0019938610494136
RU-A1146,img_d36a03a1d0789eba,0,0,0.0028896029107272
RU-A1146,img_18a50179b924dc8c,0,0,0.0100590707734227
RU-A1146,img_0fed6dfc88b8b783,0,0,0.1541201472282409
RU-A1146,img_f28324d2ab8439c5,0,0,0.0279033798724412
RU-A1146,img_96bbdcf63f1c1f66,0,0,0.0516056343913078
RU-A1146,img_cb16569d14cc9ca2,0,0,0.0031543283257633
RU-A1146,img_547da02fb9eca47e,0,0,0.0902845114469528
RU-A1146,img_4b0b2dc7686d6899,0,0,0.1341607272624969
RU-A1147,img_69e14d7b393117b7,0,0,0.0054763513617217
RU-A1147,img_f5aca410d64307db,0,0,0.013540469110012
RU-A1147,img_fcdd57bb839a53a4,0,0,0.0046806223690509
RU-A1147,img_3903baa4c4f2c7c7,0,0,0.0041473768651485
RU-A1147,img_402a2adeeaf43be0,0,0,0.0048624305054545
RU-A1147,img_12af5491025ef0ea,0,0,0.0056223389692604
RU-A1147,img_9210309a03851a22,0,0,0.002131539164111
RU-A1147,img_5ae420538bcec54b,0,0,0.0010098956990987
RU-A1147,img_5e70d2b34946b905,0,0,0.0087505644187331
RU-A1147,img_759efcb3c4356499,0,0,0.0025898138992488
RU-A1147,img_17b76f0a1611d140,0,0,0.0031915528234094
RU-A1147,img_4624055e69a270ac,0,0,0.0126469237729907
RU-A1147,img_ff7accb2b937f7d6,0,0,0.0133216232061386
RU-A1202,img_4c401195a5b2dbc8,1,0,5.139699715073221e-05
RU-A1202,img_4fbe40f27ae53a8d,1,0,0.0006381003768183
RU-A1202,img_5daedf8cf6d54f2b,1,0,0.0002095159725286
RU-A1202,img_2429b0c9ac82f187,1,0,0.0001265350001631
RU-A1202,img_b968590fd31c6c14,1,0,0.0076228654943406
RU-A1202,img_39d666110e045dd9,1,0,0.0009254950564354
RU-A1202,img_17102de048dbece6,1,0,0.0007458626059815
RU-A1202,img_4aed10f09f507bdc,1,0,0.0012172792339697
RU-A1202,img_96ada6b1a6c5ed2b,1,0,0.0006985897198319
RU-A1202,img_ef363ec5702bcaa8,1,0,0.0006096575525589
RU-A1202,img_78269f2cf0e2576c,1,0,0.0007869273540563
RU-A1202,img_8a39d825db4a5db3,1,0,0.0003344306023791
RU-A1202,img_70b5f2968fea226a,1,0,0.0014462382532656
RU-A1202,img_69057031549b9606,1,0,0.0112359430640935
RU-A1202,img_87243945ec9d81eb,1,0,3.399043998797424e-05
RU-A1201,img_86b52b9e9958cb91,2,0,6.700988160446286e-05
RU-A1201,img_ebb5fa79a3a0e738,2,0,5.4091724450699985e-06
RU-A1201,img_638a3b81d858d2ac,2,0,0.005688230972737
RU-A1201,img_0543a375b20dd158,2,0,0.0008341580978594
RU-A1201,img_f4e988516512b4d7,2,0,0.0022464646026492
RU-A1201,img_0b650760c9e26b95,2,0,0.0063395220786333
RU-A1203,img_f9649968c9fff551,4,0,0.0988390743732452
RU-A1203,img_1e75a1f1fc6e260c,4,0,0.0507855676114559
RU-A1203,img_097410aaa009b6dd,4,0,0.0177296120673418
RU-A1203,img_c00a3cbe65ad9b25,4,0,0.0050304317846894
RU-A1203,img_13394217e6d79693,4,0,0.0101454891264438
RU-A1203,img_08903abb37754c7a,4,0,0.0469344034790992
RU-A1203,img_1ed1e355291bc918,4,0,0.0029505568090826
RU-A1205,img_cb252e7cb6b252b7,3,0,0.0004750275984406
RU-A1205,img_e74c1037c323ddbf,3,0,0.0003574662550818
RU-A1205,img_e76f306966d729c7,3,0,0.0005420407396741
RU-A1205,img_eedffc1c166d9a7d,3,0,0.0012251127045601
RU-A1205,img_036397361a161372,3,0,0.018582247197628
RU-A1205,img_b6a2604d53f26de4,3,0,0.0026901259552687
RU-A1206,img_401d451bf4585e41,0,0,0.0238975007086992
RU-A1206,img_881a18cc6320eb00,0,0,0.0568280033767223
RU-A1206,img_4ad5f238a8ee51e3,0,0,0.4129817187786102
RU-A1206,img_8b4b82c0750ab605,0,0,0.5756595134735107
RU-A1206,img_324ae7ad040477db,0,0,0.830294668674469
RU-A1206,img_e90e80bfa5a79964,0,0,0.0067538563162088
RU-A1206,img_003cb469d8a569c5,0,0,0.0075729321688413
RU-A1206,img_1e2961fc027f93b3,0,0,0.0223798230290412
RU-A1207,img_b494786e9af450da,4,0,0.0259795486927032
RU-A1207,img_4d81d7fe9b422e84,4,0,0.1773267835378646
RU-A1207,img_902232c7c0a3d4c2,4,0,0.0006839114939793
RU-A1207,img_0a7e6f9256c72f06,4,0,1.5421934222104028e-05
RU-A1207,img_8a8f29a0889233c3,4,0,5.550019341171719e-05
RU-A1207,img_f7666f176e7f7388,4,0,0.0001335849810857
RU-A1207,img_77689d2ad2c3e35c,4,0,0.2767346501350403
RU-A1207,img_c6d609029afdddea,4,0,0.2217157632112503
RU-A1207,img_841ada8e475bba36,4,0,0.1080605164170265
RU-A1207,img_af41e73a224b54c6,4,0,0.0443002432584762
RU-A1207,img_4f2380c6f4e1dbd8,4,0,0.0012521906755864
RU-A1207,img_c5f77a55a52377a3,4,0,0.0355385579168796
RU-A1207,img_a7438582f2d0d331,4,0,0.0983958765864372
RU-A1207,img_dd9f802e25fe4573,4,0,0.19569031894207
RU-A1207,img_a06482114b8a0a58,4,0,0.2382345646619796
RU-A1208,img_17dd2e5560d73f63,4,0,0.007262832019478
RU-A1208,img_d56111bfa714c12e,4,0,0.0006749751046299
RU-A1208,img_a48902cd0e0c7f5b,4,0,0.0021039084531366
RU-A1208,img_bab8b1dc4cdfd884,4,0,0.0045579057186841
RU-A1208,img_60426c88744ab86a,4,0,0.0048548826016485
RU-A1208,img_4b59fab1264f9432,4,0,0.0313105955719947
RU-A1208,img_9880b1f7d904b33b,4,0,0.0033573217224329
RU-A1208,img_cb5b16f1a828f7fe,4,0,0.0060839974321424
RU-A1208,img_ec85dbb0087e3358,4,0,0.0045225583016872
RU-A1208,img_78a8e0d97a7f8ac9,4,0,0.0013462564675137
RU-A1208,img_8b6ef4fe53bd38b5,4,0,0.0002435273054288
RU-A1208,img_8278d9a770b28639,4,0,0.0018947022035717
RU-A1208,img_45de160d4d64ac55,4,0,0.0013533306773751
RU-A1208,img_438779e812f8bf6a,4,0,0.0022476203739643
RU-A1208,img_cdb118f39a5b4473,4,0,0.0005751450662501
RU-A1208,img_954bad01cc0ef40b,4,0,0.0024795741774141
RU-A1209,img_353fd50f62aca218,2,0,0.0027552051469683
RU-A1209,img_f206a6c21b92305a,2,0,0.0010723660234361
RU-A1209,img_e797af8591a092eb,2,0,0.0012460141442716
RU-A1209,img_609014321771c16c,2,0,0.0022761640138924
RU-A1209,img_cea364c286189852,2,0,0.0039181117899715
RU-A1209,img_c219aea0ff511d86,2,0,0.0128284515812993
RU-A1209,img_dd5c21938494dc52,2,0,0.0045631951652467
RU-A1209,img_f64dc240905f9be2,2,0,0.0018736822530627
RU-A1209,img_cb6236fc3b677115,2,0,0.0002977940021082
RU-A1209,img_68a555302192c0fb,2,0,0.0001545916748
RU-A1210,img_61725d0b1b0e0cb2,3,0,0.000300953281112
RU-A1210,img_155bd3fc8325c70f,3,0,0.0104813128709793
RU-A1210,img_cf00ee9fe2f5ffeb,3,0,0.0085378531366586
RU-A1210,img_6cd9c4dc9e3109cb,3,0,0.001640849863179
RU-A1210,img_47075dae946ac15d,3,0,0.0297058783471584
RU-A1210,img_0d38d197dd26f0aa,3,0,0.0669242814183235
RU-A1210,img_672d5348093db90f,3,0,0.001277782022953
RU-A1210,img_037c13fdc57aedd9,3,0,0.0002851014724001
RU-A1210,img_94ed3aafef16935c,3,0,0.0007251048227772
RU-A1210,img_8e351f771befb897,3,0,0.0006817295216023
RU-A1211,img_0907b22528827814,1,0,0.051013559103012
RU-A1211,img_eebacaf09c83427e,1,0,0.0005935528315603
RU-A1211,img_4537beab7cb1193c,1,0,0.001058927970007
RU-A1211,img_85441c6c4d0fb8c2,1,0,0.0005659926100634
RU-A1211,img_1eacae29803bf21a,1,0,0.0022470860276371
RU-A1211,img_4010ea7515699c33,1,0,0.0010766768828034
RU-A1212,img_37e836309c923c11,0,0,0.0019179260125383
RU-A1212,img_582e7b6003f841ef,0,0,0.0134346103295683
RU-A1212,img_9fdccda4397371f9,0,0,0.1131495162844657
RU-A1212,img_08b78af2be2b0564,0,0,0.0054126111790537
RU-A1212,img_b392e12dabd0e65d,0,0,0.0095941796898841
RU-A1212,img_5d1876c815c9ec6d,0,0,0.0002495558874215
RU-A1212,img_e2390075fbdfa4c2,0,0,0.0022502427455037
RU-A1212,img_6ee22e20dbf4cf67,0,0,0.0004285618197172
RU-A1212,img_d252e91988a42408,0,0,0.0168883688747882
RU-A1212,img_f4336d900fedae9e,0,0,0.0081099681556224
RU-A1212,img_17b05618a5de66ac,0,0,2.018692066485528e-05
RU-A1212,img_3d0b770bfdad6a39,0,0,8.87686837813817e-05
RU-A1212,img_f0029347f2f4f900,0,0,0.0135689377784729
RU-A1212,img_729f4b312b74b92d,0,0,0.0049452632665634
RU-A1213,img_dbfe70b1bfbd5e40,4,0,0.000409114814829
RU-A1213,img_89b747d14d60745f,4,0,0.0001509782741777
RU-A1213,img_1bdcc8a87c984e0a,4,0,0.0025779721327126
RU-A1213,img_895bf7487250ad15,4,0,0.0052767656743526
RU-A1213,img_b3b9484f99521e97,4,0,0.0002328543632756
RU-A1213,img_f90fccbd65c09948,4,0,0.0011500676628202
RU-A1213,img_572ff5251336d120,4,0,0.0004237441171426
RU-A1213,img_3a9a6ca234198d21,4,0,0.0040640803053975
RU-A1213,img_91a772c91a94b51c,4,0,0.0027865876909345
RU-A1213,img_d95b3eec1467f2a7,4,0,9.044245962286368e-05
RU-A1213,img_67ad1072713dc361,4,0,0.0015353841008618
RU-A1213,img_7b056d25cb09eed9,4,0,0.0050697922706604
RU-A1213,img_a372e4f3d7450f90,4,0,0.0033538448624312
RU-A1213,img_c7491e64ea123a3f,4,0,0.0496703386306762
RU-A1213,img_055002a97baf65c6,4,0,0.0044139148667454
RU-A1213,img_eb3f920ac78c6b41,4,0,0.0010541424853727
RU-A1213,img_29ecbd554218393b,4,0,0.0052808905020356
RU-A1213,img_bf3f1776019b50f8,4,0,0.0021824962459504
RU-A1213,img_34d7a86850d1da2b,4,0,0.0015151593834161
RU-A1214,img_82f48037ecfde536,3,0,0.1661341339349746
RU-A1214,img_0175ba697801006d,3,0,0.015233127400279
RU-A1214,img_101e864ca47066ed,3,0,0.061663020402193
RU-A1214,img_a47e743276634fc6,3,0,0.0318248085677623
RU-A1214,img_4afffebb4c4f09c5,3,0,0.0652183219790458
RU-A1214,img_dfd5d89080f6115a,3,0,0.0364384837448596
RU-A1214,img_f3a2fb94bb548845,3,0,0.0010249413317069
RU-A1214,img_1ec0a35041f8c55d,3,0,0.00355183519423
RU-A1214,img_8a4ec502a0d4f888,3,0,0.0132806450128555
RU-A1214,img_3e4e7b16862d6fbd,3,0,0.0051754335872828
RU-A1214,img_697402d7672f79d7,3,0,0.0010776914423331
RU-A1214,img_532bb62f4d8e54a4,3,0,0.0006981604383327
RU-A1214,img_104e3505d2f90687,3,0,0.0040696775540709
RU-A1214,img_6e25eab3586fb211,3,0,0.0018368473974987
RU-A1214,img_fdb706a39535a531,3,0,0.0020064883865416
RU-A1214,img_9d9a3b84108d849e,3,0,0.0040173423476517
RU-A1214,img_9109357d61a20553,3,0,0.0016907467506825
RU-A1214,img_5045633daab523be,3,0,0.0056842220947146
RU-A1215,img_3c3af50601f6355b,4,0,0.0123192276805639
RU-A1215,img_c436f697141deeab,4,0,0.0009554969146847
RU-A1215,img_65f06901ee257285,4,0,0.0010782972676679
RU-A1215,img_567929a533ed4918,4,0,0.0265318751335144
RU-A1215,img_e7a1c15fdeacdbcf,4,0,0.0354239344596862
RU-A1215,img_a764adb0e1f302db,4,0,0.0027310238219797
RU-A1215,img_215b156f5f8ec6ac,4,0,0.0104377884417772
RU-A1215,img_c7263a916b585c89,4,0,0.0018431494245305
RU-A1215,img_7dab665bae3adbc5,4,0,0.0033441712148487
RU-A1215,img_aa066bce5dfae31d,4,0,0.0098994271829724
RU-A1215,img_e44a1785e73fc759,4,0,0.0071040419861674
RU-A1215,img_f560b3a13f719595,4,0,5.311800850904547e-05
RU-A1215,img_949619fb3f54957a,4,0,3.438817657297477e-05
RU-A1216,img_85aae14b16814baf,1,0,0.0333055257797241
RU-A1216,img_128ebddc631fe0fd,1,0,0.0016837581060826
RU-A1216,img_fb28765f779c2851,1,0,0.9897228479385376
RU-A1216,img_a46e8e754cb91c31,1,0,0.9768574237823486
RU-A1216,img_29de4260da3855b7,1,0,0.0038104695267975
RU-A1216,img_89a825217bfa20e8,1,0,0.2700253427028656
RU-A1216,img_34a531c66098ed9d,1,0,0.0036413678899407
RU-A1216,img_cd6d076ca651c25e,1,0,0.0037320656701922
RU-A1216,img_7bb72be2ec6e13dd,1,0,0.1067777797579765
RU-A1216,img_c3123396d113dc30,1,0,0.0652873292565345
RU-A1217,img_b75808893f16eaa2,4,0,0.0010521146468818
RU-A1217,img_4193e2d2ee44194a,4,0,0.0035638562403619
RU-A1217,img_7a8100e30ffcbc5a,4,0,0.0001344334741588
RU-A1217,img_7f382726a58f713c,4,0,0.0002004927082452
RU-A1217,img_1753a9b5b94b3036,4,0,0.0003852547088172
RU-A1217,img_ddbe21634b2d1f6a,4,0,0.0007991703459993
RU-A1217,img_b09e1bd129e98a76,4,0,0.0042530451901257
RU-A1217,img_916f518e1fda63bc,4,0,0.0012206905521452
RU-A1217,img_d58493146e90799f,4,0,0.0008087410242296
RU-A1217,img_c4f8d97b32f76345,4,0,0.0018900115974247
RU-A1217,img_5be731c064a94a7a,4,0,0.0013028811663389
RU-A1217,img_b605f07c257a0bd7,4,0,0.0010108933784067
RU-A1218,img_703e38a785c38433,0,0,0.073946513235569
RU-A1218,img_be5e63e89a31df45,0,0,0.0133195063099265
RU-A1218,img_5abd89008539f5f5,0,0,0.0004110721929464
RU-A1218,img_5034fb6ac4c953fb,0,0,0.0144812269136309
RU-A1218,img_04b2eb6dbb51c52b,0,0,0.0078479051589965
RU-A1218,img_2ad8b3b308f31cbc,0,0,0.03057705424726
RU-A1218,img_a0a1ba70508d3e19,0,0,0.0127264140173792
RU-A1218,img_62ede3e11a0b1c48,0,0,0.0512715056538581
RU-A1219,img_4f14f1da66b198fe,0,0,0.0271855685859918
RU-A1219,img_3dbcdae8f5b3b161,0,0,0.0320295467972755
RU-A1219,img_10f8ba30a1bcb49a,0,0,0.0006549711688421
RU-A1219,img_7230d5864a187cda,0,0,0.0060953367501497
RU-A1219,img_36f36b4b5276b559,0,0,0.0043804552406072
RU-A1219,img_ce2a8bf52477e0c0,0,0,0.0031180346850305
RU-A1219,img_4637e9dabc842144,0,0,0.0039041331037878
RU-A1219,img_c7622927bf489b22,0,0,0.0076616201549768
RU-A1219,img_64d250cf33bb9a68,0,0,0.0015008519403636
RU-A1219,img_c5904826d462940e,0,0,0.0002583175082691
RU-A1220,img_4368837fbcb7ea84,2,0,0.0036036695819348
RU-A1220,img_21ca0d666aaa0c4f,2,0,0.2550969123840332
RU-A1220,img_fa90efdb3f2a3aad,2,0,0.0019272646168246
RU-A1220,img_65fc83f4e483bbf6,2,0,0.0020227914210408
RU-A1220,img_0fae07cda02fea3a,2,0,0.012187598273158
RU-A1220,img_be2b140f75d6caa0,2,0,0.0023849527351558
RU-A1220,img_099b76ea38acab3e,2,0,0.0816192105412483
RU-A1220,img_2f1dec00f1a0a3dd,2,0,0.0122237354516983
RU-A1220,img_4abbb21182f3c417,2,0,0.140292540192604
RU-A1220,img_a0bb44e4f5cd7750,2,0,0.0018332281615585
RU-A1220,img_d4633f9b2697f097,2,0,0.0093157403171062
RU-A1241,img_045781793b1ff9df,2,0,0.037036970257759
RU-A1241,img_850861b01c3c6a2e,2,0,0.0248090103268623
RU-A1241,img_89ae72efc991889c,2,0,0.0236947070807218
RU-A1241,img_a9e07b15b56078ac,2,0,0.0092114834114909
RU-A1241,img_74672b8acd9757ef,2,0,0.0028970672283321
RU-A1241,img_c81a6169c0ac3b94,2,0,0.0154394898563623
RU-A1241,img_78e533712cc7794f,2,0,0.0010548289865255
RU-A1241,img_395fe9475d2fac3a,2,0,0.0007035356829874
RU-A1241,img_ea315baacbeb672d,2,0,0.0050022224895656
RU-A1241,img_b92681cd2f99fd75,2,0,0.0075507666915655
RU-A1242,img_5fead66f3dcb2616,1,0,0.0017952088965103
RU-A1242,img_0d6b82fd51ad5e66,1,0,0.0005979454144835
RU-A1242,img_0f3251073499f501,1,0,0.0332416594028472
RU-A1242,img_298a4b07b78d3d73,1,0,0.0064639914780855
RU-A1242,img_e75d2c7679125fca,1,0,0.0005522203864529
RU-A1242,img_35fe4e00351e04be,1,0,0.0004365180502645
RU-A1242,img_79306880cd26e397,1,0,0.0001629456965019
RU-A1242,img_d57e276f1cf19d74,1,0,0.000576056074351
RU-A1242,img_10053acd2829f178,1,0,0.0039477902464568
RU-A1242,img_0e2846309978704b,1,0,0.0048799230717122
RU-A1243,img_d707538bf936b39a,1,0,3.600340278353542e-05
RU-A1243,img_2d54536024e49d79,1,0,0.0005510725313797
RU-A1243,img_f717e18aad2b42bb,1,0,0.00103995075915
RU-A1243,img_c485d31309c463df,1,0,0.0047968989238142
RU-A1243,img_19b0f01e63c079f5,1,0,0.0065443287603557
RU-A1243,img_5a18c6bcc2c5a67b,1,0,0.0005848451983183
RU-A1243,img_39d50d99158ed5d0,1,0,0.0031832049135118
RU-A1243,img_e7531a9634fea0d4,1,0,0.0002615508565213
RU-A1243,img_71c2e2eba682cbe6,1,0,0.009100941941142
RU-A1243,img_6896921d5f4794d3,1,0,0.0090583022683858
RU-A1243,img_c10e7c2043ca610c,1,0,0.043823342770338
RU-A1243,img_fa2008829bdbfb32,1,0,0.0068594454787671
RU-A1244,img_514c946bba777e0f,3,0,0.0020376383326947
RU-A1244,img_cd79f7804d4f6da3,3,0,0.0081543195992708
RU-A1244,img_b8c5214ed22a3b5f,3,0,0.0181430149823427
RU-A1244,img_9b4c479e80f1c8a1,3,0,0.0010950664291158
RU-A1244,img_e0276b94ea3c68f6,3,0,0.0216857213526964
RU-A1244,img_53f6ef1ae48a7a02,3,0,0.0035229374188929
RU-A1244,img_389dd09d4f18d066,3,0,0.0197947230190038
RU-A1244,img_cfca37188d6a167b,3,0,0.0482503660023212
RU-A1244,img_6a0ed9fa8c3abb2f,3,0,0.0014395617181435
RU-A1244,img_4f97e8e11996e1fb,3,0,0.0015277271158993
RU-A1249,img_ae5f0c08e5dc41e8,3,0,0.0054805860854685
RU-A1249,img_0ce8d47d8e85d53d,3,0,0.0124294608831405
RU-A1249,img_98a0c29f954e8b7e,3,0,0.000442573276814
RU-A1249,img_5acff58f31d5dcfe,3,0,0.001468701288104
RU-A1249,img_09d221ba6f95febb,3,0,0.02927877753973
RU-A1249,img_e269f52617f53200,3,0,0.0471458360552787
RU-A1249,img_bb2ddc86c404dd09,3,0,0.0003917021676898
RU-A1249,img_c699b29b95de37e6,3,0,0.0003859491262119
RU-A1249,img_7aedecf9b58c3d08,3,0,0.026091968640685
RU-A1249,img_832d322243392162,3,0,0.0272901933640241
RU-A1249,img_d6e27f78ee193563,3,0,0.0009328318992629
RU-A1249,img_e61f116dd51681ff,3,0,0.0012868480989709
RU-A1249,img_9546aaf89a0455f5,3,0,0.0026991139166057
RU-A1249,img_185155d4df457469,3,0,0.0006981830229051
RU-A1249,img_1cb5f6d53e3a8b33,3,0,0.0555225871503353
RU-A1249,img_0ae7cbfee133f83c,3,0,0.005226690787822
RU-A1249,img_642fe0e7d165c178,3,0,0.0014411293668672
RU-A1249,img_5835b83d14de1597,3,0,0.002298732753843
RU-A1249,img_2766115f84e48f1e,3,0,0.0063273799605667
RU-A1249,img_90ee8364aadaabf4,3,0,0.0088598355650901
RU-A1261,img_4d532ff4a30f1b1d,4,0,0.000401980796596
RU-A1261,img_96ef82d877b175d8,4,0,0.0007257415563799
RU-A1261,img_4dec0a11cf25c46c,4,0,0.0003852705413009
RU-A1261,img_2ac460087ac4d9a6,4,0,0.000582754437346
RU-A1261,img_c756caac4f3f21ad,4,0,0.0001929786085383
RU-A1261,img_e02397584c77be93,4,0,0.0024042995646595
RU-A1261,img_c778bc81bd1af9b3,4,0,0.0005723790382035
RU-A1261,img_ab4bedc9280053c5,4,0,0.0010521884541958
RU-A1261,img_e55076c363183d2d,4,0,0.0066662169992923
RU-A1261,img_33298886c3950740,4,0,0.0023232905659824
RU-A1262,img_87611470e1900181,4,0,0.0008683423511683
RU-A1262,img_580b0a4b6ecd33c3,4,0,0.002258853521198
RU-A1262,img_83158ddb0e5a8241,4,0,0.0003485440684016
RU-A1262,img_b13c78326ba9486a,4,0,0.0001585353456903
RU-A1262,img_b01d3ae282fb58da,4,0,3.062277028220706e-05
RU-A1262,img_eefbb63f4ea925d9,4,0,8.863065158948302e-05
RU-A1262,img_5bc9cb2d7c85da9e,4,0,0.0052123703062534
RU-A1262,img_f8a8e9e8ab9711c2,4,0,0.0003337798698339
RU-A1262,img_e2b725f1f16796ab,4,0,0.0010373903205618
RU-A1262,img_17e93d9f2120e04a,4,0,0.001463352353312
RU-A1262,img_b36f5834828ae80c,4,0,0.0089721214026212
RU-A1262,img_6305539ae25abf5c,4,0,0.0103227421641349
RU-A1262,img_2fa1d672b01936f4,4,0,0.000357427081326
RU-A1262,img_fa35e17d957c24e3,4,0,0.0002805536496452
RU-A1262,img_1a7d93c2acd38238,4,0,0.0006290624151006
RU-A1262,img_fcd0e99a98bc1b86,4,0,0.0009593957220204
RU-A1263,img_435bb1b920c2b3c0,3,0,0.0092043140903115
RU-A1263,img_13e36824ed3fcf2c,3,0,0.0023074026685208
RU-A1263,img_e4d495b6697ca6fa,3,0,0.0186230540275573
RU-A1263,img_71c88b60bb59150f,3,0,0.0180780887603759
RU-A1263,img_e4df8feeaf93931f,3,0,0.0009860700229182
RU-A1263,img_41e79dad42b7e531,3,0,0.0043039196170866
RU-A1263,img_16af28f7a73035be,3,0,0.0010123082902282
RU-A1263,img_0bc8b7231762d070,3,0,0.0061520268209278
RU-A1263,img_c04c71e187796257,3,0,0.0008080978295765
RU-A1263,img_ad7b9a822f641942,3,0,0.0003474287514109
RU-A1263,img_5c6646c5c0b2b525,3,0,0.000835393439047
RU-A1263,img_d52396c560754652,3,0,0.0019045658409595
RU-A1263,img_78967ec170a7f20f,3,0,0.0022548669949173
RU-A1264,img_d41ecf141f9ed473,4,0,0.0049614491872489
RU-A1264,img_56544d9c2f53bb5c,4,0,0.0022905964870005
RU-A1264,img_68dece8e8c6a7cb5,4,0,0.4499398171901703
RU-A1264,img_e5784c2141da2d79,4,0,0.7720808386802673
RU-A1264,img_96ddf5750e709015,4,0,0.0045491335913538
RU-A1264,img_52debfdeecf508e0,4,0,0.060065884143114
RU-A1264,img_77cc81c2e14c309d,4,0,0.0509060136973857
RU-A1264,img_bc4d5536c9b5ebd2,4,0,0.0346928276121616
RU-A1264,img_fb2037b8046d8d03,4,0,0.0372947864234447
RU-A1264,img_2f53c4dfe2449443,4,0,0.009755422361195
RU-A1264,img_7b63913e9c2065ef,4,0,0.0135203255340456
RU-A1264,img_f748c0c4cda8f9f0,4,0,0.0031993491575121
RU-A1264,img_afedbe66ee8795f9,4,0,0.0031668152660131
RU-A1264,img_09570056f18a001a,4,0,0.0003686085983645
RU-A1264,img_2079564b2c395391,4,0,0.0001160677638836
RU-A1265,img_10f15d007c102249,0,0,0.0056320005096495
RU-A1265,img_5d1912d36452ad5b,0,0,0.0087135257199406
RU-A1265,img_43cb32be54330ffa,0,0,0.0012013703817501
RU-A1265,img_7da36c28b8c49106,0,0,0.004748704843223
RU-A1265,img_712828c6f477cdaa,0,0,0.005367471370846
RU-A1265,img_f11494e41a6f2a1a,0,0,0.0015110507374629
RU-A1265,img_05f2559b11f26c43,0,0,0.0017522722482681
RU-A1265,img_554666e285f7bcab,0,0,0.0018503341125324
RU-A1265,img_f797c8bee425afe5,0,0,0.0009082567994482
RU-A1265,img_9f39165321d89620,0,0,0.0001396661537
RU-A1265,img_2ec793bdb8390354,0,0,0.0004521672963164
RU-A1266,img_3b199f5479f5e708,1,0,0.0018633813597261
RU-A1266,img_f3c0b7ba0ef3e96c,1,0,0.0058196391910314
RU-A1266,img_c21a88b247fc1f3d,1,0,0.0036512913648039
RU-A1266,img_57f7445f0cf6650d,1,0,0.0058197220787405
RU-A1266,img_c052758e10d08ea2,1,0,0.0012175928568467
RU-A1266,img_69799231ecd36e9e,1,0,0.0011069359024986
RU-A1266,img_574b24d0c55da5c0,1,0,0.0051993718370795
RU-A1266,img_b9ab14e677e3c89f,1,0,0.0033080852590501
RU-A1266,img_ac42bb0a66c32570,1,0,0.0008863713010214
RU-A1266,img_bf44ab2193b82226,1,0,0.0033321683295071
RU-A1267,img_c07902678e21aed4,2,0,0.0017357530305162
RU-A1267,img_96d2d704da38617e,2,0,0.000333389325533
RU-A1267,img_386f3d1e924505aa,2,0,0.0004424621583893
RU-A1267,img_7e5da01a35961959,2,0,0.0074413954280316
RU-A1267,img_9bf96e69112986c0,2,0,0.0043967398814857
RU-A1267,img_c951dc1406810728,2,0,0.0042468407191336
RU-A1267,img_3147f3df2fa54267,2,0,0.0019296306418254
RU-A1267,img_6ed5e70f2691a2bf,2,0,0.0019108084961771
RU-A1281,img_5681b621569404b7,3,0,0.0043069347739219
RU-A1281,img_4d5280a2796e5bce,3,0,0.0050521232187747
RU-A1281,img_7c2be3071cf09aa1,3,0,0.0056798546575009
RU-A1281,img_441d70d398400073,3,0,0.0017821139190346
RU-A1282,img_126a321f1ae72efb,2,0,0.0003629940038081
RU-A1282,img_60947e291a8b9bea,2,0,0.0001291757507715
RU-A1282,img_19fceb70db2d795b,2,0,0.0016686032759025
RU-A1282,img_1e157f7f42fc7104,2,0,0.0003752335323952
RU-A1282,img_e33f58c7b5560dd1,2,0,0.013016396202147
RU-A1282,img_0ae1126300fbef17,2,0,0.010157530196011
RU-A1283,img_90931af35314ff57,4,0,3.7300356780178845e-05
RU-A1283,img_1b1046ec19054957,4,0,0.0004823632189072
RU-A1283,img_f1d586723e634ff2,4,0,0.0123527655377984
RU-A1283,img_4c70a13a011f3fed,4,0,0.0015334780327975
RU-A1283,img_1cb01ac428a049a0,4,0,0.0044874898158013
RU-A1283,img_e411ad72db1e8a5e,4,0,0.0007489873096346
RU-A1283,img_038276bc6d2092c1,4,0,0.0003872676461469
RU-A1283,img_e0046de3c4126082,4,0,0.0001194750147988
RU-A1284,img_6d7e86413ed22da8,1,0,0.0008115433738566
RU-A1284,img_d4c14ba96b63b6a7,1,0,0.0038627467583864
RU-A1284,img_de54de68ae83291b,1,0,0.006568715441972
RU-A1284,img_295fe1dbcba92133,1,0,0.0546703226864337
RU-A1284,img_48cbf31138f223f7,1,0,0.000609686539974
RU-A1284,img_296ce221b4ba9796,1,0,9.257971396436916e-05
RU-A1254,img_6db0451b2a52b97b,3,0,0.0094115296378731
RU-A1254,img_0029c917365e1fc2,3,0,0.0031839206349104
RU-A1254,img_786d30eaded81206,3,0,0.0114545160904526
RU-A1254,img_b0df02bfeab88770,3,0,0.0223094802349805
RU-A1254,img_f5d2f09f5742ac00,3,0,0.0009085752535611
RU-A1254,img_daa0c0d92c2bc038,3,0,0.0007027015089988
RU-A1254,img_f07d484a84acbf9f,3,0,0.0005658346344716
RU-A1254,img_841af76668982227,3,0,0.0047544953413307
RU-A1254,img_31777401523307d2,3,0,0.0104051800444722
RU-A1255,img_7adff320b0f7ce16,1,0,0.2206927388906479
RU-A1255,img_7d8e19e08b079aa4,1,0,0.0112187452614307
RU-A1255,img_fa8c2bc92c8094a7,1,0,0.1690689623355865
RU-A1255,img_3a736480ba50d7a9,1,0,0.073975034058094
RU-A1255,img_bf3a707d3399e367,1,0,0.0034510276746004
RU-A1255,img_41793197ca0c0dbc,1,0,0.0140559505671262
RU-A1255,img_3b08414ccac54a6d,1,0,0.0088163316249847
RU-A1255,img_fbeee2a1f129308b,1,0,0.0036830480676144
RU-A1255,img_b7b89aa8804fbde0,1,0,0.0046577993780374
RU-A1255,img_422923663fdc9ba0,1,0,0.008474770002067
RU-A1255,img_b80679293c2b4a95,1,0,0.0005332753062248
RU-A1255,img_cfc991d3f5b27c44,1,0,0.0005152067169547
RU-A1255,img_9331c4ea8c2f020a,1,0,0.0071359006687998
RU-A1255,img_7cf89598384c241c,1,0,0.0010762400925159
RU-A1255,img_ea55bab1c168f1d1,1,0,0.0004838164895772
RU-A1255,img_7a2ea4b0d78b7c04,1,0,0.0002533896185923
RU-A1255,img_9e770a55aa40fa56,1,0,0.0117853302508592
RU-A1255,img_94490129aba162b6,1,0,0.0232750419527292
RU-A1304,img_89b5d7ebd63ad99d,0,0,0.0003773627686314
RU-A1307,img_c9e2ff1e6ddc255a,4,0,0.0006983500788919
RU-A1310,img_fafa1fc6e321f0b6,4,0,0.0041986433789134
RU-A1310,img_fdc30b40f09ead96,4,0,0.0041852314025163
RU-A1311,img_08ed0b3a342f522e,2,0,0.0635501146316528
RU-A1311,img_06645a73674c2248,2,0,0.011136564426124
RU-A1311,img_8cc4828d0705a470,2,0,0.0105802668258547
RU-A1257,img_bd693bd3cc9443db,0,0,0.6388949751853943
RU-A1257,img_a2faf2485e4df2fe,0,0,0.5830132365226746
RU-A1257,img_722bb9beea1351af,0,0,0.0055146655067801
RU-A1257,img_6cdb547b4ae1b3e0,0,0,0.0004419276374392
RU-A1257,img_2c1847999f9b6bee,0,0,0.0015425038291141
RU-A1258,img_1bce2d1bb80d1b15,0,0,0.0010721443686634
RU-A1258,img_a98c7c182dddd7a9,0,0,0.0005596543196588
RU-A1258,img_bc9bebcaabc4b4e6,0,0,0.0129576744511723
RU-A1258,img_3f96a5cf5d582b40,0,0,0.0122756212949752
RU-A1258,img_68ba5dcc591d5496,0,0,0.004032636526972
RU-A1259,img_c29a6904d92cb9a5,3,0,0.0014181836741045
RU-A1259,img_aceb4ef362e1e91e,3,0,0.0150042492896318
RU-A1259,img_32af93b61b70edae,3,0,0.0013344892067834
RU-A1260,img_176bf43c2512ed7c,0,0,0.0035917453933507
RU-A1260,img_e127946ef82622dc,0,0,0.0014848411083221
RU-A1308,img_707ca0f7e1460fe8,3,1,0.0173786766827106
RU-A1308,img_c97f1a53557be386,3,1,0.0043764421716332
RU-A1308,img_5a69b6734a3cf0e4,3,1,0.0063533303327858
RU-A1308,img_dfe56c7986621eba,3,1,0.0134410327300429
RU-A1029,img_a59270bf978b4f28,4,0,0.0033863759599626
RU-A1029,img_cbaaeffb0a2fa9c7,4,0,0.0055824546143412
RU-A1029,img_45de95c58e53f6f5,4,0,0.0260898787528276
RU-A1029,img_10b0ff6b9e59c24a,4,0,0.0039297170005738
RU-A1029,img_8ea37478a27704d5,4,0,0.0118452133610844
RU-A1029,img_cf5331c430e351ff,4,0,0.0026389856357127
RU-A1029,img_a0f722bcc9b5d181,4,0,0.1100292056798935
RU-A1029,img_2aa980575247473f,4,0,0.0986783504486084
RU-A1029,img_1d2b77e3c5c741e4,4,0,0.5111998915672302
RU-A1029,img_7c8e644ddb74c6af,4,0,0.4173582792282104
RU-A1035,img_07662a200c884763,4,0,0.0157877448946237
RU-A1035,img_a5d7e95b2220ae15,4,0,0.0027585090138018
RU-A1035,img_9c87a786a6c51385,4,0,0.0008665071218274
RU-A1035,img_e3518cf42e7f0377,4,0,0.0005165565526112
RU-A1035,img_0ca8739ce1681737,4,0,0.1126323640346527
RU-A1035,img_73b4a5124acd24f7,4,0,0.1057050675153732
RU-A1035,img_81426fbd071686d1,4,0,0.0020575837697833
RU-A1035,img_dfb1298d64e2f6c3,4,0,0.0054265074431896
RU-A1035,img_6882e27a3cc0492d,4,0,0.0027103722095489
RU-A1062,img_56c8933d14c2ea88,2,1,0.0234520398080348
RU-A1062,img_b92abb75c6f29c84,2,1,0.0369693152606487
RU-A1062,img_8b77de6538d7c268,2,1,0.2479237169027328
RU-A1062,img_f89bd7b5f65a748b,2,1,0.0566014274954795
RU-A1062,img_86b8cddbc2f05869,2,1,0.0082646878436207
RU-A1062,img_98737b16c9d5ae41,2,1,0.1291911005973816
RU-A1062,img_ce72f599bbe253a2,2,1,0.2280969023704528
RU-A1049,img_5702d003d4551f52,1,0,0.0051745204254984
RU-A1049,img_24b95ce87133ca94,1,0,0.0067239184863865
RU-A1049,img_5bbb94cda3ca2b60,1,0,0.008357373997569
RU-A1049,img_4410d7d69d258e02,1,0,0.0075792735442519
RU-A1049,img_86c4da80b53ebc7f,1,0,0.0242119003087282
RU-A1049,img_81ab961e34428f1b,1,0,0.2933034896850586
RU-A1049,img_2c0b605a10609045,1,0,0.8927401900291443
RU-A1049,img_5bc663c3ba394ed5,1,0,0.9164755344390868
RU-A1070,img_99219f40d4982bdc,4,0,0.0202196016907691
RU-A1070,img_8ed52e1fbbe8fbad,4,0,0.1250874996185302
RU-A1070,img_cfe0392c18f20b4c,4,0,0.000744130287785
RU-A1070,img_4de0b9a8fb2341af,4,0,0.0001435129379387
RU-A1070,img_cc8d82d435fcb38f,4,0,0.0759486407041549
RU-A1070,img_41cf13ddbab33b30,4,0,0.0389830246567726
RU-A1070,img_a98e0b9201591757,4,0,0.1146619096398353
RU-A1070,img_7a4202d66734711a,4,0,0.0220441427081823
RU-A1070,img_8e00b4d3b907f9a1,4,0,0.0148290423676371
RU-A1070,img_3910e107371c5c1d,4,0,0.7135328650474548
RU-A1070,img_36d570b715abe2cf,4,0,0.1367457062005996
RU-A1070,img_2b82e2954907adb7,4,0,0.3475961983203888
RU-A1070,img_029b8155d2996a2d,4,0,0.1695373058319091
RU-A1014,img_b7fd217f492669be,0,0,0.0645106583833694
RU-A1014,img_243a28a22bcad735,0,0,0.0576406791806221
RU-A1014,img_4205c8a17dc083d0,0,0,0.0880811437964439
RU-A1014,img_08a093b0b6bfacd1,0,0,0.0051577477715909
RU-A1014,img_e0ed042ba9dfe5bc,0,0,0.0030355309136211
RU-A1014,img_ee28412dd20e7433,0,0,0.0037612675223499
RU-A1014,img_378230eb1e4644ea,0,0,0.9029329419136048
RU-A1014,img_2972d18fd4a5a639,0,0,0.8338060975074768
RU-A1030,img_e318729967b0d6e4,1,0,0.003093262668699
RU-A1030,img_fc6f932492bcca37,1,0,0.0129431812092661
RU-A1030,img_752c6a597b974eef,1,0,0.0025190289597958
RU-A1030,img_a20cb02f1f418dc8,1,0,0.0201011449098587
RU-A1030,img_168adee19bd456d7,1,0,0.815569281578064
RU-A1030,img_af631739e2896920,1,0,0.9702690839767456
RU-A1176,img_6feb2fbcb8104e80,4,0,0.065064862370491
RU-A1176,img_6ca1fce1c76a3194,4,0,0.02794667519629
RU-A1176,img_73c8102a513b3074,4,0,0.1635801047086715
RU-A1176,img_9b8145e65c59b2f1,4,0,0.0547791793942451
RU-A1176,img_519bcd4d0ffd8b3d,4,0,0.0023512160405516
RU-A1176,img_e8cfd5871f08c6c1,4,0,0.0008028229349292
RU-A1176,img_add9a7b87125e384,4,0,0.5246046185493469
RU-A1176,img_7b4674150ac80688,4,0,0.2860193252563476
RU-A1176,img_f1a60a1610a2f766,4,0,0.2449045032262802
RU-A1176,img_526ea7765367a007,4,0,0.1838026344776153
RU-A1176,img_c7f30ee45bf9c21f,4,0,0.0085228150710463
RU-A1176,img_03589d634b519e82,4,0,0.0040724985301494
RU-A1176,img_021540ca1a125521,4,0,0.182763010263443
RU-A1101,img_dcea5796d4290790,4,0,0.0020640974398702
RU-A1101,img_e9396331d6b48870,4,0,0.0034985088277608
RU-A1101,img_761c3e9062915145,4,0,0.0079056303948163
RU-A1101,img_04937464a87c0687,4,0,0.002674946328625
RU-A1101,img_e21b7fb579ccece7,4,0,0.0018860579002648
RU-A1101,img_cd21a0df0015f837,4,0,0.0009801365667954
RU-A1101,img_9491b6ea1be38add,4,0,0.0039902199059724
RU-A1101,img_7ed12e06505cca3b,4,0,0.0011933071073144
RU-A1103,img_616b7ce83bc021f5,0,0,0.007971853017807
RU-A1103,img_4155e5631e07914d,0,0,0.0039396272040903
RU-A1103,img_e6f009da5b786caa,0,0,0.0087974350899457
RU-A1103,img_590b98f04e1293b3,0,0,0.0030686375685036
RU-A1103,img_c356e04f4ee01b06,0,0,0.0095391040667891
RU-A1103,img_1c10ca4559bdbaec,0,0,0.006051882635802
RU-A1106,img_555aea34eb4c352b,3,1,0.0882372483611106
RU-A1106,img_d48348adfae4ecfb,3,1,0.0459097139537334
RU-A1106,img_51dc5a7babb6cd31,3,1,0.0006242300732992
RU-A1106,img_f59084c5355f3e52,3,1,0.0002789153368212
RU-A1106,img_690ee7c4bed45e4d,3,1,0.0005874424241483
RU-A1106,img_431e3fdf60d452e3,3,1,0.0014378379564732
RU-A1105,img_f3b256fb0918c217,4,0,0.0328041650354862
RU-A1105,img_29dd4b22b824ef5f,4,0,0.9461013078689576
RU-A1105,img_e5113528e35b8fbf,4,0,0.6188588738441467
RU-A1105,img_c70220afb9c96237,4,0,0.0001616188092157
RU-A1105,img_5b9e55ccd91af295,4,0,0.0004733089881483
RU-A1109,img_ef7705c3ec6ee72c,1,0,0.0103772496804595
RU-A1109,img_06dffd3d599422da,1,0,0.010389108210802
RU-A1110,img_8d699c8bfe2c57aa,3,0,0.0014228424988687
RU-A1110,img_770fde7011cce9e0,3,0,0.0017161184223368
RU-A1110,img_aea9f0a7a37f2de9,3,0,0.0055463751778006
RU-A1110,img_4e532e607af516b4,3,0,0.0026850225403904
RU-A1110,img_1ce0cce7e53305a4,3,0,0.0004414929135236
RU-A1110,img_43ccc116d14f8976,3,0,0.0003675511397887
RU-A1110,img_e1e9da934b47e9c3,3,0,0.0074531040154397
RU-A1110,img_66becbf13127631e,3,0,0.0155674805864691
RU-A1112,img_5c209eebeea13e34,4,0,0.0018793840426951
RU-A1112,img_324640a4cc50e289,4,0,0.0066700391471385
RU-A1112,img_5f4a19163e356353,4,0,0.0040696384385228
RU-A1112,img_f4b94e2de8fda5c5,4,0,0.0059711295180022
RU-A1112,img_d595398a0b43227c,4,0,0.0011854751501232
RU-A1112,img_46a908577adb4d80,4,0,0.0004918202175758
RU-A1112,img_32500cab741f7928,4,0,0.0003856736002489
RU-A1112,img_a3b79b281c282130,4,0,0.0009790216572582
RU-A1112,img_dbd586ff89d05cc3,4,0,0.0008575585670769
RU-A1112,img_ce31f4346eee12ba,4,0,0.0002053249627351
RU-A1113,img_81545798247861e3,3,0,0.0254395026713609
RU-A1113,img_83eebaa0fe2b23a3,3,0,0.0613862164318561
RU-A1113,img_7d8692dc4f423426,3,0,0.1268400102853775
RU-A1113,img_4497ed4c430ab50d,3,0,0.0017634090036153
RU-A1113,img_c8241e8a9c76f030,3,0,0.0006356135709211
RU-A1113,img_93d5fe4493299f43,3,0,0.0006052325479686
RU-A1113,img_17c965d21e14d7b5,3,0,0.0002779132337309
RU-A1113,img_8251bcf95910a355,3,0,7.924731471575797e-05
RU-A1113,img_06c96ec4750b2798,3,0,0.000849416363053
RU-A1113,img_c37472874370125b,3,0,0.002769774524495
RU-A1114,img_9c1bc864d2861011,2,0,0.0045738876797258
RU-A1114,img_b8a057013c6fcb88,2,0,0.0062461402267217
RU-A1114,img_856564eeb3fdfc3a,2,0,0.0047827600501477
RU-A1114,img_12b5411be673e7d2,2,0,0.0031850633677095
RU-A1114,img_4bde88354d631376,2,0,0.0071820202283561
RU-A1114,img_0efb88261ba2eaa7,2,0,0.0102135352790355
RU-A1114,img_f42ca7df1c6ee535,2,0,0.0017954515060409
RU-A1114,img_bf2c964191654d10,2,0,0.0020274613052606
RU-A1114,img_4ba35bc2f0005d01,2,0,0.0007745506009086
RU-A1114,img_6c7f17eeaaf5f639,2,0,0.0043014045804739
RU-A1114,img_42454a91ee122063,2,0,0.0020683722104877
RU-A1114,img_a5beed1f0473a7f2,2,0,0.0009501458262093
RU-A1114,img_62a013af6125554b,2,0,0.004324045497924
RU-A1114,img_1c78563367e208dd,2,0,0.0015318179503083
RU-A1115,img_86f7ed45c6b619fb,3,0,0.0055020698346197
RU-A1115,img_f7d3462ed61f9e21,3,0,0.0058757872320711
RU-A1115,img_1558bfe5425d4834,3,0,0.0283768493682146
RU-A1115,img_5f64eeec29fdf77a,3,0,0.0042219376191496
RU-A1115,img_c42e0575995e3414,3,0,0.0248190071433782
RU-A1115,img_7b56c833418ba4ce,3,0,0.0006857455009594
RU-A1115,img_d972b095642f83e6,3,0,0.0016213335329666
RU-A1115,img_d053abaca0be7d75,3,0,0.001906459336169
RU-A1115,img_db968cd663e58950,3,0,0.001193955191411
RU-A1116,img_7249710cc56390b8,0,0,0.0007440451881848
RU-A1116,img_489b92cf9da7b899,0,0,0.0007123304530978
RU-A1116,img_983850c8a173d5ea,0,0,0.0273373946547508
RU-A1116,img_278e37e7c00b8062,0,0,0.0396557375788688
RU-A1116,img_7442a4d4d55add5a,0,0,0.0393010675907135
RU-A1116,img_90fd74574f03849c,0,0,0.014469894580543
RU-A1116,img_6652d90345487e1b,0,0,0.0009847716428339
RU-A1116,img_42ca0ca526b1c38d,0,0,0.0026479717344045
RU-A1117,img_380eca76a7f2c0e9,3,0,0.0013006940716877
RU-A1117,img_d249fefe288d992e,3,0,0.0025569978170096
RU-A1117,img_9e9b3786db6f6dd5,3,0,0.0002760265488177
RU-A1117,img_331e26c1f269a60f,3,0,0.0005447908188216
RU-A1117,img_18f602e5c83cc6e5,3,0,0.002686082618311
RU-A1117,img_d8ae47d363c75ccf,3,0,0.0012635014718398
RU-A1117,img_81f412eac5920807,3,0,0.0002444517740514
RU-A1117,img_8d76f0e895b8925e,3,0,0.0006562394555658
RU-A1117,img_b5260b0411b95dd2,3,0,0.0050279004499316
RU-A1117,img_dd3ab5a748aa101a,3,0,0.004683562554419
RU-A1118,img_531023cb78692c48,4,0,0.0051507554017007
RU-A1118,img_3d70ac44a0065636,4,0,0.0008436979842372
RU-A1119,img_329bcc31f982c6c0,3,0,0.6171634197235107
RU-A1119,img_70b76e4f66451f3a,3,0,0.6481684446334839
RU-A1119,img_f4ae632538cfd282,3,0,0.005872905254364
RU-A1119,img_bd38cc2ce0ba15c2,3,0,0.0155308749526739
RU-A1119,img_ecbe5678d22cdd68,3,0,0.0010304427705705
RU-A1119,img_e536929b3dc3f8a8,3,0,0.0014279220486059
RU-A1119,img_bace80cbf8ae6c93,3,0,0.0003299418604001
RU-A1119,img_9f530f6df1bb35c9,3,0,0.0014232762623578
RU-A1120,img_13c7a8ba405febaa,1,0,0.003358211601153
RU-A1120,img_194708e413c65cd7,1,0,0.002566015580669
RU-A1120,img_36e48b9d7c37f7f0,1,0,0.0022065546363592
RU-A1120,img_f7d32c336fb59933,1,0,0.0067568253725767
RU-A1120,img_748f6d1f94199f46,1,0,0.0014901749091222
RU-A1120,img_b8841e3e27fb600e,1,0,0.0025301722344011
RU-A1120,img_8917b601ec5128b7,1,0,0.0784206837415695
RU-A1120,img_cb7b027b3f76c42f,1,0,0.0751519799232482
RU-A1120,img_d847a190a0bc9dc7,1,0,0.0002327056572539
RU-A1120,img_b7f318f6e13c0ac6,1,0,0.0002692300477065
RU-A1122,img_2f13a9405f43f1a4,3,0,0.0007900033378973
RU-A1122,img_38a71ef66c1639f1,3,0,0.0009504260960966
RU-A1122,img_bbeacbf69189e69b,3,0,0.0017470301827415
RU-A1122,img_d955981b08f0003e,3,0,0.0003164577356074
RU-A1122,img_fa00dbf4034971f1,3,0,0.0003530782123561
RU-A1122,img_ebde33d9267c4401,3,0,0.0020397147163748
RU-A1122,img_03c85c49b285d237,3,0,0.0166906956583261
RU-A1123,img_48e78da151411010,2,0,0.0091002490371465
RU-A1123,img_96fffe0ba684cc01,2,0,0.0144682480022311
RU-A1123,img_34a231543b13ce9b,2,0,0.010167209431529
RU-A1123,img_fef819158c99a2e0,2,0,0.0030839529354125
RU-A1123,img_4af9d8b6cc486f29,2,0,0.0355434790253639
RU-A1123,img_378e4df6a1974f35,2,0,0.0009313451591879
RU-A1123,img_c51cf12bc64991a4,2,0,0.0068620317615568
RU-A1123,img_831affe0f424c5d5,2,0,0.0114980470389127
RU-A1125,img_cb109a106ad90310,2,0,0.0043542436324059
RU-A1125,img_16f7742b8bce48df,2,0,0.0045196865685284
RU-A1125,img_b4a405eacc070080,2,0,0.0025777488481253
RU-A1125,img_934a4e0710c7e02c,2,0,0.0028861535247415
RU-A1125,img_6bf03efc4bfc926a,2,0,0.0051878369413316
RU-A1125,img_11edb7fdf3e2b7a4,2,0,0.0052579930052161
RU-A1271,img_fa1af5457947898a,1,0,0.4486028850078583
RU-A1271,img_e3059ed210e206a4,1,0,0.9828184247016908
RU-A1271,img_850d3a952f0c2271,1,0,0.0508012138307094
RU-A1271,img_eaa747a00163de84,1,0,0.0202729199081659
RU-A1275,img_e5a6d3417692a3a1,0,1,0.150695264339447
RU-A1275,img_50101e662954d546,0,1,0.0149899153038859
RU-A1041,img_d82e55e9a58f6968,4,1,0.0124182505533099
RU-A1041,img_bfaa4b66790d4e69,4,1,0.0019552169833332
RU-A1041,img_b1ab3ada92a2bcf5,4,1,0.1786912679672241
RU-A1041,img_58c5d0c382bb7051,4,1,0.3116452991962433
RU-A1041,img_46e1ed339b9d2b58,4,1,0.0154026532545685
RU-A1041,img_9904628cd5247f36,4,1,0.2788573801517486
RU-A1041,img_21db5173dedc6207,4,1,0.0224010497331619
RU-A1041,img_c0a27d8f08881b4c,4,1,0.0054197465069592
RU-A1041,img_4b0a723cd14a349f,4,1,0.0037288065068423
RU-A1041,img_b1ff00b29c6daa6f,4,1,0.003737615654245
RU-A1041,img_74ebd8fe4797e5d3,4,1,0.0011833923636004
RU-A1041,img_09b64a5b590a4f29,4,1,0.0062055927701294
RU-A1041,img_5366a96fa0763832,4,1,0.0021434428635984
RU-A1042,img_5eddcd93400acd81,2,1,0.90839421749115
RU-A1042,img_d232956663679119,2,1,0.7446495294570923
RU-A1042,img_71ab3f0a41fa9045,2,1,0.3702296316623688
RU-A1042,img_b143c3d4151cdb47,2,1,0.4726406931877136
RU-A1042,img_b02fe1bfb76cb082,2,1,0.3101385831832886
RU-A1042,img_1bed3d095e45b90b,2,1,0.2959076166152954
RU-A1042,img_c343a8b4ee103e99,2,1,0.4137780964374542
RU-A1042,img_9dbb6c356db47f9b,2,1,0.1490146815776825
RU-A1042,img_f372ae4f2d8c6063,2,1,0.0141750164330005
RU-A1042,img_554c7e76918a974f,2,1,0.0055978340096771
RU-A1042,img_988e5519ec119ade,2,1,0.1214027553796768
RU-A1042,img_20a199898f1c86f9,2,1,0.0208084527403116
RU-A1042,img_69cc312224b15bab,2,1,0.0030053311493247
RU-A1042,img_02a6eb7fac9c7686,2,1,0.0421948879957199
RU-A1042,img_e843208d4b2bbad7,2,1,0.0237502139061689
RU-A1042,img_dab4b2a209450d02,2,1,0.0376147776842117
RU-A1042,img_19a4478223f60831,2,1,0.6678944230079651
RU-A1042,img_d560c43135f7c272,2,1,0.6740053296089172
RU-A1042,img_876d70a65ad1c03f,2,1,0.9543203711509703
RU-A1042,img_945912ac1185f172,2,1,0.9821995496749878
RU-A1042,img_8e3200f356650877,2,1,0.1940503865480423
RU-A1042,img_00542949b0d86be0,2,1,0.1057918518781662
RU-A1042,img_a349b3bddd69fde5,2,1,0.0381411686539649
RU-A1042,img_53fc03c2ba2abc29,2,1,0.0315452441573143
RU-A1042,img_8f2bcc3d99ce9861,2,1,0.0108522083610296
RU-A1042,img_520a3f1423af5c0a,2,1,0.0110073760151863
RU-A1042,img_ce3cbb727fa80674,2,1,0.0118287643417716
RU-A1042,img_1eb060ffbb3430f0,2,1,0.008690433576703
RU-A1042,img_b9b1a07923d91e00,2,1,0.0078779142349958
RU-A1042,img_99619772fef9648d,2,1,0.0114779630675911
RU-A1268,img_0b6be21b2c8adf60,4,0,0.0003555006114766
RU-A1268,img_999123a256378ff6,4,0,0.0005371401784941
RU-A1268,img_b0e652e80d0fda11,4,0,0.0113509790971875
RU-A1268,img_8ef0681eb1767cba,4,0,0.0160296019166708
RU-A1269,img_53bdca4579facd9f,1,0,0.001003352808766
RU-A1269,img_7fa7541c3dc50958,1,0,0.0060387710109353
RU-A1269,img_6497017f19a57c8e,1,0,0.0022295676171779
RU-A1269,img_dddb4282c038f4e7,1,0,0.0013062868965789
RU-A1269,img_846da65f7229aafd,1,0,0.0032851707655936
RU-A1269,img_19feac3fa6303e5c,1,0,9.641375800129026e-05
RU-A1269,img_b13e8c326521c5b0,1,0,0.0060066552832722
RU-A1269,img_da8be6dc495eac09,1,0,0.0004357663274277
RU-A1269,img_5c1add6fa79b2f2e,1,0,0.0011820157524198
RU-A1270,img_38bcdb04f0369ee3,4,0,0.0003972947015427
RU-A1270,img_b47ad406a51ac3e2,4,0,0.0001293003297178
RU-A1270,img_d08a7ea7742b7027,4,0,0.0013106280239298
RU-A1270,img_e6a6d010a3e3db9c,4,0,0.0031542726792395
RU-A1270,img_0b880a3ca91f71f0,4,0,0.011720735579729
RU-A1270,img_1bb3898256440551,4,0,0.0011767175747081
RU-A1270,img_cfb44ad1ce5674fb,4,0,0.0001802107290131
RU-A1270,img_f28cd596755b47bf,4,0,0.0661678239703178
RU-A1270,img_7acf74e376230a9d,4,0,0.0150582930073142
RU-A1270,img_b595bd481aad4e81,4,0,0.0358523651957511
RU-A1270,img_68732bb99c35c284,4,0,0.0056347860954701
RU-A1272,img_a89cbffb5959cba3,1,0,0.000227185402764
RU-A1272,img_fd95b5355de8ddf2,1,0,0.0014368484262377
RU-A1272,img_f32eb5bd572c5ccc,1,0,0.0002919993421528
RU-A1272,img_58a094770584a1f0,1,0,0.0086294217035174
RU-A1272,img_cd54c717438aa89e,1,0,0.0011010622838512
RU-A1272,img_009e12e72c7bd70a,1,0,0.0013322731247171
RU-A1272,img_99da1b711ff43799,1,0,0.0051223766058683
RU-A1273,img_4960024d1efe15d4,4,0,0.0028809092473238
RU-A1273,img_5f64ef5c7defeff6,4,0,0.0150990467518568
RU-A1273,img_b371e91f5cbddbe4,4,0,0.0160376913845539
RU-A1273,img_80db10a8bb01823c,4,0,0.0020376364700496
RU-A1273,img_29e94b4da5c96aec,4,0,0.0119481654837727
RU-A1273,img_157591b87a633ace,4,0,0.0194085258990526
RU-A1273,img_0c731df55c4b55ad,4,0,0.0003787284949794
RU-A1273,img_e35b1976380244a5,4,0,0.0002102047001244
RU-A1273,img_e6476888feef1d98,4,0,0.0004795682034455
RU-A1273,img_2ffb6aa16ba020f3,4,0,0.001443471875973
RU-A1273,img_751dae15f4d5f0ff,4,0,0.0123211424797773
RU-A1273,img_72bdd076528bd9da,4,0,0.0059694885276257
RU-A1273,img_1e516943dcac3a12,4,0,0.0177834127098321
RU-A1274,img_d7370df4186b642e,1,0,0.0014054991770535
RU-A1274,img_b08f1df3664d1dfe,1,0,0.0028150770813226
RU-A1274,img_7da0285a7c37274d,1,0,0.0061284271068871
RU-A1274,img_1333002e933acc0a,1,0,0.0054393084719777
RU-A1274,img_d94d45633521532d,1,0,0.002534884493798
RU-A1274,img_cd7cceac77759855,1,0,0.005655744113028
RU-A1274,img_b87b84242a4e780c,1,0,0.0227252896875143
RU-A1274,img_2d7530912a1e94b6,1,0,0.0008909673779271
RU-A1274,img_6cb56da06b7fa47d,1,0,0.0001552916801301
RU-A1274,img_7353c185f84d51c1,1,0,0.0003200781648047
RU-A1274,img_b95451f1772104fc,1,0,0.0006178427138365
RU-A1274,img_64cbc49db4dd4f0c,1,0,0.000770982413087
RU-A1274,img_f8a7b0313db911da,1,0,0.0038499571382999
RU-A1276,img_30be5c94543ef28a,0,0,0.0030720818322151
RU-A1276,img_dc345c72b5d861ee,0,0,0.0011053542839363
RU-A1276,img_5e51e07f891ff79b,0,0,0.0082128038629889
RU-A1276,img_791186871b0855a1,0,0,0.0045692292042076
RU-A1276,img_c3f33b11de8c1069,0,0,0.0003447522467467
RU-A1276,img_ccc77c3040da15f4,0,0,0.0013317238772287
RU-A1276,img_452004518187fb25,0,0,0.0006403948063962
RU-A1276,img_a19805f48f0b78a8,0,0,0.0043111937120556
RU-A1276,img_7e12ca5cfe3214db,0,0,0.0034883134067058
RU-A1276,img_172c6d4ca33024d4,0,0,0.0039393990300595
RU-A1278,img_7b0c1feab3789d06,0,0,0.000873013108503
RU-A1278,img_b13ba42334b2c33f,0,0,0.0051205311901867
RU-A1278,img_5e4d8ff7319727a3,0,0,0.0755344182252883
RU-A1278,img_cd66e314ac9d533a,0,0,0.0241669323295354
RU-A1278,img_1c9c6656b55836b2,0,0,0.0060836342163383
RU-A1278,img_f8c0ba76c228838d,0,0,0.0004363445332273
RU-A1278,img_3f927ebd903d78cc,0,0,0.0019708410836756
RU-A1278,img_2d05b921545955a8,0,0,0.004403430968523
RU-A1277,img_1cc46aadf06684bb,1,0,0.001255756476894
RU-A1277,img_cffdb8567fdbd8da,1,0,0.0002476332010701
RU-A1277,img_0bdbae9c9ebe13bb,1,0,0.156415194272995
RU-A1277,img_f6d96fcb13adcff1,1,0,0.1839302033185959
RU-A1277,img_800257b72e9a323e,1,0,0.045841246843338
RU-A1277,img_5692a857373db6d3,1,0,0.0160807743668556
RU-A1277,img_8b01163fd8b9143c,1,0,0.0141042135655879
RU-A1277,img_38f35a327c2c6879,1,0,0.0456688925623893
RU-A1277,img_0204a604cf94463f,1,0,0.0031491119880229
RU-A1277,img_e215b1a8315f0fad,1,0,0.00869264267385
RU-A1279,img_6c0fff5f049b2b29,0,0,0.0006970206159166
RU-A1279,img_170a2bf02e802dec,0,0,0.0001004207442747
RU-A1279,img_9f65a646d7920afe,0,0,0.0009983628988265
RU-A1279,img_cc612087bfbdfb21,0,0,0.0003404892340768
RU-A1279,img_e47bf20e2498bbb2,0,0,0.0022731274366378
RU-A1279,img_a958b94475775659,0,0,0.0658720508217811
RU-A1279,img_b0d54d149682f24f,0,0,0.0189072638750076
RU-A1279,img_c04a30c4bca27998,0,0,0.0070433486253023
RU-A1279,img_610fae3889048ea7,0,0,0.0030867378227412
RU-A1279,img_053de2cb7a4ec9d7,0,0,0.0039937193505465
RU-A1279,img_abcbb6eb9987d2b6,0,0,0.0084776161238551
RU-A1279,img_a6f941549a6c8f2e,0,0,0.0015042050508782
RU-A1279,img_cb3935ccbe629951,0,0,0.0050355391576886
RU-A1279,img_2f64cb764a5de351,0,0,0.0776922702789306
RU-A1279,img_ed64e55e0f79157b,0,0,0.0583564192056655
RU-A1280,img_4d999ea619b50da9,3,0,0.0016309211496263
RU-A1280,img_31b3098fe97093c7,3,0,0.0136349620297551
RU-A1064,img_a6851a225117fbcb,3,0,0.0371438898146152
RU-A1064,img_5e264bf4434b6b57,3,0,0.8226496577262878
RU-A1064,img_382757dc5d78fb3d,3,0,0.6644484996795654
RU-A1064,img_866e490de3e581e8,3,0,0.9646329283714294
RU-A1064,img_688f3feafcfa3581,3,0,0.5910548567771912
RU-A1064,img_12c8b71b4b82a5e0,3,0,0.3442116975784302
RU-A1064,img_a93131233f27a9bc,3,0,0.0430865623056888
RU-A1064,img_c9bf059ca78e1cb8,3,0,0.272659033536911
RU-A1064,img_a32381596d29ef4b,3,0,0.0118079939857125
RU-A1064,img_262a93c6b5986f9c,3,0,0.1078557074069976
RU-A1156,img_a8349e23f0ed1385,4,1,0.6707527041435242
RU-A1156,img_f7d59d3e11e249be,4,1,0.808791995048523
RU-A1156,img_d276e46e44b0e906,4,1,0.60831618309021
RU-A1156,img_aa1ec292c8744393,4,1,0.6443875432014465
RU-A1156,img_19c1a02ee99cad87,4,1,0.9427824020385742
RU-A1156,img_64a8e707014c0c84,4,1,0.7566841244697571
RU-A1156,img_d6d72ef0821da24a,4,1,0.1504225134849548
RU-A1156,img_2986dbe2ffa0dbed,4,1,0.943160355091095
RU-A1156,img_f9c8ccd01f98acde,4,1,0.8654080629348755
RU-A1156,img_920b72db2132a449,4,1,0.5864394903182983
RU-A1156,img_5425640a754d30f4,4,1,0.8524629473686218
RU-A1156,img_44d8f1454fb9cf44,4,1,0.7251914143562317
RU-A1156,img_ae7d35ed5a92dfa6,4,1,0.7464613318443298
RU-A1175,img_30772dd4108bcfa9,4,0,0.0012514907866716
RU-A1175,img_4a6f4764434e9581,4,0,0.0002740538038779
RU-A1175,img_9569faecbd055d80,4,0,0.0006464702892117
RU-A1175,img_c21f9b2149c979be,4,0,0.000949609617237
RU-A1175,img_90c4f65acd987813,4,0,0.0005055290530435
RU-A1175,img_8ea92b02f7c1a7f8,4,0,0.0008073311764746
RU-A1180,img_b38e73507dc7c407,0,1,0.0124449459835886
RU-A1180,img_bf6e5a188405bbf9,0,1,0.0059084990061819
RU-A1137,img_56ad42587a41d13f,3,0,0.0448470190167427
RU-A1137,img_420d32447d27d9ad,3,0,0.0015913742827251
RU-A1137,img_f8596336cbb6ab7e,3,0,0.0016647418960928
RU-A1137,img_27f241b33f4cd1b9,3,0,0.0022363231983035
RU-A1137,img_c3d6dd135a809758,3,0,0.0017972538480535
RU-A1137,img_b5c886eb2eb77b1b,3,0,0.0016565981786698
RU-A1150,img_6793bd512d8d268d,0,0,0.0018959811422973
RU-A1150,img_c275765ff341dca4,0,0,0.0015840377891436
RU-A1150,img_d419321a83b4e02d,0,0,0.0031557262409478
RU-A1150,img_065d841c32f09fdc,0,0,0.0044811354018747
RU-A1150,img_e574f619da841664,0,0,0.0026402939110994
RU-A1150,img_85b8f5256f9d2692,0,0,0.0028389014769345
RU-A1186,img_f82d99ec2aebfb87,2,0,0.005621725693345
RU-A1186,img_a3daa22244771c75,2,0,0.0946655571460723
RU-A1186,img_d29fac8345943833,2,0,0.5107184648513794
RU-A1186,img_6ba5da9a53bdc8d2,2,0,0.0071701742708683
RU-A1186,img_7ba5450aafdbfeec,2,0,0.0112124877050518
RU-A1186,img_0ebfc2931c2621b4,2,0,0.0252993237227201
RU-A1186,img_8511530d67193842,2,0,0.1072864830493927
RU-A1186,img_a60ffee6723789ae,2,0,0.0188451055437326
RU-A1186,img_98755a6cc5be5ca7,2,0,0.0002015055652009
RU-A1186,img_bda19b74d37a24d5,2,0,0.0010736236581578
RU-A1186,img_195a63a620799581,2,0,0.0010129956062883
RU-A1186,img_14bf0796f92ea231,2,0,0.0030348096042871
RU-A1186,img_43ee7c6f5bd75451,2,0,0.0044292756356298
RU-A1186,img_c6b0ddb3934b9c16,2,0,0.0008727408130653
RU-A1187,img_209d97bee68fda97,3,0,0.0082310661673545
RU-A1187,img_9fc9c7c07b043792,3,0,0.0019551427103579
RU-A1187,img_1cfefb28992f74bc,3,0,0.0011792839504778
RU-A1187,img_413262bbfcb8b1e1,3,0,0.0177475977689027
RU-A1187,img_c370893f7a9ede8c,3,0,0.0074332389049232
RU-A1187,img_5ec05b3c5765141e,3,0,0.0130102531984448
RU-A1187,img_e5cb30c2e6a5e193,3,0,0.3800916373729706
RU-A1187,img_22d4734c37063186,3,0,0.8887004256248474
RU-A1187,img_f9261bb2a89b8873,3,0,0.5619253516197205
RU-A1187,img_771210474a95b8b2,3,0,0.4877104759216308
RU-A1187,img_9d1bdeae69a9b615,3,0,0.0079156663268804
RU-A1187,img_427b3e09ff5547c7,3,0,0.0050072083249688
RU-A1028,img_3c1a648dc774b80d,4,0,0.046429518610239
RU-A1028,img_b84f1a49b1e45947,4,0,0.0490467771887779
RU-A1028,img_e6b188865b934d48,4,0,0.0032107820734381
RU-A1028,img_9485608a01a2802b,4,0,0.0032506813295185
RU-A1078,img_a86ed017552be765,0,1,0.0149019509553909
RU-A1078,img_68a5b50165104e23,0,1,0.0066731083206832
RU-A1078,img_d92680e01bdd84a7,0,1,0.1242498531937599
RU-A1078,img_b8a47edb240d9a9b,0,1,0.1722172051668167
RU-A1078,img_1f21e5f4d12309a7,0,1,0.6834096908569336
RU-A1078,img_fac47d93c4e9b070,0,1,0.8665549159049988
RU-A1079,img_7870d359d74857c0,0,0,0.0054489183239638
RU-A1079,img_ac02afc1e7eb373e,0,0,0.0069460994563996
RU-A1079,img_ad1158cf86d294e1,0,0,0.000632454350125
RU-A1079,img_4de1e43817e4e22a,0,0,0.0005808455171063
RU-A1079,img_a3b6f333efc7ce19,0,0,0.0043316781520843
RU-A1079,img_b63857d28eea4cf4,0,0,0.0400904007256031
RU-A1079,img_de364242bebc9c9d,0,0,0.0001633757055969
RU-A1079,img_d054e1c68921e0bd,0,0,0.0005172935780137
RU-A1079,img_7f3a3913f25bb6c6,0,0,0.0004607602313626
RU-A1079,img_5041558f8a325d01,0,0,0.0009342447738163
RU-A1079,img_3a92405136b435c5,0,0,0.0009942196775227
RU-A1079,img_24ff27e224f768c6,0,0,0.0013153350446373
RU-A1081,img_aa03307b4748da7c,0,0,0.0388054028153419
RU-A1081,img_4b5d59b7666caeb2,0,0,0.0228719543665647
RU-A1081,img_10135927fd7b74e7,0,0,0.0085300616919994
RU-A1081,img_1b38f620df9cd1c5,0,0,0.003311367938295
RU-A1082,img_5e794b468cdfc4fe,2,0,0.0033884947188198
RU-A1082,img_a226959602cac093,2,0,0.0023062967229634
RU-A1082,img_90b26091fff534cd,2,0,0.0104521643370389
RU-A1082,img_129515e703b481cd,2,0,0.0487939082086086
RU-A1082,img_92cfcd4509f3a24f,2,0,0.0027669521514326
RU-A1082,img_6c012193b1e94d25,2,0,0.0227526314556598
RU-A1082,img_dffaf8a7b9b9033d,2,0,0.0047961198724806
RU-A1082,img_1c3af867a8fdf26c,2,0,0.0089684091508388
RU-A1082,img_36897e28517ddb1f,2,0,0.0118891140446066
RU-A1082,img_3199e8638f192b55,2,0,0.0230790730565786
RU-A1082,img_991c3d0b52ad5310,2,0,0.0160562731325626
RU-A1082,img_1133dd7a7a6c47e0,2,0,0.0123453279957175
RU-A1082,img_d79a086a3c1b811a,2,0,0.0024695552419871
RU-A1083,img_5139928cc3444c7b,0,0,0.0074704657308757
RU-A1083,img_664e185898657c63,0,0,0.0136186359450221
RU-A1083,img_2f0989eb4673c2fd,0,0,0.2355339080095291
RU-A1083,img_be8a0272e0599470,0,0,0.2810481488704681
RU-A1084,img_db1a74c82562304c,4,0,0.2439682781696319
RU-A1084,img_de993738e286581f,4,0,0.1124989837408065
RU-A1084,img_31e9df9a835f7eda,4,0,0.0005579007556661
RU-A1084,img_bb976eb440ac7f37,4,0,0.0042617842555046
RU-A1084,img_385f0807a9a54c02,4,0,0.5067261457443237
RU-A1084,img_9de76103ad4f2dd7,4,0,0.4079289734363556
RU-A1084,img_28271672e954b37d,4,0,0.3319994211196899
RU-A1084,img_868abe50067b2c1b,4,0,0.356155663728714
RU-A1084,img_b2db014757101fdc,4,0,0.0024359328672289
RU-A1084,img_a3b0040766d5c348,4,0,0.0046701715327799
RU-A1084,img_75a7cc7b70ffed18,4,0,0.0087537905201315
RU-A1084,img_d2927f5863cc9afe,4,0,0.0027066087350249
RU-A1084,img_6c6985fc7a4dc9f1,4,0,0.0004239717964082
RU-A1084,img_120829c679515f60,4,0,0.0018777138320729
RU-A1084,img_604339027e323f43,4,0,0.0082867052406072
RU-A1084,img_0603f1a7d217e1fa,4,0,0.0213254671543836
RU-A1084,img_a3ef717e825aca6b,4,0,0.0494503863155841
RU-A1084,img_9aec24e380226cbb,4,0,0.038015641272068
RU-A1084,img_3c94be12f9452a49,4,0,0.0015380413969978
RU-A1084,img_095a20697f55aabf,4,0,0.003216857323423
RU-A1084,img_646cf78d46d82197,4,0,0.0039274059236049
RU-A1084,img_fae698fe99a4f049,4,0,0.0033783232793211
RU-A1084,img_0d7490ad0f8da910,4,0,0.0009900737786665
RU-A1084,img_432603b05d9127b1,4,0,0.0011814410099759
RU-A1084,img_28395d2246bf2fab,4,0,0.0005514361546374
RU-A1084,img_2e32ef66ddff8940,4,0,0.0001657214888837
RU-A1084,img_8aa96eb0ac87f648,4,0,0.0812804326415062
RU-A1084,img_30fb37bb30a7d793,4,0,0.0371065773069858
RU-A1084,img_78424e1cd8cfac32,4,0,0.8005094528198242
RU-A1084,img_3cdefaa1a1f607f7,4,0,0.1485735327005386
RU-A1084,img_f1e58efa7e8a4b89,4,0,0.9215190410614014
RU-A1084,img_ee4e31ef61fede0d,4,0,0.8595603704452515
RU-A1084,img_a6af44adb5b4e3fc,4,0,0.0107526620849967
RU-A1084,img_06116b4fd85491e7,4,0,0.105277881026268
RU-A1084,img_b091d058d104f6c8,4,0,0.6938237547874451
RU-A1084,img_86a7d12d98bf8834,4,0,0.4607492089271545
RU-A1084,img_680916680333756e,4,0,0.0800464674830436
RU-A1084,img_8efbbb07c40d273b,4,0,0.0780543759465217
RU-A1084,img_e1e817fdf5a1d7b2,4,0,0.0019847208168357
RU-A1084,img_9bf276f4353f10c8,4,0,0.0030052796937525
RU-A1084,img_a7207d192f757a1a,4,0,0.0014125937595963
RU-A1084,img_0d2967c3393ee942,4,0,0.0022621359676122
RU-A1084,img_46b97e6adb87c027,4,0,0.0254389606416225
RU-A1085,img_d2840a0efc4d0500,3,0,0.1879719197750091
RU-A1085,img_86de0b7084b511bc,3,0,0.3570587038993835
RU-A1085,img_421946506fd626cb,3,0,0.6380617618560791
RU-A1085,img_a51137854d80c772,3,0,0.1645847409963607
RU-A1085,img_8d16fe52b0ac7627,3,0,0.9970671534538268
RU-A1085,img_884d0c900a4399a5,3,0,0.999236822128296
RU-A1085,img_4f0f0942e9b61eeb,3,0,0.9858551621437072
RU-A1085,img_e2508b2a0691ada6,3,0,0.0685363262891769
RU-A1085,img_243a2e132269c95d,3,0,0.4945924282073974
RU-A1085,img_4b85cdf8d4ef0826,3,0,0.1477168202400207
RU-A1085,img_17b3c6d65d15df0d,3,0,0.2525681853294372
RU-A1085,img_ed0e5c028fbfabe5,3,0,0.0197183806449174
RU-A1085,img_24fdb91b79324aee,3,0,0.0085646798834204
RU-A1085,img_398da96546b0066c,3,0,0.4140976965427398
RU-A1085,img_36adfb8a249878af,3,0,0.3431483805179596
RU-A1085,img_40f7e4d572e3f1ca,3,0,0.1148471236228942
RU-A1085,img_2df6854354572d95,3,0,0.0167319811880588
RU-A1085,img_f336dd1256b709c6,3,0,0.0056238803081214
RU-A1085,img_2511cc7ca01ff2d5,3,0,0.0247599408030509
RU-A1087,img_4306561128354096,0,0,0.0119990147650241
RU-A1087,img_38737445203e2c13,0,0,0.0010327197378501
RU-A1087,img_dab65d5c5e8f6d55,0,0,0.0002255984436487
RU-A1087,img_840f75a422ad264a,0,0,0.0006057560094632
RU-A1087,img_b55ab284dfe108d9,0,0,0.004841552581638
RU-A1087,img_9c63f1ff0c8ee69b,0,0,0.0001451823482057
RU-A1087,img_2ca95915a88ac9c9,0,0,0.0043012779206037
RU-A1087,img_010c3e808818e708,0,0,0.0185578409582376
RU-A1087,img_d1435d697349c4a4,0,0,0.0096824336796998
RU-A1087,img_7ec30c18756e84a1,0,0,0.010823979973793
RU-A1088,img_341bd79bfbb32464,3,0,0.0005210806848481
RU-A1088,img_d465b338932e403e,3,0,0.0016836163122206
RU-A1088,img_38575cb854539b8c,3,0,0.0012135016731917
RU-A1088,img_6ac9d9272ee184db,3,0,0.0374820195138454
RU-A1088,img_0c255eb4d4280770,3,0,0.0166371967643499
RU-A1090,img_02cafda702c58f3d,1,0,0.0007042514625936
RU-A1090,img_55746d1544908753,1,0,0.0005503259017132
RU-A1090,img_7c6912da4ffd5750,1,0,0.0009454316459596
RU-A1090,img_547350790b5bc200,1,0,0.0003535150317475
RU-A1090,img_e4c492a7436a7907,1,0,0.0012481593294069
RU-A1090,img_8f4ecd186cf1dc29,1,0,0.0016569767612963
RU-A1090,img_12dc93313669830c,1,0,0.0051376991905272
RU-A1090,img_20ce68ea5e35dc51,1,0,0.0397580377757549
RU-A1091,img_496d40d4bdcfa3c7,4,0,0.000720357929822
RU-A1091,img_9053b6bd763c8b8d,4,0,0.0081569198518991
RU-A1091,img_ebb3a517d781b7b0,4,0,0.017680250108242
RU-A1091,img_23e6a7a181090eab,4,0,0.0111339120194315
RU-A1091,img_319c90b60993f854,4,0,0.0502863638103008
RU-A1092,img_8c37cebdc426aa15,2,0,0.0023578964173793
RU-A1092,img_24384ed0c7c80a3e,2,0,0.0092364195734262
RU-A1092,img_fd5e04009c989483,2,0,6.733927875757217e-05
RU-A1092,img_2689ab49025de65b,2,0,3.996169471065514e-05
RU-A1092,img_01700a28dbd98744,2,0,3.93329028156586e-05
RU-A1092,img_e1b2da4fc40c44ee,2,0,0.0015892098890617
RU-A1092,img_7bb8ce1213dfd56e,2,0,0.0121521530672907
RU-A1092,img_953bb7a54e2b3dd7,2,0,0.0029099318198859
RU-A1094,img_902989ce5048de9a,4,0,0.0005319252377375
RU-A1094,img_18b96c6949455734,4,0,0.0004683061852119
RU-A1095,img_cfe40bba1a0f810e,3,0,0.0006324308924376
RU-A1095,img_4b773350aaebdbd9,3,0,0.0003141883353237
RU-A1095,img_f3cc0d6b7a6c2a46,3,0,0.0009367512539029
RU-A1095,img_c996bb01a3e89b4c,3,0,0.0001280717988265
RU-A1095,img_e24a827388d07178,3,0,0.0052524735219776
RU-A1095,img_8b639a4d807c6044,3,0,0.0011047441512346
RU-A1095,img_deefb793a0c050cc,3,0,0.0013816006248816
RU-A1095,img_fc0d79d4e55034df,3,0,0.0010847552912309
RU-A1096,img_f6c310321f59d359,0,0,0.0003531586262397
RU-A1096,img_c35849104c118fc6,0,0,0.0015397118404507
RU-A1096,img_d5d57717703a052a,0,0,0.0068100718781352
RU-A1096,img_a0ccab2224837eda,0,0,0.0014417058555409
RU-A1096,img_5e6622b02478a5a4,0,0,0.0003159820043947
RU-A1096,img_7b2f91f4f7f6fcaa,0,0,0.000133204521262
RU-A1096,img_be24564b1ddcd56f,0,0,0.002042305888608
RU-A1096,img_bc4744b3c20684fe,0,0,0.006128842011094
RU-A1096,img_ac941b46f905083f,0,0,0.0002504631120245
RU-A1096,img_c4addf21d7357407,0,0,0.0001750336377881
RU-A1100,img_f0bd0fff94bb343f,2,0,0.0131793823093175
RU-A1100,img_7d0aad024ce8d3db,2,0,0.0015466888435184
RU-A1100,img_54c7460ad88dfb08,2,0,0.0015791736077517
RU-A1100,img_378c9a2b6359dcc9,2,0,0.0827310979366302
RU-A1100,img_2e42acf9a04b00ac,2,0,0.0142695792019367
RU-A1100,img_7178489d049aad3c,2,0,0.151574820280075
RU-A1148,img_f10d9b13c8dd1747,2,0,0.0250197369605302
RU-A1148,img_7ee9dfd8047937f2,2,0,0.0323789939284324
RU-A1148,img_01039c4b1b623173,2,0,0.0215888060629367
RU-A1148,img_3d509547e54a2108,2,0,0.0277333427220582
RU-A1151,img_aeb0e4d98421c6ab,1,0,0.3117246627807617
RU-A1151,img_8331c3e1b7e45f52,1,0,0.2012092620134353
RU-A1151,img_6c74f2ffa84c278b,1,0,0.7907930612564087
RU-A1151,img_69da023df1138ae9,1,0,0.3366138935089111
RU-A1151,img_88bb0ec6ba46ac97,1,0,0.9931421279907228
RU-A1151,img_9f18b3aba6cc0de5,1,0,0.9857813715934752
RU-A1151,img_906468ac2b6883a3,1,0,0.449925422668457
RU-A1151,img_ebae27221ad510aa,1,0,0.0236597321927547
RU-A1152,img_9f36ccabffb91127,1,0,0.000961473386269
RU-A1152,img_02cd3a50e5722f10,1,0,0.0034973621368408
RU-A1152,img_84a872e80fbba85f,1,0,0.0012826675083488
RU-A1152,img_79ed47c25e1cc9e8,1,0,0.0085602356120944
RU-A1152,img_b2de56818450326b,1,0,0.006996433250606
RU-A1152,img_c660dad4197daee3,1,0,0.0050838789902627
RU-A1152,img_1b752091dee4c518,1,0,0.0015593820717185
RU-A1152,img_20cb8b00b4c70d4a,1,0,0.0475542731583118
RU-A1152,img_5cb4e0b0f3856695,1,0,0.0013263504952192
RU-A1152,img_c8672f4e365313ce,1,0,0.0030869524925947
RU-A1157,img_d4ae8091ae0757af,3,0,0.2642466723918915
RU-A1157,img_3761fc6f346e7291,3,0,0.1241373941302299
RU-A1157,img_d0a7bc73fef9e701,3,0,0.0194183215498924
RU-A1157,img_acee21b7f9f9bccc,3,0,0.029403356835246
RU-A1157,img_a2c4c778b6fd866f,3,0,0.0062544629909098
RU-A1157,img_b0fbe72697137acb,3,0,0.0020235520787537
RU-A1157,img_d95a5f98abe2aa6a,3,0,0.1372504830360412
RU-A1157,img_82509bdad829118f,3,0,0.0791636928915977
RU-A1157,img_c511d5fc6dfd2591,3,0,0.0004935950855724
RU-A1157,img_20cd221b066c7c94,3,0,0.0047202231362462
RU-A1158,img_bd5fac1beb00b89e,2,0,0.0015500843292102
RU-A1158,img_4593d4fb03c4aa2e,2,0,0.0050123902037739
RU-A1158,img_1c399192e010e1e8,2,0,0.000203419389436
RU-A1158,img_a84359e1fadc93be,2,0,0.0019821196328848
RU-A1158,img_07bbefdbda20d1bf,2,0,0.0084451390430331
RU-A1158,img_dfb6d85a2716b73e,2,0,0.0013287375913932
RU-A1158,img_f8e90ff8a45ea76c,2,0,0.0032844527158886
RU-A1158,img_96c480c67d24ff81,2,0,0.0015592818381264
RU-A1158,img_c950b0861207bfd0,2,0,0.0014218578580766
RU-A1158,img_a57643551c6682fb,2,0,0.0004436588787939
RU-A1159,img_57e847c25be6c902,1,0,0.0007987435092218
RU-A1159,img_a58cfac931b9dfed,1,0,0.0086466995999217
RU-A1159,img_f54dedfd09cd5bb9,1,0,0.2255414426326751
RU-A1159,img_0482fd8c4e89f3a1,1,0,0.0022826944477856
RU-A1159,img_94f472ea68866573,1,0,0.0051804594695568
RU-A1159,img_d2f62e019f86a9a1,1,0,0.0012792072957381
RU-A1159,img_770aeeb6a4734483,1,0,0.000712116016075
RU-A1159,img_e3271d3452e87481,1,0,0.0002205804485129
RU-A1159,img_443e45ed9c9b91d8,1,0,0.0017536707455292
RU-A1160,img_abf0add4078c02d7,2,0,0.0194322448223829
RU-A1160,img_f3a7c9f498a30cf6,2,0,0.0153760565444827
RU-A1160,img_5d54faf7bc620d76,2,0,0.010572082363069
RU-A1160,img_3673caab3ada9169,2,0,0.0189706571400165
RU-A1161,img_fddfd73669db3761,1,0,0.0072705447673797
RU-A1161,img_9a0d76490f4e758c,1,0,0.0007456571329385
RU-A1161,img_703a60c47ce33393,1,0,0.0061004208400845
RU-A1161,img_a77c700d16387170,1,0,0.0004636372323147
RU-A1161,img_f18955f848c65a47,1,0,0.0358112044632434
RU-A1161,img_b22806dae60e42eb,1,0,0.0348580963909626
RU-A1162,img_e50a1e9b61f68985,3,0,0.0021254927851259
RU-A1162,img_43f44a1c0dc4e80a,3,0,0.0005224664928391
RU-A1162,img_0686832adf9eb7b0,3,0,0.004760670941323
RU-A1162,img_ccda422b004b2040,3,0,0.0512221120297908
RU-A1162,img_a73115e01a2d9552,3,0,0.0005592376110143
RU-A1162,img_1ac9bbabf7fe927f,3,0,0.0007394696003757
RU-A1162,img_3565e826b9cddd17,3,0,0.079929806292057
RU-A1162,img_d64a4ffe7e6872e8,3,0,0.1253232955932617
RU-A1162,img_3373d870d77bbaf3,3,0,0.0004168280865997
RU-A1162,img_88287373e24dfd04,3,0,0.0001782429171726
RU-A1162,img_bc1d55c4fbfa977d,3,0,0.0009211311698891
RU-A1162,img_eb4aedf0b4d0e8f8,3,0,0.0034419696312397
RU-A1162,img_1ebecbd928005394,3,0,0.0001510468282504
RU-A1162,img_a05f3ea344464421,3,0,5.7391313021071255e-05
RU-A1164,img_a75108faede88b0d,4,0,0.0044041518121957
RU-A1164,img_fdce6cdc847ab8a7,4,0,2.9709466616623104e-05
RU-A1164,img_328f0f466922f285,4,0,0.0004634140932466
RU-A1164,img_f2a9a25391b544d3,4,0,0.00718988571316
RU-A1164,img_bbd0d37f984a5849,4,0,0.0059202658012509
RU-A1164,img_dded3e26fcacca5f,4,0,0.0337290614843368
RU-A1164,img_10353862751e7fa5,4,0,0.002500026486814
RU-A1164,img_9a96dbab552513b9,4,0,0.5635839104652405
RU-A1164,img_4093518313023fbe,4,0,0.6633131504058838
RU-A1165,img_65386e7d9cb64f9d,1,0,0.000188563746633
RU-A1165,img_a02bce084c4dbc51,1,0,0.0003088800003752
RU-A1165,img_d7ec70c596a3c7e5,1,0,0.0532708093523979
RU-A1165,img_f50adedd5121a5af,1,0,0.0398408062756061
RU-A1167,img_90b53155667807a2,4,0,0.0011214338010177
RU-A1167,img_1e91445dbbb10e45,4,0,0.0010897309985011
RU-A1167,img_0b8e5ead1c0eb983,4,0,0.007663135882467
RU-A1167,img_9a356d782ada14e7,4,0,0.0061297342181205
RU-A1168,img_f6c1b78bf1a1c419,1,0,0.0036378074437379
RU-A1168,img_c4fa6b6606150776,1,0,0.0012058530701324
RU-A1168,img_b12763bc776f237b,1,0,0.000751388608478
RU-A1168,img_b998ac7903da596a,1,0,0.0069443900138139
RU-A1168,img_9b4e1328a6284d02,1,0,0.0035065724514424
RU-A1168,img_f63bebd6e6b520fb,1,0,0.0031509147956967
RU-A1168,img_f82ac1e479af4fee,1,0,0.0318744331598281
RU-A1168,img_21a5e7daef98fa43,1,0,0.021446144208312
RU-A1169,img_3d0d09c23dddd708,0,0,0.0002056996308965
RU-A1169,img_e8f319d98e4394db,0,0,0.0003065521595999
RU-A1169,img_ce580288284f0c39,0,0,0.0001236293028341
RU-A1169,img_f2e76757f84ec6c2,0,0,0.007246468681842
RU-A1169,img_6952eb5a597b71e9,0,0,0.0201741438359022
RU-A1170,img_35146e0294ffc229,4,1,0.0073658525943756
RU-A1170,img_ad84d34a839db114,4,1,0.0094330040737986
RU-A1170,img_7c4b026225b78480,4,1,0.1669333726167678
RU-A1170,img_44d09247fe41802c,4,1,0.0160846393555402
RU-A1170,img_19245519512331a8,4,1,0.0137517331168055
RU-A1170,img_3a68b7d522fd8ed8,4,1,0.0364250130951404
RU-A1170,img_669a0e3d9a6b644c,4,1,0.0001339970476692
RU-A1170,img_fbd531730bf96b19,4,1,5.915510428167181e-06
RU-A1170,img_744edff32ebf52bc,4,1,0.0018664301605895
RU-A1170,img_5c3f1b9276cd3327,4,1,0.0054931049235165
RU-A1170,img_ec86d7873fc72200,4,1,0.0329191274940967
RU-A1170,img_863dbaaea59fc328,4,1,0.026935089379549
RU-A1170,img_7167b5fffd811b63,4,1,0.0034156618639826
RU-A1170,img_6543c793c1f09e1e,4,1,0.0123047893866896
RU-A1171,img_451dd404b3fad6a6,2,0,0.0551533326506614
RU-A1171,img_bcd237220dc0b0ec,2,0,0.0387071594595909
RU-A1171,img_a0e80e65520e2bc2,2,0,0.1269764900207519
RU-A1171,img_c0ff02ba034a11aa,2,0,0.0335152968764305
RU-A1172,img_be58fe8545d04fce,1,0,0.0008731496054679
RU-A1172,img_b4b1d34ad253ee14,1,0,0.0005427859723567
RU-A1172,img_133e5f1b77bf145f,1,0,0.0020276177674531
RU-A1172,img_1b76d3ea41ad0fa1,1,0,0.0030600803438574
RU-A1172,img_b168d6619e508ea6,1,0,0.0004931228468194
RU-A1172,img_b79a076a1dbb92e9,1,0,0.0003589072730392
RU-A1172,img_e407281c2cea1333,1,0,0.0077466168440878
RU-A1172,img_a12c58a5a5f53650,1,0,0.0093295685946941
RU-A1173,img_6dbc7d2d2fda1e32,0,0,0.0002132109075319
RU-A1173,img_898c00f921b34233,0,0,0.0005135568208061
RU-A1173,img_f6a77858a31c3ef1,0,0,0.000629921851214
RU-A1173,img_df210a5fab7e194e,0,0,0.0023471526801586
RU-A1173,img_142451132d6f6d6e,0,0,0.0097041949629783
RU-A1173,img_755a70d989ccf55a,0,0,0.0027299823705106
RU-A1174,img_a9bce608eae449af,1,0,0.0077112289145588
RU-A1174,img_fb7d456259450448,1,0,0.3232413232326507
RU-A1174,img_5bc4050a4df8e92f,1,0,0.1962453126907348
RU-A1174,img_32cd0bd1996206c9,1,0,0.1920147836208343
RU-A1174,img_9aea532336c2c157,1,0,0.0005992595688439
RU-A1174,img_8c2b5cc9eea99fea,1,0,0.0035698420833796
RU-A1174,img_71f1b96a1ba6bbb0,1,0,0.0063072890043258
RU-A1174,img_e235934b96951fe8,1,0,0.0039746719412505
RU-A1174,img_d11a8e2594bdf46e,1,0,0.0049771894700825
RU-A1174,img_1576581ca61c0ced,1,0,0.0023392050061374
RU-A1154,img_2b9ec337d64cdc74,2,0,0.0018791969632729
RU-A1154,img_c6445ecfb6d3aa22,2,0,0.0003764765278901
RU-A1154,img_a10ed4749e23c7cc,2,0,0.0031855416018515
RU-A1154,img_0f73b3f77eb23edf,2,0,0.0026050577871501
RU-A1154,img_bc17bb19d4341e1c,2,0,0.0028919749893248
RU-A1154,img_a758888f8a1813b8,2,0,0.002447213511914
RU-A1154,img_e2e703a4f91f18f3,2,0,0.004754192661494
RU-A1154,img_44e2b5872169ec50,2,0,0.0002917469828389
RU-A1154,img_6b40865f9b4e08eb,2,0,0.0183993075042963
RU-A1154,img_db8425540c0b0cdb,2,0,0.0041534155607223
RU-A1155,img_5f4824811e011f6c,1,0,0.0002693566202651
RU-A1155,img_7e2f28ed80177923,1,0,0.000779912865255
RU-A1155,img_5408471552cc8c89,1,0,0.0026274542324244
RU-A1155,img_b29cca99ccd698af,1,0,0.0037690568715333
RU-A1155,img_dad54ac42e65821a,1,0,0.0014117826940491
RU-A1155,img_9ce9024d4db6717f,1,0,0.0029553524218499
RU-A1155,img_25cbf5e7316d2139,1,0,0.0030826351139694
RU-A1155,img_856dd30f9aecc437,1,0,0.0007451975834555
RU-A1155,img_76bbfe9516ee3d70,1,0,0.0037403439637273
RU-A1221,img_b843df6ac49748b8,1,0,0.0058204503729939
RU-A1221,img_a11314f69c119b7e,1,0,0.0072384965606033
RU-A1221,img_e3360cc395bd4f0c,1,0,0.0001334357802988
RU-A1221,img_3d7784f167ab3877,1,0,0.0003650341532193
RU-A1221,img_7297193f16963b9f,1,0,0.0039191264659166
RU-A1221,img_ec4e39e962c9849c,1,0,0.0041014263406395
RU-A1222,img_0c8e501da531010d,4,0,0.047861386090517
RU-A1222,img_0a0d40bf622e68e5,4,0,0.0005778672057203
RU-A1222,img_17920b469918312a,4,0,0.0782316997647285
RU-A1222,img_550d8a285a437729,4,0,0.08060073107481
RU-A1223,img_993f965cb2543c0e,0,0,0.0030647756066173
RU-A1223,img_11d2a45a94860f1f,0,0,0.0009206270915456
RU-A1223,img_a34347443d9b677c,0,0,0.0145881548523902
RU-A1223,img_e0fea148738580c9,0,0,0.0064471187070012
RU-A1224,img_5abbe20174b1cb5e,0,0,0.0336463078856468
RU-A1224,img_311dce75a3b93818,0,0,0.0057290480472147
RU-A1224,img_a937d14aa26975fa,0,0,0.0287332776933908
RU-A1224,img_41106415ecfc609e,0,0,0.0013996527995914
RU-A1224,img_dba5d6602b0b162a,0,0,0.0012612470891326
RU-A1225,img_9e70c1ee239546d3,0,0,0.0005586969200521
RU-A1225,img_399db71f2f7c74d2,0,0,0.0034654482733458
RU-A1226,img_662078eafbab9c59,0,0,0.002287738956511
RU-A1226,img_d4331128fa77cdd6,0,0,0.0073298001661896
RU-A1226,img_42abf17b96b925c5,0,0,0.0003632723528426
RU-A1226,img_0beb883c88a1a1b9,0,0,0.000257993087871
RU-A1227,img_a4ed0801b99d3676,3,0,0.0023795107845216
RU-A1227,img_48fc430b50746636,3,0,0.0026278116274625
RU-A1227,img_d14fae684d541a7a,3,0,7.703113078605384e-05
RU-A1227,img_47bc5f8962e2180b,3,0,0.0003470308438409
RU-A1227,img_354c74b3c6338aad,3,0,0.0291464570909738
RU-A1227,img_982144aa5c74c38e,3,0,0.006462650373578
RU-A1228,img_cff87a80d13e8fb1,2,0,0.001600706600584
RU-A1228,img_566a72c2cbc99ec0,2,0,0.006209263112396
RU-A1228,img_d2f9d041e39bcca2,2,0,3.0140723538352177e-05
RU-A1228,img_3d8bf6100cc8d6b8,2,0,0.0159437377005815
RU-A1228,img_d5e1c165c810708f,2,0,0.0340213701128959
RU-A1228,img_f8dc5696bc6d0a98,2,0,0.007782066706568
RU-A1228,img_b355bf8324014a77,2,0,0.0087264915928244
RU-A1228,img_7ecf8f0d78007381,2,0,0.0069306781515479
RU-A1228,img_22d710c277869821,2,0,0.0065915128216147
RU-A1228,img_dc939f24dbe447cf,2,0,0.0127530740574002
RU-A1228,img_9718837515050473,2,0,0.0114556290209293
RU-A1229,img_8950267846928315,4,1,0.3643839657306671
RU-A1229,img_44829ee2e0bd1429,4,1,0.0048761642538011
RU-A1229,img_75e20e01b38e078a,4,1,0.0056294160895049
RU-A1229,img_651a50002ea6f8ba,4,1,0.75822514295578
RU-A1229,img_b1f8e2c4d30fe399,4,1,0.7331353425979614
RU-A1230,img_3830ae930b0a6ef1,4,0,0.0019304932793602
RU-A1230,img_72e0925990c9bf09,4,0,0.0005428320146165
RU-A1230,img_8de82a7ef7791207,4,0,0.0004522345843724
RU-A1230,img_dfdf8341cd873f00,4,0,0.0008517156238667
RU-A1230,img_4e74d4cfbc6b946d,4,0,0.000196189736016
RU-A1230,img_9b94bb8e3d3f8938,4,0,7.871363050071523e-05
RU-A1230,img_63b70a713495db32,4,0,0.0175214447081089
RU-A1230,img_60227010952c481a,4,0,0.0102920541539788
RU-A1230,img_3ed0b603bd39c6fe,4,0,0.0476539805531501
RU-A1230,img_8d9ee4f5d062f4ee,4,0,0.0540757812559604
RU-A1230,img_2badc52b03359c7f,4,0,0.0010227661114186
RU-A1230,img_dc9adb66c18359f9,4,0,0.000419854914071
RU-A1231,img_4a9ceaba0b907dba,2,0,0.0065215560607612
RU-A1231,img_4dbcc0ccdd01a90e,2,0,0.0138434646651148
RU-A1231,img_dd5a0c6c0753b8f9,2,0,0.0039795790798962
RU-A1231,img_bfee5e09e107f620,2,0,0.0211288183927536
RU-A1231,img_d2ae49d23f2c8fae,2,0,0.0008971460629254
RU-A1231,img_a7b107b5b48b736b,2,0,0.0609931983053684
RU-A1231,img_a8186cb4fbe98fca,2,0,0.0002757921465672
RU-A1231,img_02ae068f77aecd0a,2,0,0.0014800525968894
RU-A1232,img_f8eed42054d2d97e,1,0,0.0186927448958158
RU-A1232,img_6b8ee788e5947b23,1,0,0.0043889903463423
RU-A1232,img_e5b24440c4d13433,1,0,0.0155865419656038
RU-A1232,img_91ce6a798f0addf8,1,0,0.0016766786575317
RU-A1232,img_09d3118069786e96,1,0,0.0061121257022023
RU-A1232,img_67c3b03061399bb3,1,0,0.0076782023534178
RU-A1232,img_66e3441a082030fe,1,0,0.3885076642036438
RU-A1232,img_434c1c81c8b8e1ed,1,0,0.0117920255288481
RU-A1233,img_5de866f0a887a291,0,0,0.0115429321303963
RU-A1233,img_ccd794e2817b27c9,0,0,0.0233888700604438
RU-A1233,img_b7d8a3f95eea273a,0,0,0.0006534333224408
RU-A1233,img_06613dc42196830f,0,0,0.0009249502327293
RU-A1233,img_f8c5fdc5ef24e200,0,0,0.0017607929185032
RU-A1233,img_3fe0bf91a8b07fbf,0,0,0.0003601320495363
RU-A1233,img_eb990b0170856b53,0,0,0.0001834964932641
RU-A1233,img_1cef30b84b1f8705,0,0,0.0002365569380344
RU-A1234,img_9fe7f8c14d214f85,1,0,0.0123645523563027
RU-A1234,img_8f9346484fdadaf5,1,0,0.0159561391919851
RU-A1234,img_b7b77fcba03765a8,1,0,0.0001653139916015
RU-A1234,img_f572494e74b147f7,1,0,0.0002198552101617
RU-A1235,img_7fcb73b59693708a,1,0,0.0455416962504386
RU-A1235,img_d7e0b86dae2b2648,1,0,0.0101542212069034
RU-A1235,img_e541919750f8f0bb,1,0,0.0011566440807655
RU-A1235,img_7e5ed24165794b48,1,0,0.0009629379492253
RU-A1236,img_cc2d188476c57231,3,0,0.0032323121558874
RU-A1236,img_bc39e336ae99b7c2,3,0,0.0065105492249131
RU-A1237,img_c1307c46aeed49e6,2,0,0.0090095773339271
RU-A1237,img_0e945bc042bb913b,2,0,0.001225541695021
RU-A1237,img_3e017bbfd34b445c,2,0,0.0010043052025139
RU-A1237,img_53f53b2252294e84,2,0,0.0058789220638573
RU-A1237,img_4e1c499c5537d033,2,0,0.0057164230383932
RU-A1238,img_7be6f6758f6c4b6d,1,0,0.0002670722897164
RU-A1238,img_a36c9d9a3209fd1a,1,0,0.0001843356294557
RU-A1238,img_891b503bbeee8157,1,0,0.0007314545218832
RU-A1238,img_e03834fbefdd0c96,1,0,0.0005416980711743
RU-A1238,img_1b16d89d902c69c9,1,0,0.0006767631857655
RU-A1238,img_09c83915e5561442,1,0,0.0020712108816951
RU-A1238,img_c2fc160a3a160ab3,1,0,0.0024734535254538
RU-A1238,img_ae17a68200f20bd7,1,0,0.0010227232705801
RU-A1239,img_e3666bf8aa074a8e,3,0,0.8804931640625
RU-A1239,img_54c6082c9e330aa9,3,0,0.009515956044197
RU-A1239,img_7c5fa7fde0d158ec,3,0,0.0004662027349695
RU-A1239,img_959fddb3cb5ba6ad,3,0,0.0034877767320722
RU-A1239,img_6884c97a9b80867c,3,0,0.0021765604615211
RU-A1239,img_073122c18a534a3f,3,0,0.0016309182392433
RU-A1240,img_b2826c84edb1a981,3,1,0.0016783222090452
RU-A1240,img_e2929ffcd26a36bb,3,1,0.0008808498969301
RU-A1240,img_1a1f853295b0a1f7,3,1,0.0011151224607601
RU-A1240,img_df2b23c20d373cb2,3,1,0.8526268601417542
RU-A1240,img_5d4d38e81fc13079,3,1,0.2840894758701324
RU-A1240,img_e4bbe624cbc3bcfa,3,1,0.0030100182630121
RU-A1240,img_fca381572b0f2812,3,1,0.0016465093940496
RU-A1240,img_332150a1c65cc706,3,1,0.0046484572812914
RU-A1240,img_2a566051f674d24c,3,1,0.0143419224768877
RU-A1240,img_e9ca392036a4b523,3,1,0.0048452620394527
RU-A1240,img_ab8c49011a55ede8,3,1,0.0035533325280994
RU-A1240,img_c3a0ac719e920d0e,3,1,0.0075133787468075
RU-A1345,img_7e61082adabd31d8,1,1,0.0007062961813062
RU-A1345,img_d3feff1211a4285c,1,1,0.0030204292852431
RU-A1345,img_cdbc4937d28fa0ee,1,1,8.149273344315588e-05
RU-A1345,img_22eb5d6e909db778,1,1,0.0002345223037991
RU-A1245,img_0b1da719028ee428,2,0,0.0010836671572178
RU-A1245,img_c1c7c530d207703b,2,0,0.0002650485257618
RU-A1245,img_19718b6879c6a4b5,2,0,0.001081381808035
RU-A1245,img_a7bf02af7fb692b9,2,0,0.0156607348471879
RU-A1245,img_f2692bb748663132,2,0,0.002327102003619
RU-A1245,img_be7ccbfa8f413e9f,2,0,0.0019816537387669
RU-A1245,img_ab0e56c36727edfb,2,0,0.0006223241798579
RU-A1245,img_1a07d10d000de6f6,2,0,0.0008373276214115
RU-A1245,img_89102dde89e25e9a,2,0,0.0087732104584574
RU-A1245,img_6b92f1c7fec81682,2,0,0.0067919320426881
RU-A1246,img_7a670da64b5e50db,2,0,0.0006279850495047
RU-A1246,img_e7f76e4dd817ca61,2,0,0.0013575466582551
RU-A1246,img_da8f1cba505a5ad1,2,0,0.0062769674696028
RU-A1246,img_582323e232fcf005,2,0,0.0018126318464055
RU-A1248,img_beddcaa9017f505b,3,0,0.0009324501734226
RU-A1248,img_bc651650612474fa,3,0,0.0021962085738778
RU-A1248,img_e74ecb9e8e6b164b,3,0,0.0163873136043548
RU-A1248,img_c5e470e6c5e1641a,3,0,0.0111680468544363
RU-A1248,img_43482114ff3743bb,3,0,0.0032850711140781
RU-A1347,img_40f993093261617b,0,1,0.2208456248044967
RU-A1347,img_90ed0a0384e864cb,0,1,0.5266665816307068
RU-A1020,img_6ebf0480440eeb8b,3,0,0.2618668377399444
RU-A1020,img_3b28f6fb43310f01,3,0,0.0052658822387456
RU-A1020,img_b896f1618048adaa,3,0,0.0112104695290327
RU-A1020,img_ff34f3ed16e85d10,3,0,0.0002307195536559
RU-A1020,img_e1dfa0df1f51f26f,3,0,0.0005001780227757
RU-A1020,img_38b66d83c3e10e5f,3,0,0.0045727090910077
RU-A1020,img_269af53d528b1f3b,3,0,0.0021313598845154
RU-A1166,img_7db6e6ebb2386254,2,0,0.0024148602969944
RU-A1166,img_04d2698a8ec4e773,2,0,0.0039105894975364
RU-A1166,img_e48273b2c657ace2,2,0,0.0010950622381642
RU-A1166,img_b5193f801f3b0651,2,0,0.0025182429235428
RU-A1166,img_8cd4e57f5a7f3fbf,2,0,0.0051059159450232
RU-A1166,img_8c3b4f88af2c18d0,2,0,0.0101934634149074
RU-A1166,img_52722c7a1339f08b,2,0,0.0113103240728378
RU-A1153,img_88c42d232e084af2,3,0,0.020790658891201
RU-A1153,img_6b2a1851b06d2968,3,0,0.8067655563354492
RU-A1153,img_b3b08eefab81dc7a,3,0,0.0004072573210578
RU-A1067,img_e4b1cb7a4084f5aa,1,0,0.8667080402374268
RU-A1067,img_af4aba150dcdd3ff,1,0,0.9383022785186768
RU-A1067,img_283d2d5b706f4a10,1,0,0.974598467350006
RU-A1067,img_4c686295431a83d9,1,0,0.8863023519515991
RU-A1067,img_1787244bdbcfa17f,1,0,0.0182212609797716
RU-A1067,img_d7a788735478282b,1,0,0.1638721525669098
RU-A1067,img_8a2299337955ff3f,1,0,0.2928648889064789
RU-A1067,img_1edb5a7636a9c074,1,0,0.0394669398665428
RU-A1067,img_9f660a26a61b58e8,1,0,0.0052065537311136
RU-A1111,img_1cd53353b8617071,1,0,0.0079797990620136
RU-A1111,img_7dcdf6badb261622,1,0,0.0001468468399252
RU-A1111,img_c1200a40c8ffa7a5,1,0,0.0004669938061852
RU-A1111,img_426db2853397d34f,1,0,0.0012986825313419
RU-A1111,img_258ef9ea500043f1,1,0,0.0013396732974797
RU-A1111,img_b5efa60b2a2e54c1,1,0,0.002875983947888
RU-A1111,img_ff6679dafd6bb8a8,1,0,0.0321706011891365
RU-A1111,img_555a0eed519bc91b,1,0,0.0542875975370407
RU-A1111,img_68ce501b08448270,1,0,0.0007832564879208
RU-A1111,img_56763286b16db0a6,1,0,0.0006776698864996
RU-A1111,img_b65531f2691565a9,1,0,0.0033462443388998
RU-A1111,img_e6126205083bed2e,1,0,0.0080003943294286
RU-A1111,img_c430eaac3bcee87b,1,0,0.0035525255370885
RU-A1111,img_38493665fbd7fc50,1,0,0.0016272560460492
RU-A1149,img_bbf258ea7b72621d,2,0,0.0017828478012233
RU-A1149,img_fa033a5cd5376bdd,2,0,0.0108633115887641
RU-A1177,img_20361e9a65e9b7a3,3,0,0.0015931329689919
RU-A1177,img_111685f7f081edfa,3,0,0.0005142582813277
RU-A1177,img_fea19a9cfd0b6731,3,0,0.0072495345957577
RU-A1177,img_3add4b70d70febec,3,0,0.0118575152009725
RU-A1179,img_79ba5a1608358e10,2,0,0.0012137953890487
RU-A1179,img_02bcd5eefe3ac2f5,2,0,0.0015166408848017
RU-A1179,img_a2640cbb642bfa27,2,0,0.0041933036409318
RU-A1179,img_57140cb499290165,2,0,0.0121401892974972
RU-A1181,img_95278a1793767bf5,0,0,0.0008484746795147
RU-A1181,img_5746beb86ec3e5f7,0,0,0.0013290212955325
RU-A1181,img_348f5c02ab93acd5,0,0,0.0217863414436578
RU-A1181,img_49b9a19b2d71e267,0,0,0.0188295021653175
RU-A1182,img_72a6b03b03822cdf,4,0,0.0266436748206615
RU-A1182,img_260b6b676862b479,4,0,0.0746772959828376
RU-A1182,img_70033e2e448b5422,4,0,0.2607508301734924
RU-A1182,img_c299d29bd0f9727b,4,0,0.2332496643066406
RU-A1183,img_ea651f8d1fa0b977,2,0,0.0014535926748067
RU-A1183,img_f354e7452ed4f731,2,0,0.0021118107251822
RU-A1183,img_c0fcbd5c9ef681d8,2,0,0.0265151616185903
RU-A1183,img_d8ee1ebb142b9b41,2,0,0.0252777803689241
RU-A1185,img_932b5fc52ae332d4,1,0,0.0001918921770993
RU-A1185,img_e3ab61ccfc73868f,1,0,4.838945824303664e-05
RU-A1185,img_ca5e4ba2c40087ba,1,0,0.0124013274908065
RU-A1185,img_c5e29373480c9838,1,0,0.022697526961565
RU-A1250,img_bc42d5b6df347267,2,0,0.0133813610300421
RU-A1250,img_1973d0ad146c6caf,2,0,0.0343934893608093
RU-A1250,img_d21ae07be7521ee4,2,0,0.0240049231797456
RU-A1250,img_fae9a948208af627,2,0,0.0134014701470732
RU-A1250,img_9aa8739a0f7d5ebc,2,0,0.1037338078022003
RU-A1250,img_5e69f1ab96f7bbec,2,0,0.006201900076121
RU-A1250,img_9c9aac34eec51086,2,0,0.0269856639206409
RU-A1250,img_a0fc20927e5f670b,2,0,0.0093854097649455
RU-A1250,img_ce896261265900d1,2,0,0.0038894978351891
RU-A1250,img_3be085020d15861d,2,0,0.0105268293991684
RU-A1250,img_cbfaf1ca6e402023,2,0,0.0067750392481684
RU-A1251,img_3052a7aac94abe19,2,1,0.0064569916576147
RU-A1251,img_b1c1ad411bee2dab,2,1,0.0250596106052398
RU-A1251,img_2dad71961b5ab5f4,2,1,0.0356078408658504
RU-A1251,img_6bbcbca4ebf1dcc3,2,1,0.0019866013899445
RU-A1251,img_bc72bd486195709b,2,1,0.0597182139754295
RU-A1251,img_9bb4761e496a7c19,2,1,0.0286843739449977
RU-A1251,img_026b03b707d69374,2,1,0.0008976113167591
RU-A1251,img_37d73ec364ecd89c,2,1,0.0009915978880599
RU-A1251,img_389663b2e72f8ccd,2,1,0.0002909575705416
RU-A1251,img_e9207379d7cf370f,2,1,0.0036279715131968
RU-A1251,img_b9c8195ff22a5bdb,2,1,0.0014877537032589
RU-A1251,img_23808aa99ad4a010,2,1,0.0039668320678174
RU-A1251,img_0d4e2f8217a6a429,2,1,0.8275306820869446
RU-A1251,img_7e3e648b59b560ff,2,1,0.3022400140762329
RU-A1251,img_448498b4a6226637,2,1,0.0009367579477839
RU-A1251,img_5a418c5470c18130,2,1,0.0001863505895016
RU-A1251,img_9b3dda18f52398c3,2,1,0.0012376337544992
RU-A1251,img_a9aa2953c27365bd,2,1,0.1046651005744934
RU-A1251,img_bbe2192ae099d420,2,1,0.3642236888408661
RU-A1251,img_62a1e3c01176e5ea,2,1,0.3046602010726928
RU-A1251,img_98d9bd347e7dca9c,2,1,0.0208933874964714
RU-A1251,img_fc56cd99f782bd0a,2,1,0.0098001956939697
RU-A1251,img_98af12855b0e7a13,2,1,0.0024561558384448
RU-A1251,img_db3f7d60f735ecbc,2,1,0.0028004739433526
RU-A1251,img_5666a5cd5bd0e47c,2,1,0.0098441410809755
RU-A1251,img_6a5849527105d664,2,1,0.0045658727176487
RU-A1252,img_64312d924d92e23b,2,0,0.0009954317938536
RU-A1252,img_ed9223aa6ace71e9,2,0,0.0005903315613977
RU-A1252,img_549dc037d491a696,2,0,0.0064809201285243
RU-A1252,img_4e3b338be34c9d38,2,0,0.000857610895764
RU-A1252,img_1229ea2445e71815,2,0,0.0008234303677454
RU-A1252,img_3f861a7833361ca2,2,0,0.0005106600001454
RU-A1252,img_a63f7b50351280f1,2,0,0.0012311132159084
RU-A1252,img_63a26b05ae24e71e,2,0,0.0014323313953354
RU-A1252,img_20bf0be79d47c78b,2,0,0.0104147288948297
RU-A1252,img_b11e68f0000cf42d,2,0,0.0015544104389846
RU-A1252,img_ab24060abf7e2b5a,2,0,0.01713696308434
RU-A1252,img_f3fe90b8d540e894,2,0,0.0616209544241428
RU-A1252,img_d0f362f52a0f8893,2,0,0.0021425150334835
RU-A1252,img_d53477674959abf2,2,0,0.0030721605289727
RU-A1252,img_40eca33277dbef3a,2,0,0.0039887302555143
RU-A1252,img_a8dfa2b3f56a932b,2,0,0.0025044765789061
RU-A1252,img_8e205f4c444de7a7,2,0,0.0122138829901814
RU-A1252,img_101a46fad5805961,2,0,0.008560299873352
RU-A1252,img_84c0e68ffc4e74f7,2,0,0.0171658415347337
RU-A1252,img_6ea321d0ea22adf8,2,0,0.0489799156785011
RU-A1252,img_fadc9151e90eb6be,2,0,0.0221923254430294
RU-A1252,img_2ea72473b736af7f,2,0,0.0273435022681951
RU-A1252,img_f1c1d69ac3d58479,2,0,0.0053055975586175
RU-A1252,img_49bb7dff4e6f9a40,2,0,0.0017283229390159
RU-A1252,img_657d8f17dcf690e5,2,0,0.0024154337588697
RU-A1252,img_0f8593592fbe074b,2,0,0.0011375003959983
RU-A1252,img_e40f5ee990f881e9,2,0,0.0065823085606098
RU-A1252,img_cbefeef31ea64e78,2,0,0.0206526108086109
RU-A1252,img_0745a2dbb2e98fd9,2,0,0.0043091946281492
RU-A1252,img_c0cf11b324e4ffe3,2,0,0.0029747525695711
RU-A1252,img_9db3aaf1d03fe174,2,0,0.0023227122146636
RU-A1252,img_5448d64c6289d498,2,0,0.0013380271848291
RU-A1252,img_2b24113199a30b16,2,0,0.0470452867448329
RU-A1252,img_dd4c063159a69006,2,0,0.0052289529703557
RU-A1252,img_e720fe8c0fd5bb6d,2,0,0.00782120693475
RU-A1252,img_da34bd5c422736bf,2,0,0.0034146329853683
RU-A1252,img_af56dcaa762d52a3,2,0,0.0060367342084646
RU-A1252,img_04eb48325d3eeadf,2,0,0.0063227382488548
RU-A1252,img_47dca7d163b82cea,2,0,0.0826648771762847
RU-A1252,img_4d855547d6d490f2,2,0,0.1205067634582519
