pid,image_id,fold,y_true,proba
RU-A1156,img_2919fb9629af8eb6,4,1,0.6312440037727356
RU-A1156,img_d113fcf2b340674b,4,1,0.4466649293899536
RU-A1048,img_615157a6f6318fc0,0,1,0.1010891273617744
RU-A1048,img_1af1a8ac1245dd39,0,1,0.0929558351635932
RU-A1048,img_0434b8184663ea6a,0,1,0.0174199752509593
RU-A1048,img_1347dbe04673e854,0,1,0.0407327860593795
RU-A1048,img_5e7df910a2c0ac34,0,1,0.9864280819892884
RU-A1048,img_01a97ea00547c5bf,0,1,0.9808186888694764
RU-A1048,img_cdd19bc4e12d3f46,0,1,0.2177748084068298
RU-A1048,img_a2d37942a0dbbc96,0,1,0.2342698574066162
RU-A1048,img_5410faa7cb69fefd,0,1,0.3464715778827667
RU-A1048,img_02224c7fbd4dd58a,0,1,0.8886134028434753
RU-A1048,img_76da8f0577c13e22,0,1,0.0051435399800539
RU-A1048,img_77a1e9fda7d6f6ed,0,1,0.0048455498181283
RU-A1048,img_393086b1d76cf2e3,0,1,0.0254356209188699
RU-A1048,img_2daa10ddecff8b06,0,1,0.1338055282831192
RU-A1048,img_583fd0ffd3a7fae2,0,1,0.0031460835598409
RU-A1048,img_7efb7f864b447cc7,0,1,0.0065428526140749
RU-A1048,img_5cc8a8b1f0819e10,0,1,0.0356360152363777
RU-A1048,img_0ada6a07b5b250db,0,1,0.1429337859153747
RU-A1048,img_2dc9bdc31e605b73,0,1,0.0035318257287144
RU-A1048,img_19c1e67cae61b925,0,1,0.0026827044785022
RU-A1048,img_f905a8654c65f429,0,1,0.2982815206050873
RU-A1048,img_da5f0762a08801b8,0,1,0.1071296110749244
RU-A1048,img_9e431fa94056e03b,0,1,0.9054176807403564
RU-A1048,img_552958db4b80a3c8,0,1,0.0735228061676025
RU-A1080,img_53d27e21f6293a1a,3,0,0.047098483890295
RU-A1080,img_e4462661e8adeeaa,3,0,0.0153801934793591
RU-A1080,img_b7c02f7e41a921b7,3,0,0.0229557231068611
RU-A1080,img_f6c8588b96713ccc,3,0,0.0101905092597007
RU-A1080,img_e7e6926b0c5d8fe3,3,0,0.0620351321995258
RU-A1080,img_763a8069a29b9b05,3,0,0.0113862277939915
RU-A1080,img_a0004c6821cef0f7,3,0,0.0113562727347016
RU-A1080,img_a98e6efe9c8de603,3,0,0.011901656165719
RU-A1080,img_cb025e3782630dbe,3,0,0.0026226253248751
RU-A1080,img_8f18c4773b2ced5b,3,0,0.9895946979522704
RU-A1080,img_49be88c649c5c5be,3,0,0.975480318069458
RU-A1089,img_e22a379091047774,1,1,0.0232809148728847
RU-A1089,img_bdfb8c59d943520a,1,1,0.0044724945910274
RU-A1099,img_ced36bdbc001ccc5,2,1,0.01937136054039
RU-A1099,img_934d287b5ca033af,2,1,0.0661422237753868
RU-A1099,img_605490138f3b6cce,2,1,0.0220674071460962
RU-A1099,img_5f889a4ac2057fb5,2,1,0.0057324795052409
RU-A1099,img_026898dfaf220c28,2,1,0.2519992291927337
RU-A1099,img_09b90c24774e7828,2,1,0.0459999293088912
RU-A1099,img_ca690feda1d750fa,2,1,0.0179008711129426
RU-A1099,img_76769bde8f825629,2,1,0.0240744464099407
RU-A1107,img_9d423112ae60515f,0,0,0.0008355179452337
RU-A1107,img_70c41eda32a6d457,0,0,0.0011357803596183
RU-A1107,img_698fb297a7c6039d,0,0,0.1824722737073898
RU-A1107,img_5a3419b739374530,0,0,0.4695950150489807
RU-A1016,img_1d66366cc1998061,1,0,0.0487438887357711
RU-A1016,img_d645bb77266d216e,1,0,0.0787529051303863
RU-A1016,img_da759c53188dfdb3,1,0,0.5275364518165588
RU-A1016,img_2855963ede417424,1,0,0.0738163143396377
RU-A1016,img_23ca300f480bc79f,1,0,0.0328765846788883
RU-A1016,img_1a7a1dd3d46fc9a1,1,0,0.1085959076881408
RU-A1016,img_70a1cef338771195,1,0,0.0542516931891441
RU-A1016,img_7a817b858d664095,1,0,0.060465931892395
RU-A1016,img_10fa9ab5f75b2e02,1,0,0.1547887176275253
RU-A1016,img_7ba1a59cd0f4ad6d,1,0,0.4211622178554535
RU-A1016,img_629dc507d72bad23,1,0,0.316233217716217
RU-A1052,img_30ccafa79b1e5c28,2,0,0.0576484017074108
RU-A1052,img_8ce1046e2ebff118,2,0,0.0234187748283147
RU-A1052,img_78ad139745c96657,2,0,0.0300500784069299
RU-A1052,img_0a077b8d620d3f1f,2,0,0.0055702831596136
RU-A1052,img_574ca5460edab67d,2,0,0.0677371025085449
RU-A1052,img_1e8f662b5872bf74,2,0,0.0015569078968837
RU-A1052,img_689f29f80d42312b,2,0,0.0080964937806129
RU-A1052,img_89074b12d5e3769f,2,0,0.0001034150263876
RU-A1052,img_6e69a1cffb1797fe,2,0,0.0001225250452989
RU-A1052,img_bb88c76ad332f52c,2,0,0.0312046315521001
RU-A1052,img_6b9803ba9e3f4d39,2,0,0.0381601005792617
RU-A1052,img_345241a2162f61a8,2,0,0.0007572033791802
RU-A1058,img_8ca9b1dfea8f445b,2,0,0.0095824422314763
RU-A1058,img_1448eb37b91dfbf2,2,0,0.0069142873398959
RU-A1058,img_d1a2c8e18334ad60,2,0,0.0049377507530152
RU-A1058,img_1285bc76185e755d,2,0,0.0018486512126401
RU-A1058,img_ac7b7097852242e3,2,0,0.1440147459506988
RU-A1058,img_87af2e58ec90a397,2,0,0.0358502976596355
RU-A1058,img_53f9e1bf5a2928fd,2,0,0.1928669959306717
RU-A1058,img_0c6632a19da1d320,2,0,0.4026574194431305
RU-A1058,img_1397bd6a0fcbb42b,2,0,0.0052722403779625
RU-A1058,img_8ab00ebe9c4df78f,2,0,0.0105101391673088
RU-A1058,img_ffed7cab95661d93,2,0,0.0066386144608259
RU-A1058,img_9b6fdf227782fd34,2,0,0.001557815587148
RU-A1058,img_bd58a96c7a49a8fa,2,0,0.0007976160268299
RU-A1058,img_f01449513fc32162,2,0,0.0050020939670503
RU-A1058,img_7722642afa3d1969,2,0,0.6747113466262817
RU-A1058,img_588134547734a2ad,2,0,0.4201798439025879
RU-A1058,img_fc9442cf9ee7d0a7,2,0,0.0117746330797672
RU-A1058,img_bacc99d5d573c2f7,2,0,0.0226356647908687
RU-A1058,img_a813e15ee1fb49a5,2,0,0.0422687754034996
RU-A1058,img_6b4c91c46e2ee9e7,2,0,0.0126168066635727
RU-A1058,img_6e04fb5a35747565,2,0,0.0171220861375331
RU-A1058,img_6cb909bef7a2df08,2,0,0.0159963276237249
RU-A1058,img_01172d93cf2bd66a,2,0,0.0116704646497964
RU-A1058,img_0d38dc280a0ed213,2,0,0.0171244386583566
RU-A1074,img_a0861ea9e7660989,2,0,0.0286257974803447
RU-A1074,img_e145a6fa6dd942f6,2,0,0.0663646459579467
RU-A1074,img_31f3a4018f5dd8d0,2,0,0.0021545207127928
RU-A1074,img_c944a6f2be7b4fe9,2,0,0.0002167340717278
RU-A1074,img_36173f5c1e011c0d,2,0,0.4365456104278564
RU-A1074,img_1a8ed1c40c6e7e5f,2,0,0.5389451384544373
RU-A1098,img_3ae15fde7f9afade,3,0,0.0028545612003654
RU-A1098,img_905e1b987819fed4,3,0,0.0048284293152391
RU-A1098,img_37c256109ac3a823,3,0,0.0108293732628226
RU-A1098,img_e00095b434bed28d,3,0,0.0013335248222574
RU-A1098,img_4fdbe66edfebdc04,3,0,0.0099564585834741
RU-A1098,img_dc432a1c6eaf385c,3,0,0.0054046693257987
RU-A1098,img_31a7b21a748aed23,3,0,0.000601727166213
RU-A1098,img_1cccaf4a04648eb1,3,0,7.118783105397597e-05
RU-A1050,img_d2ef31434a0fff6e,3,1,0.0056497403420507
RU-A1050,img_ee0066527d1c4cd6,3,1,0.0063767326064407
RU-A1068,img_0dc274e4a92e9052,2,0,0.0126372398808598
RU-A1068,img_c865d5a832893e9b,2,0,0.1703864485025406
RU-A1068,img_164e07147199a243,2,0,0.0452608354389667
RU-A1068,img_fac566c3c6c081fd,2,0,0.0596451535820961
RU-A1068,img_fadbd2819e4b7f0b,2,0,0.0334994085133075
RU-A1068,img_6195cb9ef196e838,2,0,0.1212953180074691
RU-A1068,img_df1bb1f949077480,2,0,0.0166602190583944
RU-A1068,img_ccdb8b939171d9df,2,0,0.0009348520543426
RU-A1068,img_1480e4fb992468df,2,0,0.0025569444987922
RU-A1068,img_93521b4fc9a39744,2,0,0.0037655872292816
RU-A1068,img_0ef6c053a1efa9cb,2,0,0.0007014028378762
RU-A1068,img_25d8ce440d731440,2,0,8.323917427333072e-05
RU-A1068,img_a1eb985fcd771a63,2,0,0.6181650161743164
RU-A1068,img_6919fc42f2cb0292,2,0,0.5401991605758667
RU-A1069,img_29fea1742bde81f1,3,0,0.2243370115756988
RU-A1069,img_d3537ec084088385,3,0,0.1629851162433624
RU-A1069,img_5f90bb3a75a84565,3,0,0.0086503745988011
RU-A1069,img_89432fed4f986adb,3,0,0.0064979922026395
RU-A1069,img_7a36ca777906472c,3,0,0.0368972085416317
RU-A1069,img_dbe15317497aec02,3,0,0.0348800979554653
RU-A1069,img_00881378b5922b46,3,0,0.0074938191100955
RU-A1069,img_11333961ba50a402,3,0,0.0012847172329202
RU-A1069,img_2730485b8df5a181,3,0,0.0485701709985733
RU-A1069,img_144d587daae63140,3,0,0.0262253247201442
RU-A1069,img_9e907ab2c0c5f60f,3,0,0.0389272607862949
RU-A1069,img_c2312dc45a9ee6c9,3,0,0.0079438984394073
RU-A1069,img_66f1fc5d75ccad3c,3,0,0.0229150094091892
RU-A1069,img_f40cefc5aabb8685,3,0,0.0519928634166717
RU-A1069,img_3539ec17c0f6dc19,3,0,0.2371594607830047
RU-A1069,img_2f445d43cb6a4c34,3,0,0.0446240119636058
RU-A1069,img_096a19e1485e3e1d,3,0,0.1108212098479271
RU-A1069,img_38e65d5e417cbbd8,3,0,0.1568091958761215
RU-A1069,img_b7487da3d4cbfd51,3,0,0.0297722704708576
RU-A1069,img_de7f3391803d823e,3,0,0.0520107150077819
RU-A1069,img_ec74d794cb0c8612,3,0,0.0421359464526176
RU-A1069,img_fd9e9ef128d318ca,3,0,0.0198152717202901
RU-A1069,img_1958472f7c720185,3,0,0.0037740629632025
RU-A1069,img_1c977fc3cb36e35c,3,0,0.0038234391249716
RU-A1069,img_dc6e72e5addf23c9,3,0,0.0014859533403068
RU-A1069,img_1c331cded5089a43,3,0,0.0069647612981498
RU-A1069,img_902a4cff1b93d849,3,0,0.0002469112805556
RU-A1069,img_be34d14764caec98,3,0,0.0002590964722912
RU-A1069,img_14783106ce96dfba,3,0,0.5052797794342041
RU-A1069,img_f7009805dff8f9cf,3,0,0.248394638299942
RU-A1069,img_cbe30f9cebd532ad,3,0,0.3741594851016998
RU-A1069,img_807f692be3a97d7b,3,0,0.3523683249950409
RU-A1071,img_f1bf7e185918828e,0,1,0.9327223300933838
RU-A1071,img_6764b3bb82303282,0,1,0.8546688556671143
RU-A1071,img_255ba469849c7fbe,0,1,0.8680708408355713
RU-A1071,img_fb8cdf71da917259,0,1,0.7755110263824463
RU-A1071,img_5d53ba894d46933e,0,1,0.8480706214904785
RU-A1071,img_18981532a2de742f,0,1,0.8483081459999084
RU-A1072,img_e4d19559ce6c7c5b,0,0,0.532011091709137
RU-A1072,img_745564efb4b1aedf,0,0,0.7519458532333374
RU-A1072,img_b9428b3d585b9fee,0,0,0.0033131747040897
RU-A1072,img_30d0d7cbd2ae936d,0,0,0.0022550674621015
RU-A1072,img_09350acbf91fa1d1,0,0,0.0122642312198877
RU-A1072,img_e96f4fedd84d477b,0,0,0.0158408414572477
RU-A1072,img_2a6459477585e3f1,0,0,0.4902004897594452
RU-A1072,img_f1dbff2a22171d4e,0,0,0.2863679826259613
RU-A1073,img_8dba78fb4cbfdcb2,4,0,0.0025565917603671
RU-A1073,img_510a24476049a246,4,0,0.0033800767268985
RU-A1073,img_05613777d7d60acf,4,0,0.5831366777420044
RU-A1073,img_69a449be8babb7c4,4,0,0.0008518268004991
RU-A1073,img_bf31b7c2b9a2c89a,4,0,0.2798509299755096
RU-A1073,img_ccdf9e7d4d800d31,4,0,0.025559926405549
RU-A1073,img_9d374727786014d6,4,0,0.3678304851055145
RU-A1073,img_3eeff4e77fc6c6ee,4,0,0.3614940345287323
RU-A1073,img_a658cde89dc61e4f,4,0,0.3237790465354919
RU-A1073,img_8adf2d3bfaa855df,4,0,0.4462046325206756
RU-A1073,img_43ce6eaffe64af70,4,0,0.6436901092529297
RU-A1076,img_bb2fb924b90d812c,1,0,0.0198621973395347
RU-A1076,img_0744d508411907b0,1,0,0.0225507095456123
RU-A1076,img_611f27940adb49c8,1,0,0.3046089112758636
RU-A1076,img_644a8a6165b936ba,1,0,0.5387816429138184
RU-A1076,img_534fc301f6b1e833,1,0,0.9471697807312012
RU-A1076,img_fa80805e4426bc0e,1,0,0.9589622020721436
RU-A1076,img_8ca4a7fbe4e032bb,1,0,0.9463687539100648
RU-A1076,img_4835ab32c70833cc,1,0,0.925126016139984
RU-A1126,img_4ddb1f110e63c31b,2,0,0.0002722672070376
RU-A1126,img_35bf6e4514660541,2,0,0.0001147487273556
RU-A1126,img_f242ba277c2de047,2,0,0.0058416104875504
RU-A1126,img_dae060c5b2c5ecf1,2,0,0.0018843278521671
RU-A1126,img_a7f819e1627380f3,2,0,0.0046933554112911
RU-A1126,img_46103a5600e7d5d5,2,0,0.0067835478112101
RU-A1126,img_d4f2f36284da00ee,2,0,0.0257053151726722
RU-A1126,img_4e09a720d179bb90,2,0,0.000957662879955
RU-A1126,img_101a1e6361f5d305,2,0,0.0040993173606693
RU-A1126,img_377d04c2fcdda1f4,2,0,0.0113231120631098
RU-A1126,img_4586a68b3d2249a8,2,0,0.0053028706461191
RU-A1126,img_53cab7963dfdb145,2,0,0.0051914262585341
RU-A1126,img_39d5cad440ad53bc,2,0,0.0122656002640724
RU-A1126,img_056bdeb69b8eb219,2,0,0.0436138994991779
RU-A1126,img_a26eb1715e61d6d7,2,0,0.0342437773942947
RU-A1126,img_f7128edd69c5262b,2,0,0.0038664031308144
RU-A1126,img_69984608b5a511ee,2,0,0.0066991173662245
RU-A1126,img_aeb0d9f5e4463af5,2,0,0.0944302678108215
RU-A1126,img_f0814c91261a030c,2,0,0.0353853106498718
RU-A1126,img_7a8b9e8f09a41c3e,2,0,0.0002648540248628
RU-A1126,img_9666940deb9aa619,2,0,0.0017415612237527
RU-A1126,img_8f58731f05b2d28f,2,0,0.0058482848107814
RU-A1126,img_bb03e6e5f4e38473,2,0,0.0092058451846241
RU-A1127,img_65f135634172bf81,0,0,0.3701069056987762
RU-A1127,img_e11c00a5e4be1445,0,0,0.0366577729582786
RU-A1127,img_bd270699ec7182d8,0,0,0.0006103101186454
RU-A1127,img_e435f67edcf96df7,0,0,0.0002704432990867
RU-A1127,img_a43b0bab4cd1ed22,0,0,0.0009810258634388
RU-A1127,img_fc88faf9ee7ce35a,0,0,0.0015789699973538
RU-A1127,img_26041efc1df315c9,0,0,0.003565160324797
RU-A1127,img_7a642b7a90127e64,0,0,0.0015000167768448
RU-A1127,img_99531d809548016a,0,0,0.005608394742012
RU-A1127,img_af09bc5d6bba7a42,0,0,0.0061300885863602
RU-A1127,img_b6e2d573eaf7b7cd,0,0,0.0884605199098587
RU-A1127,img_f9f954868257ad47,0,0,0.0441103316843509
RU-A1127,img_db6a9fd49d75710d,0,0,0.0088317459449172
RU-A1127,img_83a990ec838630eb,0,0,0.0019044043729081
RU-A1127,img_0ca49a5a34306a63,0,0,0.0135620012879371
RU-A1127,img_258742d4f1fa433c,0,0,0.0052556218579411
RU-A1128,img_f4c5b5b86d18cce6,0,0,0.0010641320841386
RU-A1128,img_204eec53a566d1b7,0,0,0.0014632527017965
RU-A1128,img_701ac62ee9a3469d,0,0,0.0001621719129616
RU-A1128,img_789ac8a72d2f1104,0,0,0.0002450346655678
RU-A1128,img_eec002ba891bdbc6,0,0,0.5989732146263123
RU-A1128,img_8b119e966f9ca72f,0,0,0.5113155245780945
RU-A1128,img_c853576ec6962317,0,0,0.0047411429695785
RU-A1128,img_e716f023a7d8d739,0,0,0.0091595109552145
RU-A1128,img_538d5666e7520d8e,0,0,0.014316719956696
RU-A1128,img_7a5261be4e4997f3,0,0,0.0143798012286424
RU-A1128,img_0f7370c1b633d224,0,0,0.0237209107726812
RU-A1128,img_ac771a3bced2f6b2,0,0,0.0691782385110855
RU-A1129,img_f6039f0947ed5b6b,3,0,0.0061855339445173
RU-A1129,img_e3e37d1eb88750cc,3,0,0.0116301523521542
RU-A1129,img_89e7758c27344884,3,0,0.011536062695086
RU-A1129,img_be95c5b90c88c440,3,0,0.0016303142765536
RU-A1129,img_48e7aa056995efae,3,0,0.0003083254268858
RU-A1129,img_137a5b427d8d4a64,3,0,0.0021274152677506
RU-A1129,img_6dd6e89d47bb86fe,3,0,0.0063820099458098
RU-A1129,img_e4c96351506b7f65,3,0,0.0007171232718974
RU-A1129,img_697570746b7b3079,3,0,0.0023867902345955
RU-A1129,img_7bd0ed37218258ca,3,0,0.0022988324053585
RU-A1129,img_50278f3d469627de,3,0,0.0018930004443973
RU-A1129,img_d9a943c8560821a6,3,0,0.001241453224793
RU-A1129,img_85c9554d7ea88341,3,0,0.0003629372513387
RU-A1129,img_25bf6bfb7549cdbb,3,0,0.0040732542984187
RU-A1129,img_1655afc496e7bcb4,3,0,0.0034623469691723
RU-A1129,img_b2c49f4a3ff85489,3,0,0.002831200370565
RU-A1129,img_17dbaff41152c136,3,0,0.0093940626829862
RU-A1129,img_d293e37da6fcf502,3,0,0.003197316545993
RU-A1130,img_48323da9bd082bec,3,0,0.0071629574522376
RU-A1130,img_2e06ce1cead79d54,3,0,0.0379734821617603
RU-A1130,img_12daf29661aac061,3,0,0.0014558335533365
RU-A1130,img_353bf259c477ee37,3,0,0.0051873107440769
RU-A1130,img_f7fb6cc5bc7d9e73,3,0,0.0085124773904681
RU-A1130,img_aa569dc1ef97c1fb,3,0,0.0015741115203127
RU-A1130,img_f0b2453f76d15da4,3,0,0.010057502426207
RU-A1130,img_507260ca6a53b174,3,0,0.0074629029259085
RU-A1130,img_9b3878bfe27b7895,3,0,0.0008625204791314
RU-A1130,img_1f3a2d6655b84224,3,0,0.0001541212841402
RU-A1130,img_06f79d1195bec41d,3,0,0.0002470054896548
RU-A1130,img_79ef52bffc6ec78f,3,0,0.0205279886722564
RU-A1130,img_04ae63b035263d00,3,0,0.0094751762226223
RU-A1130,img_bb74e7be37127015,3,0,0.0077649028971791
RU-A1130,img_949e23c2f2fd1016,3,0,0.0032070116139948
RU-A1130,img_1d4b352986086f6e,3,0,0.0016520236385986
RU-A1130,img_67e7de3d28cb8496,3,0,0.004988017026335
RU-A1130,img_3d0e575a22dab7e5,3,0,0.003449393203482
RU-A1130,img_f6bf7c99481933fb,3,0,0.0075612789951264
RU-A1130,img_802074d2422790a7,3,0,0.0001091337035177
RU-A1130,img_988057f0440d7c5a,3,0,0.0001802218903321
RU-A1131,img_0b749114d42daca0,3,0,0.2530184984207153
RU-A1131,img_5a88d83db18de295,3,0,0.0313417389988899
RU-A1131,img_c106cde4c966041d,3,0,0.0012041527079418
RU-A1131,img_57defb92f758f758,3,0,0.0073746126145124
RU-A1131,img_c81cafa07f26cb7e,3,0,0.0159610826522111
RU-A1131,img_5c087d1a854b4a31,3,0,0.0003066219796892
RU-A1131,img_f79fbf1df0c8321a,3,0,0.0002805014664772
RU-A1131,img_dd162b079b094840,3,0,0.0080920606851577
RU-A1131,img_893f0d3825b554d5,3,0,0.01524786837399
RU-A1131,img_57327063d7b6d713,3,0,0.0086179254576563
RU-A1131,img_f49e388ae10e67df,3,0,0.0188423544168472
RU-A1131,img_f3b4d6a85cb88d27,3,0,0.1138542592525482
RU-A1131,img_cdadac931b08d3a6,3,0,0.0232095215469598
RU-A1131,img_31d53487459c03e8,3,0,0.0079402849078178
RU-A1131,img_d1a41c081f78e132,3,0,0.0011958103859797
RU-A1131,img_b465ca99fe1f18a9,3,0,0.0033284488599747
RU-A1131,img_1c7146e0f3eede9b,3,0,0.0124068278819322
RU-A1131,img_58c3d1ce15725046,3,0,0.4611061215400696
RU-A1131,img_0c4dd14694c4841c,3,0,0.3040098547935486
RU-A1131,img_fc9b22f519120fb5,3,0,0.010684766806662
RU-A1131,img_f07e722dd1aa4c6c,3,0,0.004891840275377
RU-A1131,img_aceab744e6062350,3,0,0.1187397837638855
RU-A1131,img_b5e57ad9415462a0,3,0,0.0388226956129074
RU-A1131,img_5a09de8c7641ec04,3,0,0.0213936660438776
RU-A1131,img_df5a094a4793e8cf,3,0,0.0120225874707102
RU-A1131,img_a93bc4f399fcddb0,3,0,0.0050263167358934
RU-A1131,img_e1ce17f85c54665c,3,0,0.1846010386943817
RU-A1132,img_15cf412b8a36ef71,4,0,0.0169410500675439
RU-A1132,img_0b7a2191dae0145e,4,0,0.0270720515400171
RU-A1132,img_bd3bef2fda7e9294,4,0,0.523923933506012
RU-A1132,img_c56c490910e5f114,4,0,0.2586772739887237
RU-A1132,img_29fe3d927d718862,4,0,0.0021963948383927
RU-A1132,img_6637779fbed35c03,4,0,0.0011830372968688
RU-A1133,img_4dd30ef220739129,2,0,0.0017192976083606
RU-A1133,img_9fdb3004006fb583,2,0,0.0108398748561739
RU-A1133,img_0f8a84c5585db9e0,2,0,0.0068202260881662
RU-A1133,img_7e599e22da3e9ad2,2,0,0.0016062738141044
RU-A1133,img_16ad54908803d355,2,0,0.0060173720121383
RU-A1133,img_b8b1d03099d3b68e,2,0,0.0058571053668856
RU-A1133,img_1d0da9d20fc15170,2,0,0.0065854964777827
RU-A1133,img_5dbafefa1884bcc9,2,0,0.0150849279016256
RU-A1133,img_1e853a199f94bd0c,2,0,0.0016458764439448
RU-A1133,img_dde17dbd58b9b1d3,2,0,0.002492266241461
RU-A1133,img_e2caff634357bc0e,2,0,0.0181659143418073
RU-A1133,img_03ef30754e533a31,2,0,0.0130195450037717
RU-A1133,img_a77f45575c65a286,2,0,0.0587222576141357
RU-A1133,img_01396c8e70449092,2,0,0.0132699152454733
RU-A1133,img_0eba25a0a12d1eb2,2,0,0.0103802476078271
RU-A1133,img_4798318cde3a1421,2,0,0.0011474872007966
RU-A1133,img_203649cdb542ecee,2,0,0.0040010092779994
RU-A1134,img_ed36ea9af7ad3d98,4,0,0.0013565177796408
RU-A1134,img_376ff3f0d8fe329a,4,0,0.0005963892908766
RU-A1134,img_9e4e935346f1d491,4,0,0.0093615790829062
RU-A1134,img_ff0b2d613e853bc2,4,0,0.0131828933954238
RU-A1135,img_56952127417c94b0,1,0,0.0021749080624431
RU-A1135,img_49f60fe3a815bbb9,1,0,0.0522508285939693
RU-A1135,img_effb746d58a61371,1,0,0.002071299823001
RU-A1135,img_97a67ce819773434,1,0,0.0069244839251041
RU-A1135,img_74533c5080577f94,1,0,0.0045849536545574
RU-A1135,img_a95e9e26848f273f,1,0,0.0041334079578518
RU-A1135,img_8e6f25b814f1bd4f,1,0,0.0046272967010736
RU-A1135,img_0d8b5d72aa37485c,1,0,0.0087993890047073
RU-A1135,img_e2207ad1fa5aaaf2,1,0,0.0392994545400142
RU-A1135,img_5745b0875fce9cd8,1,0,0.0410372056066989
RU-A1135,img_c474af5a94d6c7e7,1,0,0.0116572873666882
RU-A1135,img_8c32590e51086ca3,1,0,0.0850856304168701
RU-A1135,img_c82d8de6b91030fb,1,0,0.000397670577513
RU-A1135,img_c9e464554cddf543,1,0,0.000370274297893
RU-A1135,img_a173b1dde10d4bc3,1,0,0.0049950014799833
RU-A1135,img_017660fbfe2280a5,1,0,0.0031281281262636
RU-A1135,img_065ea38bcd0c7c62,1,0,0.0115736667066812
RU-A1135,img_a9479de5e22db8bd,1,0,0.025731936097145
RU-A1136,img_e5219e7b26eb73b1,0,0,0.4365168511867523
RU-A1136,img_8e6c90ed9efe226e,0,0,0.6224643588066101
RU-A1136,img_db87d54477455f59,0,0,0.8835266828536987
RU-A1136,img_5f0e93cb50037c12,0,0,0.5216622948646545
RU-A1138,img_931d5f624e33e830,4,0,0.0087466118857264
RU-A1138,img_94fdc2acc712d855,4,0,0.0006953118718229
RU-A1138,img_9670dd15697b9414,4,0,0.0002942265418823
RU-A1138,img_52e3fb1a3a09f5fb,4,0,0.0030742574017494
RU-A1139,img_a0a0681c0f504288,3,0,0.0169953424483537
RU-A1139,img_80ff552783e0160d,3,0,0.4067457914352417
RU-A1139,img_3fb25d283203ec69,3,0,0.0052170506678521
RU-A1139,img_c09c2cf650dadbe0,3,0,0.0044334195554256
RU-A1139,img_4f592f8b7198c69f,3,0,0.4084005057811737
RU-A1139,img_0243ed6625d457b6,3,0,0.799672544002533
RU-A1139,img_396bfcc16f61b215,3,0,0.0582723952829837
RU-A1139,img_456c20f1e038272d,3,0,0.0838392749428749
RU-A1139,img_a5eb0bce84817083,3,0,0.1624679267406463
RU-A1139,img_215eac80c8974f54,3,0,0.8305672407150269
RU-A1139,img_35dc2dfe80bae39d,3,0,0.0137522621080279
RU-A1139,img_b961ac4ec3ae188f,3,0,0.2616052329540252
RU-A1139,img_b1f87444687720ea,3,0,0.7965781092643738
RU-A1139,img_dab42944989b11f2,3,0,0.9001773595809937
RU-A1139,img_8d942fb94cd14302,3,0,0.9836803674697876
RU-A1139,img_a8edc153e0a81e64,3,0,0.4621787071228027
RU-A1139,img_a53b36472b667b61,3,0,0.4751203656196594
RU-A1139,img_434603eb41ab48f0,3,0,0.5474691390991211
RU-A1139,img_2f2d73ad430f52d7,3,0,0.8540162444114685
RU-A1139,img_26fb18c28a6e53e6,3,0,0.707187294960022
RU-A1140,img_26c110293f70dad1,4,0,0.0011151513317599
RU-A1140,img_ae5e7eba2b3aa7c8,4,0,0.0007350378436967
RU-A1140,img_00fa53f51edf4895,4,0,0.0079234382137656
RU-A1140,img_f3cbda6c7488e42c,4,0,0.0042568352073431
RU-A1140,img_194d27375a4fa5c6,4,0,0.0008161405567079
RU-A1140,img_a05d92da8b327445,4,0,0.0003061580937355
RU-A1140,img_7413a2de0aa0174b,4,0,0.1954596638679504
RU-A1140,img_34889222a498afd6,4,0,0.0449720472097396
RU-A1141,img_ecdabe6a3e49ccd3,2,0,0.1949786394834518
RU-A1141,img_4fb7b38c4698ebf3,2,0,0.0232028383761644
RU-A1141,img_41475682c2aebfc3,2,0,0.0063330731354653
RU-A1141,img_fbf2ba863bd19b3b,2,0,0.005537228193134
RU-A1141,img_db6786c3dcf16060,2,0,0.0049214549362659
RU-A1141,img_ed6f3e7f8d72d048,2,0,0.021066540852189
RU-A1141,img_03641367c2f44142,2,0,0.0063406098634004
RU-A1141,img_b9237598d9256f2c,2,0,0.0066023464314639
RU-A1141,img_e3ded371448f2b8a,2,0,0.0057972962968051
RU-A1141,img_c3f74ba3c8f13502,2,0,0.0021577943116426
RU-A1141,img_c1e472cb347b9bf7,2,0,0.0024593309499323
RU-A1141,img_268532d45961e5a1,2,0,0.000865998212248
RU-A1142,img_b2ad183e525f10c1,2,0,0.0021302097011357
RU-A1142,img_25c26e43a8315a84,2,0,0.0030658496543765
RU-A1142,img_6ce18d9da5068176,2,0,0.0094251967966556
RU-A1142,img_65057f6d6bc448f5,2,0,0.0002013185148825
RU-A1142,img_bdc73face27cb757,2,0,0.0015833132201805
RU-A1142,img_a73b2795321d87fd,2,0,0.0032076777424663
RU-A1142,img_a4dec0f8826348fa,2,0,0.0041970130987465
RU-A1142,img_70f42d3489e475e8,2,0,9.333379421150312e-05
RU-A1142,img_968b51a1720bbe67,2,0,2.0271671019145288e-05
RU-A1144,img_2321d2c7c61443d5,1,0,0.0359501056373119
RU-A1144,img_f9fbf54dd971d875,1,0,0.0497171394526958
RU-A1144,img_38e99becd6fe2fa6,1,0,0.0021619431208819
RU-A1144,img_ab4fa3020e4749e6,1,0,0.0010225946316495
RU-A1145,img_5506c96096e2993c,2,0,0.0011932320194318
RU-A1145,img_b2927a9e01e64f71,2,0,0.0025811039377003
RU-A1145,img_4a21211935dbf055,2,0,0.0003135892329737
RU-A1145,img_ab6ea08957db0f7f,2,0,0.0018825260922312
RU-A1145,img_691cfcc39614dce0,2,0,0.006004283670336
RU-A1145,img_25dcbd43003f67a8,2,0,0.0020428285934031
RU-A1145,img_0326cf3b6e450cc3,2,0,0.0208692532032728
RU-A1145,img_7b523791a95e3682,2,0,0.4499072134494781
RU-A1145,img_ee6148fa870aea45,2,0,0.110627993941307
RU-A1145,img_b464a60724b572f1,2,0,0.1426808834075927
RU-A1145,img_85d0c89ba7b1deb2,2,0,0.0013438224559649
RU-A1145,img_106c4d1330a25198,2,0,0.0247856955975294
RU-A1145,img_728b520aa9b3df5b,2,0,0.0466084480285644
RU-A1145,img_e5f7b03075ac2b2d,2,0,0.0001469684357289
RU-A1145,img_0f524c91d54a0ee1,2,0,9.651778964325786e-05
RU-A1145,img_8f29a44b434e5073,2,0,0.0034903329797089
RU-A1145,img_6047d9d88baa7ec6,2,0,0.0039571090601384
RU-A1146,img_ced7d37a8dae7e24,0,0,0.0013773520477116
RU-A1146,img_15c81a3a70b32e64,0,0,0.0023138937540352
RU-A1146,img_d36a03a1d0789eba,0,0,0.0049299201928079
RU-A1146,img_18a50179b924dc8c,0,0,0.000925971311517
RU-A1146,img_0fed6dfc88b8b783,0,0,0.0641008466482162
RU-A1146,img_f28324d2ab8439c5,0,0,0.0637482032179832
RU-A1146,img_96bbdcf63f1c1f66,0,0,0.0036670619156211
RU-A1146,img_cb16569d14cc9ca2,0,0,0.0062322951853275
RU-A1146,img_547da02fb9eca47e,0,0,0.0340806096792221
RU-A1146,img_4b0b2dc7686d6899,0,0,0.0494868345558643
RU-A1147,img_69e14d7b393117b7,0,0,0.0016330771613866
RU-A1147,img_f5aca410d64307db,0,0,0.004418455529958
RU-A1147,img_fcdd57bb839a53a4,0,0,0.0176188088953495
RU-A1147,img_3903baa4c4f2c7c7,0,0,0.0079067964106798
RU-A1147,img_402a2adeeaf43be0,0,0,0.0004326347261667
RU-A1147,img_12af5491025ef0ea,0,0,0.0021035128738731
RU-A1147,img_9210309a03851a22,0,0,0.0012541117612272
RU-A1147,img_5ae420538bcec54b,0,0,0.0026614416856318
RU-A1147,img_5e70d2b34946b905,0,0,0.0137226525694131
RU-A1147,img_759efcb3c4356499,0,0,0.0019386301282793
RU-A1147,img_17b76f0a1611d140,0,0,0.0071956641040742
RU-A1147,img_4624055e69a270ac,0,0,0.0123922424390912
RU-A1147,img_ff7accb2b937f7d6,0,0,0.0324558094143867
RU-A1202,img_4c401195a5b2dbc8,1,0,0.0009170862031169
RU-A1202,img_4fbe40f27ae53a8d,1,0,0.0007308910717256
RU-A1202,img_5daedf8cf6d54f2b,1,0,0.0003065915661863
RU-A1202,img_2429b0c9ac82f187,1,0,0.0003967067750636
RU-A1202,img_b968590fd31c6c14,1,0,0.0218211337924003
RU-A1202,img_39d666110e045dd9,1,0,0.0141902845352888
RU-A1202,img_17102de048dbece6,1,0,0.00156292214524
RU-A1202,img_4aed10f09f507bdc,1,0,0.001156004727818
RU-A1202,img_96ada6b1a6c5ed2b,1,0,0.0002712546556722
RU-A1202,img_ef363ec5702bcaa8,1,0,0.0007241946295835
RU-A1202,img_78269f2cf0e2576c,1,0,0.0005141358124092
RU-A1202,img_8a39d825db4a5db3,1,0,0.0003706092538777
RU-A1202,img_70b5f2968fea226a,1,0,0.000799375178758
RU-A1202,img_69057031549b9606,1,0,0.0013056021416559
RU-A1202,img_87243945ec9d81eb,1,0,0.0001622738782316
RU-A1201,img_86b52b9e9958cb91,2,0,0.0003731721080839
RU-A1201,img_ebb5fa79a3a0e738,2,0,3.869432839564979e-05
RU-A1201,img_638a3b81d858d2ac,2,0,0.0013812520774081
RU-A1201,img_0543a375b20dd158,2,0,0.0003075447748415
RU-A1201,img_f4e988516512b4d7,2,0,0.0063116364181041
RU-A1201,img_0b650760c9e26b95,2,0,0.0312256943434476
RU-A1203,img_f9649968c9fff551,4,0,0.0206313747912645
RU-A1203,img_1e75a1f1fc6e260c,4,0,0.0185293331742286
RU-A1203,img_097410aaa009b6dd,4,0,0.0066779926419258
RU-A1203,img_c00a3cbe65ad9b25,4,0,0.004541631322354
RU-A1203,img_13394217e6d79693,4,0,0.0057130637578666
RU-A1203,img_08903abb37754c7a,4,0,0.0475403256714344
RU-A1203,img_1ed1e355291bc918,4,0,0.0149802938103675
RU-A1205,img_cb252e7cb6b252b7,3,0,0.0006101161707192
RU-A1205,img_e74c1037c323ddbf,3,0,0.0004051811411045
RU-A1205,img_e76f306966d729c7,3,0,0.0007538486388511
RU-A1205,img_eedffc1c166d9a7d,3,0,0.0007149426965042
RU-A1205,img_036397361a161372,3,0,0.0288324002176523
RU-A1205,img_b6a2604d53f26de4,3,0,0.0054582417942583
RU-A1206,img_401d451bf4585e41,0,0,0.7476755976676941
RU-A1206,img_881a18cc6320eb00,0,0,0.1041885763406753
RU-A1206,img_4ad5f238a8ee51e3,0,0,0.3547540605068207
RU-A1206,img_8b4b82c0750ab605,0,0,0.979343056678772
RU-A1206,img_324ae7ad040477db,0,0,0.9990490078926086
RU-A1206,img_e90e80bfa5a79964,0,0,0.0199012700468301
RU-A1206,img_003cb469d8a569c5,0,0,0.0036274541635066
RU-A1206,img_1e2961fc027f93b3,0,0,0.0037347865290939
RU-A1207,img_b494786e9af450da,4,0,0.2736981511116028
RU-A1207,img_4d81d7fe9b422e84,4,0,0.2828468680381775
RU-A1207,img_902232c7c0a3d4c2,4,0,0.0376862697303295
RU-A1207,img_0a7e6f9256c72f06,4,0,0.0247010737657547
RU-A1207,img_8a8f29a0889233c3,4,0,0.0203528888523578
RU-A1207,img_f7666f176e7f7388,4,0,0.0169972293078899
RU-A1207,img_77689d2ad2c3e35c,4,0,0.2391032725572586
RU-A1207,img_c6d609029afdddea,4,0,0.2487865537405014
RU-A1207,img_841ada8e475bba36,4,0,0.3701972365379333
RU-A1207,img_af41e73a224b54c6,4,0,0.5117658972740173
RU-A1207,img_4f2380c6f4e1dbd8,4,0,0.0072585567831993
RU-A1207,img_c5f77a55a52377a3,4,0,0.9281989336013794
RU-A1207,img_a7438582f2d0d331,4,0,0.9743743538856506
RU-A1207,img_dd9f802e25fe4573,4,0,0.0548643618822097
RU-A1207,img_a06482114b8a0a58,4,0,0.0309011843055486
RU-A1208,img_17dd2e5560d73f63,4,0,0.1941175162792205
RU-A1208,img_d56111bfa714c12e,4,0,0.0282993428409099
RU-A1208,img_a48902cd0e0c7f5b,4,0,0.0208858754485845
RU-A1208,img_bab8b1dc4cdfd884,4,0,0.0204233899712562
RU-A1208,img_60426c88744ab86a,4,0,0.0037704254500567
RU-A1208,img_4b59fab1264f9432,4,0,0.0003603819350246
RU-A1208,img_9880b1f7d904b33b,4,0,0.002824853407219
RU-A1208,img_cb5b16f1a828f7fe,4,0,0.0421140603721141
RU-A1208,img_ec85dbb0087e3358,4,0,0.0019992874003946
RU-A1208,img_78a8e0d97a7f8ac9,4,0,0.001759335398674
RU-A1208,img_8b6ef4fe53bd38b5,4,0,0.0010163253173232
RU-A1208,img_8278d9a770b28639,4,0,0.0224536061286926
RU-A1208,img_45de160d4d64ac55,4,0,0.0039513171650469
RU-A1208,img_438779e812f8bf6a,4,0,0.0037573692388832
RU-A1208,img_cdb118f39a5b4473,4,0,0.0003147798706777
RU-A1208,img_954bad01cc0ef40b,4,0,0.000362101563951
RU-A1209,img_353fd50f62aca218,2,0,0.0008439335506409
RU-A1209,img_f206a6c21b92305a,2,0,0.0039214706048369
RU-A1209,img_e797af8591a092eb,2,0,0.0093067632988095
RU-A1209,img_609014321771c16c,2,0,0.0160552654415369
RU-A1209,img_cea364c286189852,2,0,0.0112158302217721
RU-A1209,img_c219aea0ff511d86,2,0,0.0175661649554967
RU-A1209,img_dd5c21938494dc52,2,0,0.008613203652203
RU-A1209,img_f64dc240905f9be2,2,0,0.0154397226870059
RU-A1209,img_cb6236fc3b677115,2,0,0.0001091796075343
RU-A1209,img_68a555302192c0fb,2,0,1.3670945008925628e-05
RU-A1210,img_61725d0b1b0e0cb2,3,0,0.0022851976100355
RU-A1210,img_155bd3fc8325c70f,3,0,0.0430947095155715
RU-A1210,img_cf00ee9fe2f5ffeb,3,0,0.0109476540237665
RU-A1210,img_6cd9c4dc9e3109cb,3,0,0.00551049830392
RU-A1210,img_47075dae946ac15d,3,0,0.0133518744260072
RU-A1210,img_0d38d197dd26f0aa,3,0,0.0172316376119852
RU-A1210,img_672d5348093db90f,3,0,0.0010610587196424
RU-A1210,img_037c13fdc57aedd9,3,0,0.001901238458231
RU-A1210,img_94ed3aafef16935c,3,0,0.0038444404490292
RU-A1210,img_8e351f771befb897,3,0,0.0062864450737833
RU-A1211,img_0907b22528827814,1,0,0.0030563573818653
RU-A1211,img_eebacaf09c83427e,1,0,0.0021433634683489
RU-A1211,img_4537beab7cb1193c,1,0,0.0015009390190243
RU-A1211,img_85441c6c4d0fb8c2,1,0,0.0013855180004611
RU-A1211,img_1eacae29803bf21a,1,0,0.0045050121843814
RU-A1211,img_4010ea7515699c33,1,0,0.0050102127715945
RU-A1212,img_37e836309c923c11,0,0,0.0368854403495788
RU-A1212,img_582e7b6003f841ef,0,0,0.0026761766057461
RU-A1212,img_9fdccda4397371f9,0,0,0.0177968684583902
RU-A1212,img_08b78af2be2b0564,0,0,0.0141984373331069
RU-A1212,img_b392e12dabd0e65d,0,0,0.007137244567275
RU-A1212,img_5d1876c815c9ec6d,0,0,0.0055274944752454
RU-A1212,img_e2390075fbdfa4c2,0,0,0.0002295368758495
RU-A1212,img_6ee22e20dbf4cf67,0,0,0.000335659366101
RU-A1212,img_d252e91988a42408,0,0,0.0044287587516009
RU-A1212,img_f4336d900fedae9e,0,0,0.0014379797503352
RU-A1212,img_17b05618a5de66ac,0,0,5.486995723913424e-05
RU-A1212,img_3d0b770bfdad6a39,0,0,5.434224658529274e-05
RU-A1212,img_f0029347f2f4f900,0,0,0.0118105039000511
RU-A1212,img_729f4b312b74b92d,0,0,0.0138292033225297
RU-A1213,img_dbfe70b1bfbd5e40,4,0,0.0006971671828068
RU-A1213,img_89b747d14d60745f,4,0,0.0025853244587779
RU-A1213,img_1bdcc8a87c984e0a,4,0,0.0060975295491516
RU-A1213,img_895bf7487250ad15,4,0,0.0096848849207162
RU-A1213,img_b3b9484f99521e97,4,0,0.0005173032404854
RU-A1213,img_f90fccbd65c09948,4,0,0.0106401639059185
RU-A1213,img_572ff5251336d120,4,0,0.0032858955673873
RU-A1213,img_3a9a6ca234198d21,4,0,0.0018134706187993
RU-A1213,img_91a772c91a94b51c,4,0,0.0018255995819345
RU-A1213,img_d95b3eec1467f2a7,4,0,0.0001844664366217
RU-A1213,img_67ad1072713dc361,4,0,0.0105907432734966
RU-A1213,img_7b056d25cb09eed9,4,0,0.0855244174599647
RU-A1213,img_a372e4f3d7450f90,4,0,0.0003769796167034
RU-A1213,img_c7491e64ea123a3f,4,0,0.007892632856965
RU-A1213,img_055002a97baf65c6,4,0,0.0489193126559257
RU-A1213,img_eb3f920ac78c6b41,4,0,0.0018483555177226
RU-A1213,img_29ecbd554218393b,4,0,0.0046686730347573
RU-A1213,img_bf3f1776019b50f8,4,0,0.0881160646677017
RU-A1213,img_34d7a86850d1da2b,4,0,0.2203723043203354
RU-A1214,img_82f48037ecfde536,3,0,0.0227810442447662
RU-A1214,img_0175ba697801006d,3,0,0.0106054646894335
RU-A1214,img_101e864ca47066ed,3,0,0.0011980438139289
RU-A1214,img_a47e743276634fc6,3,0,0.0049006221815943
RU-A1214,img_4afffebb4c4f09c5,3,0,0.038330640643835
RU-A1214,img_dfd5d89080f6115a,3,0,0.0212346520274877
RU-A1214,img_f3a2fb94bb548845,3,0,0.0045683570206165
RU-A1214,img_1ec0a35041f8c55d,3,0,0.0356287881731987
RU-A1214,img_8a4ec502a0d4f888,3,0,0.0011264729546383
RU-A1214,img_3e4e7b16862d6fbd,3,0,0.0044847042299807
RU-A1214,img_697402d7672f79d7,3,0,0.0010735873365774
RU-A1214,img_532bb62f4d8e54a4,3,0,0.0009058137075044
RU-A1214,img_104e3505d2f90687,3,0,0.0004954561009071
RU-A1214,img_6e25eab3586fb211,3,0,0.0003274631162639
RU-A1214,img_fdb706a39535a531,3,0,0.0081491069868206
RU-A1214,img_9d9a3b84108d849e,3,0,0.0033051760401576
RU-A1214,img_9109357d61a20553,3,0,0.0006293391343206
RU-A1214,img_5045633daab523be,3,0,0.0017636567354202
RU-A1215,img_3c3af50601f6355b,4,0,0.0357114560902118
RU-A1215,img_c436f697141deeab,4,0,0.0031462211627513
RU-A1215,img_65f06901ee257285,4,0,0.0012851327192038
RU-A1215,img_567929a533ed4918,4,0,0.0076999887824058
RU-A1215,img_e7a1c15fdeacdbcf,4,0,0.0183109231293201
RU-A1215,img_a764adb0e1f302db,4,0,0.0153600601479411
RU-A1215,img_215b156f5f8ec6ac,4,0,0.006741264835
RU-A1215,img_c7263a916b585c89,4,0,0.0059360465966165
RU-A1215,img_7dab665bae3adbc5,4,0,0.0066342260688543
RU-A1215,img_aa066bce5dfae31d,4,0,0.0004977409844286
RU-A1215,img_e44a1785e73fc759,4,0,0.0007455747690983
RU-A1215,img_f560b3a13f719595,4,0,0.0001754207623889
RU-A1215,img_949619fb3f54957a,4,0,0.000191149112652
RU-A1216,img_85aae14b16814baf,1,0,0.0036289985291659
RU-A1216,img_128ebddc631fe0fd,1,0,0.002256492851302
RU-A1216,img_fb28765f779c2851,1,0,0.3629921376705169
RU-A1216,img_a46e8e754cb91c31,1,0,0.1718996614217758
RU-A1216,img_29de4260da3855b7,1,0,0.0030049399938434
RU-A1216,img_89a825217bfa20e8,1,0,0.0019745745230466
RU-A1216,img_34a531c66098ed9d,1,0,0.0242332462221384
RU-A1216,img_cd6d076ca651c25e,1,0,0.0185758452862501
RU-A1216,img_7bb72be2ec6e13dd,1,0,0.020768579095602
RU-A1216,img_c3123396d113dc30,1,0,0.0174845214933156
RU-A1217,img_b75808893f16eaa2,4,0,0.0041785454377532
RU-A1217,img_4193e2d2ee44194a,4,0,0.0067419609986245
RU-A1217,img_7a8100e30ffcbc5a,4,0,0.0071704760193824
RU-A1217,img_7f382726a58f713c,4,0,0.001697601750493
RU-A1217,img_1753a9b5b94b3036,4,0,0.0007805403438396
RU-A1217,img_ddbe21634b2d1f6a,4,0,0.0008193278918042
RU-A1217,img_b09e1bd129e98a76,4,0,0.0049458043649792
RU-A1217,img_916f518e1fda63bc,4,0,0.036767978221178
RU-A1217,img_d58493146e90799f,4,0,0.000209354024264
RU-A1217,img_c4f8d97b32f76345,4,0,0.0005544896703213
RU-A1217,img_5be731c064a94a7a,4,0,0.0214620120823383
RU-A1217,img_b605f07c257a0bd7,4,0,0.0116816842928528
RU-A1218,img_703e38a785c38433,0,0,0.0597257502377033
RU-A1218,img_be5e63e89a31df45,0,0,0.0183600429445505
RU-A1218,img_5abd89008539f5f5,0,0,0.0196115113794803
RU-A1218,img_5034fb6ac4c953fb,0,0,0.0683120861649513
RU-A1218,img_04b2eb6dbb51c52b,0,0,0.0007062469376251
RU-A1218,img_2ad8b3b308f31cbc,0,0,0.0008938755490817
RU-A1218,img_a0a1ba70508d3e19,0,0,0.0076941428706049
RU-A1218,img_62ede3e11a0b1c48,0,0,0.0063101649284362
RU-A1219,img_4f14f1da66b198fe,0,0,0.0071252863854169
RU-A1219,img_3dbcdae8f5b3b161,0,0,0.0180480629205703
RU-A1219,img_10f8ba30a1bcb49a,0,0,0.0006683212704956
RU-A1219,img_7230d5864a187cda,0,0,0.0078493952751159
RU-A1219,img_36f36b4b5276b559,0,0,0.0139626329764723
RU-A1219,img_ce2a8bf52477e0c0,0,0,0.0061097107827663
RU-A1219,img_4637e9dabc842144,0,0,0.018148748204112
RU-A1219,img_c7622927bf489b22,0,0,0.005865532439202
RU-A1219,img_64d250cf33bb9a68,0,0,0.1289810538291931
RU-A1219,img_c5904826d462940e,0,0,0.0017510225297883
RU-A1220,img_4368837fbcb7ea84,2,0,0.0245992597192525
RU-A1220,img_21ca0d666aaa0c4f,2,0,0.9189429879188538
RU-A1220,img_fa90efdb3f2a3aad,2,0,0.0065197991207242
RU-A1220,img_65fc83f4e483bbf6,2,0,0.0170692503452301
RU-A1220,img_0fae07cda02fea3a,2,0,0.0054936152882874
RU-A1220,img_be2b140f75d6caa0,2,0,0.0025560823269188
RU-A1220,img_099b76ea38acab3e,2,0,0.2310083508491516
RU-A1220,img_2f1dec00f1a0a3dd,2,0,0.0589267015457153
RU-A1220,img_4abbb21182f3c417,2,0,0.0115833319723606
RU-A1220,img_a0bb44e4f5cd7750,2,0,0.0006467864150181
RU-A1220,img_d4633f9b2697f097,2,0,0.0117225376889109
RU-A1241,img_045781793b1ff9df,2,0,0.0322291664779186
RU-A1241,img_850861b01c3c6a2e,2,0,0.032389398664236
RU-A1241,img_89ae72efc991889c,2,0,0.0004140028031542
RU-A1241,img_a9e07b15b56078ac,2,0,0.000339546095347
RU-A1241,img_74672b8acd9757ef,2,0,0.0018843099242076
RU-A1241,img_c81a6169c0ac3b94,2,0,0.0012950386153534
RU-A1241,img_78e533712cc7794f,2,0,0.0007002880447544
RU-A1241,img_395fe9475d2fac3a,2,0,0.0002866424329113
RU-A1241,img_ea315baacbeb672d,2,0,0.0306346397846937
RU-A1241,img_b92681cd2f99fd75,2,0,0.045812401920557
RU-A1242,img_5fead66f3dcb2616,1,0,0.0021099101286381
RU-A1242,img_0d6b82fd51ad5e66,1,0,0.0012783012352883
RU-A1242,img_0f3251073499f501,1,0,0.0130357192829251
RU-A1242,img_298a4b07b78d3d73,1,0,0.012232294306159
RU-A1242,img_e75d2c7679125fca,1,0,0.000886327761691
RU-A1242,img_35fe4e00351e04be,1,0,7.691163045819849e-05
RU-A1242,img_79306880cd26e397,1,0,0.0566473975777626
RU-A1242,img_d57e276f1cf19d74,1,0,0.1753435283899307
RU-A1242,img_10053acd2829f178,1,0,0.0023040943779051
RU-A1242,img_0e2846309978704b,1,0,0.0023289073724299
RU-A1243,img_d707538bf936b39a,1,0,0.0005664729978889
RU-A1243,img_2d54536024e49d79,1,0,0.0005507110035978
RU-A1243,img_f717e18aad2b42bb,1,0,0.0040247975848615
RU-A1243,img_c485d31309c463df,1,0,0.0004048568080179
RU-A1243,img_19b0f01e63c079f5,1,0,0.0492204129695892
RU-A1243,img_5a18c6bcc2c5a67b,1,0,0.0018709056312218
RU-A1243,img_39d50d99158ed5d0,1,0,0.0005945931770838
RU-A1243,img_e7531a9634fea0d4,1,0,0.0005191098316572
RU-A1243,img_71c2e2eba682cbe6,1,0,0.0005700667388737
RU-A1243,img_6896921d5f4794d3,1,0,0.0015361094847321
RU-A1243,img_c10e7c2043ca610c,1,0,0.009841195307672
RU-A1243,img_fa2008829bdbfb32,1,0,0.0053539760410785
RU-A1244,img_514c946bba777e0f,3,0,0.0070302984677255
RU-A1244,img_cd79f7804d4f6da3,3,0,0.0007297619013115
RU-A1244,img_b8c5214ed22a3b5f,3,0,0.008598905056715
RU-A1244,img_9b4c479e80f1c8a1,3,0,0.0022920409683138
RU-A1244,img_e0276b94ea3c68f6,3,0,0.0037011671811342
RU-A1244,img_53f6ef1ae48a7a02,3,0,0.0009186635143123
RU-A1244,img_389dd09d4f18d066,3,0,0.0038337793666869
RU-A1244,img_cfca37188d6a167b,3,0,0.0071826758794486
RU-A1244,img_6a0ed9fa8c3abb2f,3,0,0.0107309641316533
RU-A1244,img_4f97e8e11996e1fb,3,0,0.0022717716637998
RU-A1249,img_ae5f0c08e5dc41e8,3,0,0.0031950161792337
RU-A1249,img_0ce8d47d8e85d53d,3,0,0.0250920411199331
RU-A1249,img_98a0c29f954e8b7e,3,0,0.0209705922752618
RU-A1249,img_5acff58f31d5dcfe,3,0,0.0129698663949966
RU-A1249,img_09d221ba6f95febb,3,0,0.0099424282088875
RU-A1249,img_e269f52617f53200,3,0,0.008939423598349
RU-A1249,img_bb2ddc86c404dd09,3,0,0.0016499508637934
RU-A1249,img_c699b29b95de37e6,3,0,0.0037728832103312
RU-A1249,img_7aedecf9b58c3d08,3,0,0.0073924460448324
RU-A1249,img_832d322243392162,3,0,0.0009506452479399
RU-A1249,img_d6e27f78ee193563,3,0,0.0006074256380088
RU-A1249,img_e61f116dd51681ff,3,0,0.0002323750813957
RU-A1249,img_9546aaf89a0455f5,3,0,0.0010463133221492
RU-A1249,img_185155d4df457469,3,0,0.0017213800456374
RU-A1249,img_1cb5f6d53e3a8b33,3,0,0.0119456211104989
RU-A1249,img_0ae7cbfee133f83c,3,0,0.0048605576157569
RU-A1249,img_642fe0e7d165c178,3,0,0.000678839336615
RU-A1249,img_5835b83d14de1597,3,0,0.0004191460902802
RU-A1249,img_2766115f84e48f1e,3,0,0.002049422590062
RU-A1249,img_90ee8364aadaabf4,3,0,0.000705374230165
RU-A1261,img_4d532ff4a30f1b1d,4,0,0.0025491036940366
RU-A1261,img_96ef82d877b175d8,4,0,0.0044985031709074
RU-A1261,img_4dec0a11cf25c46c,4,0,0.0011615297989919
RU-A1261,img_2ac460087ac4d9a6,4,0,0.0090322224423289
RU-A1261,img_c756caac4f3f21ad,4,0,0.8778042197227478
RU-A1261,img_e02397584c77be93,4,0,0.541949987411499
RU-A1261,img_c778bc81bd1af9b3,4,0,0.0016276169335469
RU-A1261,img_ab4bedc9280053c5,4,0,0.0037516474258154
RU-A1261,img_e55076c363183d2d,4,0,0.0471759252250194
RU-A1261,img_33298886c3950740,4,0,0.0035873758606612
RU-A1262,img_87611470e1900181,4,0,0.0026498236693441
RU-A1262,img_580b0a4b6ecd33c3,4,0,0.0187682155519723
RU-A1262,img_83158ddb0e5a8241,4,0,0.0465640127658844
RU-A1262,img_b13c78326ba9486a,4,0,0.0129556199535727
RU-A1262,img_b01d3ae282fb58da,4,0,0.0007612162735313
RU-A1262,img_eefbb63f4ea925d9,4,0,0.004331552889198
RU-A1262,img_5bc9cb2d7c85da9e,4,0,0.0036287573166191
RU-A1262,img_f8a8e9e8ab9711c2,4,0,0.0322718769311904
RU-A1262,img_e2b725f1f16796ab,4,0,0.0191610474139451
RU-A1262,img_17e93d9f2120e04a,4,0,0.017835384234786
RU-A1262,img_b36f5834828ae80c,4,0,0.1713197380304336
RU-A1262,img_6305539ae25abf5c,4,0,0.1500749289989471
RU-A1262,img_2fa1d672b01936f4,4,0,6.905515328980982e-05
RU-A1262,img_fa35e17d957c24e3,4,0,5.038737072027288e-05
RU-A1262,img_1a7d93c2acd38238,4,0,0.0028875949792563
RU-A1262,img_fcd0e99a98bc1b86,4,0,0.0010367624927312
RU-A1263,img_435bb1b920c2b3c0,3,0,0.0029480720404535
RU-A1263,img_13e36824ed3fcf2c,3,0,0.004913511686027
RU-A1263,img_e4d495b6697ca6fa,3,0,0.0095048518851399
RU-A1263,img_71c88b60bb59150f,3,0,0.009647318162024
RU-A1263,img_e4df8feeaf93931f,3,0,0.0005763773224316
RU-A1263,img_41e79dad42b7e531,3,0,0.0016495583113282
RU-A1263,img_16af28f7a73035be,3,0,0.0033347520511597
RU-A1263,img_0bc8b7231762d070,3,0,0.032028317451477
RU-A1263,img_c04c71e187796257,3,0,0.0068494603037834
RU-A1263,img_ad7b9a822f641942,3,0,0.003793956246227
RU-A1263,img_5c6646c5c0b2b525,3,0,0.0098480647429823
RU-A1263,img_d52396c560754652,3,0,0.0059188911691308
RU-A1263,img_78967ec170a7f20f,3,0,0.0182958617806434
RU-A1264,img_d41ecf141f9ed473,4,0,0.0150872031226754
RU-A1264,img_56544d9c2f53bb5c,4,0,0.0077231945469975
RU-A1264,img_68dece8e8c6a7cb5,4,0,0.2826190292835235
RU-A1264,img_e5784c2141da2d79,4,0,0.2460048645734787
RU-A1264,img_96ddf5750e709015,4,0,0.0099270017817616
RU-A1264,img_52debfdeecf508e0,4,0,0.0416218340396881
RU-A1264,img_77cc81c2e14c309d,4,0,0.0536916255950927
RU-A1264,img_bc4d5536c9b5ebd2,4,0,0.0979552045464515
RU-A1264,img_fb2037b8046d8d03,4,0,0.1110453978180885
RU-A1264,img_2f53c4dfe2449443,4,0,0.0018631544662639
RU-A1264,img_7b63913e9c2065ef,4,0,0.0013073362642899
RU-A1264,img_f748c0c4cda8f9f0,4,0,0.5113903284072876
RU-A1264,img_afedbe66ee8795f9,4,0,0.3291256129741668
RU-A1264,img_09570056f18a001a,4,0,0.0043707881122827
RU-A1264,img_2079564b2c395391,4,0,0.037035159766674
RU-A1265,img_10f15d007c102249,0,0,0.0312338508665561
RU-A1265,img_5d1912d36452ad5b,0,0,0.0164769347757101
RU-A1265,img_43cb32be54330ffa,0,0,0.0025635831989347
RU-A1265,img_7da36c28b8c49106,0,0,0.0070098498836159
RU-A1265,img_712828c6f477cdaa,0,0,0.0102655533701181
RU-A1265,img_f11494e41a6f2a1a,0,0,0.0017739089671522
RU-A1265,img_05f2559b11f26c43,0,0,0.0005955577362328
RU-A1265,img_554666e285f7bcab,0,0,0.0001355864224024
RU-A1265,img_f797c8bee425afe5,0,0,0.000103950704215
RU-A1265,img_9f39165321d89620,0,0,0.0008822123636491
RU-A1265,img_2ec793bdb8390354,0,0,0.0004558754444587
RU-A1266,img_3b199f5479f5e708,1,0,0.0875754505395889
RU-A1266,img_f3c0b7ba0ef3e96c,1,0,0.0350652895867824
RU-A1266,img_c21a88b247fc1f3d,1,0,0.0093495938926935
RU-A1266,img_57f7445f0cf6650d,1,0,0.0076771154999732
RU-A1266,img_c052758e10d08ea2,1,0,0.000554077734705
RU-A1266,img_69799231ecd36e9e,1,0,0.0007017154130153
RU-A1266,img_574b24d0c55da5c0,1,0,0.0275972932577133
RU-A1266,img_b9ab14e677e3c89f,1,0,0.0143548911437392
RU-A1266,img_ac42bb0a66c32570,1,0,0.0017716474831104
RU-A1266,img_bf44ab2193b82226,1,0,0.000731909123715
RU-A1267,img_c07902678e21aed4,2,0,0.0022431942634284
RU-A1267,img_96d2d704da38617e,2,0,0.0011496765073388
RU-A1267,img_386f3d1e924505aa,2,0,0.0005847479333169
RU-A1267,img_7e5da01a35961959,2,0,0.0006423508166335
RU-A1267,img_9bf96e69112986c0,2,0,0.0138044878840446
RU-A1267,img_c951dc1406810728,2,0,0.0115831196308135
RU-A1267,img_3147f3df2fa54267,2,0,0.0128783714026212
RU-A1267,img_6ed5e70f2691a2bf,2,0,0.0090782605111598
RU-A1281,img_5681b621569404b7,3,0,0.2675573825836181
RU-A1281,img_4d5280a2796e5bce,3,0,0.0207696426659822
RU-A1281,img_7c2be3071cf09aa1,3,0,0.0014337328029796
RU-A1281,img_441d70d398400073,3,0,0.0013985608238726
RU-A1282,img_126a321f1ae72efb,2,0,0.0014344311784952
RU-A1282,img_60947e291a8b9bea,2,0,0.0062717851251363
RU-A1282,img_19fceb70db2d795b,2,0,0.0007002130732871
RU-A1282,img_1e157f7f42fc7104,2,0,0.0005283317877911
RU-A1282,img_e33f58c7b5560dd1,2,0,0.0222225245088338
RU-A1282,img_0ae1126300fbef17,2,0,0.0053231329657137
RU-A1283,img_90931af35314ff57,4,0,0.0049146683886647
RU-A1283,img_1b1046ec19054957,4,0,0.0028124521486461
RU-A1283,img_f1d586723e634ff2,4,0,0.002286558272317
RU-A1283,img_4c70a13a011f3fed,4,0,0.0025918837636709
RU-A1283,img_1cb01ac428a049a0,4,0,0.0144012523815035
RU-A1283,img_e411ad72db1e8a5e,4,0,0.0098855756223201
RU-A1283,img_038276bc6d2092c1,4,0,0.0053651044145226
RU-A1283,img_e0046de3c4126082,4,0,0.0017181996954604
RU-A1284,img_6d7e86413ed22da8,1,0,0.0004726750485133
RU-A1284,img_d4c14ba96b63b6a7,1,0,0.0016151051968336
RU-A1284,img_de54de68ae83291b,1,0,0.0492333434522151
RU-A1284,img_295fe1dbcba92133,1,0,0.0645192414522171
RU-A1284,img_48cbf31138f223f7,1,0,0.0020223215688019
RU-A1284,img_296ce221b4ba9796,1,0,0.0041303946636617
RU-A1254,img_6db0451b2a52b97b,3,0,0.0003222069062758
RU-A1254,img_0029c917365e1fc2,3,0,0.0004905827809125
RU-A1254,img_786d30eaded81206,3,0,0.0096553182229399
RU-A1254,img_b0df02bfeab88770,3,0,0.0155281266197562
RU-A1254,img_f5d2f09f5742ac00,3,0,0.0012370409676805
RU-A1254,img_daa0c0d92c2bc038,3,0,0.0025175281334668
RU-A1254,img_f07d484a84acbf9f,3,0,0.0010445268126204
RU-A1254,img_841af76668982227,3,0,0.0012884554453194
RU-A1254,img_31777401523307d2,3,0,0.0031159159261733
RU-A1255,img_7adff320b0f7ce16,1,0,0.8090176582336426
RU-A1255,img_7d8e19e08b079aa4,1,0,0.1519563198089599
RU-A1255,img_fa8c2bc92c8094a7,1,0,0.0115855215117335
RU-A1255,img_3a736480ba50d7a9,1,0,0.0060878940857946
RU-A1255,img_bf3a707d3399e367,1,0,0.0004006450471933
RU-A1255,img_41793197ca0c0dbc,1,0,0.0005712225101888
RU-A1255,img_3b08414ccac54a6d,1,0,0.0364595241844654
RU-A1255,img_fbeee2a1f129308b,1,0,0.0082176551222801
RU-A1255,img_b7b89aa8804fbde0,1,0,0.0037740375846624
RU-A1255,img_422923663fdc9ba0,1,0,0.0059901908971369
RU-A1255,img_b80679293c2b4a95,1,0,0.0016221944242715
RU-A1255,img_cfc991d3f5b27c44,1,0,0.0020005323458462
RU-A1255,img_9331c4ea8c2f020a,1,0,0.0012305749114602
RU-A1255,img_7cf89598384c241c,1,0,0.0019808334764093
RU-A1255,img_ea55bab1c168f1d1,1,0,0.0008408135618083
RU-A1255,img_7a2ea4b0d78b7c04,1,0,0.0004683398292399
RU-A1255,img_9e770a55aa40fa56,1,0,0.0007207895396277
RU-A1255,img_94490129aba162b6,1,0,0.0076493108645081
RU-A1304,img_89b5d7ebd63ad99d,0,0,0.1013041883707046
RU-A1307,img_c9e2ff1e6ddc255a,4,0,0.0159538444131612
RU-A1310,img_fafa1fc6e321f0b6,4,0,0.0010556346969678
RU-A1310,img_fdc30b40f09ead96,4,0,0.0010861967457458
RU-A1311,img_08ed0b3a342f522e,2,0,0.2404030859470367
RU-A1311,img_06645a73674c2248,2,0,0.0725084245204925
RU-A1311,img_8cc4828d0705a470,2,0,0.0008750969427637
RU-A1257,img_bd693bd3cc9443db,0,0,0.5921567678451538
RU-A1257,img_a2faf2485e4df2fe,0,0,0.7648683786392212
RU-A1257,img_722bb9beea1351af,0,0,0.4545705020427704
RU-A1257,img_6cdb547b4ae1b3e0,0,0,0.0458067506551742
RU-A1257,img_2c1847999f9b6bee,0,0,0.1103514805436134
RU-A1258,img_1bce2d1bb80d1b15,0,0,0.0002171953965444
RU-A1258,img_a98c7c182dddd7a9,0,0,0.0082498034462332
RU-A1258,img_bc9bebcaabc4b4e6,0,0,0.0005837862263433
RU-A1258,img_3f96a5cf5d582b40,0,0,0.0025534152518957
RU-A1258,img_68ba5dcc591d5496,0,0,0.0026850681751966
RU-A1259,img_c29a6904d92cb9a5,3,0,0.0009422980365343
RU-A1259,img_aceb4ef362e1e91e,3,0,0.0025650637689977
RU-A1259,img_32af93b61b70edae,3,0,0.0001368964440189
RU-A1260,img_176bf43c2512ed7c,0,0,0.0017248290823772
RU-A1260,img_e127946ef82622dc,0,0,0.0027697731275111
RU-A1308,img_707ca0f7e1460fe8,3,1,0.952283263206482
RU-A1308,img_c97f1a53557be386,3,1,0.1178222298622131
RU-A1308,img_5a69b6734a3cf0e4,3,1,0.0581148564815521
RU-A1308,img_dfe56c7986621eba,3,1,0.0438072457909584
RU-A1029,img_a59270bf978b4f28,4,0,0.1256617158651352
RU-A1029,img_cbaaeffb0a2fa9c7,4,0,0.0106296120211482
RU-A1029,img_45de95c58e53f6f5,4,0,0.0338632650673389
RU-A1029,img_10b0ff6b9e59c24a,4,0,0.0657883211970329
RU-A1029,img_8ea37478a27704d5,4,0,0.0027409989852458
RU-A1029,img_cf5331c430e351ff,4,0,0.0003140694461762
RU-A1029,img_a0f722bcc9b5d181,4,0,0.0305484030395746
RU-A1029,img_2aa980575247473f,4,0,0.0706587731838226
RU-A1029,img_1d2b77e3c5c741e4,4,0,0.5794885754585266
RU-A1029,img_7c8e644ddb74c6af,4,0,0.4467309713363647
RU-A1035,img_07662a200c884763,4,0,0.1565334796905517
RU-A1035,img_a5d7e95b2220ae15,4,0,0.0398625470697879
RU-A1035,img_9c87a786a6c51385,4,0,0.7652257084846497
RU-A1035,img_e3518cf42e7f0377,4,0,0.3850991725921631
RU-A1035,img_0ca8739ce1681737,4,0,0.5237103700637817
RU-A1035,img_73b4a5124acd24f7,4,0,0.9403024911880492
RU-A1035,img_81426fbd071686d1,4,0,0.0018493075622245
RU-A1035,img_dfb1298d64e2f6c3,4,0,0.0014869549777358
RU-A1035,img_6882e27a3cc0492d,4,0,0.0015292763710021
RU-A1062,img_56c8933d14c2ea88,2,1,0.0198443215340375
RU-A1062,img_b92abb75c6f29c84,2,1,0.1352477818727493
RU-A1062,img_8b77de6538d7c268,2,1,0.0841252505779266
RU-A1062,img_f89bd7b5f65a748b,2,1,0.0212209727615118
RU-A1062,img_86b8cddbc2f05869,2,1,0.0078336726874113
RU-A1062,img_98737b16c9d5ae41,2,1,0.1817639470100402
RU-A1062,img_ce72f599bbe253a2,2,1,0.2096964716911316
RU-A1049,img_5702d003d4551f52,1,0,0.0030403558630496
RU-A1049,img_24b95ce87133ca94,1,0,0.0040531414560973
RU-A1049,img_5bbb94cda3ca2b60,1,0,0.0274551399052143
RU-A1049,img_4410d7d69d258e02,1,0,0.0287269707769155
RU-A1049,img_86c4da80b53ebc7f,1,0,0.001686607603915
RU-A1049,img_81ab961e34428f1b,1,0,0.023382268846035
RU-A1049,img_2c0b605a10609045,1,0,0.0440565645694732
RU-A1049,img_5bc663c3ba394ed5,1,0,0.1230554655194282
RU-A1070,img_99219f40d4982bdc,4,0,0.4827457070350647
RU-A1070,img_8ed52e1fbbe8fbad,4,0,0.4916626513004303
RU-A1070,img_cfe0392c18f20b4c,4,0,0.0001359870366286
RU-A1070,img_4de0b9a8fb2341af,4,0,9.059187868842856e-05
RU-A1070,img_cc8d82d435fcb38f,4,0,0.0258326902985572
RU-A1070,img_41cf13ddbab33b30,4,0,0.0041457116603851
RU-A1070,img_a98e0b9201591757,4,0,0.0231140758842229
RU-A1070,img_7a4202d66734711a,4,0,0.0043280934914946
RU-A1070,img_8e00b4d3b907f9a1,4,0,0.0012306229909881
RU-A1070,img_3910e107371c5c1d,4,0,0.1388361454010009
RU-A1070,img_36d570b715abe2cf,4,0,0.0147994020953774
RU-A1070,img_2b82e2954907adb7,4,0,0.966254711151123
RU-A1070,img_029b8155d2996a2d,4,0,0.8637551069259644
RU-A1014,img_b7fd217f492669be,0,0,0.0063649481162428
RU-A1014,img_243a28a22bcad735,0,0,0.0212986785918474
RU-A1014,img_4205c8a17dc083d0,0,0,0.050101701170206
RU-A1014,img_08a093b0b6bfacd1,0,0,0.0141542013734579
RU-A1014,img_e0ed042ba9dfe5bc,0,0,0.0359408259391784
RU-A1014,img_ee28412dd20e7433,0,0,0.0494797118008136
RU-A1014,img_378230eb1e4644ea,0,0,0.0518861971795558
RU-A1014,img_2972d18fd4a5a639,0,0,0.0207920614629983
RU-A1030,img_e318729967b0d6e4,1,0,0.0034842849709093
RU-A1030,img_fc6f932492bcca37,1,0,0.019584771245718
RU-A1030,img_752c6a597b974eef,1,0,0.0006226011901162
RU-A1030,img_a20cb02f1f418dc8,1,0,0.0032193609513342
RU-A1030,img_168adee19bd456d7,1,0,0.5805213451385498
RU-A1030,img_af631739e2896920,1,0,0.7988285422325134
RU-A1176,img_6feb2fbcb8104e80,4,0,0.0078128417953848
RU-A1176,img_6ca1fce1c76a3194,4,0,0.042662750929594
RU-A1176,img_73c8102a513b3074,4,0,0.2194650173187255
RU-A1176,img_9b8145e65c59b2f1,4,0,0.035950880497694
RU-A1176,img_519bcd4d0ffd8b3d,4,0,0.0027471529319882
RU-A1176,img_e8cfd5871f08c6c1,4,0,0.0072349137626588
RU-A1176,img_add9a7b87125e384,4,0,0.2973425686359405
RU-A1176,img_7b4674150ac80688,4,0,0.2902773916721344
RU-A1176,img_f1a60a1610a2f766,4,0,0.0069001307711005
RU-A1176,img_526ea7765367a007,4,0,0.0039761010557413
RU-A1176,img_c7f30ee45bf9c21f,4,0,0.0008285408257506
RU-A1176,img_03589d634b519e82,4,0,0.0007754803518764
RU-A1176,img_021540ca1a125521,4,0,0.1855684369802475
RU-A1101,img_dcea5796d4290790,4,0,0.0302568506449461
RU-A1101,img_e9396331d6b48870,4,0,0.0182321462780237
RU-A1101,img_761c3e9062915145,4,0,0.0127433743327856
RU-A1101,img_04937464a87c0687,4,0,0.0175621658563613
RU-A1101,img_e21b7fb579ccece7,4,0,0.0007832435658201
RU-A1101,img_cd21a0df0015f837,4,0,0.0033894865773618
RU-A1101,img_9491b6ea1be38add,4,0,0.0145231187343597
RU-A1101,img_7ed12e06505cca3b,4,0,0.0222254116088151
RU-A1103,img_616b7ce83bc021f5,0,0,0.0011393607128411
RU-A1103,img_4155e5631e07914d,0,0,0.0018468112684786
RU-A1103,img_e6f009da5b786caa,0,0,0.0004994457121938
RU-A1103,img_590b98f04e1293b3,0,0,0.0010616487124934
RU-A1103,img_c356e04f4ee01b06,0,0,0.0623063370585441
RU-A1103,img_1c10ca4559bdbaec,0,0,0.0084847658872604
RU-A1106,img_555aea34eb4c352b,3,1,0.3542254865169525
RU-A1106,img_d48348adfae4ecfb,3,1,0.1637704074382782
RU-A1106,img_51dc5a7babb6cd31,3,1,0.0014040971873328
RU-A1106,img_f59084c5355f3e52,3,1,0.0001972363388631
RU-A1106,img_690ee7c4bed45e4d,3,1,0.0001513254828751
RU-A1106,img_431e3fdf60d452e3,3,1,0.0001983350375667
RU-A1105,img_f3b256fb0918c217,4,0,0.5079092383384705
RU-A1105,img_29dd4b22b824ef5f,4,0,0.9979865550994872
RU-A1105,img_e5113528e35b8fbf,4,0,0.9803189635276794
RU-A1105,img_c70220afb9c96237,4,0,0.0008065768633969
RU-A1105,img_5b9e55ccd91af295,4,0,0.0041694953106343
RU-A1109,img_ef7705c3ec6ee72c,1,0,0.0886826887726783
RU-A1109,img_06dffd3d599422da,1,0,0.0493877492845058
RU-A1110,img_8d699c8bfe2c57aa,3,0,0.0064942929893732
RU-A1110,img_770fde7011cce9e0,3,0,0.0086683370172977
RU-A1110,img_aea9f0a7a37f2de9,3,0,0.000112068009912
RU-A1110,img_4e532e607af516b4,3,0,0.0002843576367013
RU-A1110,img_1ce0cce7e53305a4,3,0,0.004629660397768
RU-A1110,img_43ccc116d14f8976,3,0,0.0033575382549315
RU-A1110,img_e1e9da934b47e9c3,3,0,0.0508944541215896
RU-A1110,img_66becbf13127631e,3,0,0.0565841272473335
RU-A1112,img_5c209eebeea13e34,4,0,0.0008364527020603
RU-A1112,img_324640a4cc50e289,4,0,0.0014445369597524
RU-A1112,img_5f4a19163e356353,4,0,0.0035827527754008
RU-A1112,img_f4b94e2de8fda5c5,4,0,0.0832431688904762
RU-A1112,img_d595398a0b43227c,4,0,0.0706332549452781
RU-A1112,img_46a908577adb4d80,4,0,0.0184507276862859
RU-A1112,img_32500cab741f7928,4,0,0.0327397212386131
RU-A1112,img_a3b79b281c282130,4,0,0.0293837580829858
RU-A1112,img_dbd586ff89d05cc3,4,0,0.0013866474619135
RU-A1112,img_ce31f4346eee12ba,4,0,0.00135046208743
RU-A1113,img_81545798247861e3,3,0,0.0113193066790699
RU-A1113,img_83eebaa0fe2b23a3,3,0,0.0145302228629589
RU-A1113,img_7d8692dc4f423426,3,0,0.0269542094320058
RU-A1113,img_4497ed4c430ab50d,3,0,0.0060964347794651
RU-A1113,img_c8241e8a9c76f030,3,0,0.0036351159214973
RU-A1113,img_93d5fe4493299f43,3,0,0.0073055610992014
RU-A1113,img_17c965d21e14d7b5,3,0,0.0030953220557421
RU-A1113,img_8251bcf95910a355,3,0,0.0029749912209808
RU-A1113,img_06c96ec4750b2798,3,0,0.0082259140908718
RU-A1113,img_c37472874370125b,3,0,0.0186860095709562
RU-A1114,img_9c1bc864d2861011,2,0,0.0230346750468015
RU-A1114,img_b8a057013c6fcb88,2,0,0.0067862085998058
RU-A1114,img_856564eeb3fdfc3a,2,0,0.0013648620806634
RU-A1114,img_12b5411be673e7d2,2,0,0.0020885176490992
RU-A1114,img_4bde88354d631376,2,0,0.0346766971051692
RU-A1114,img_0efb88261ba2eaa7,2,0,0.0753211975097656
RU-A1114,img_f42ca7df1c6ee535,2,0,0.0044929035939276
RU-A1114,img_bf2c964191654d10,2,0,0.002163914963603
RU-A1114,img_4ba35bc2f0005d01,2,0,0.0206092949956655
RU-A1114,img_6c7f17eeaaf5f639,2,0,0.014789936132729
RU-A1114,img_42454a91ee122063,2,0,0.0011709303362295
RU-A1114,img_a5beed1f0473a7f2,2,0,0.0021520410664379
RU-A1114,img_62a013af6125554b,2,0,0.0014551350614055
RU-A1114,img_1c78563367e208dd,2,0,0.0056655621156096
RU-A1115,img_86f7ed45c6b619fb,3,0,0.0010638755047693
RU-A1115,img_f7d3462ed61f9e21,3,0,0.00750113138929
RU-A1115,img_1558bfe5425d4834,3,0,0.0065484093502163
RU-A1115,img_5f64eeec29fdf77a,3,0,0.0925494357943534
RU-A1115,img_c42e0575995e3414,3,0,0.06855259090662
RU-A1115,img_7b56c833418ba4ce,3,0,0.0227204337716102
RU-A1115,img_d972b095642f83e6,3,0,0.0737290158867836
RU-A1115,img_d053abaca0be7d75,3,0,0.0004321183077991
RU-A1115,img_db968cd663e58950,3,0,0.0028513285797089
RU-A1116,img_7249710cc56390b8,0,0,0.0004248319601174
RU-A1116,img_489b92cf9da7b899,0,0,0.0002414941991446
RU-A1116,img_983850c8a173d5ea,0,0,0.0126185538247227
RU-A1116,img_278e37e7c00b8062,0,0,0.0771256163716316
RU-A1116,img_7442a4d4d55add5a,0,0,0.0365742519497871
RU-A1116,img_90fd74574f03849c,0,0,0.0010874703293666
RU-A1116,img_6652d90345487e1b,0,0,0.0279433596879243
RU-A1116,img_42ca0ca526b1c38d,0,0,0.0123623879626393
RU-A1117,img_380eca76a7f2c0e9,3,0,8.922799315769225e-05
RU-A1117,img_d249fefe288d992e,3,0,0.0003630282881204
RU-A1117,img_9e9b3786db6f6dd5,3,0,0.0036086963955312
RU-A1117,img_331e26c1f269a60f,3,0,0.0022452732082456
RU-A1117,img_18f602e5c83cc6e5,3,0,0.0001837908639572
RU-A1117,img_d8ae47d363c75ccf,3,0,0.0003775939694605
RU-A1117,img_81f412eac5920807,3,0,3.9688438846496865e-05
RU-A1117,img_8d76f0e895b8925e,3,0,0.0003480513114482
RU-A1117,img_b5260b0411b95dd2,3,0,0.0070717888884246
RU-A1117,img_dd3ab5a748aa101a,3,0,0.0084774270653724
RU-A1118,img_531023cb78692c48,4,0,0.001364829018712
RU-A1118,img_3d70ac44a0065636,4,0,0.0007755298283882
RU-A1119,img_329bcc31f982c6c0,3,0,0.3864963352680206
RU-A1119,img_70b76e4f66451f3a,3,0,0.7611563205718994
RU-A1119,img_f4ae632538cfd282,3,0,0.0027784532867372
RU-A1119,img_bd38cc2ce0ba15c2,3,0,0.0205192472785711
RU-A1119,img_ecbe5678d22cdd68,3,0,0.0264852028340101
RU-A1119,img_e536929b3dc3f8a8,3,0,0.0068141240626573
RU-A1119,img_bace80cbf8ae6c93,3,0,0.0085553815588355
RU-A1119,img_9f530f6df1bb35c9,3,0,0.0418460108339786
RU-A1120,img_13c7a8ba405febaa,1,0,0.0158803313970565
RU-A1120,img_194708e413c65cd7,1,0,0.0050094188190996
RU-A1120,img_36e48b9d7c37f7f0,1,0,0.0131353009492158
RU-A1120,img_f7d32c336fb59933,1,0,0.0081689916551113
RU-A1120,img_748f6d1f94199f46,1,0,0.0034587900154292
RU-A1120,img_b8841e3e27fb600e,1,0,0.0282638166099786
RU-A1120,img_8917b601ec5128b7,1,0,0.0261615552008152
RU-A1120,img_cb7b027b3f76c42f,1,0,0.0366758406162261
RU-A1120,img_d847a190a0bc9dc7,1,0,0.0002828669385053
RU-A1120,img_b7f318f6e13c0ac6,1,0,0.0006878062267787
RU-A1122,img_2f13a9405f43f1a4,3,0,0.0005866952124051
RU-A1122,img_38a71ef66c1639f1,3,0,0.0009852888761088
RU-A1122,img_bbeacbf69189e69b,3,0,0.0026960440445691
RU-A1122,img_d955981b08f0003e,3,0,0.0006019317079335
RU-A1122,img_fa00dbf4034971f1,3,0,0.0029064901173114
RU-A1122,img_ebde33d9267c4401,3,0,0.0004852461861446
RU-A1122,img_03c85c49b285d237,3,0,0.0137546816840767
RU-A1123,img_48e78da151411010,2,0,0.0461042672395706
RU-A1123,img_96fffe0ba684cc01,2,0,0.010062395595014
RU-A1123,img_34a231543b13ce9b,2,0,0.0924962982535362
RU-A1123,img_fef819158c99a2e0,2,0,0.0140369124710559
RU-A1123,img_4af9d8b6cc486f29,2,0,0.0048719365149736
RU-A1123,img_378e4df6a1974f35,2,0,0.0027048254851251
RU-A1123,img_c51cf12bc64991a4,2,0,0.0006653651944361
RU-A1123,img_831affe0f424c5d5,2,0,0.0730815604329109
RU-A1125,img_cb109a106ad90310,2,0,0.0135787762701511
RU-A1125,img_16f7742b8bce48df,2,0,0.002348665613681
RU-A1125,img_b4a405eacc070080,2,0,0.0052301241084933
RU-A1125,img_934a4e0710c7e02c,2,0,0.0092284809798002
RU-A1125,img_6bf03efc4bfc926a,2,0,0.0136395478621125
RU-A1125,img_11edb7fdf3e2b7a4,2,0,0.0024329901207238
RU-A1271,img_fa1af5457947898a,1,0,0.7419378757476807
RU-A1271,img_e3059ed210e206a4,1,0,0.8866190910339355
RU-A1271,img_850d3a952f0c2271,1,0,0.0309405736625194
RU-A1271,img_eaa747a00163de84,1,0,0.0499251037836074
RU-A1275,img_e5a6d3417692a3a1,0,1,0.2399159967899322
RU-A1275,img_50101e662954d546,0,1,0.0113378865644335
RU-A1041,img_d82e55e9a58f6968,4,1,0.1902708560228347
RU-A1041,img_bfaa4b66790d4e69,4,1,0.246349811553955
RU-A1041,img_b1ab3ada92a2bcf5,4,1,0.337254524230957
RU-A1041,img_58c5d0c382bb7051,4,1,0.423185259103775
RU-A1041,img_46e1ed339b9d2b58,4,1,0.9372679591178894
RU-A1041,img_9904628cd5247f36,4,1,0.4091814756393432
RU-A1041,img_21db5173dedc6207,4,1,0.5873123407363892
RU-A1041,img_c0a27d8f08881b4c,4,1,0.2586744725704193
RU-A1041,img_4b0a723cd14a349f,4,1,0.0061237472109496
RU-A1041,img_b1ff00b29c6daa6f,4,1,0.0050546932034194
RU-A1041,img_74ebd8fe4797e5d3,4,1,0.2091672420501709
RU-A1041,img_09b64a5b590a4f29,4,1,0.7955384254455566
RU-A1041,img_5366a96fa0763832,4,1,0.0138859143480658
RU-A1042,img_5eddcd93400acd81,2,1,0.9996843338012696
RU-A1042,img_d232956663679119,2,1,0.9949567914009094
RU-A1042,img_71ab3f0a41fa9045,2,1,0.931132674217224
RU-A1042,img_b143c3d4151cdb47,2,1,0.9753565788269044
RU-A1042,img_b02fe1bfb76cb082,2,1,0.7280982732772827
RU-A1042,img_1bed3d095e45b90b,2,1,0.8797940015792847
RU-A1042,img_c343a8b4ee103e99,2,1,0.0521288812160491
RU-A1042,img_9dbb6c356db47f9b,2,1,0.0317269228398799
RU-A1042,img_f372ae4f2d8c6063,2,1,0.6586045026779175
RU-A1042,img_554c7e76918a974f,2,1,0.7064799070358276
RU-A1042,img_988e5519ec119ade,2,1,0.4732421040534973
RU-A1042,img_20a199898f1c86f9,2,1,0.4952481985092163
RU-A1042,img_69cc312224b15bab,2,1,0.4470677673816681
RU-A1042,img_02a6eb7fac9c7686,2,1,0.3502688705921173
RU-A1042,img_e843208d4b2bbad7,2,1,0.2566615343093872
RU-A1042,img_dab4b2a209450d02,2,1,0.184756189584732
RU-A1042,img_19a4478223f60831,2,1,0.666214644908905
RU-A1042,img_d560c43135f7c272,2,1,0.2380931377410888
RU-A1042,img_876d70a65ad1c03f,2,1,0.6677877902984619
RU-A1042,img_945912ac1185f172,2,1,0.9333534836769104
RU-A1042,img_8e3200f356650877,2,1,0.2562491297721863
RU-A1042,img_00542949b0d86be0,2,1,0.0976623222231864
RU-A1042,img_a349b3bddd69fde5,2,1,0.7441915273666382
RU-A1042,img_53fc03c2ba2abc29,2,1,0.9671315550804138
RU-A1042,img_8f2bcc3d99ce9861,2,1,0.0036513116210699
RU-A1042,img_520a3f1423af5c0a,2,1,0.0048316996544599
RU-A1042,img_ce3cbb727fa80674,2,1,0.0361408554017543
RU-A1042,img_1eb060ffbb3430f0,2,1,0.0130950901657342
RU-A1042,img_b9b1a07923d91e00,2,1,0.0105311218649148
RU-A1042,img_99619772fef9648d,2,1,0.0610625445842742
RU-A1268,img_0b6be21b2c8adf60,4,0,7.427754462696612e-05
RU-A1268,img_999123a256378ff6,4,0,1.0803773875522891e-05
RU-A1268,img_b0e652e80d0fda11,4,0,0.050053060054779
RU-A1268,img_8ef0681eb1767cba,4,0,0.1312424093484878
RU-A1269,img_53bdca4579facd9f,1,0,0.0012836609967052
RU-A1269,img_7fa7541c3dc50958,1,0,0.0008742693462409
RU-A1269,img_6497017f19a57c8e,1,0,0.0074334614910185
RU-A1269,img_dddb4282c038f4e7,1,0,0.008027353323996
RU-A1269,img_846da65f7229aafd,1,0,0.022229179739952
RU-A1269,img_19feac3fa6303e5c,1,0,0.0001851392153184
RU-A1269,img_b13e8c326521c5b0,1,0,0.0197468157857656
RU-A1269,img_da8be6dc495eac09,1,0,0.0017968425527215
RU-A1269,img_5c1add6fa79b2f2e,1,0,0.0007268627523444
RU-A1270,img_38bcdb04f0369ee3,4,0,2.6840394639293663e-05
RU-A1270,img_b47ad406a51ac3e2,4,0,0.0022304833400994
RU-A1270,img_d08a7ea7742b7027,4,0,0.0067469635978341
RU-A1270,img_e6a6d010a3e3db9c,4,0,0.0294585600495338
RU-A1270,img_0b880a3ca91f71f0,4,0,0.0024057212285697
RU-A1270,img_1bb3898256440551,4,0,0.0072348373942077
RU-A1270,img_cfb44ad1ce5674fb,4,0,0.0025825516786426
RU-A1270,img_f28cd596755b47bf,4,0,0.0191441178321838
RU-A1270,img_7acf74e376230a9d,4,0,0.0739942714571952
RU-A1270,img_b595bd481aad4e81,4,0,0.0011428804136812
RU-A1270,img_68732bb99c35c284,4,0,0.0145376548171043
RU-A1272,img_a89cbffb5959cba3,1,0,0.006659785285592
RU-A1272,img_fd95b5355de8ddf2,1,0,0.0218477491289377
RU-A1272,img_f32eb5bd572c5ccc,1,0,0.0014531096676364
RU-A1272,img_58a094770584a1f0,1,0,0.0041660144925117
RU-A1272,img_cd54c717438aa89e,1,0,0.0043782629072666
RU-A1272,img_009e12e72c7bd70a,1,0,0.0025061364285647
RU-A1272,img_99da1b711ff43799,1,0,0.0069247335195541
RU-A1273,img_4960024d1efe15d4,4,0,0.0003744441492017
RU-A1273,img_5f64ef5c7defeff6,4,0,0.0008380459621548
RU-A1273,img_b371e91f5cbddbe4,4,0,0.011485431343317
RU-A1273,img_80db10a8bb01823c,4,0,0.0028590147849172
RU-A1273,img_29e94b4da5c96aec,4,0,0.0003034037654288
RU-A1273,img_157591b87a633ace,4,0,0.000403590966016
RU-A1273,img_0c731df55c4b55ad,4,0,0.0006813664804212
RU-A1273,img_e35b1976380244a5,4,0,0.0004657532263081
RU-A1273,img_e6476888feef1d98,4,0,0.0021231791470199
RU-A1273,img_2ffb6aa16ba020f3,4,0,0.0074906316585838
RU-A1273,img_751dae15f4d5f0ff,4,0,0.0067916261032223
RU-A1273,img_72bdd076528bd9da,4,0,0.0105544114485383
RU-A1273,img_1e516943dcac3a12,4,0,0.0254227798432111
RU-A1274,img_d7370df4186b642e,1,0,0.0026059227529913
RU-A1274,img_b08f1df3664d1dfe,1,0,0.0007616073125973
RU-A1274,img_7da0285a7c37274d,1,0,0.0069016800262033
RU-A1274,img_1333002e933acc0a,1,0,0.0044712997041642
RU-A1274,img_d94d45633521532d,1,0,0.0002492282073944
RU-A1274,img_cd7cceac77759855,1,0,0.0102635277435183
RU-A1274,img_b87b84242a4e780c,1,0,0.0767401903867721
RU-A1274,img_2d7530912a1e94b6,1,0,0.0023119780234992
RU-A1274,img_6cb56da06b7fa47d,1,0,0.0002066581655526
RU-A1274,img_7353c185f84d51c1,1,0,0.0006226154509931
RU-A1274,img_b95451f1772104fc,1,0,0.0007785628549754
RU-A1274,img_64cbc49db4dd4f0c,1,0,0.0088916821405291
RU-A1274,img_f8a7b0313db911da,1,0,0.0034087926615029
RU-A1276,img_30be5c94543ef28a,0,0,0.0006390996277332
RU-A1276,img_dc345c72b5d861ee,0,0,0.000851605203934
RU-A1276,img_5e51e07f891ff79b,0,0,0.0095140431076288
RU-A1276,img_791186871b0855a1,0,0,0.0030557573772966
RU-A1276,img_c3f33b11de8c1069,0,0,0.0005571509245783
RU-A1276,img_ccc77c3040da15f4,0,0,0.0025690977927297
RU-A1276,img_452004518187fb25,0,0,0.0003575034206733
RU-A1276,img_a19805f48f0b78a8,0,0,0.0006322413682937
RU-A1276,img_7e12ca5cfe3214db,0,0,0.0006988500826992
RU-A1276,img_172c6d4ca33024d4,0,0,0.0027518938295543
RU-A1278,img_7b0c1feab3789d06,0,0,0.0116968993097543
RU-A1278,img_b13ba42334b2c33f,0,0,0.2429937273263931
RU-A1278,img_5e4d8ff7319727a3,0,0,0.1339541375637054
RU-A1278,img_cd66e314ac9d533a,0,0,0.1052493825554847
RU-A1278,img_1c9c6656b55836b2,0,0,0.2629061043262481
RU-A1278,img_f8c0ba76c228838d,0,0,0.2757667303085327
RU-A1278,img_3f927ebd903d78cc,0,0,0.859329879283905
RU-A1278,img_2d05b921545955a8,0,0,0.9285058975219728
RU-A1277,img_1cc46aadf06684bb,1,0,0.0009333470952697
RU-A1277,img_cffdb8567fdbd8da,1,0,5.8687721320893615e-05
RU-A1277,img_0bdbae9c9ebe13bb,1,0,0.397739827632904
RU-A1277,img_f6d96fcb13adcff1,1,0,0.0100736012682318
RU-A1277,img_800257b72e9a323e,1,0,0.0026950072497129
RU-A1277,img_5692a857373db6d3,1,0,0.0018973820842802
RU-A1277,img_8b01163fd8b9143c,1,0,0.0219810213893651
RU-A1277,img_38f35a327c2c6879,1,0,0.0075043197721242
RU-A1277,img_0204a604cf94463f,1,0,0.0045495694503188
RU-A1277,img_e215b1a8315f0fad,1,0,0.0064229820854961
RU-A1279,img_6c0fff5f049b2b29,0,0,0.00728908367455
RU-A1279,img_170a2bf02e802dec,0,0,0.0011098533868789
RU-A1279,img_9f65a646d7920afe,0,0,0.0005749899428337
RU-A1279,img_cc612087bfbdfb21,0,0,0.0001367701770504
RU-A1279,img_e47bf20e2498bbb2,0,0,0.0083406707271933
RU-A1279,img_a958b94475775659,0,0,0.0241913478821516
RU-A1279,img_b0d54d149682f24f,0,0,0.0007356905844062
RU-A1279,img_c04a30c4bca27998,0,0,0.0024305542465299
RU-A1279,img_610fae3889048ea7,0,0,0.0283492598682642
RU-A1279,img_053de2cb7a4ec9d7,0,0,0.0031723477877676
RU-A1279,img_abcbb6eb9987d2b6,0,0,0.0083898613229393
RU-A1279,img_a6f941549a6c8f2e,0,0,0.0009788562310859
RU-A1279,img_cb3935ccbe629951,0,0,0.0043703583069145
RU-A1279,img_2f64cb764a5de351,0,0,0.0136835360899567
RU-A1279,img_ed64e55e0f79157b,0,0,0.0127909025177359
RU-A1280,img_4d999ea619b50da9,3,0,0.021810783073306
RU-A1280,img_31b3098fe97093c7,3,0,0.0565643049776554
RU-A1064,img_a6851a225117fbcb,3,0,0.4719171822071075
RU-A1064,img_5e264bf4434b6b57,3,0,0.3252063393592834
RU-A1064,img_382757dc5d78fb3d,3,0,0.9675369262695312
RU-A1064,img_866e490de3e581e8,3,0,0.9775726795196532
RU-A1064,img_688f3feafcfa3581,3,0,0.0425312258303165
RU-A1064,img_12c8b71b4b82a5e0,3,0,0.065259650349617
RU-A1064,img_a93131233f27a9bc,3,0,0.0143796969205141
RU-A1064,img_c9bf059ca78e1cb8,3,0,0.0734705328941345
RU-A1064,img_a32381596d29ef4b,3,0,0.106662705540657
RU-A1064,img_262a93c6b5986f9c,3,0,0.1905469894409179
RU-A1156,img_a8349e23f0ed1385,4,1,0.9999871253967284
RU-A1156,img_f7d59d3e11e249be,4,1,0.999992609024048
RU-A1156,img_d276e46e44b0e906,4,1,0.9982355833053588
RU-A1156,img_aa1ec292c8744393,4,1,0.9885575771331788
RU-A1156,img_19c1a02ee99cad87,4,1,0.9999632835388184
RU-A1156,img_64a8e707014c0c84,4,1,0.9993011951446532
RU-A1156,img_d6d72ef0821da24a,4,1,0.9606677889823914
RU-A1156,img_2986dbe2ffa0dbed,4,1,0.9857466220855712
RU-A1156,img_f9c8ccd01f98acde,4,1,0.9725187420845032
RU-A1156,img_920b72db2132a449,4,1,0.0010442833881825
RU-A1156,img_5425640a754d30f4,4,1,0.0010946914553642
RU-A1156,img_44d8f1454fb9cf44,4,1,0.5179153084754944
RU-A1156,img_ae7d35ed5a92dfa6,4,1,0.4766327440738678
RU-A1175,img_30772dd4108bcfa9,4,0,0.0009615127346478
RU-A1175,img_4a6f4764434e9581,4,0,0.0026239829603582
RU-A1175,img_9569faecbd055d80,4,0,0.001027810620144
RU-A1175,img_c21f9b2149c979be,4,0,8.192408859031275e-05
RU-A1175,img_90c4f65acd987813,4,0,0.0012716169003397
RU-A1175,img_8ea92b02f7c1a7f8,4,0,0.0033092596568167
RU-A1180,img_b38e73507dc7c407,0,1,0.0054641147144138
RU-A1180,img_bf6e5a188405bbf9,0,1,0.0065344152972102
RU-A1137,img_56ad42587a41d13f,3,0,0.0081675965338945
RU-A1137,img_420d32447d27d9ad,3,0,0.0004681988211814
RU-A1137,img_f8596336cbb6ab7e,3,0,0.0062874369323253
RU-A1137,img_27f241b33f4cd1b9,3,0,0.0047317696735262
RU-A1137,img_c3d6dd135a809758,3,0,0.000737317779567
RU-A1137,img_b5c886eb2eb77b1b,3,0,0.0009606763487681
RU-A1150,img_6793bd512d8d268d,0,0,0.0036896977107971
RU-A1150,img_c275765ff341dca4,0,0,0.0013054894516244
RU-A1150,img_d419321a83b4e02d,0,0,0.0007133834878914
RU-A1150,img_065d841c32f09fdc,0,0,0.0008742284262552
RU-A1150,img_e574f619da841664,0,0,0.0015627210959792
RU-A1150,img_85b8f5256f9d2692,0,0,0.0021698886994272
RU-A1186,img_f82d99ec2aebfb87,2,0,0.0063304146751761
RU-A1186,img_a3daa22244771c75,2,0,0.0491077788174152
RU-A1186,img_d29fac8345943833,2,0,0.0269096419215202
RU-A1186,img_6ba5da9a53bdc8d2,2,0,0.0068606603890657
RU-A1186,img_7ba5450aafdbfeec,2,0,0.0028203909751027
RU-A1186,img_0ebfc2931c2621b4,2,0,0.0031718183308839
RU-A1186,img_8511530d67193842,2,0,0.0043667890131473
RU-A1186,img_a60ffee6723789ae,2,0,0.023983983322978
RU-A1186,img_98755a6cc5be5ca7,2,0,0.000791682396084
RU-A1186,img_bda19b74d37a24d5,2,0,0.0106434971094131
RU-A1186,img_195a63a620799581,2,0,0.0040898500010371
RU-A1186,img_14bf0796f92ea231,2,0,0.0067374249920248
RU-A1186,img_43ee7c6f5bd75451,2,0,0.0006381097482517
RU-A1186,img_c6b0ddb3934b9c16,2,0,0.0004089155409019
RU-A1187,img_209d97bee68fda97,3,0,0.0006964632775634
RU-A1187,img_9fc9c7c07b043792,3,0,0.0005349402781575
RU-A1187,img_1cfefb28992f74bc,3,0,0.0001203419233206
RU-A1187,img_413262bbfcb8b1e1,3,0,0.020630482584238
RU-A1187,img_c370893f7a9ede8c,3,0,0.0019108968554064
RU-A1187,img_5ec05b3c5765141e,3,0,0.0088639538735151
RU-A1187,img_e5cb30c2e6a5e193,3,0,0.9875569343566896
RU-A1187,img_22d4734c37063186,3,0,0.9491260647773744
RU-A1187,img_f9261bb2a89b8873,3,0,0.4523554146289825
RU-A1187,img_771210474a95b8b2,3,0,0.7002857327461243
RU-A1187,img_9d1bdeae69a9b615,3,0,0.0035518065560609
RU-A1187,img_427b3e09ff5547c7,3,0,0.0049913739785552
RU-A1028,img_3c1a648dc774b80d,4,0,0.5052657723426819
RU-A1028,img_b84f1a49b1e45947,4,0,0.7661346793174744
RU-A1028,img_e6b188865b934d48,4,0,0.0149973798543214
RU-A1028,img_9485608a01a2802b,4,0,0.0328821651637554
RU-A1078,img_a86ed017552be765,0,1,0.0015101976459845
RU-A1078,img_68a5b50165104e23,0,1,0.0027021383866667
RU-A1078,img_d92680e01bdd84a7,0,1,0.6285991668701172
RU-A1078,img_b8a47edb240d9a9b,0,1,0.6637009978294373
RU-A1078,img_1f21e5f4d12309a7,0,1,0.8873467445373535
RU-A1078,img_fac47d93c4e9b070,0,1,0.9404051899909972
RU-A1079,img_7870d359d74857c0,0,0,0.035250000655651
RU-A1079,img_ac02afc1e7eb373e,0,0,0.0140077406540513
RU-A1079,img_ad1158cf86d294e1,0,0,0.0006692882161587
RU-A1079,img_4de1e43817e4e22a,0,0,0.0006614581216126
RU-A1079,img_a3b6f333efc7ce19,0,0,0.0023022536188364
RU-A1079,img_b63857d28eea4cf4,0,0,0.0006810090271756
RU-A1079,img_de364242bebc9c9d,0,0,9.334331844002008e-05
RU-A1079,img_d054e1c68921e0bd,0,0,0.0004323004104662
RU-A1079,img_7f3a3913f25bb6c6,0,0,0.0005352568696253
RU-A1079,img_5041558f8a325d01,0,0,0.0031027146615087
RU-A1079,img_3a92405136b435c5,0,0,8.894621714716777e-05
RU-A1079,img_24ff27e224f768c6,0,0,6.75144256092608e-05
RU-A1081,img_aa03307b4748da7c,0,0,0.073306493461132
RU-A1081,img_4b5d59b7666caeb2,0,0,0.0475161224603652
RU-A1081,img_10135927fd7b74e7,0,0,0.007113360799849
RU-A1081,img_1b38f620df9cd1c5,0,0,0.0037258106749504
RU-A1082,img_5e794b468cdfc4fe,2,0,0.002028364688158
RU-A1082,img_a226959602cac093,2,0,0.0013905611122027
RU-A1082,img_90b26091fff534cd,2,0,0.0193005930632352
RU-A1082,img_129515e703b481cd,2,0,0.0122884679585695
RU-A1082,img_92cfcd4509f3a24f,2,0,0.0021685161627829
RU-A1082,img_6c012193b1e94d25,2,0,0.0329262390732765
RU-A1082,img_dffaf8a7b9b9033d,2,0,0.0032361536286771
RU-A1082,img_1c3af867a8fdf26c,2,0,0.0063943164423108
RU-A1082,img_36897e28517ddb1f,2,0,0.0184867680072784
RU-A1082,img_3199e8638f192b55,2,0,0.0456131882965564
RU-A1082,img_991c3d0b52ad5310,2,0,0.0021050949580967
RU-A1082,img_1133dd7a7a6c47e0,2,0,0.0023509366437792
RU-A1082,img_d79a086a3c1b811a,2,0,0.1087056025862693
RU-A1083,img_5139928cc3444c7b,0,0,0.2114903777837753
RU-A1083,img_664e185898657c63,0,0,0.2989507913589477
RU-A1083,img_2f0989eb4673c2fd,0,0,0.0537168830633163
RU-A1083,img_be8a0272e0599470,0,0,0.0844913050532341
RU-A1084,img_db1a74c82562304c,4,0,0.2325945943593979
RU-A1084,img_de993738e286581f,4,0,0.2909948229789734
RU-A1084,img_31e9df9a835f7eda,4,0,0.0184690654277801
RU-A1084,img_bb976eb440ac7f37,4,0,0.02103803306818
RU-A1084,img_385f0807a9a54c02,4,0,0.0855250880122184
RU-A1084,img_9de76103ad4f2dd7,4,0,0.0660842806100845
RU-A1084,img_28271672e954b37d,4,0,0.026123946532607
RU-A1084,img_868abe50067b2c1b,4,0,0.0539806298911571
RU-A1084,img_b2db014757101fdc,4,0,0.0800397247076034
RU-A1084,img_a3b0040766d5c348,4,0,0.2414655238389969
RU-A1084,img_75a7cc7b70ffed18,4,0,0.3987608253955841
RU-A1084,img_d2927f5863cc9afe,4,0,0.7098602652549744
RU-A1084,img_6c6985fc7a4dc9f1,4,0,0.0648301467299461
RU-A1084,img_120829c679515f60,4,0,0.1285840272903442
RU-A1084,img_604339027e323f43,4,0,0.0423121079802513
RU-A1084,img_0603f1a7d217e1fa,4,0,0.1218912005424499
RU-A1084,img_a3ef717e825aca6b,4,0,0.102809377014637
RU-A1084,img_9aec24e380226cbb,4,0,0.125601515173912
RU-A1084,img_3c94be12f9452a49,4,0,0.0019534695893526
RU-A1084,img_095a20697f55aabf,4,0,0.0061358730308711
RU-A1084,img_646cf78d46d82197,4,0,0.0590287372469902
RU-A1084,img_fae698fe99a4f049,4,0,0.0466733835637569
RU-A1084,img_0d7490ad0f8da910,4,0,0.0102379936724901
RU-A1084,img_432603b05d9127b1,4,0,0.0172651726752519
RU-A1084,img_28395d2246bf2fab,4,0,0.0123584410175681
RU-A1084,img_2e32ef66ddff8940,4,0,0.0093304896727204
RU-A1084,img_8aa96eb0ac87f648,4,0,0.2376599460840225
RU-A1084,img_30fb37bb30a7d793,4,0,0.0936832427978515
RU-A1084,img_78424e1cd8cfac32,4,0,0.9625529050827026
RU-A1084,img_3cdefaa1a1f607f7,4,0,0.957534909248352
RU-A1084,img_f1e58efa7e8a4b89,4,0,0.9539480209350586
RU-A1084,img_ee4e31ef61fede0d,4,0,0.9242283701896667
RU-A1084,img_a6af44adb5b4e3fc,4,0,0.3587290644645691
RU-A1084,img_06116b4fd85491e7,4,0,0.1913337111473083
RU-A1084,img_b091d058d104f6c8,4,0,0.2360892742872238
RU-A1084,img_86a7d12d98bf8834,4,0,0.9021559953689576
RU-A1084,img_680916680333756e,4,0,0.8052133321762085
RU-A1084,img_8efbbb07c40d273b,4,0,0.862623929977417
RU-A1084,img_e1e817fdf5a1d7b2,4,0,0.034356914460659
RU-A1084,img_9bf276f4353f10c8,4,0,0.0159006584435701
RU-A1084,img_a7207d192f757a1a,4,0,0.0963542461395263
RU-A1084,img_0d2967c3393ee942,4,0,0.1059493571519851
RU-A1084,img_46b97e6adb87c027,4,0,0.942582666873932
RU-A1085,img_d2840a0efc4d0500,3,0,0.0057676215656101
RU-A1085,img_86de0b7084b511bc,3,0,0.042623471468687
RU-A1085,img_421946506fd626cb,3,0,0.976885974407196
RU-A1085,img_a51137854d80c772,3,0,0.9448140263557434
RU-A1085,img_8d16fe52b0ac7627,3,0,0.9998691082000732
RU-A1085,img_884d0c900a4399a5,3,0,0.9993280172348022
RU-A1085,img_4f0f0942e9b61eeb,3,0,0.9842994213104248
RU-A1085,img_e2508b2a0691ada6,3,0,0.0227305274456739
RU-A1085,img_243a2e132269c95d,3,0,0.0397354997694492
RU-A1085,img_4b85cdf8d4ef0826,3,0,0.0091766044497489
RU-A1085,img_17b3c6d65d15df0d,3,0,0.0132587933912873
RU-A1085,img_ed0e5c028fbfabe5,3,0,0.4453877210617065
RU-A1085,img_24fdb91b79324aee,3,0,0.1718546748161316
RU-A1085,img_398da96546b0066c,3,0,0.0369587056338787
RU-A1085,img_36adfb8a249878af,3,0,0.0024857786484062
RU-A1085,img_40f7e4d572e3f1ca,3,0,0.0877322182059288
RU-A1085,img_2df6854354572d95,3,0,0.0696811601519584
RU-A1085,img_f336dd1256b709c6,3,0,0.007853272370994
RU-A1085,img_2511cc7ca01ff2d5,3,0,0.0088948896154761
RU-A1087,img_4306561128354096,0,0,0.034741498529911
RU-A1087,img_38737445203e2c13,0,0,0.0478374138474464
RU-A1087,img_dab65d5c5e8f6d55,0,0,0.0005222254549153
RU-A1087,img_840f75a422ad264a,0,0,0.0281789842993021
RU-A1087,img_b55ab284dfe108d9,0,0,0.0081598777323961
RU-A1087,img_9c63f1ff0c8ee69b,0,0,0.0005365422111935
RU-A1087,img_2ca95915a88ac9c9,0,0,0.1322789788246154
RU-A1087,img_010c3e808818e708,0,0,0.2756578624248504
RU-A1087,img_d1435d697349c4a4,0,0,0.1057696789503097
RU-A1087,img_7ec30c18756e84a1,0,0,0.0928194820880889
RU-A1088,img_341bd79bfbb32464,3,0,0.0097165945917367
RU-A1088,img_d465b338932e403e,3,0,0.0060100900009274
RU-A1088,img_38575cb854539b8c,3,0,0.0016131732845678
RU-A1088,img_6ac9d9272ee184db,3,0,0.0083237206563353
RU-A1088,img_0c255eb4d4280770,3,0,0.0053011877462267
RU-A1090,img_02cafda702c58f3d,1,0,0.0030590565875172
RU-A1090,img_55746d1544908753,1,0,0.0032982870470732
RU-A1090,img_7c6912da4ffd5750,1,0,0.000560779357329
RU-A1090,img_547350790b5bc200,1,0,0.0001038498521666
RU-A1090,img_e4c492a7436a7907,1,0,0.0017367167165502
RU-A1090,img_8f4ecd186cf1dc29,1,0,0.0019407893996685
RU-A1090,img_12dc93313669830c,1,0,0.0003776031371671
RU-A1090,img_20ce68ea5e35dc51,1,0,0.0019187540747225
RU-A1091,img_496d40d4bdcfa3c7,4,0,0.0027482593432068
RU-A1091,img_9053b6bd763c8b8d,4,0,0.0040165921673178
RU-A1091,img_ebb3a517d781b7b0,4,0,0.5887441635131836
RU-A1091,img_23e6a7a181090eab,4,0,0.2957674860954284
RU-A1091,img_319c90b60993f854,4,0,0.0625997260212898
RU-A1092,img_8c37cebdc426aa15,2,0,0.0004551498568616
RU-A1092,img_24384ed0c7c80a3e,2,0,0.0021670286078006
RU-A1092,img_fd5e04009c989483,2,0,0.0007793879485689
RU-A1092,img_2689ab49025de65b,2,0,0.0001365054195048
RU-A1092,img_01700a28dbd98744,2,0,0.0006383612635545
RU-A1092,img_e1b2da4fc40c44ee,2,0,0.0050687417387962
RU-A1092,img_7bb8ce1213dfd56e,2,0,0.001634341198951
RU-A1092,img_953bb7a54e2b3dd7,2,0,0.0028418214060366
RU-A1094,img_902989ce5048de9a,4,0,0.1518079489469528
RU-A1094,img_18b96c6949455734,4,0,0.0126156853511929
RU-A1095,img_cfe40bba1a0f810e,3,0,0.0005474340869113
RU-A1095,img_4b773350aaebdbd9,3,0,0.0012373425997793
RU-A1095,img_f3cc0d6b7a6c2a46,3,0,0.0024103317409753
RU-A1095,img_c996bb01a3e89b4c,3,0,9.735889034345746e-05
RU-A1095,img_e24a827388d07178,3,0,0.0038563411217182
RU-A1095,img_8b639a4d807c6044,3,0,0.0014866449637338
RU-A1095,img_deefb793a0c050cc,3,0,0.0052900533191859
RU-A1095,img_fc0d79d4e55034df,3,0,0.0030271066352725
RU-A1096,img_f6c310321f59d359,0,0,0.0005841176607646
RU-A1096,img_c35849104c118fc6,0,0,0.0018056018743664
RU-A1096,img_d5d57717703a052a,0,0,0.010402007959783
RU-A1096,img_a0ccab2224837eda,0,0,0.0027170337270945
RU-A1096,img_5e6622b02478a5a4,0,0,0.0002898619277402
RU-A1096,img_7b2f91f4f7f6fcaa,0,0,0.0002652815892361
RU-A1096,img_be24564b1ddcd56f,0,0,0.0019661877304315
RU-A1096,img_bc4744b3c20684fe,0,0,0.0041197873651981
RU-A1096,img_ac941b46f905083f,0,0,0.0009642066434025
RU-A1096,img_c4addf21d7357407,0,0,0.0001735007681418
RU-A1100,img_f0bd0fff94bb343f,2,0,0.0125622516497969
RU-A1100,img_7d0aad024ce8d3db,2,0,0.0030451407656073
RU-A1100,img_54c7460ad88dfb08,2,0,0.0001283535966649
RU-A1100,img_378c9a2b6359dcc9,2,0,0.0057245595380663
RU-A1100,img_2e42acf9a04b00ac,2,0,0.0273163300007581
RU-A1100,img_7178489d049aad3c,2,0,0.0093363272026181
RU-A1148,img_f10d9b13c8dd1747,2,0,0.0010028633987531
RU-A1148,img_7ee9dfd8047937f2,2,0,0.0024019875563681
RU-A1148,img_01039c4b1b623173,2,0,0.005261929705739
RU-A1148,img_3d509547e54a2108,2,0,0.0055533489212393
RU-A1151,img_aeb0e4d98421c6ab,1,0,0.3717531263828277
RU-A1151,img_8331c3e1b7e45f52,1,0,0.488062709569931
RU-A1151,img_6c74f2ffa84c278b,1,0,0.0530943982303142
RU-A1151,img_69da023df1138ae9,1,0,0.0246448423713445
RU-A1151,img_88bb0ec6ba46ac97,1,0,0.9953367114067078
RU-A1151,img_9f18b3aba6cc0de5,1,0,0.9985536932945251
RU-A1151,img_906468ac2b6883a3,1,0,0.050600066781044
RU-A1151,img_ebae27221ad510aa,1,0,0.0147847952321171
RU-A1152,img_9f36ccabffb91127,1,0,0.0002775973407551
RU-A1152,img_02cd3a50e5722f10,1,0,0.001782881678082
RU-A1152,img_84a872e80fbba85f,1,0,0.0005014148191548
RU-A1152,img_79ed47c25e1cc9e8,1,0,0.0068769962526857
RU-A1152,img_b2de56818450326b,1,0,0.0023765966761857
RU-A1152,img_c660dad4197daee3,1,0,0.0025011226534843
RU-A1152,img_1b752091dee4c518,1,0,0.0054323421791195
RU-A1152,img_20cb8b00b4c70d4a,1,0,0.0094757713377475
RU-A1152,img_5cb4e0b0f3856695,1,0,0.0164965353906154
RU-A1152,img_c8672f4e365313ce,1,0,0.0153958993032574
RU-A1157,img_d4ae8091ae0757af,3,0,0.2125969529151916
RU-A1157,img_3761fc6f346e7291,3,0,0.1893722116947174
RU-A1157,img_d0a7bc73fef9e701,3,0,0.0109355365857481
RU-A1157,img_acee21b7f9f9bccc,3,0,0.0035392947029322
RU-A1157,img_a2c4c778b6fd866f,3,0,0.0059864721260964
RU-A1157,img_b0fbe72697137acb,3,0,0.0018064167816191
RU-A1157,img_d95a5f98abe2aa6a,3,0,0.0038220279384404
RU-A1157,img_82509bdad829118f,3,0,0.0048193894326686
RU-A1157,img_c511d5fc6dfd2591,3,0,0.0026019166689366
RU-A1157,img_20cd221b066c7c94,3,0,0.0007535085896961
RU-A1158,img_bd5fac1beb00b89e,2,0,0.0050550624728202
RU-A1158,img_4593d4fb03c4aa2e,2,0,0.0059643778949975
RU-A1158,img_1c399192e010e1e8,2,0,0.0011638469295576
RU-A1158,img_a84359e1fadc93be,2,0,0.0029432824812829
RU-A1158,img_07bbefdbda20d1bf,2,0,0.0036841856781393
RU-A1158,img_dfb6d85a2716b73e,2,0,0.00066549773328
RU-A1158,img_f8e90ff8a45ea76c,2,0,0.0085800243541598
RU-A1158,img_96c480c67d24ff81,2,0,0.0013389398809522
RU-A1158,img_c950b0861207bfd0,2,0,0.1465808898210525
RU-A1158,img_a57643551c6682fb,2,0,0.0215357337146997
RU-A1159,img_57e847c25be6c902,1,0,0.001798621378839
RU-A1159,img_a58cfac931b9dfed,1,0,0.064686432480812
RU-A1159,img_f54dedfd09cd5bb9,1,0,0.0271466337144374
RU-A1159,img_0482fd8c4e89f3a1,1,0,0.0366066880524158
RU-A1159,img_94f472ea68866573,1,0,0.0139919687062501
RU-A1159,img_d2f62e019f86a9a1,1,0,0.0009404722950421
RU-A1159,img_770aeeb6a4734483,1,0,0.0011284695938229
RU-A1159,img_e3271d3452e87481,1,0,0.0017411003354936
RU-A1159,img_443e45ed9c9b91d8,1,0,0.0007455719169229
RU-A1160,img_abf0add4078c02d7,2,0,0.0014496820513159
RU-A1160,img_f3a7c9f498a30cf6,2,0,0.0018151607364416
RU-A1160,img_5d54faf7bc620d76,2,0,0.1308368444442749
RU-A1160,img_3673caab3ada9169,2,0,0.1385083645582199
RU-A1161,img_fddfd73669db3761,1,0,0.0157286245375871
RU-A1161,img_9a0d76490f4e758c,1,0,6.294492777669802e-05
RU-A1161,img_703a60c47ce33393,1,0,0.0061466610059142
RU-A1161,img_a77c700d16387170,1,0,0.0006880267173983
RU-A1161,img_f18955f848c65a47,1,0,0.001625332981348
RU-A1161,img_b22806dae60e42eb,1,0,0.0027513010427355
RU-A1162,img_e50a1e9b61f68985,3,0,0.0132694523781538
RU-A1162,img_43f44a1c0dc4e80a,3,0,0.0002528381883166
RU-A1162,img_0686832adf9eb7b0,3,0,0.0084385136142373
RU-A1162,img_ccda422b004b2040,3,0,0.0259634740650653
RU-A1162,img_a73115e01a2d9552,3,0,0.0033217833843082
RU-A1162,img_1ac9bbabf7fe927f,3,0,0.0010569579899311
RU-A1162,img_3565e826b9cddd17,3,0,0.0051846429705619
RU-A1162,img_d64a4ffe7e6872e8,3,0,0.008150671608746
RU-A1162,img_3373d870d77bbaf3,3,0,0.0038736641872674
RU-A1162,img_88287373e24dfd04,3,0,0.0010635665385052
RU-A1162,img_bc1d55c4fbfa977d,3,0,0.9715890884399414
RU-A1162,img_eb4aedf0b4d0e8f8,3,0,0.982401430606842
RU-A1162,img_1ebecbd928005394,3,0,0.0020452837925404
RU-A1162,img_a05f3ea344464421,3,0,0.0002634888805914
RU-A1164,img_a75108faede88b0d,4,0,0.0526274815201759
RU-A1164,img_fdce6cdc847ab8a7,4,0,0.0010989246657118
RU-A1164,img_328f0f466922f285,4,0,0.0053346757777035
RU-A1164,img_f2a9a25391b544d3,4,0,0.0044037671759724
RU-A1164,img_bbd0d37f984a5849,4,0,0.0079015847295522
RU-A1164,img_dded3e26fcacca5f,4,0,0.0718207657337188
RU-A1164,img_10353862751e7fa5,4,0,0.0182762295007705
RU-A1164,img_9a96dbab552513b9,4,0,0.0019889888353645
RU-A1164,img_4093518313023fbe,4,0,0.0049663688987493
RU-A1165,img_65386e7d9cb64f9d,1,0,0.0030351369641721
RU-A1165,img_a02bce084c4dbc51,1,0,0.0019018176244571
RU-A1165,img_d7ec70c596a3c7e5,1,0,0.0006031278753653
RU-A1165,img_f50adedd5121a5af,1,0,0.0012031603837385
RU-A1167,img_90b53155667807a2,4,0,0.0013020773185417
RU-A1167,img_1e91445dbbb10e45,4,0,0.0031108986586332
RU-A1167,img_0b8e5ead1c0eb983,4,0,0.0037012621760368
RU-A1167,img_9a356d782ada14e7,4,0,0.0076661496423184
RU-A1168,img_f6c1b78bf1a1c419,1,0,0.0180058497935533
RU-A1168,img_c4fa6b6606150776,1,0,0.0012609305558726
RU-A1168,img_b12763bc776f237b,1,0,0.0338996946811676
RU-A1168,img_b998ac7903da596a,1,0,0.1474408507347107
RU-A1168,img_9b4e1328a6284d02,1,0,0.0004157427465543
RU-A1168,img_f63bebd6e6b520fb,1,0,0.0010627121664583
RU-A1168,img_f82ac1e479af4fee,1,0,0.007577312644571
RU-A1168,img_21a5e7daef98fa43,1,0,0.0038056650664657
RU-A1169,img_3d0d09c23dddd708,0,0,8.80268999026157e-05
RU-A1169,img_e8f319d98e4394db,0,0,7.728033233433962e-05
RU-A1169,img_ce580288284f0c39,0,0,0.0001146255817729
RU-A1169,img_f2e76757f84ec6c2,0,0,0.0045196251012384
RU-A1169,img_6952eb5a597b71e9,0,0,0.0062257684767246
RU-A1170,img_35146e0294ffc229,4,1,0.1074998080730438
RU-A1170,img_ad84d34a839db114,4,1,0.2532734274864197
RU-A1170,img_7c4b026225b78480,4,1,0.147638589143753
RU-A1170,img_44d09247fe41802c,4,1,0.0529712624847888
RU-A1170,img_19245519512331a8,4,1,0.1235574856400489
RU-A1170,img_3a68b7d522fd8ed8,4,1,0.0111495302990078
RU-A1170,img_669a0e3d9a6b644c,4,1,0.0046223425306379
RU-A1170,img_fbd531730bf96b19,4,1,0.0041028033010661
RU-A1170,img_744edff32ebf52bc,4,1,0.0018537755822762
RU-A1170,img_5c3f1b9276cd3327,4,1,0.003305229358375
RU-A1170,img_ec86d7873fc72200,4,1,0.4745235443115234
RU-A1170,img_863dbaaea59fc328,4,1,0.0509173311293125
RU-A1170,img_7167b5fffd811b63,4,1,0.0121112596243619
RU-A1170,img_6543c793c1f09e1e,4,1,0.0068235341459512
RU-A1171,img_451dd404b3fad6a6,2,0,0.0105483029037714
RU-A1171,img_bcd237220dc0b0ec,2,0,0.0015523973852396
RU-A1171,img_a0e80e65520e2bc2,2,0,0.9804145097732544
RU-A1171,img_c0ff02ba034a11aa,2,0,0.9440224170684814
RU-A1172,img_be58fe8545d04fce,1,0,0.0024174279533326
RU-A1172,img_b4b1d34ad253ee14,1,0,0.0045073209330439
RU-A1172,img_133e5f1b77bf145f,1,0,0.0009844321757555
RU-A1172,img_1b76d3ea41ad0fa1,1,0,0.0059447223320603
RU-A1172,img_b168d6619e508ea6,1,0,0.0013407858787104
RU-A1172,img_b79a076a1dbb92e9,1,0,0.0013225461589172
RU-A1172,img_e407281c2cea1333,1,0,0.0006627580150961
RU-A1172,img_a12c58a5a5f53650,1,0,0.000549791380763
RU-A1173,img_6dbc7d2d2fda1e32,0,0,0.0006580018671229
RU-A1173,img_898c00f921b34233,0,0,0.0012869149213656
RU-A1173,img_f6a77858a31c3ef1,0,0,0.0022257680539041
RU-A1173,img_df210a5fab7e194e,0,0,0.0029561228584498
RU-A1173,img_142451132d6f6d6e,0,0,0.0010661715641617
RU-A1173,img_755a70d989ccf55a,0,0,0.0005488698370754
RU-A1174,img_a9bce608eae449af,1,0,0.0075764590874314
RU-A1174,img_fb7d456259450448,1,0,0.3840978145599365
RU-A1174,img_5bc4050a4df8e92f,1,0,0.0079690255224704
RU-A1174,img_32cd0bd1996206c9,1,0,0.0206115115433931
RU-A1174,img_9aea532336c2c157,1,0,0.0028013370465487
RU-A1174,img_8c2b5cc9eea99fea,1,0,0.0378148704767227
RU-A1174,img_71f1b96a1ba6bbb0,1,0,0.0131035856902599
RU-A1174,img_e235934b96951fe8,1,0,0.0165028031915426
RU-A1174,img_d11a8e2594bdf46e,1,0,0.0008580121211707
RU-A1174,img_1576581ca61c0ced,1,0,0.0025188683066517
RU-A1154,img_2b9ec337d64cdc74,2,0,0.0007692954968661
RU-A1154,img_c6445ecfb6d3aa22,2,0,0.0027336715720593
RU-A1154,img_a10ed4749e23c7cc,2,0,7.553512114100158e-05
RU-A1154,img_0f73b3f77eb23edf,2,0,0.0006098748417571
RU-A1154,img_bc17bb19d4341e1c,2,0,0.0030501203145831
RU-A1154,img_a758888f8a1813b8,2,0,0.0003595098096411
RU-A1154,img_e2e703a4f91f18f3,2,0,0.0137379197403788
RU-A1154,img_44e2b5872169ec50,2,0,0.0031738257966935
RU-A1154,img_6b40865f9b4e08eb,2,0,0.0451280176639556
RU-A1154,img_db8425540c0b0cdb,2,0,0.0588229671120643
RU-A1155,img_5f4824811e011f6c,1,0,0.0036135998088866
RU-A1155,img_7e2f28ed80177923,1,0,0.0045345081016421
RU-A1155,img_5408471552cc8c89,1,0,0.0082747852429747
RU-A1155,img_b29cca99ccd698af,1,0,0.0066705667413771
RU-A1155,img_dad54ac42e65821a,1,0,0.005253545474261
RU-A1155,img_9ce9024d4db6717f,1,0,0.0009640688658691
RU-A1155,img_25cbf5e7316d2139,1,0,0.0018105675699189
RU-A1155,img_856dd30f9aecc437,1,0,0.0001872951106633
RU-A1155,img_76bbfe9516ee3d70,1,0,0.0001657044194871
RU-A1221,img_b843df6ac49748b8,1,0,0.0963382795453071
RU-A1221,img_a11314f69c119b7e,1,0,0.0192075967788696
RU-A1221,img_e3360cc395bd4f0c,1,0,0.0043153446167707
RU-A1221,img_3d7784f167ab3877,1,0,0.0021507127676159
RU-A1221,img_7297193f16963b9f,1,0,0.0032835786696523
RU-A1221,img_ec4e39e962c9849c,1,0,0.0025828536599874
RU-A1222,img_0c8e501da531010d,4,0,0.0059926672838628
RU-A1222,img_0a0d40bf622e68e5,4,0,0.00016158305516
RU-A1222,img_17920b469918312a,4,0,0.8208252191543579
RU-A1222,img_550d8a285a437729,4,0,0.6399903297424316
RU-A1223,img_993f965cb2543c0e,0,0,0.0011058120289817
RU-A1223,img_11d2a45a94860f1f,0,0,0.0008285897783935
RU-A1223,img_a34347443d9b677c,0,0,0.0070677720941603
RU-A1223,img_e0fea148738580c9,0,0,0.007025702856481
RU-A1224,img_5abbe20174b1cb5e,0,0,0.007183781825006
RU-A1224,img_311dce75a3b93818,0,0,0.0007657025707885
RU-A1224,img_a937d14aa26975fa,0,0,0.0428826250135898
RU-A1224,img_41106415ecfc609e,0,0,0.0047656679525971
RU-A1224,img_dba5d6602b0b162a,0,0,0.0012029013596475
RU-A1225,img_9e70c1ee239546d3,0,0,0.0005734896985813
RU-A1225,img_399db71f2f7c74d2,0,0,0.0006362833082675
RU-A1226,img_662078eafbab9c59,0,0,0.0041980789974331
RU-A1226,img_d4331128fa77cdd6,0,0,0.0082342000678181
RU-A1226,img_42abf17b96b925c5,0,0,0.0006327625014819
RU-A1226,img_0beb883c88a1a1b9,0,0,0.0014262882759794
RU-A1227,img_a4ed0801b99d3676,3,0,0.0076718037016689
RU-A1227,img_48fc430b50746636,3,0,0.0096963886171579
RU-A1227,img_d14fae684d541a7a,3,0,0.0001392837875755
RU-A1227,img_47bc5f8962e2180b,3,0,0.002105301246047
RU-A1227,img_354c74b3c6338aad,3,0,0.1536302417516708
RU-A1227,img_982144aa5c74c38e,3,0,0.0775462985038757
RU-A1228,img_cff87a80d13e8fb1,2,0,0.0001457382750231
RU-A1228,img_566a72c2cbc99ec0,2,0,0.0053797429427504
RU-A1228,img_d2f9d041e39bcca2,2,0,3.2846161047928035e-05
RU-A1228,img_3d8bf6100cc8d6b8,2,0,0.0204936936497688
RU-A1228,img_d5e1c165c810708f,2,0,0.0989351421594619
RU-A1228,img_f8dc5696bc6d0a98,2,0,0.0043381205759942
RU-A1228,img_b355bf8324014a77,2,0,0.0006341462722048
RU-A1228,img_7ecf8f0d78007381,2,0,0.035711508244276
RU-A1228,img_22d710c277869821,2,0,0.0432958118617534
RU-A1228,img_dc939f24dbe447cf,2,0,0.0160620156675577
RU-A1228,img_9718837515050473,2,0,0.0176989287137985
RU-A1229,img_8950267846928315,4,1,0.2619985044002533
RU-A1229,img_44829ee2e0bd1429,4,1,0.3772243559360504
RU-A1229,img_75e20e01b38e078a,4,1,0.0595484301447868
RU-A1229,img_651a50002ea6f8ba,4,1,0.5241900682449341
RU-A1229,img_b1f8e2c4d30fe399,4,1,0.9595531225204468
RU-A1230,img_3830ae930b0a6ef1,4,0,0.0231492146849632
RU-A1230,img_72e0925990c9bf09,4,0,0.0530308075249195
RU-A1230,img_8de82a7ef7791207,4,0,0.0086191566661
RU-A1230,img_dfdf8341cd873f00,4,0,0.0159549191594123
RU-A1230,img_4e74d4cfbc6b946d,4,0,0.011036492884159
RU-A1230,img_9b94bb8e3d3f8938,4,0,0.0077752177603542
RU-A1230,img_63b70a713495db32,4,0,0.0266041550785303
RU-A1230,img_60227010952c481a,4,0,0.0142087722197175
RU-A1230,img_3ed0b603bd39c6fe,4,0,0.0033063415903598
RU-A1230,img_8d9ee4f5d062f4ee,4,0,0.0032144072465598
RU-A1230,img_2badc52b03359c7f,4,0,0.0012083364417776
RU-A1230,img_dc9adb66c18359f9,4,0,0.0019078426994383
RU-A1231,img_4a9ceaba0b907dba,2,0,0.0091506130993366
RU-A1231,img_4dbcc0ccdd01a90e,2,0,0.0035145343281328
RU-A1231,img_dd5a0c6c0753b8f9,2,0,0.007187673356384
RU-A1231,img_bfee5e09e107f620,2,0,0.0075588356703519
RU-A1231,img_d2ae49d23f2c8fae,2,0,0.0016571765299886
RU-A1231,img_a7b107b5b48b736b,2,0,0.0115794893354177
RU-A1231,img_a8186cb4fbe98fca,2,0,0.0038250556681305
RU-A1231,img_02ae068f77aecd0a,2,0,0.00090250588255
RU-A1232,img_f8eed42054d2d97e,1,0,0.0032409101258963
RU-A1232,img_6b8ee788e5947b23,1,0,0.0242246910929679
RU-A1232,img_e5b24440c4d13433,1,0,0.0207792520523071
RU-A1232,img_91ce6a798f0addf8,1,0,0.0071224668063223
RU-A1232,img_09d3118069786e96,1,0,0.0008995051030069
RU-A1232,img_67c3b03061399bb3,1,0,0.0202105268836021
RU-A1232,img_66e3441a082030fe,1,0,0.9045381546020508
RU-A1232,img_434c1c81c8b8e1ed,1,0,0.0075696785934269
RU-A1233,img_5de866f0a887a291,0,0,0.0022628745064139
RU-A1233,img_ccd794e2817b27c9,0,0,0.0007498270715586
RU-A1233,img_b7d8a3f95eea273a,0,0,0.0028604178223758
RU-A1233,img_06613dc42196830f,0,0,0.0037932733539491
RU-A1233,img_f8c5fdc5ef24e200,0,0,0.0080736028030514
RU-A1233,img_3fe0bf91a8b07fbf,0,0,0.0014480946119874
RU-A1233,img_eb990b0170856b53,0,0,0.0016900078626349
RU-A1233,img_1cef30b84b1f8705,0,0,0.0031404644250869
RU-A1234,img_9fe7f8c14d214f85,1,0,0.0080859810113906
RU-A1234,img_8f9346484fdadaf5,1,0,0.0116293858736753
RU-A1234,img_b7b77fcba03765a8,1,0,0.0003654129977803
RU-A1234,img_f572494e74b147f7,1,0,0.000398178526666
RU-A1235,img_7fcb73b59693708a,1,0,0.0108678992837667
RU-A1235,img_d7e0b86dae2b2648,1,0,0.0030782273970544
RU-A1235,img_e541919750f8f0bb,1,0,0.0029357343446463
RU-A1235,img_7e5ed24165794b48,1,0,0.0018785612192004
RU-A1236,img_cc2d188476c57231,3,0,0.0033210460096597
RU-A1236,img_bc39e336ae99b7c2,3,0,0.0024326248094439
RU-A1237,img_c1307c46aeed49e6,2,0,0.0257027670741081
RU-A1237,img_0e945bc042bb913b,2,0,0.0008224752382375
RU-A1237,img_3e017bbfd34b445c,2,0,0.0010988891590386
RU-A1237,img_53f53b2252294e84,2,0,0.0005478180246427
RU-A1237,img_4e1c499c5537d033,2,0,0.0006160998018458
RU-A1238,img_7be6f6758f6c4b6d,1,0,0.0037072983104735
RU-A1238,img_a36c9d9a3209fd1a,1,0,0.0078934328630566
RU-A1238,img_891b503bbeee8157,1,0,0.002129434607923
RU-A1238,img_e03834fbefdd0c96,1,0,0.0024991917889565
RU-A1238,img_1b16d89d902c69c9,1,0,0.0008902851259335
RU-A1238,img_09c83915e5561442,1,0,0.0016588418511673
RU-A1238,img_c2fc160a3a160ab3,1,0,0.0070598651655018
RU-A1238,img_ae17a68200f20bd7,1,0,0.0017929348396137
RU-A1239,img_e3666bf8aa074a8e,3,0,0.3015228509902954
RU-A1239,img_54c6082c9e330aa9,3,0,0.0064843790605664
RU-A1239,img_7c5fa7fde0d158ec,3,0,0.0004124480183236
RU-A1239,img_959fddb3cb5ba6ad,3,0,0.0013577898498624
RU-A1239,img_6884c97a9b80867c,3,0,0.0125097753480076
RU-A1239,img_073122c18a534a3f,3,0,0.0028051864355802
RU-A1240,img_b2826c84edb1a981,3,1,0.0130267897620797
RU-A1240,img_e2929ffcd26a36bb,3,1,0.00125222816132
RU-A1240,img_1a1f853295b0a1f7,3,1,0.0039181620813906
RU-A1240,img_df2b23c20d373cb2,3,1,0.0531309284269809
RU-A1240,img_5d4d38e81fc13079,3,1,0.0239466913044452
RU-A1240,img_e4bbe624cbc3bcfa,3,1,0.0253192223608493
RU-A1240,img_fca381572b0f2812,3,1,0.047295793890953
RU-A1240,img_332150a1c65cc706,3,1,0.0116581013426184
RU-A1240,img_2a566051f674d24c,3,1,0.0406093783676624
RU-A1240,img_e9ca392036a4b523,3,1,0.0244309864938259
RU-A1240,img_ab8c49011a55ede8,3,1,0.1873938739299774
RU-A1240,img_c3a0ac719e920d0e,3,1,0.1828822791576385
RU-A1345,img_7e61082adabd31d8,1,1,0.000870312214829
RU-A1345,img_d3feff1211a4285c,1,1,0.0026092957705259
RU-A1345,img_cdbc4937d28fa0ee,1,1,0.000340320286341
RU-A1345,img_22eb5d6e909db778,1,1,0.0004088508430868
RU-A1245,img_0b1da719028ee428,2,0,0.002800837624818
RU-A1245,img_c1c7c530d207703b,2,0,0.0058006644248962
RU-A1245,img_19718b6879c6a4b5,2,0,0.0484110154211521
RU-A1245,img_a7bf02af7fb692b9,2,0,0.0036153360269963
RU-A1245,img_f2692bb748663132,2,0,0.0018049284117296
RU-A1245,img_be7ccbfa8f413e9f,2,0,0.0015189223922789
RU-A1245,img_ab0e56c36727edfb,2,0,0.0027662338688969
RU-A1245,img_1a07d10d000de6f6,2,0,0.03274542465806
RU-A1245,img_89102dde89e25e9a,2,0,0.0046902084723114
RU-A1245,img_6b92f1c7fec81682,2,0,0.004465595819056
RU-A1246,img_7a670da64b5e50db,2,0,0.0002542898873798
RU-A1246,img_e7f76e4dd817ca61,2,0,0.00218560337089
RU-A1246,img_da8f1cba505a5ad1,2,0,0.000557258259505
RU-A1246,img_582323e232fcf005,2,0,0.0105155715718865
RU-A1248,img_beddcaa9017f505b,3,0,0.0004459897463675
RU-A1248,img_bc651650612474fa,3,0,0.0027687603142112
RU-A1248,img_e74ecb9e8e6b164b,3,0,0.0029000134672969
RU-A1248,img_c5e470e6c5e1641a,3,0,0.0100930482149124
RU-A1248,img_43482114ff3743bb,3,0,0.0017008705763146
RU-A1347,img_40f993093261617b,0,1,0.2259705662727356
RU-A1347,img_90ed0a0384e864cb,0,1,0.4391479790210724
RU-A1020,img_6ebf0480440eeb8b,3,0,0.0234592128545045
RU-A1020,img_3b28f6fb43310f01,3,0,0.0016894255531951
RU-A1020,img_b896f1618048adaa,3,0,0.0017690166132524
RU-A1020,img_ff34f3ed16e85d10,3,0,0.0027900841087102
RU-A1020,img_e1dfa0df1f51f26f,3,0,0.0029623990412801
RU-A1020,img_38b66d83c3e10e5f,3,0,0.0333057269454002
RU-A1020,img_269af53d528b1f3b,3,0,0.0238890219479799
RU-A1166,img_7db6e6ebb2386254,2,0,0.0022934237495064
RU-A1166,img_04d2698a8ec4e773,2,0,0.0027080865111202
RU-A1166,img_e48273b2c657ace2,2,0,0.0005092448554933
RU-A1166,img_b5193f801f3b0651,2,0,0.0011136480607092
RU-A1166,img_8cd4e57f5a7f3fbf,2,0,0.0019297262188047
RU-A1166,img_8c3b4f88af2c18d0,2,0,0.00746242236346
RU-A1166,img_52722c7a1339f08b,2,0,0.0082847625017166
RU-A1153,img_88c42d232e084af2,3,0,0.007034643087536
RU-A1153,img_6b2a1851b06d2968,3,0,0.0124040944501757
RU-A1153,img_b3b08eefab81dc7a,3,0,0.0037854285910725
RU-A1067,img_e4b1cb7a4084f5aa,1,0,0.993776559829712
RU-A1067,img_af4aba150dcdd3ff,1,0,0.995355486869812
RU-A1067,img_283d2d5b706f4a10,1,0,0.33946692943573
RU-A1067,img_4c686295431a83d9,1,0,0.1171928569674491
RU-A1067,img_1787244bdbcfa17f,1,0,0.0184798799455165
RU-A1067,img_d7a788735478282b,1,0,0.102539449930191
RU-A1067,img_8a2299337955ff3f,1,0,0.0398150011897087
RU-A1067,img_1edb5a7636a9c074,1,0,0.0029993392527103
RU-A1067,img_9f660a26a61b58e8,1,0,0.0035775711294263
RU-A1111,img_1cd53353b8617071,1,0,0.0026756168808788
RU-A1111,img_7dcdf6badb261622,1,0,0.0022401944734156
RU-A1111,img_c1200a40c8ffa7a5,1,0,0.0027569730300456
RU-A1111,img_426db2853397d34f,1,0,0.034450676292181
RU-A1111,img_258ef9ea500043f1,1,0,0.0036354286130517
RU-A1111,img_b5efa60b2a2e54c1,1,0,0.0063635003753006
RU-A1111,img_ff6679dafd6bb8a8,1,0,0.0037652717437595
RU-A1111,img_555a0eed519bc91b,1,0,0.0012944677146151
RU-A1111,img_68ce501b08448270,1,0,0.0001263413723791
RU-A1111,img_56763286b16db0a6,1,0,0.0026803966611623
RU-A1111,img_b65531f2691565a9,1,0,0.0048697362653911
RU-A1111,img_e6126205083bed2e,1,0,0.0078310929238796
RU-A1111,img_c430eaac3bcee87b,1,0,0.000289270596113
RU-A1111,img_38493665fbd7fc50,1,0,0.0004099768120795
RU-A1149,img_bbf258ea7b72621d,2,0,0.0038036392070353
RU-A1149,img_fa033a5cd5376bdd,2,0,0.0015330002643167
RU-A1177,img_20361e9a65e9b7a3,3,0,0.0080797960981726
RU-A1177,img_111685f7f081edfa,3,0,0.0054483907297253
RU-A1177,img_fea19a9cfd0b6731,3,0,0.005738069768995
RU-A1177,img_3add4b70d70febec,3,0,0.0020395079627633
RU-A1179,img_79ba5a1608358e10,2,0,0.0005557264667004
RU-A1179,img_02bcd5eefe3ac2f5,2,0,0.0002016751095652
RU-A1179,img_a2640cbb642bfa27,2,0,0.0001964997500181
RU-A1179,img_57140cb499290165,2,0,0.0004796438734047
RU-A1181,img_95278a1793767bf5,0,0,0.000517517037224
RU-A1181,img_5746beb86ec3e5f7,0,0,0.0007138786022551
RU-A1181,img_348f5c02ab93acd5,0,0,0.0502479933202266
RU-A1181,img_49b9a19b2d71e267,0,0,0.0384013392031192
RU-A1182,img_72a6b03b03822cdf,4,0,0.0418486334383487
RU-A1182,img_260b6b676862b479,4,0,0.2467312216758728
RU-A1182,img_70033e2e448b5422,4,0,0.0222158394753932
RU-A1182,img_c299d29bd0f9727b,4,0,0.0153902322053909
RU-A1183,img_ea651f8d1fa0b977,2,0,0.0001384608040098
RU-A1183,img_f354e7452ed4f731,2,0,0.0004413506540004
RU-A1183,img_c0fcbd5c9ef681d8,2,0,0.0084755793213844
RU-A1183,img_d8ee1ebb142b9b41,2,0,0.0096909785643219
RU-A1185,img_932b5fc52ae332d4,1,0,0.000931158021558
RU-A1185,img_e3ab61ccfc73868f,1,0,0.0003882629680447
RU-A1185,img_ca5e4ba2c40087ba,1,0,0.0049549229443073
RU-A1185,img_c5e29373480c9838,1,0,0.0156231904402375
RU-A1250,img_bc42d5b6df347267,2,0,0.0025729204062372
RU-A1250,img_1973d0ad146c6caf,2,0,0.0037587990518659
RU-A1250,img_d21ae07be7521ee4,2,0,0.0033197316806763
RU-A1250,img_fae9a948208af627,2,0,0.0032809579279273
RU-A1250,img_9aa8739a0f7d5ebc,2,0,0.0371104478836059
RU-A1250,img_5e69f1ab96f7bbec,2,0,0.0022046084050089
RU-A1250,img_9c9aac34eec51086,2,0,0.1214901581406593
RU-A1250,img_a0fc20927e5f670b,2,0,0.0148706166073679
RU-A1250,img_ce896261265900d1,2,0,0.0196834970265626
RU-A1250,img_3be085020d15861d,2,0,0.0013483453076332
RU-A1250,img_cbfaf1ca6e402023,2,0,0.0042123338207602
RU-A1251,img_3052a7aac94abe19,2,1,0.0018901627045124
RU-A1251,img_b1c1ad411bee2dab,2,1,0.0017977320821955
RU-A1251,img_2dad71961b5ab5f4,2,1,0.0133439237251877
RU-A1251,img_6bbcbca4ebf1dcc3,2,1,0.0003534309507813
RU-A1251,img_bc72bd486195709b,2,1,0.0081094279885292
RU-A1251,img_9bb4761e496a7c19,2,1,0.0161660239100456
RU-A1251,img_026b03b707d69374,2,1,0.0006469131330959
RU-A1251,img_37d73ec364ecd89c,2,1,0.0013034893199801
RU-A1251,img_389663b2e72f8ccd,2,1,0.0010214018402621
RU-A1251,img_e9207379d7cf370f,2,1,0.0031863851472735
RU-A1251,img_b9c8195ff22a5bdb,2,1,0.0011590673821046
RU-A1251,img_23808aa99ad4a010,2,1,0.0004231251077726
RU-A1251,img_0d4e2f8217a6a429,2,1,0.3556587398052215
RU-A1251,img_7e3e648b59b560ff,2,1,0.2314106076955795
RU-A1251,img_448498b4a6226637,2,1,0.0004755620320793
RU-A1251,img_5a418c5470c18130,2,1,6.35312098893337e-05
RU-A1251,img_9b3dda18f52398c3,2,1,0.0128663815557956
RU-A1251,img_a9aa2953c27365bd,2,1,0.0058785951696336
RU-A1251,img_bbe2192ae099d420,2,1,0.0131861995905637
RU-A1251,img_62a1e3c01176e5ea,2,1,0.0043073841370642
RU-A1251,img_98d9bd347e7dca9c,2,1,0.0153966657817363
RU-A1251,img_fc56cd99f782bd0a,2,1,0.0180968772619962
RU-A1251,img_98af12855b0e7a13,2,1,0.0051349895074963
RU-A1251,img_db3f7d60f735ecbc,2,1,0.0132504785433411
RU-A1251,img_5666a5cd5bd0e47c,2,1,0.0021078903228044
RU-A1251,img_6a5849527105d664,2,1,0.0005401328089646
RU-A1252,img_64312d924d92e23b,2,0,0.0317999571561813
RU-A1252,img_ed9223aa6ace71e9,2,0,0.002752169733867
RU-A1252,img_549dc037d491a696,2,0,0.0474854037165641
RU-A1252,img_4e3b338be34c9d38,2,0,0.0023333134595304
RU-A1252,img_1229ea2445e71815,2,0,0.0017330773407593
RU-A1252,img_3f861a7833361ca2,2,0,0.0002570399665273
RU-A1252,img_a63f7b50351280f1,2,0,0.0001579593808855
RU-A1252,img_63a26b05ae24e71e,2,0,0.0011225169291719
RU-A1252,img_20bf0be79d47c78b,2,0,0.0026255606207996
RU-A1252,img_b11e68f0000cf42d,2,0,0.0012500889133661
RU-A1252,img_ab24060abf7e2b5a,2,0,0.0031665584538131
RU-A1252,img_f3fe90b8d540e894,2,0,0.0030991160310804
RU-A1252,img_d0f362f52a0f8893,2,0,0.0004195330257061
RU-A1252,img_d53477674959abf2,2,0,0.0003524345520418
RU-A1252,img_40eca33277dbef3a,2,0,0.0065454253926873
RU-A1252,img_a8dfa2b3f56a932b,2,0,0.0072229644283652
RU-A1252,img_8e205f4c444de7a7,2,0,0.0100341383367776
RU-A1252,img_101a46fad5805961,2,0,0.0027897378895431
RU-A1252,img_84c0e68ffc4e74f7,2,0,0.0002934861113317
RU-A1252,img_6ea321d0ea22adf8,2,0,0.0004089849535375
RU-A1252,img_fadc9151e90eb6be,2,0,0.1062082350254058
RU-A1252,img_2ea72473b736af7f,2,0,0.0653497949242591
RU-A1252,img_f1c1d69ac3d58479,2,0,0.0014543867437168
RU-A1252,img_49bb7dff4e6f9a40,2,0,0.0031840433366596
RU-A1252,img_657d8f17dcf690e5,2,0,0.0004769034858327
RU-A1252,img_0f8593592fbe074b,2,0,0.000284138135612
RU-A1252,img_e40f5ee990f881e9,2,0,0.0084693627431988
RU-A1252,img_cbefeef31ea64e78,2,0,0.0056370683014392
RU-A1252,img_0745a2dbb2e98fd9,2,0,0.008920669555664
RU-A1252,img_c0cf11b324e4ffe3,2,0,0.0021437203977257
RU-A1252,img_9db3aaf1d03fe174,2,0,0.0068659847602248
RU-A1252,img_5448d64c6289d498,2,0,0.0002752636210061
RU-A1252,img_2b24113199a30b16,2,0,0.0029354775324463
RU-A1252,img_dd4c063159a69006,2,0,0.0029626484028995
RU-A1252,img_e720fe8c0fd5bb6d,2,0,0.0071571981534361
RU-A1252,img_da34bd5c422736bf,2,0,0.0072544417344033
RU-A1252,img_af56dcaa762d52a3,2,0,0.0030568717047572
RU-A1252,img_04eb48325d3eeadf,2,0,0.0026891678571701
RU-A1252,img_47dca7d163b82cea,2,0,0.0025173309259116
RU-A1252,img_4d855547d6d490f2,2,0,0.0026156012900173
