pid,image_id,fold,y_true,proba
RU-A1156,img_2919fb9629af8eb6,4,1,0.0929044261574745
RU-A1156,img_d113fcf2b340674b,4,1,0.0863870754837989
RU-A1048,img_615157a6f6318fc0,0,1,0.0096830110996961
RU-A1048,img_1af1a8ac1245dd39,0,1,0.0155435660853981
RU-A1048,img_0434b8184663ea6a,0,1,0.0177907012403011
RU-A1048,img_1347dbe04673e854,0,1,0.0918779522180557
RU-A1048,img_5e7df910a2c0ac34,0,1,0.3565171957015991
RU-A1048,img_01a97ea00547c5bf,0,1,0.298717737197876
RU-A1048,img_cdd19bc4e12d3f46,0,1,0.0038305923808366
RU-A1048,img_a2d37942a0dbbc96,0,1,0.0043567041866481
RU-A1048,img_5410faa7cb69fefd,0,1,0.1242831423878669
RU-A1048,img_02224c7fbd4dd58a,0,1,0.1017400249838829
RU-A1048,img_76da8f0577c13e22,0,1,0.0137069355696439
RU-A1048,img_77a1e9fda7d6f6ed,0,1,0.0021716216579079
RU-A1048,img_393086b1d76cf2e3,0,1,0.0030222893692553
RU-A1048,img_2daa10ddecff8b06,0,1,0.0020344646181911
RU-A1048,img_583fd0ffd3a7fae2,0,1,0.0002931247872766
RU-A1048,img_7efb7f864b447cc7,0,1,0.0005031671607866
RU-A1048,img_5cc8a8b1f0819e10,0,1,6.186272366903722e-05
RU-A1048,img_0ada6a07b5b250db,0,1,0.0001165647772722
RU-A1048,img_2dc9bdc31e605b73,0,1,9.781710105016828e-05
RU-A1048,img_19c1e67cae61b925,0,1,0.0001344562915619
RU-A1048,img_f905a8654c65f429,0,1,0.0264677759259939
RU-A1048,img_da5f0762a08801b8,0,1,0.0216749794781208
RU-A1048,img_9e431fa94056e03b,0,1,0.1296986490488052
RU-A1048,img_552958db4b80a3c8,0,1,0.0044220183044672
RU-A1080,img_53d27e21f6293a1a,3,0,0.0020879828371107
RU-A1080,img_e4462661e8adeeaa,3,0,0.0125973150134086
RU-A1080,img_b7c02f7e41a921b7,3,0,0.0308561511337757
RU-A1080,img_f6c8588b96713ccc,3,0,0.0101361889392137
RU-A1080,img_e7e6926b0c5d8fe3,3,0,0.0062842178158462
RU-A1080,img_763a8069a29b9b05,3,0,0.0017940284451469
RU-A1080,img_a0004c6821cef0f7,3,0,0.003136959625408
RU-A1080,img_a98e6efe9c8de603,3,0,0.0015406343154609
RU-A1080,img_cb025e3782630dbe,3,0,0.0056788581423461
RU-A1080,img_8f18c4773b2ced5b,3,0,0.9959315657615662
RU-A1080,img_49be88c649c5c5be,3,0,0.9552249908447266
RU-A1089,img_e22a379091047774,1,1,0.2808009386062622
RU-A1089,img_bdfb8c59d943520a,1,1,0.0513547509908676
RU-A1099,img_ced36bdbc001ccc5,2,1,0.008522730320692
RU-A1099,img_934d287b5ca033af,2,1,0.0197109673172235
RU-A1099,img_605490138f3b6cce,2,1,0.0210534669458866
RU-A1099,img_5f889a4ac2057fb5,2,1,0.0286948457360267
RU-A1099,img_026898dfaf220c28,2,1,0.0128472512587904
RU-A1099,img_09b90c24774e7828,2,1,0.0092136999592185
RU-A1099,img_ca690feda1d750fa,2,1,0.0158130005002021
RU-A1099,img_76769bde8f825629,2,1,0.0296280365437269
RU-A1107,img_9d423112ae60515f,0,0,0.0289243347942829
RU-A1107,img_70c41eda32a6d457,0,0,0.0392020083963871
RU-A1107,img_698fb297a7c6039d,0,0,0.0825221836566925
RU-A1107,img_5a3419b739374530,0,0,0.1846839338541031
RU-A1016,img_1d66366cc1998061,1,0,0.0932593345642089
RU-A1016,img_d645bb77266d216e,1,0,0.0506271459162235
RU-A1016,img_da759c53188dfdb3,1,0,0.3146978318691253
RU-A1016,img_2855963ede417424,1,0,0.047040682286024
RU-A1016,img_23ca300f480bc79f,1,0,0.0527058616280555
RU-A1016,img_1a7a1dd3d46fc9a1,1,0,0.1594776511192321
RU-A1016,img_70a1cef338771195,1,0,0.0030765158589929
RU-A1016,img_7a817b858d664095,1,0,0.0047701215371489
RU-A1016,img_10fa9ab5f75b2e02,1,0,0.7457157969474792
RU-A1016,img_7ba1a59cd0f4ad6d,1,0,0.4611139595508575
RU-A1016,img_629dc507d72bad23,1,0,0.2965149581432342
RU-A1052,img_30ccafa79b1e5c28,2,0,0.0268965456634759
RU-A1052,img_8ce1046e2ebff118,2,0,0.0063460012897849
RU-A1052,img_78ad139745c96657,2,0,0.1793858557939529
RU-A1052,img_0a077b8d620d3f1f,2,0,0.0139691801741719
RU-A1052,img_574ca5460edab67d,2,0,0.0071693221107125
RU-A1052,img_1e8f662b5872bf74,2,0,0.0055777551606297
RU-A1052,img_689f29f80d42312b,2,0,0.0074461796320974
RU-A1052,img_89074b12d5e3769f,2,0,2.9571863706223667e-05
RU-A1052,img_6e69a1cffb1797fe,2,0,0.000330900773406
RU-A1052,img_bb88c76ad332f52c,2,0,0.0741799026727676
RU-A1052,img_6b9803ba9e3f4d39,2,0,0.0414213724434375
RU-A1052,img_345241a2162f61a8,2,0,0.0069115376099944
RU-A1058,img_8ca9b1dfea8f445b,2,0,0.0052403099834918
RU-A1058,img_1448eb37b91dfbf2,2,0,0.0146605661138892
RU-A1058,img_d1a2c8e18334ad60,2,0,0.0045679598115384
RU-A1058,img_1285bc76185e755d,2,0,0.0078887278214097
RU-A1058,img_ac7b7097852242e3,2,0,0.0049598249606788
RU-A1058,img_87af2e58ec90a397,2,0,0.0055951690301299
RU-A1058,img_53f9e1bf5a2928fd,2,0,0.0052521247416734
RU-A1058,img_0c6632a19da1d320,2,0,0.013754604384303
RU-A1058,img_1397bd6a0fcbb42b,2,0,0.012291251681745
RU-A1058,img_8ab00ebe9c4df78f,2,0,0.0223459098488092
RU-A1058,img_ffed7cab95661d93,2,0,0.0131820440292358
RU-A1058,img_9b6fdf227782fd34,2,0,0.0082602379843592
RU-A1058,img_bd58a96c7a49a8fa,2,0,0.0053179343231022
RU-A1058,img_f01449513fc32162,2,0,0.0117990281432867
RU-A1058,img_7722642afa3d1969,2,0,0.0105765787884593
RU-A1058,img_588134547734a2ad,2,0,0.0094153629615902
RU-A1058,img_fc9442cf9ee7d0a7,2,0,0.0804074928164482
RU-A1058,img_bacc99d5d573c2f7,2,0,0.0076818144880235
RU-A1058,img_a813e15ee1fb49a5,2,0,0.0151427760720252
RU-A1058,img_6b4c91c46e2ee9e7,2,0,0.0075839702039957
RU-A1058,img_6e04fb5a35747565,2,0,0.039881594479084
RU-A1058,img_6cb909bef7a2df08,2,0,0.0639789476990699
RU-A1058,img_01172d93cf2bd66a,2,0,0.0167067404836416
RU-A1058,img_0d38dc280a0ed213,2,0,0.0399322621524333
RU-A1074,img_a0861ea9e7660989,2,0,0.0087360581383109
RU-A1074,img_e145a6fa6dd942f6,2,0,0.0100201852619647
RU-A1074,img_31f3a4018f5dd8d0,2,0,0.0004692827933467
RU-A1074,img_c944a6f2be7b4fe9,2,0,0.0004944740212522
RU-A1074,img_36173f5c1e011c0d,2,0,0.0584838464856147
RU-A1074,img_1a8ed1c40c6e7e5f,2,0,0.45259690284729
RU-A1098,img_3ae15fde7f9afade,3,0,0.0110172210261225
RU-A1098,img_905e1b987819fed4,3,0,0.0329897217452526
RU-A1098,img_37c256109ac3a823,3,0,0.0054636434651911
RU-A1098,img_e00095b434bed28d,3,0,0.0001568533625686
RU-A1098,img_4fdbe66edfebdc04,3,0,0.0057934061624109
RU-A1098,img_dc432a1c6eaf385c,3,0,0.0118850525468587
RU-A1098,img_31a7b21a748aed23,3,0,0.0180297512561082
RU-A1098,img_1cccaf4a04648eb1,3,0,0.0033409753814339
RU-A1050,img_d2ef31434a0fff6e,3,1,0.1253716796636581
RU-A1050,img_ee0066527d1c4cd6,3,1,0.1915594786405563
RU-A1068,img_0dc274e4a92e9052,2,0,0.0047824336215853
RU-A1068,img_c865d5a832893e9b,2,0,0.0119530195370316
RU-A1068,img_164e07147199a243,2,0,0.0354019664227962
RU-A1068,img_fac566c3c6c081fd,2,0,0.0409822948276996
RU-A1068,img_fadbd2819e4b7f0b,2,0,0.0671702176332473
RU-A1068,img_6195cb9ef196e838,2,0,0.0149091640487313
RU-A1068,img_df1bb1f949077480,2,0,0.0699461624026298
RU-A1068,img_ccdb8b939171d9df,2,0,0.0020333977881819
RU-A1068,img_1480e4fb992468df,2,0,0.0115470625460147
RU-A1068,img_93521b4fc9a39744,2,0,0.0127988420426845
RU-A1068,img_0ef6c053a1efa9cb,2,0,0.0012341011315584
RU-A1068,img_25d8ce440d731440,2,0,0.0004005738010164
RU-A1068,img_a1eb985fcd771a63,2,0,0.0660012885928154
RU-A1068,img_6919fc42f2cb0292,2,0,0.158545583486557
RU-A1069,img_29fea1742bde81f1,3,0,0.0682086423039436
RU-A1069,img_d3537ec084088385,3,0,0.0798846632242202
RU-A1069,img_5f90bb3a75a84565,3,0,0.0032042905222624
RU-A1069,img_89432fed4f986adb,3,0,0.0086835883557796
RU-A1069,img_7a36ca777906472c,3,0,0.0039720903150737
RU-A1069,img_dbe15317497aec02,3,0,0.0025488918181508
RU-A1069,img_00881378b5922b46,3,0,0.0129955783486366
RU-A1069,img_11333961ba50a402,3,0,0.0001563933910802
RU-A1069,img_2730485b8df5a181,3,0,0.0026143353898078
RU-A1069,img_144d587daae63140,3,0,0.0020172542426735
RU-A1069,img_9e907ab2c0c5f60f,3,0,0.0172470118850469
RU-A1069,img_c2312dc45a9ee6c9,3,0,0.0010164540726691
RU-A1069,img_66f1fc5d75ccad3c,3,0,0.0188374649733304
RU-A1069,img_f40cefc5aabb8685,3,0,0.0395375341176986
RU-A1069,img_3539ec17c0f6dc19,3,0,0.0064957607537508
RU-A1069,img_2f445d43cb6a4c34,3,0,0.0458428151905536
RU-A1069,img_096a19e1485e3e1d,3,0,0.0278454907238483
RU-A1069,img_38e65d5e417cbbd8,3,0,0.0414373464882373
RU-A1069,img_b7487da3d4cbfd51,3,0,0.0131966779008507
RU-A1069,img_de7f3391803d823e,3,0,0.0128610394895076
RU-A1069,img_ec74d794cb0c8612,3,0,0.0014885325217619
RU-A1069,img_fd9e9ef128d318ca,3,0,0.0035911938175559
RU-A1069,img_1958472f7c720185,3,0,0.016022628173232
RU-A1069,img_1c977fc3cb36e35c,3,0,0.0318532586097717
RU-A1069,img_dc6e72e5addf23c9,3,0,0.0001372436236124
RU-A1069,img_1c331cded5089a43,3,0,0.0001067363045876
RU-A1069,img_902a4cff1b93d849,3,0,0.0045360513031482
RU-A1069,img_be34d14764caec98,3,0,0.0028671133331954
RU-A1069,img_14783106ce96dfba,3,0,0.922002375125885
RU-A1069,img_f7009805dff8f9cf,3,0,0.6063623428344727
RU-A1069,img_cbe30f9cebd532ad,3,0,0.5547913908958435
RU-A1069,img_807f692be3a97d7b,3,0,0.4575088918209076
RU-A1071,img_f1bf7e185918828e,0,1,0.9441735148429872
RU-A1071,img_6764b3bb82303282,0,1,0.8470513820648193
RU-A1071,img_255ba469849c7fbe,0,1,0.5522366166114807
RU-A1071,img_fb8cdf71da917259,0,1,0.0260205212980508
RU-A1071,img_5d53ba894d46933e,0,1,0.0267221201211214
RU-A1071,img_18981532a2de742f,0,1,0.0151805337518453
RU-A1072,img_e4d19559ce6c7c5b,0,0,0.0003121809568256
RU-A1072,img_745564efb4b1aedf,0,0,0.002956717275083
RU-A1072,img_b9428b3d585b9fee,0,0,0.0006720328237861
RU-A1072,img_30d0d7cbd2ae936d,0,0,0.0012401981512084
RU-A1072,img_09350acbf91fa1d1,0,0,0.0715786442160606
RU-A1072,img_e96f4fedd84d477b,0,0,0.1252609938383102
RU-A1072,img_2a6459477585e3f1,0,0,0.506258487701416
RU-A1072,img_f1dbff2a22171d4e,0,0,0.2526079714298248
RU-A1073,img_8dba78fb4cbfdcb2,4,0,0.0021904094610363
RU-A1073,img_510a24476049a246,4,0,0.0037493670824915
RU-A1073,img_05613777d7d60acf,4,0,0.0225227139890193
RU-A1073,img_69a449be8babb7c4,4,0,0.01640560105443
RU-A1073,img_bf31b7c2b9a2c89a,4,0,0.0517239235341548
RU-A1073,img_ccdf9e7d4d800d31,4,0,0.026043128222227
RU-A1073,img_9d374727786014d6,4,0,0.9816036224365234
RU-A1073,img_3eeff4e77fc6c6ee,4,0,0.9827867746353148
RU-A1073,img_a658cde89dc61e4f,4,0,0.9921277761459352
RU-A1073,img_8adf2d3bfaa855df,4,0,0.0632533952593803
RU-A1073,img_43ce6eaffe64af70,4,0,0.3032971620559692
RU-A1076,img_bb2fb924b90d812c,1,0,0.1236853897571563
RU-A1076,img_0744d508411907b0,1,0,0.1289610117673874
RU-A1076,img_611f27940adb49c8,1,0,0.6474840641021729
RU-A1076,img_644a8a6165b936ba,1,0,0.6006328463554382
RU-A1076,img_534fc301f6b1e833,1,0,0.2507604360580444
RU-A1076,img_fa80805e4426bc0e,1,0,0.578550398349762
RU-A1076,img_8ca4a7fbe4e032bb,1,0,0.1991639137268066
RU-A1076,img_4835ab32c70833cc,1,0,0.2829489111900329
RU-A1126,img_4ddb1f110e63c31b,2,0,0.0014529000036418
RU-A1126,img_35bf6e4514660541,2,0,0.0005916945519857
RU-A1126,img_f242ba277c2de047,2,0,0.0023591846693307
RU-A1126,img_dae060c5b2c5ecf1,2,0,0.0017438965151086
RU-A1126,img_a7f819e1627380f3,2,0,0.0065175630152225
RU-A1126,img_46103a5600e7d5d5,2,0,0.0012722178362309
RU-A1126,img_d4f2f36284da00ee,2,0,0.0109912957996129
RU-A1126,img_4e09a720d179bb90,2,0,0.0005179651197977
RU-A1126,img_101a1e6361f5d305,2,0,0.000712520617526
RU-A1126,img_377d04c2fcdda1f4,2,0,0.0112025011330842
RU-A1126,img_4586a68b3d2249a8,2,0,0.0479017868638038
RU-A1126,img_53cab7963dfdb145,2,0,0.0142500204965472
RU-A1126,img_39d5cad440ad53bc,2,0,0.0173876993358135
RU-A1126,img_056bdeb69b8eb219,2,0,0.0334542021155357
RU-A1126,img_a26eb1715e61d6d7,2,0,0.0092775719240307
RU-A1126,img_f7128edd69c5262b,2,0,0.0128138046711683
RU-A1126,img_69984608b5a511ee,2,0,0.0017670524539425
RU-A1126,img_aeb0d9f5e4463af5,2,0,0.0257908459752798
RU-A1126,img_f0814c91261a030c,2,0,0.0338822305202484
RU-A1126,img_7a8b9e8f09a41c3e,2,0,0.0017356746830046
RU-A1126,img_9666940deb9aa619,2,0,0.0072757839225232
RU-A1126,img_8f58731f05b2d28f,2,0,0.0398288145661354
RU-A1126,img_bb03e6e5f4e38473,2,0,0.0457309149205684
RU-A1127,img_65f135634172bf81,0,0,0.0070745283737778
RU-A1127,img_e11c00a5e4be1445,0,0,0.0092900665476918
RU-A1127,img_bd270699ec7182d8,0,0,0.0027929949574172
RU-A1127,img_e435f67edcf96df7,0,0,0.0040749493055045
RU-A1127,img_a43b0bab4cd1ed22,0,0,0.0003853171656373
RU-A1127,img_fc88faf9ee7ce35a,0,0,0.0054357885383069
RU-A1127,img_26041efc1df315c9,0,0,0.0005993274971842
RU-A1127,img_7a642b7a90127e64,0,0,0.0019239233806729
RU-A1127,img_99531d809548016a,0,0,0.0049154753796756
RU-A1127,img_af09bc5d6bba7a42,0,0,0.0124510899186134
RU-A1127,img_b6e2d573eaf7b7cd,0,0,0.1470385044813156
RU-A1127,img_f9f954868257ad47,0,0,0.0510674379765987
RU-A1127,img_db6a9fd49d75710d,0,0,0.0008952469797804
RU-A1127,img_83a990ec838630eb,0,0,0.000790626858361
RU-A1127,img_0ca49a5a34306a63,0,0,0.0014129757182672
RU-A1127,img_258742d4f1fa433c,0,0,0.002151631982997
RU-A1128,img_f4c5b5b86d18cce6,0,0,0.0216484256088733
RU-A1128,img_204eec53a566d1b7,0,0,0.0163303334265947
RU-A1128,img_701ac62ee9a3469d,0,0,0.0018928119679912
RU-A1128,img_789ac8a72d2f1104,0,0,0.0043261456303298
RU-A1128,img_eec002ba891bdbc6,0,0,0.5193993449211121
RU-A1128,img_8b119e966f9ca72f,0,0,0.5157451629638672
RU-A1128,img_c853576ec6962317,0,0,0.0107029015198349
RU-A1128,img_e716f023a7d8d739,0,0,0.0003339619433972
RU-A1128,img_538d5666e7520d8e,0,0,0.0482296422123909
RU-A1128,img_7a5261be4e4997f3,0,0,0.0257592406123876
RU-A1128,img_0f7370c1b633d224,0,0,0.0020724502392113
RU-A1128,img_ac771a3bced2f6b2,0,0,0.0025990135036408
RU-A1129,img_f6039f0947ed5b6b,3,0,0.001610403181985
RU-A1129,img_e3e37d1eb88750cc,3,0,0.009703928604722
RU-A1129,img_89e7758c27344884,3,0,0.0009091130341403
RU-A1129,img_be95c5b90c88c440,3,0,0.0061747678555548
RU-A1129,img_48e7aa056995efae,3,0,0.0017623015446588
RU-A1129,img_137a5b427d8d4a64,3,0,0.0009655331959947
RU-A1129,img_6dd6e89d47bb86fe,3,0,0.0032340195029973
RU-A1129,img_e4c96351506b7f65,3,0,0.0026597853284329
RU-A1129,img_697570746b7b3079,3,0,0.0013496017782017
RU-A1129,img_7bd0ed37218258ca,3,0,0.0009412848739884
RU-A1129,img_50278f3d469627de,3,0,0.0004413948627188
RU-A1129,img_d9a943c8560821a6,3,0,7.590873428853229e-05
RU-A1129,img_85c9554d7ea88341,3,0,0.0013326804619282
RU-A1129,img_25bf6bfb7549cdbb,3,0,0.0069515486247837
RU-A1129,img_1655afc496e7bcb4,3,0,0.0176055431365966
RU-A1129,img_b2c49f4a3ff85489,3,0,0.0007648154278285
RU-A1129,img_17dbaff41152c136,3,0,0.0283763073384761
RU-A1129,img_d293e37da6fcf502,3,0,0.0116814700886607
RU-A1130,img_48323da9bd082bec,3,0,0.0114307943731546
RU-A1130,img_2e06ce1cead79d54,3,0,0.0233095586299896
RU-A1130,img_12daf29661aac061,3,0,0.0142184933647513
RU-A1130,img_353bf259c477ee37,3,0,0.1007848009467125
RU-A1130,img_f7fb6cc5bc7d9e73,3,0,0.0282454881817102
RU-A1130,img_aa569dc1ef97c1fb,3,0,0.0221776757389307
RU-A1130,img_f0b2453f76d15da4,3,0,0.0080515425652265
RU-A1130,img_507260ca6a53b174,3,0,0.003676390973851
RU-A1130,img_9b3878bfe27b7895,3,0,0.0023529429454356
RU-A1130,img_1f3a2d6655b84224,3,0,0.0009806148009374
RU-A1130,img_06f79d1195bec41d,3,0,0.002545443829149
RU-A1130,img_79ef52bffc6ec78f,3,0,0.0030840039253234
RU-A1130,img_04ae63b035263d00,3,0,0.0205176807940006
RU-A1130,img_bb74e7be37127015,3,0,0.0067184180952608
RU-A1130,img_949e23c2f2fd1016,3,0,0.0177964512258768
RU-A1130,img_1d4b352986086f6e,3,0,0.0577579177916049
RU-A1130,img_67e7de3d28cb8496,3,0,0.0068915421143174
RU-A1130,img_3d0e575a22dab7e5,3,0,0.0101425256580114
RU-A1130,img_f6bf7c99481933fb,3,0,0.0042857364751398
RU-A1130,img_802074d2422790a7,3,0,1.2894046449218877e-05
RU-A1130,img_988057f0440d7c5a,3,0,1.4580681636289228e-05
RU-A1131,img_0b749114d42daca0,3,0,0.017338927835226
RU-A1131,img_5a88d83db18de295,3,0,0.0176762361079454
RU-A1131,img_c106cde4c966041d,3,0,0.0037377879489213
RU-A1131,img_57defb92f758f758,3,0,0.0638195499777793
RU-A1131,img_c81cafa07f26cb7e,3,0,0.1573824286460876
RU-A1131,img_5c087d1a854b4a31,3,0,0.0009997934103012
RU-A1131,img_f79fbf1df0c8321a,3,0,0.0010788397630676
RU-A1131,img_dd162b079b094840,3,0,0.1627832949161529
RU-A1131,img_893f0d3825b554d5,3,0,0.0437215566635131
RU-A1131,img_57327063d7b6d713,3,0,0.0004933754098601
RU-A1131,img_f49e388ae10e67df,3,0,0.0220491178333759
RU-A1131,img_f3b4d6a85cb88d27,3,0,0.0512316860258579
RU-A1131,img_cdadac931b08d3a6,3,0,0.0057065016590058
RU-A1131,img_31d53487459c03e8,3,0,0.0124101005494594
RU-A1131,img_d1a41c081f78e132,3,0,0.0160348769277334
RU-A1131,img_b465ca99fe1f18a9,3,0,0.0026027108542621
RU-A1131,img_1c7146e0f3eede9b,3,0,0.0062307184562087
RU-A1131,img_58c3d1ce15725046,3,0,0.0461149737238884
RU-A1131,img_0c4dd14694c4841c,3,0,0.0078268675133585
RU-A1131,img_fc9b22f519120fb5,3,0,0.0109642604365944
RU-A1131,img_f07e722dd1aa4c6c,3,0,0.0034401938319206
RU-A1131,img_aceab744e6062350,3,0,0.0329961590468883
RU-A1131,img_b5e57ad9415462a0,3,0,0.0073117394931614
RU-A1131,img_5a09de8c7641ec04,3,0,0.5095164775848389
RU-A1131,img_df5a094a4793e8cf,3,0,0.0978667140007019
RU-A1131,img_a93bc4f399fcddb0,3,0,0.0087177688255906
RU-A1131,img_e1ce17f85c54665c,3,0,0.0163280367851257
RU-A1132,img_15cf412b8a36ef71,4,0,0.0024941710289567
RU-A1132,img_0b7a2191dae0145e,4,0,0.0068284608423709
RU-A1132,img_bd3bef2fda7e9294,4,0,0.2934913337230682
RU-A1132,img_c56c490910e5f114,4,0,0.4003046154975891
RU-A1132,img_29fe3d927d718862,4,0,0.092172123491764
RU-A1132,img_6637779fbed35c03,4,0,0.1687660366296768
RU-A1133,img_4dd30ef220739129,2,0,0.0004488532722461
RU-A1133,img_9fdb3004006fb583,2,0,0.005229617934674
RU-A1133,img_0f8a84c5585db9e0,2,0,0.0116067994385957
RU-A1133,img_7e599e22da3e9ad2,2,0,0.0095562757924199
RU-A1133,img_16ad54908803d355,2,0,0.0025905061047524
RU-A1133,img_b8b1d03099d3b68e,2,0,0.0052233305759727
RU-A1133,img_1d0da9d20fc15170,2,0,0.0078992815688252
RU-A1133,img_5dbafefa1884bcc9,2,0,0.0042587700299918
RU-A1133,img_1e853a199f94bd0c,2,0,0.0052245021797716
RU-A1133,img_dde17dbd58b9b1d3,2,0,0.0158859677612781
RU-A1133,img_e2caff634357bc0e,2,0,0.0065715108066797
RU-A1133,img_03ef30754e533a31,2,0,0.005689465906471
RU-A1133,img_a77f45575c65a286,2,0,0.0138299250975251
RU-A1133,img_01396c8e70449092,2,0,0.0273478701710701
RU-A1133,img_0eba25a0a12d1eb2,2,0,0.0038249248173087
RU-A1133,img_4798318cde3a1421,2,0,0.0023353158030658
RU-A1133,img_203649cdb542ecee,2,0,0.0042036203667521
RU-A1134,img_ed36ea9af7ad3d98,4,0,0.0016359058208763
RU-A1134,img_376ff3f0d8fe329a,4,0,0.0016871560364961
RU-A1134,img_9e4e935346f1d491,4,0,0.0143317664042115
RU-A1134,img_ff0b2d613e853bc2,4,0,0.1627837717533111
RU-A1135,img_56952127417c94b0,1,0,0.0007584683480672
RU-A1135,img_49f60fe3a815bbb9,1,0,0.0199150014668703
RU-A1135,img_effb746d58a61371,1,0,0.00142964173574
RU-A1135,img_97a67ce819773434,1,0,0.0031044271308928
RU-A1135,img_74533c5080577f94,1,0,0.0008097357931546
RU-A1135,img_a95e9e26848f273f,1,0,0.0001669226621743
RU-A1135,img_8e6f25b814f1bd4f,1,0,0.001141347689554
RU-A1135,img_0d8b5d72aa37485c,1,0,0.002244257600978
RU-A1135,img_e2207ad1fa5aaaf2,1,0,0.0088497130200266
RU-A1135,img_5745b0875fce9cd8,1,0,0.0389502681791782
RU-A1135,img_c474af5a94d6c7e7,1,0,0.0090546905994415
RU-A1135,img_8c32590e51086ca3,1,0,0.0461251586675643
RU-A1135,img_c82d8de6b91030fb,1,0,0.0004612013872247
RU-A1135,img_c9e464554cddf543,1,0,0.0002543025184422
RU-A1135,img_a173b1dde10d4bc3,1,0,0.0034831422381103
RU-A1135,img_017660fbfe2280a5,1,0,0.000568006071262
RU-A1135,img_065ea38bcd0c7c62,1,0,0.0045786295086145
RU-A1135,img_a9479de5e22db8bd,1,0,0.0208681244403123
RU-A1136,img_e5219e7b26eb73b1,0,0,0.2450251132249832
RU-A1136,img_8e6c90ed9efe226e,0,0,0.3598717153072357
RU-A1136,img_db87d54477455f59,0,0,0.63126540184021
RU-A1136,img_5f0e93cb50037c12,0,0,0.5418851375579834
RU-A1138,img_931d5f624e33e830,4,0,0.1112131848931312
RU-A1138,img_94fdc2acc712d855,4,0,0.0670874640345573
RU-A1138,img_9670dd15697b9414,4,0,0.0001295950933126
RU-A1138,img_52e3fb1a3a09f5fb,4,0,0.001003376673907
RU-A1139,img_a0a0681c0f504288,3,0,0.1317616552114486
RU-A1139,img_80ff552783e0160d,3,0,0.3732941746711731
RU-A1139,img_3fb25d283203ec69,3,0,0.000923866929952
RU-A1139,img_c09c2cf650dadbe0,3,0,0.0025997853372246
RU-A1139,img_4f592f8b7198c69f,3,0,0.0500982068479061
RU-A1139,img_0243ed6625d457b6,3,0,0.1587752401828766
RU-A1139,img_396bfcc16f61b215,3,0,0.0208582039922475
RU-A1139,img_456c20f1e038272d,3,0,0.1158857643604278
RU-A1139,img_a5eb0bce84817083,3,0,0.0010239683324471
RU-A1139,img_215eac80c8974f54,3,0,0.0031671074684709
RU-A1139,img_35dc2dfe80bae39d,3,0,0.0070188767276704
RU-A1139,img_b961ac4ec3ae188f,3,0,0.007048022467643
RU-A1139,img_b1f87444687720ea,3,0,0.5184755921363831
RU-A1139,img_dab42944989b11f2,3,0,0.6957958340644836
RU-A1139,img_8d942fb94cd14302,3,0,0.6597063541412354
RU-A1139,img_a8edc153e0a81e64,3,0,0.0298616494983434
RU-A1139,img_a53b36472b667b61,3,0,0.161602184176445
RU-A1139,img_434603eb41ab48f0,3,0,0.682797908782959
RU-A1139,img_2f2d73ad430f52d7,3,0,0.9225746989250184
RU-A1139,img_26fb18c28a6e53e6,3,0,0.8883158564567566
RU-A1140,img_26c110293f70dad1,4,0,0.0045374920591712
RU-A1140,img_ae5e7eba2b3aa7c8,4,0,0.0015034452080726
RU-A1140,img_00fa53f51edf4895,4,0,0.000202509065275
RU-A1140,img_f3cbda6c7488e42c,4,0,0.0004138171207159
RU-A1140,img_194d27375a4fa5c6,4,0,0.0516542457044124
RU-A1140,img_a05d92da8b327445,4,0,0.0144246481359004
RU-A1140,img_7413a2de0aa0174b,4,0,0.0062801809981465
RU-A1140,img_34889222a498afd6,4,0,0.0023103882558643
RU-A1141,img_ecdabe6a3e49ccd3,2,0,0.0092323357239365
RU-A1141,img_4fb7b38c4698ebf3,2,0,0.001993014011532
RU-A1141,img_41475682c2aebfc3,2,0,0.0034649227745831
RU-A1141,img_fbf2ba863bd19b3b,2,0,0.0179812461137771
RU-A1141,img_db6786c3dcf16060,2,0,0.0060251802206039
RU-A1141,img_ed6f3e7f8d72d048,2,0,0.008632049895823
RU-A1141,img_03641367c2f44142,2,0,0.01695510558784
RU-A1141,img_b9237598d9256f2c,2,0,0.006663407664746
RU-A1141,img_e3ded371448f2b8a,2,0,0.1763863116502761
RU-A1141,img_c3f74ba3c8f13502,2,0,0.0553901605308055
RU-A1141,img_c1e472cb347b9bf7,2,0,0.0082323113456368
RU-A1141,img_268532d45961e5a1,2,0,0.0013813889818266
RU-A1142,img_b2ad183e525f10c1,2,0,0.0171974953263998
RU-A1142,img_25c26e43a8315a84,2,0,0.0259284488856792
RU-A1142,img_6ce18d9da5068176,2,0,0.0016838342417031
RU-A1142,img_65057f6d6bc448f5,2,0,0.0036514783278107
RU-A1142,img_bdc73face27cb757,2,0,0.0095734316855669
RU-A1142,img_a73b2795321d87fd,2,0,0.001090578502044
RU-A1142,img_a4dec0f8826348fa,2,0,0.0018221053760498
RU-A1142,img_70f42d3489e475e8,2,0,0.002209813799709
RU-A1142,img_968b51a1720bbe67,2,0,0.0026168741751462
RU-A1144,img_2321d2c7c61443d5,1,0,0.4303346574306488
RU-A1144,img_f9fbf54dd971d875,1,0,0.8604767322540283
RU-A1144,img_38e99becd6fe2fa6,1,0,0.004060611128807
RU-A1144,img_ab4fa3020e4749e6,1,0,0.0023658582940697
RU-A1145,img_5506c96096e2993c,2,0,0.0030264602974057
RU-A1145,img_b2927a9e01e64f71,2,0,0.0162222720682621
RU-A1145,img_4a21211935dbf055,2,0,0.0007743526948615
RU-A1145,img_ab6ea08957db0f7f,2,0,0.0028668311424553
RU-A1145,img_691cfcc39614dce0,2,0,0.0102732190862298
RU-A1145,img_25dcbd43003f67a8,2,0,0.0311490818858146
RU-A1145,img_0326cf3b6e450cc3,2,0,0.0631330534815788
RU-A1145,img_7b523791a95e3682,2,0,0.1279789060354232
RU-A1145,img_ee6148fa870aea45,2,0,0.2241235971450805
RU-A1145,img_b464a60724b572f1,2,0,0.0601457320153713
RU-A1145,img_85d0c89ba7b1deb2,2,0,0.0056739170104265
RU-A1145,img_106c4d1330a25198,2,0,0.0106549225747585
RU-A1145,img_728b520aa9b3df5b,2,0,0.1278005540370941
RU-A1145,img_e5f7b03075ac2b2d,2,0,0.001280233147554
RU-A1145,img_0f524c91d54a0ee1,2,0,0.0009175756713375
RU-A1145,img_8f29a44b434e5073,2,0,0.0130713488906621
RU-A1145,img_6047d9d88baa7ec6,2,0,0.0065353498794138
RU-A1146,img_ced7d37a8dae7e24,0,0,0.016903132200241
RU-A1146,img_15c81a3a70b32e64,0,0,0.0052950335666537
RU-A1146,img_d36a03a1d0789eba,0,0,0.0019933860749006
RU-A1146,img_18a50179b924dc8c,0,0,0.0013449671678245
RU-A1146,img_0fed6dfc88b8b783,0,0,0.0043451776728034
RU-A1146,img_f28324d2ab8439c5,0,0,0.0251416787505149
RU-A1146,img_96bbdcf63f1c1f66,0,0,0.1614663898944854
RU-A1146,img_cb16569d14cc9ca2,0,0,0.305393248796463
RU-A1146,img_547da02fb9eca47e,0,0,0.0119556104764342
RU-A1146,img_4b0b2dc7686d6899,0,0,0.0894303247332573
RU-A1147,img_69e14d7b393117b7,0,0,0.0015506932977586
RU-A1147,img_f5aca410d64307db,0,0,0.0011750981211662
RU-A1147,img_fcdd57bb839a53a4,0,0,0.1044433042407035
RU-A1147,img_3903baa4c4f2c7c7,0,0,0.0698346197605133
RU-A1147,img_402a2adeeaf43be0,0,0,0.0242250841110944
RU-A1147,img_12af5491025ef0ea,0,0,0.011065175756812
RU-A1147,img_9210309a03851a22,0,0,0.0104838265106081
RU-A1147,img_5ae420538bcec54b,0,0,0.0101928375661373
RU-A1147,img_5e70d2b34946b905,0,0,0.0614560395479202
RU-A1147,img_759efcb3c4356499,0,0,0.022746643051505
RU-A1147,img_17b76f0a1611d140,0,0,0.0064376317895948
RU-A1147,img_4624055e69a270ac,0,0,0.0022567936684936
RU-A1147,img_ff7accb2b937f7d6,0,0,0.0033996074926108
RU-A1202,img_4c401195a5b2dbc8,1,0,0.0002104995510308
RU-A1202,img_4fbe40f27ae53a8d,1,0,0.0005813558236695
RU-A1202,img_5daedf8cf6d54f2b,1,0,0.0007923751836642
RU-A1202,img_2429b0c9ac82f187,1,0,0.0022555815521627
RU-A1202,img_b968590fd31c6c14,1,0,0.0048907632008194
RU-A1202,img_39d666110e045dd9,1,0,0.0247985497117042
RU-A1202,img_17102de048dbece6,1,0,0.0261516384780406
RU-A1202,img_4aed10f09f507bdc,1,0,0.0548577979207038
RU-A1202,img_96ada6b1a6c5ed2b,1,0,0.0010785387130454
RU-A1202,img_ef363ec5702bcaa8,1,0,0.0001616189692867
RU-A1202,img_78269f2cf0e2576c,1,0,0.0189749654382467
RU-A1202,img_8a39d825db4a5db3,1,0,0.0034697982482612
RU-A1202,img_70b5f2968fea226a,1,0,0.0441270470619201
RU-A1202,img_69057031549b9606,1,0,0.0028299205005168
RU-A1202,img_87243945ec9d81eb,1,0,0.0090800020843744
RU-A1201,img_86b52b9e9958cb91,2,0,0.0001907538680825
RU-A1201,img_ebb5fa79a3a0e738,2,0,1.2066094313922804e-05
RU-A1201,img_638a3b81d858d2ac,2,0,0.0001934782630996
RU-A1201,img_0543a375b20dd158,2,0,6.003017915645614e-05
RU-A1201,img_f4e988516512b4d7,2,0,0.01531174313277
RU-A1201,img_0b650760c9e26b95,2,0,0.0194842126220464
RU-A1203,img_f9649968c9fff551,4,0,0.0019555687904357
RU-A1203,img_1e75a1f1fc6e260c,4,0,0.0019072091672569
RU-A1203,img_097410aaa009b6dd,4,0,0.0142322219908237
RU-A1203,img_c00a3cbe65ad9b25,4,0,0.0350890047848224
RU-A1203,img_13394217e6d79693,4,0,0.0001108174474211
RU-A1203,img_08903abb37754c7a,4,0,0.0011170352809131
RU-A1203,img_1ed1e355291bc918,4,0,0.0007251221104525
RU-A1205,img_cb252e7cb6b252b7,3,0,0.0009753623744472
RU-A1205,img_e74c1037c323ddbf,3,0,0.0003487282374408
RU-A1205,img_e76f306966d729c7,3,0,0.0002094534575007
RU-A1205,img_eedffc1c166d9a7d,3,0,0.0002425977581879
RU-A1205,img_036397361a161372,3,0,0.0056375409476459
RU-A1205,img_b6a2604d53f26de4,3,0,0.00598088465631
RU-A1206,img_401d451bf4585e41,0,0,0.4819504618644714
RU-A1206,img_881a18cc6320eb00,0,0,0.3027591109275818
RU-A1206,img_4ad5f238a8ee51e3,0,0,0.7079762816429138
RU-A1206,img_8b4b82c0750ab605,0,0,0.9841020703315736
RU-A1206,img_324ae7ad040477db,0,0,0.9972430467605592
RU-A1206,img_e90e80bfa5a79964,0,0,0.0097847264260053
RU-A1206,img_003cb469d8a569c5,0,0,0.0652555152773857
RU-A1206,img_1e2961fc027f93b3,0,0,0.0558279752731323
RU-A1207,img_b494786e9af450da,4,0,0.0123547334223985
RU-A1207,img_4d81d7fe9b422e84,4,0,0.0102223698049783
RU-A1207,img_902232c7c0a3d4c2,4,0,0.0005849368753843
RU-A1207,img_0a7e6f9256c72f06,4,0,0.0005916457157582
RU-A1207,img_8a8f29a0889233c3,4,0,0.0013705100864171
RU-A1207,img_f7666f176e7f7388,4,0,0.0013461729977279
RU-A1207,img_77689d2ad2c3e35c,4,0,0.2629322707653045
RU-A1207,img_c6d609029afdddea,4,0,0.0113511923700571
RU-A1207,img_841ada8e475bba36,4,0,0.01954554207623
RU-A1207,img_af41e73a224b54c6,4,0,0.005480820313096
RU-A1207,img_4f2380c6f4e1dbd8,4,0,0.00117371766828
RU-A1207,img_c5f77a55a52377a3,4,0,0.2037919014692306
RU-A1207,img_a7438582f2d0d331,4,0,0.2234629541635513
RU-A1207,img_dd9f802e25fe4573,4,0,0.1312059611082077
RU-A1207,img_a06482114b8a0a58,4,0,0.2115153968334198
RU-A1208,img_17dd2e5560d73f63,4,0,0.0202715713530778
RU-A1208,img_d56111bfa714c12e,4,0,0.0042457715608179
RU-A1208,img_a48902cd0e0c7f5b,4,0,0.0135219283401966
RU-A1208,img_bab8b1dc4cdfd884,4,0,0.0036699483171105
RU-A1208,img_60426c88744ab86a,4,0,0.0019434347050264
RU-A1208,img_4b59fab1264f9432,4,0,0.0022987457923591
RU-A1208,img_9880b1f7d904b33b,4,0,0.0013435594737529
RU-A1208,img_cb5b16f1a828f7fe,4,0,0.013923343271017
RU-A1208,img_ec85dbb0087e3358,4,0,0.0599808767437934
RU-A1208,img_78a8e0d97a7f8ac9,4,0,0.003296137554571
RU-A1208,img_8b6ef4fe53bd38b5,4,0,0.0020976089872419
RU-A1208,img_8278d9a770b28639,4,0,0.0013054318260401
RU-A1208,img_45de160d4d64ac55,4,0,0.0020057666115462
RU-A1208,img_438779e812f8bf6a,4,0,0.007266525644809
RU-A1208,img_cdb118f39a5b4473,4,0,0.0047702630981802
RU-A1208,img_954bad01cc0ef40b,4,0,0.0027286328841
RU-A1209,img_353fd50f62aca218,2,0,0.0013263366417959
RU-A1209,img_f206a6c21b92305a,2,0,0.0029659799765795
RU-A1209,img_e797af8591a092eb,2,0,0.0031144854146987
RU-A1209,img_609014321771c16c,2,0,0.0081343436613678
RU-A1209,img_cea364c286189852,2,0,0.0045705563388764
RU-A1209,img_c219aea0ff511d86,2,0,0.0055951667018234
RU-A1209,img_dd5c21938494dc52,2,0,0.0039423457346856
RU-A1209,img_f64dc240905f9be2,2,0,0.0109341656789183
RU-A1209,img_cb6236fc3b677115,2,0,0.0012348876334726
RU-A1209,img_68a555302192c0fb,2,0,0.0023643146269023
RU-A1210,img_61725d0b1b0e0cb2,3,0,0.0008940126863308
RU-A1210,img_155bd3fc8325c70f,3,0,0.002166167832911
RU-A1210,img_cf00ee9fe2f5ffeb,3,0,0.0073217069730162
RU-A1210,img_6cd9c4dc9e3109cb,3,0,0.0043521150946617
RU-A1210,img_47075dae946ac15d,3,0,0.0064375195652246
RU-A1210,img_0d38d197dd26f0aa,3,0,0.0175391770899295
RU-A1210,img_672d5348093db90f,3,0,0.0070199971087276
RU-A1210,img_037c13fdc57aedd9,3,0,0.0087647289037704
RU-A1210,img_94ed3aafef16935c,3,0,0.0001256469549844
RU-A1210,img_8e351f771befb897,3,0,0.0007267626933753
RU-A1211,img_0907b22528827814,1,0,0.020995944738388
RU-A1211,img_eebacaf09c83427e,1,0,0.0128995804116129
RU-A1211,img_4537beab7cb1193c,1,0,0.0057092537172138
RU-A1211,img_85441c6c4d0fb8c2,1,0,0.016990777105093
RU-A1211,img_1eacae29803bf21a,1,0,0.0315838009119033
RU-A1211,img_4010ea7515699c33,1,0,0.0241957288235425
RU-A1212,img_37e836309c923c11,0,0,0.006050078663975
RU-A1212,img_582e7b6003f841ef,0,0,0.0070603466592729
RU-A1212,img_9fdccda4397371f9,0,0,0.0061783799901604
RU-A1212,img_08b78af2be2b0564,0,0,0.0050352388061583
RU-A1212,img_b392e12dabd0e65d,0,0,0.0195609349757432
RU-A1212,img_5d1876c815c9ec6d,0,0,0.0476098321378231
RU-A1212,img_e2390075fbdfa4c2,0,0,4.171889668214135e-05
RU-A1212,img_6ee22e20dbf4cf67,0,0,0.0020265153143554
RU-A1212,img_d252e91988a42408,0,0,0.0187639575451612
RU-A1212,img_f4336d900fedae9e,0,0,0.0010961655061692
RU-A1212,img_17b05618a5de66ac,0,0,0.0001412597193848
RU-A1212,img_3d0b770bfdad6a39,0,0,0.0002980842837132
RU-A1212,img_f0029347f2f4f900,0,0,0.0112396199256181
RU-A1212,img_729f4b312b74b92d,0,0,0.0061823390424251
RU-A1213,img_dbfe70b1bfbd5e40,4,0,0.0016635074280202
RU-A1213,img_89b747d14d60745f,4,0,0.0054586892947554
RU-A1213,img_1bdcc8a87c984e0a,4,0,0.0012533761328086
RU-A1213,img_895bf7487250ad15,4,0,0.0022473519202321
RU-A1213,img_b3b9484f99521e97,4,0,0.0010465496452525
RU-A1213,img_f90fccbd65c09948,4,0,0.0028805288020521
RU-A1213,img_572ff5251336d120,4,0,0.002704702084884
RU-A1213,img_3a9a6ca234198d21,4,0,0.0074022216722369
RU-A1213,img_91a772c91a94b51c,4,0,0.0084362868219614
RU-A1213,img_d95b3eec1467f2a7,4,0,0.0019256244413554
RU-A1213,img_67ad1072713dc361,4,0,0.0110343284904956
RU-A1213,img_7b056d25cb09eed9,4,0,0.0295850727707147
RU-A1213,img_a372e4f3d7450f90,4,0,0.0128205129876732
RU-A1213,img_c7491e64ea123a3f,4,0,0.0107244923710823
RU-A1213,img_055002a97baf65c6,4,0,0.0465881489217281
RU-A1213,img_eb3f920ac78c6b41,4,0,0.0004141618264839
RU-A1213,img_29ecbd554218393b,4,0,0.0046730977483093
RU-A1213,img_bf3f1776019b50f8,4,0,0.0110448859632015
RU-A1213,img_34d7a86850d1da2b,4,0,0.0074128550477325
RU-A1214,img_82f48037ecfde536,3,0,0.08482126891613
RU-A1214,img_0175ba697801006d,3,0,0.0098403999581933
RU-A1214,img_101e864ca47066ed,3,0,0.024964652955532
RU-A1214,img_a47e743276634fc6,3,0,0.0203828103840351
RU-A1214,img_4afffebb4c4f09c5,3,0,0.0109919952228665
RU-A1214,img_dfd5d89080f6115a,3,0,0.0084681091830134
RU-A1214,img_f3a2fb94bb548845,3,0,0.0039862794801592
RU-A1214,img_1ec0a35041f8c55d,3,0,0.0051224161870777
RU-A1214,img_8a4ec502a0d4f888,3,0,0.0031359444838017
RU-A1214,img_3e4e7b16862d6fbd,3,0,0.0040559051558375
RU-A1214,img_697402d7672f79d7,3,0,0.0030540348961949
RU-A1214,img_532bb62f4d8e54a4,3,0,0.0020935970824211
RU-A1214,img_104e3505d2f90687,3,0,0.0017730207182466
RU-A1214,img_6e25eab3586fb211,3,0,0.0010570954764261
RU-A1214,img_fdb706a39535a531,3,0,0.0022779058199375
RU-A1214,img_9d9a3b84108d849e,3,0,0.001912020263262
RU-A1214,img_9109357d61a20553,3,0,0.000638653349597
RU-A1214,img_5045633daab523be,3,0,0.0011769251432269
RU-A1215,img_3c3af50601f6355b,4,0,0.0026712904218584
RU-A1215,img_c436f697141deeab,4,0,0.0006279105436988
RU-A1215,img_65f06901ee257285,4,0,0.0011991044739261
RU-A1215,img_567929a533ed4918,4,0,0.003202118910849
RU-A1215,img_e7a1c15fdeacdbcf,4,0,0.1828920394182205
RU-A1215,img_a764adb0e1f302db,4,0,0.0040534674189984
RU-A1215,img_215b156f5f8ec6ac,4,0,0.0073256758041679
RU-A1215,img_c7263a916b585c89,4,0,0.0022633597254753
RU-A1215,img_7dab665bae3adbc5,4,0,0.0055143437348306
RU-A1215,img_aa066bce5dfae31d,4,0,0.0003247839922551
RU-A1215,img_e44a1785e73fc759,4,0,0.0007732054218649
RU-A1215,img_f560b3a13f719595,4,0,4.191669631836703e-06
RU-A1215,img_949619fb3f54957a,4,0,9.067312021215912e-06
RU-A1216,img_85aae14b16814baf,1,0,0.0088897878304123
RU-A1216,img_128ebddc631fe0fd,1,0,0.003345605218783
RU-A1216,img_fb28765f779c2851,1,0,0.2119101583957672
RU-A1216,img_a46e8e754cb91c31,1,0,0.1836267709732055
RU-A1216,img_29de4260da3855b7,1,0,0.0022111916914582
RU-A1216,img_89a825217bfa20e8,1,0,0.0046147862449288
RU-A1216,img_34a531c66098ed9d,1,0,0.0067412080243229
RU-A1216,img_cd6d076ca651c25e,1,0,0.0098585784435272
RU-A1216,img_7bb72be2ec6e13dd,1,0,0.4179724752902984
RU-A1216,img_c3123396d113dc30,1,0,0.3635463118553161
RU-A1217,img_b75808893f16eaa2,4,0,0.0006065252237021
RU-A1217,img_4193e2d2ee44194a,4,0,0.0039884457364678
RU-A1217,img_7a8100e30ffcbc5a,4,0,0.0018257532501593
RU-A1217,img_7f382726a58f713c,4,0,0.0031755613163113
RU-A1217,img_1753a9b5b94b3036,4,0,0.0038913311436772
RU-A1217,img_ddbe21634b2d1f6a,4,0,0.005559230223298
RU-A1217,img_b09e1bd129e98a76,4,0,0.006581722293049
RU-A1217,img_916f518e1fda63bc,4,0,0.0096373101696372
RU-A1217,img_d58493146e90799f,4,0,0.0008382161613553
RU-A1217,img_c4f8d97b32f76345,4,0,0.0024279633071273
RU-A1217,img_5be731c064a94a7a,4,0,0.0233955886214971
RU-A1217,img_b605f07c257a0bd7,4,0,0.0192335024476051
RU-A1218,img_703e38a785c38433,0,0,0.0229533594101667
RU-A1218,img_be5e63e89a31df45,0,0,0.0064207734540104
RU-A1218,img_5abd89008539f5f5,0,0,0.0083545679226517
RU-A1218,img_5034fb6ac4c953fb,0,0,0.0070939287543296
RU-A1218,img_04b2eb6dbb51c52b,0,0,0.0122564695775508
RU-A1218,img_2ad8b3b308f31cbc,0,0,0.0627581477165222
RU-A1218,img_a0a1ba70508d3e19,0,0,0.0185775700956583
RU-A1218,img_62ede3e11a0b1c48,0,0,0.0259832963347435
RU-A1219,img_4f14f1da66b198fe,0,0,0.0219829436391592
RU-A1219,img_3dbcdae8f5b3b161,0,0,0.004591473378241
RU-A1219,img_10f8ba30a1bcb49a,0,0,0.0004797225119546
RU-A1219,img_7230d5864a187cda,0,0,0.0020781531929969
RU-A1219,img_36f36b4b5276b559,0,0,0.0108974175527691
RU-A1219,img_ce2a8bf52477e0c0,0,0,0.0011845957487821
RU-A1219,img_4637e9dabc842144,0,0,0.0076776794157922
RU-A1219,img_c7622927bf489b22,0,0,0.0010183353442698
RU-A1219,img_64d250cf33bb9a68,0,0,0.0221318565309047
RU-A1219,img_c5904826d462940e,0,0,0.0039587970823049
RU-A1220,img_4368837fbcb7ea84,2,0,0.0183870643377304
RU-A1220,img_21ca0d666aaa0c4f,2,0,0.9463355541229248
RU-A1220,img_fa90efdb3f2a3aad,2,0,0.0437346249818801
RU-A1220,img_65fc83f4e483bbf6,2,0,0.0186657067388296
RU-A1220,img_0fae07cda02fea3a,2,0,0.0014991535572335
RU-A1220,img_be2b140f75d6caa0,2,0,0.0049953958950936
RU-A1220,img_099b76ea38acab3e,2,0,0.0185015946626663
RU-A1220,img_2f1dec00f1a0a3dd,2,0,0.0245382189750671
RU-A1220,img_4abbb21182f3c417,2,0,0.0022393662948161
RU-A1220,img_a0bb44e4f5cd7750,2,0,0.0004681095306295
RU-A1220,img_d4633f9b2697f097,2,0,0.0021952246315777
RU-A1241,img_045781793b1ff9df,2,0,0.0752617269754409
RU-A1241,img_850861b01c3c6a2e,2,0,0.0214547514915466
RU-A1241,img_89ae72efc991889c,2,0,0.0008379062637686
RU-A1241,img_a9e07b15b56078ac,2,0,0.0002863045956473
RU-A1241,img_74672b8acd9757ef,2,0,9.951684478437528e-05
RU-A1241,img_c81a6169c0ac3b94,2,0,9.232809679815546e-05
RU-A1241,img_78e533712cc7794f,2,0,0.0007980311056599
RU-A1241,img_395fe9475d2fac3a,2,0,0.0032145658042281
RU-A1241,img_ea315baacbeb672d,2,0,0.0189236663281917
RU-A1241,img_b92681cd2f99fd75,2,0,0.015633063390851
RU-A1242,img_5fead66f3dcb2616,1,0,0.006120700854808
RU-A1242,img_0d6b82fd51ad5e66,1,0,0.0046702572144567
RU-A1242,img_0f3251073499f501,1,0,0.0268591381609439
RU-A1242,img_298a4b07b78d3d73,1,0,0.0308142993599176
RU-A1242,img_e75d2c7679125fca,1,0,0.0144088556990027
RU-A1242,img_35fe4e00351e04be,1,0,0.0004659033438656
RU-A1242,img_79306880cd26e397,1,0,0.0033515219110995
RU-A1242,img_d57e276f1cf19d74,1,0,0.0020985521841794
RU-A1242,img_10053acd2829f178,1,0,0.0055407867766916
RU-A1242,img_0e2846309978704b,1,0,0.0069952341727912
RU-A1243,img_d707538bf936b39a,1,0,0.0021292502060532
RU-A1243,img_2d54536024e49d79,1,0,0.0080141155049204
RU-A1243,img_f717e18aad2b42bb,1,0,0.0106735369190573
RU-A1243,img_c485d31309c463df,1,0,0.000545026094187
RU-A1243,img_19b0f01e63c079f5,1,0,0.1204788610339164
RU-A1243,img_5a18c6bcc2c5a67b,1,0,0.0010224255966022
RU-A1243,img_39d50d99158ed5d0,1,0,0.0004659997066482
RU-A1243,img_e7531a9634fea0d4,1,0,0.0002988141786772
RU-A1243,img_71c2e2eba682cbe6,1,0,0.0445581227540969
RU-A1243,img_6896921d5f4794d3,1,0,0.0525110587477684
RU-A1243,img_c10e7c2043ca610c,1,0,0.0611290782690048
RU-A1243,img_fa2008829bdbfb32,1,0,0.0421702153980731
RU-A1244,img_514c946bba777e0f,3,0,0.000840545981191
RU-A1244,img_cd79f7804d4f6da3,3,0,0.000508947763592
RU-A1244,img_b8c5214ed22a3b5f,3,0,0.0041283415630459
RU-A1244,img_9b4c479e80f1c8a1,3,0,0.0033473481889814
RU-A1244,img_e0276b94ea3c68f6,3,0,0.0029801158234477
RU-A1244,img_53f6ef1ae48a7a02,3,0,0.001790817012079
RU-A1244,img_389dd09d4f18d066,3,0,0.1921381503343582
RU-A1244,img_cfca37188d6a167b,3,0,0.1937885135412216
RU-A1244,img_6a0ed9fa8c3abb2f,3,0,0.0007118636276572
RU-A1244,img_4f97e8e11996e1fb,3,0,0.0006540542235597
RU-A1249,img_ae5f0c08e5dc41e8,3,0,0.0040790303610265
RU-A1249,img_0ce8d47d8e85d53d,3,0,0.0330720096826553
RU-A1249,img_98a0c29f954e8b7e,3,0,0.010005697607994
RU-A1249,img_5acff58f31d5dcfe,3,0,0.0108615383505821
RU-A1249,img_09d221ba6f95febb,3,0,0.0123200854286551
RU-A1249,img_e269f52617f53200,3,0,0.0224076732993125
RU-A1249,img_bb2ddc86c404dd09,3,0,0.0005173152894712
RU-A1249,img_c699b29b95de37e6,3,0,0.0008150878711603
RU-A1249,img_7aedecf9b58c3d08,3,0,0.0166968386620283
RU-A1249,img_832d322243392162,3,0,0.0053317020647227
RU-A1249,img_d6e27f78ee193563,3,0,0.0011472385376691
RU-A1249,img_e61f116dd51681ff,3,0,0.0011950564803555
RU-A1249,img_9546aaf89a0455f5,3,0,0.0003615862224251
RU-A1249,img_185155d4df457469,3,0,0.0005422238609753
RU-A1249,img_1cb5f6d53e3a8b33,3,0,0.0048546525649726
RU-A1249,img_0ae7cbfee133f83c,3,0,0.0124162277206778
RU-A1249,img_642fe0e7d165c178,3,0,0.0001454740413464
RU-A1249,img_5835b83d14de1597,3,0,0.0001798922603484
RU-A1249,img_2766115f84e48f1e,3,0,0.0041361944749951
RU-A1249,img_90ee8364aadaabf4,3,0,0.0066149276681244
RU-A1261,img_4d532ff4a30f1b1d,4,0,0.0004900541389361
RU-A1261,img_96ef82d877b175d8,4,0,0.0008702047634869
RU-A1261,img_4dec0a11cf25c46c,4,0,0.0007195914513431
RU-A1261,img_2ac460087ac4d9a6,4,0,0.0037374203093349
RU-A1261,img_c756caac4f3f21ad,4,0,0.0250278897583484
RU-A1261,img_e02397584c77be93,4,0,0.0429661162197589
RU-A1261,img_c778bc81bd1af9b3,4,0,0.0019653439521789
RU-A1261,img_ab4bedc9280053c5,4,0,0.001511798473075
RU-A1261,img_e55076c363183d2d,4,0,0.0028828980866819
RU-A1261,img_33298886c3950740,4,0,0.0009257384226657
RU-A1262,img_87611470e1900181,4,0,0.0009179337066598
RU-A1262,img_580b0a4b6ecd33c3,4,0,0.0032931482419371
RU-A1262,img_83158ddb0e5a8241,4,0,0.010416405275464
RU-A1262,img_b13c78326ba9486a,4,0,0.013602684251964
RU-A1262,img_b01d3ae282fb58da,4,0,0.001179433427751
RU-A1262,img_eefbb63f4ea925d9,4,0,0.0003088264202233
RU-A1262,img_5bc9cb2d7c85da9e,4,0,0.0045709335245192
RU-A1262,img_f8a8e9e8ab9711c2,4,0,0.0030207696836441
RU-A1262,img_e2b725f1f16796ab,4,0,0.0037926463410258
RU-A1262,img_17e93d9f2120e04a,4,0,0.0035171606577932
RU-A1262,img_b36f5834828ae80c,4,0,0.0053552049212157
RU-A1262,img_6305539ae25abf5c,4,0,0.0037228649016469
RU-A1262,img_2fa1d672b01936f4,4,0,0.4817886352539062
RU-A1262,img_fa35e17d957c24e3,4,0,0.8060391545295715
RU-A1262,img_1a7d93c2acd38238,4,0,0.0003016683040186
RU-A1262,img_fcd0e99a98bc1b86,4,0,0.0002355235192226
RU-A1263,img_435bb1b920c2b3c0,3,0,0.0042406702414155
RU-A1263,img_13e36824ed3fcf2c,3,0,0.0014585796743631
RU-A1263,img_e4d495b6697ca6fa,3,0,0.0467923693358898
RU-A1263,img_71c88b60bb59150f,3,0,0.0219419784843921
RU-A1263,img_e4df8feeaf93931f,3,0,0.0017014844343066
RU-A1263,img_41e79dad42b7e531,3,0,0.0074042323976755
RU-A1263,img_16af28f7a73035be,3,0,0.0006075224373489
RU-A1263,img_0bc8b7231762d070,3,0,0.0005370574654079
RU-A1263,img_c04c71e187796257,3,0,0.0010609535966068
RU-A1263,img_ad7b9a822f641942,3,0,0.0002656744327396
RU-A1263,img_5c6646c5c0b2b525,3,0,0.0016825973289087
RU-A1263,img_d52396c560754652,3,0,0.0016653743805363
RU-A1263,img_78967ec170a7f20f,3,0,0.0042954068630933
RU-A1264,img_d41ecf141f9ed473,4,0,0.000372832379071
RU-A1264,img_56544d9c2f53bb5c,4,0,0.0001382274349452
RU-A1264,img_68dece8e8c6a7cb5,4,0,0.0025674903299659
RU-A1264,img_e5784c2141da2d79,4,0,0.0022271790076047
RU-A1264,img_96ddf5750e709015,4,0,0.0064596473239362
RU-A1264,img_52debfdeecf508e0,4,0,0.0071578389033675
RU-A1264,img_77cc81c2e14c309d,4,0,0.0009571624686941
RU-A1264,img_bc4d5536c9b5ebd2,4,0,0.0336382314562797
RU-A1264,img_fb2037b8046d8d03,4,0,0.0193579699844121
RU-A1264,img_2f53c4dfe2449443,4,0,0.0004356932477094
RU-A1264,img_7b63913e9c2065ef,4,0,0.0002844449481926
RU-A1264,img_f748c0c4cda8f9f0,4,0,0.0082879206165671
RU-A1264,img_afedbe66ee8795f9,4,0,0.0197726562619209
RU-A1264,img_09570056f18a001a,4,0,0.0016610006568953
RU-A1264,img_2079564b2c395391,4,0,0.0016723414883017
RU-A1265,img_10f15d007c102249,0,0,0.0033422966953366
RU-A1265,img_5d1912d36452ad5b,0,0,0.0036822836846113
RU-A1265,img_43cb32be54330ffa,0,0,0.0014342017238959
RU-A1265,img_7da36c28b8c49106,0,0,0.0023197727277874
RU-A1265,img_712828c6f477cdaa,0,0,0.0010738453129306
RU-A1265,img_f11494e41a6f2a1a,0,0,0.0178858451545238
RU-A1265,img_05f2559b11f26c43,0,0,0.0032497483771294
RU-A1265,img_554666e285f7bcab,0,0,0.0009023163001984
RU-A1265,img_f797c8bee425afe5,0,0,0.0011763803195208
RU-A1265,img_9f39165321d89620,0,0,0.0006390058551914
RU-A1265,img_2ec793bdb8390354,0,0,0.0002100942947436
RU-A1266,img_3b199f5479f5e708,1,0,0.2293989658355713
RU-A1266,img_f3c0b7ba0ef3e96c,1,0,0.1536274999380111
RU-A1266,img_c21a88b247fc1f3d,1,0,0.0094630606472492
RU-A1266,img_57f7445f0cf6650d,1,0,0.0245491750538349
RU-A1266,img_c052758e10d08ea2,1,0,0.0016118420753628
RU-A1266,img_69799231ecd36e9e,1,0,0.0015940844314172
RU-A1266,img_574b24d0c55da5c0,1,0,0.0447163470089435
RU-A1266,img_b9ab14e677e3c89f,1,0,0.0181369427591562
RU-A1266,img_ac42bb0a66c32570,1,0,0.0114964060485363
RU-A1266,img_bf44ab2193b82226,1,0,0.0056648855097591
RU-A1267,img_c07902678e21aed4,2,0,0.0081928288564085
RU-A1267,img_96d2d704da38617e,2,0,0.0255659259855747
RU-A1267,img_386f3d1e924505aa,2,0,0.0009393332293257
RU-A1267,img_7e5da01a35961959,2,0,0.0020636150147765
RU-A1267,img_9bf96e69112986c0,2,0,0.0002016231737798
RU-A1267,img_c951dc1406810728,2,0,0.0020129373297095
RU-A1267,img_3147f3df2fa54267,2,0,0.0049118124879896
RU-A1267,img_6ed5e70f2691a2bf,2,0,0.0002942866412922
RU-A1281,img_5681b621569404b7,3,0,0.0678323432803154
RU-A1281,img_4d5280a2796e5bce,3,0,0.0298098549246788
RU-A1281,img_7c2be3071cf09aa1,3,0,0.0052926540374755
RU-A1281,img_441d70d398400073,3,0,0.0012877621920779
RU-A1282,img_126a321f1ae72efb,2,0,0.0009743931586854
RU-A1282,img_60947e291a8b9bea,2,0,0.0013232820201665
RU-A1282,img_19fceb70db2d795b,2,0,0.0041348100639879
RU-A1282,img_1e157f7f42fc7104,2,0,0.0021935228724032
RU-A1282,img_e33f58c7b5560dd1,2,0,0.0143324071541428
RU-A1282,img_0ae1126300fbef17,2,0,0.0140336723998188
RU-A1283,img_90931af35314ff57,4,0,6.730819586664438e-05
RU-A1283,img_1b1046ec19054957,4,0,0.0003514906566124
RU-A1283,img_f1d586723e634ff2,4,0,0.0027931462973356
RU-A1283,img_4c70a13a011f3fed,4,0,0.0190083850175142
RU-A1283,img_1cb01ac428a049a0,4,0,0.0007628509192727
RU-A1283,img_e411ad72db1e8a5e,4,0,0.0032932464964687
RU-A1283,img_038276bc6d2092c1,4,0,0.0102738020941615
RU-A1283,img_e0046de3c4126082,4,0,0.0015183533541858
RU-A1284,img_6d7e86413ed22da8,1,0,0.000289845658699
RU-A1284,img_d4c14ba96b63b6a7,1,0,0.002194691915065
RU-A1284,img_de54de68ae83291b,1,0,0.0821472778916359
RU-A1284,img_295fe1dbcba92133,1,0,0.0343686565756797
RU-A1284,img_48cbf31138f223f7,1,0,0.0026794862933456
RU-A1284,img_296ce221b4ba9796,1,0,0.0035145310685038
RU-A1254,img_6db0451b2a52b97b,3,0,0.0277334637939929
RU-A1254,img_0029c917365e1fc2,3,0,0.0151236094534397
RU-A1254,img_786d30eaded81206,3,0,0.0075306110084056
RU-A1254,img_b0df02bfeab88770,3,0,0.0082225380465388
RU-A1254,img_f5d2f09f5742ac00,3,0,0.0002538824628572
RU-A1254,img_daa0c0d92c2bc038,3,0,0.0089990170672535
RU-A1254,img_f07d484a84acbf9f,3,0,0.0058242292143404
RU-A1254,img_841af76668982227,3,0,0.0093407649546861
RU-A1254,img_31777401523307d2,3,0,0.009873148985207
RU-A1255,img_7adff320b0f7ce16,1,0,0.0419899225234985
RU-A1255,img_7d8e19e08b079aa4,1,0,0.0821669474244117
RU-A1255,img_fa8c2bc92c8094a7,1,0,0.0565341003239154
RU-A1255,img_3a736480ba50d7a9,1,0,0.0198040306568145
RU-A1255,img_bf3a707d3399e367,1,0,0.0101151885464787
RU-A1255,img_41793197ca0c0dbc,1,0,0.0221656113862991
RU-A1255,img_3b08414ccac54a6d,1,0,0.0458520203828811
RU-A1255,img_fbeee2a1f129308b,1,0,0.0068767615593969
RU-A1255,img_b7b89aa8804fbde0,1,0,0.0178389679640531
RU-A1255,img_422923663fdc9ba0,1,0,0.0098869474604725
RU-A1255,img_b80679293c2b4a95,1,0,0.0009500991436652
RU-A1255,img_cfc991d3f5b27c44,1,0,0.002555760089308
RU-A1255,img_9331c4ea8c2f020a,1,0,0.00294332485646
RU-A1255,img_7cf89598384c241c,1,0,0.0024310906883329
RU-A1255,img_ea55bab1c168f1d1,1,0,0.0005687326774932
RU-A1255,img_7a2ea4b0d78b7c04,1,0,0.0009062694152817
RU-A1255,img_9e770a55aa40fa56,1,0,0.0246798451989889
RU-A1255,img_94490129aba162b6,1,0,0.2572133839130401
RU-A1304,img_89b5d7ebd63ad99d,0,0,0.0006390747148543
RU-A1307,img_c9e2ff1e6ddc255a,4,0,0.0064720474183559
RU-A1310,img_fafa1fc6e321f0b6,4,0,0.0065896031446754
RU-A1310,img_fdc30b40f09ead96,4,0,0.0065030637197196
RU-A1311,img_08ed0b3a342f522e,2,0,0.0395790413022041
RU-A1311,img_06645a73674c2248,2,0,0.0255431961268186
RU-A1311,img_8cc4828d0705a470,2,0,0.017785070464015
RU-A1257,img_bd693bd3cc9443db,0,0,0.270027607679367
RU-A1257,img_a2faf2485e4df2fe,0,0,0.2603964507579803
RU-A1257,img_722bb9beea1351af,0,0,0.0367042943835258
RU-A1257,img_6cdb547b4ae1b3e0,0,0,0.0206674598157405
RU-A1257,img_2c1847999f9b6bee,0,0,0.0396804101765155
RU-A1258,img_1bce2d1bb80d1b15,0,0,0.0041815643198788
RU-A1258,img_a98c7c182dddd7a9,0,0,0.0118123283609747
RU-A1258,img_bc9bebcaabc4b4e6,0,0,0.0010845841607078
RU-A1258,img_3f96a5cf5d582b40,0,0,0.0329468473792076
RU-A1258,img_68ba5dcc591d5496,0,0,0.0390472523868083
RU-A1259,img_c29a6904d92cb9a5,3,0,0.0163088161498308
RU-A1259,img_aceb4ef362e1e91e,3,0,0.000341352133546
RU-A1259,img_32af93b61b70edae,3,0,0.0023760474286973
RU-A1260,img_176bf43c2512ed7c,0,0,0.0135604189708828
RU-A1260,img_e127946ef82622dc,0,0,0.0087477611377835
RU-A1308,img_707ca0f7e1460fe8,3,1,0.0241593066602945
RU-A1308,img_c97f1a53557be386,3,1,0.0014533159555867
RU-A1308,img_5a69b6734a3cf0e4,3,1,0.0338954664766788
RU-A1308,img_dfe56c7986621eba,3,1,0.024364523589611
RU-A1029,img_a59270bf978b4f28,4,0,0.0499797314405441
RU-A1029,img_cbaaeffb0a2fa9c7,4,0,0.0652858093380928
RU-A1029,img_45de95c58e53f6f5,4,0,0.0228871814906597
RU-A1029,img_10b0ff6b9e59c24a,4,0,0.0594849623739719
RU-A1029,img_8ea37478a27704d5,4,0,0.0006220078212209
RU-A1029,img_cf5331c430e351ff,4,0,0.0005176152335479
RU-A1029,img_a0f722bcc9b5d181,4,0,0.1675782054662704
RU-A1029,img_2aa980575247473f,4,0,0.084943450987339
RU-A1029,img_1d2b77e3c5c741e4,4,0,0.2628272175788879
RU-A1029,img_7c8e644ddb74c6af,4,0,0.0886777937412262
RU-A1035,img_07662a200c884763,4,0,0.8910152912139893
RU-A1035,img_a5d7e95b2220ae15,4,0,0.1411267071962356
RU-A1035,img_9c87a786a6c51385,4,0,0.2240520268678665
RU-A1035,img_e3518cf42e7f0377,4,0,0.1910986602306366
RU-A1035,img_0ca8739ce1681737,4,0,0.1582542359828949
RU-A1035,img_73b4a5124acd24f7,4,0,0.4679776132106781
RU-A1035,img_81426fbd071686d1,4,0,0.0042893984355032
RU-A1035,img_dfb1298d64e2f6c3,4,0,0.0063574761152267
RU-A1035,img_6882e27a3cc0492d,4,0,0.0063821906223893
RU-A1062,img_56c8933d14c2ea88,2,1,0.0053531634621322
RU-A1062,img_b92abb75c6f29c84,2,1,0.0063362843357026
RU-A1062,img_8b77de6538d7c268,2,1,0.0153708672150969
RU-A1062,img_f89bd7b5f65a748b,2,1,0.0891910716891288
RU-A1062,img_86b8cddbc2f05869,2,1,0.0363911315798759
RU-A1062,img_98737b16c9d5ae41,2,1,0.004420876968652
RU-A1062,img_ce72f599bbe253a2,2,1,0.0118254879489541
RU-A1049,img_5702d003d4551f52,1,0,0.0150048909708857
RU-A1049,img_24b95ce87133ca94,1,0,0.0149913858622312
RU-A1049,img_5bbb94cda3ca2b60,1,0,0.0200305804610252
RU-A1049,img_4410d7d69d258e02,1,0,0.0660071969032287
RU-A1049,img_86c4da80b53ebc7f,1,0,0.0245310142636299
RU-A1049,img_81ab961e34428f1b,1,0,0.0529100410640239
RU-A1049,img_2c0b605a10609045,1,0,0.3440110981464386
RU-A1049,img_5bc663c3ba394ed5,1,0,0.2869237959384918
RU-A1070,img_99219f40d4982bdc,4,0,0.0177081078290939
RU-A1070,img_8ed52e1fbbe8fbad,4,0,0.0111442850902676
RU-A1070,img_cfe0392c18f20b4c,4,0,0.0020588727202266
RU-A1070,img_4de0b9a8fb2341af,4,0,0.0019169478910043
RU-A1070,img_cc8d82d435fcb38f,4,0,0.0031852058600634
RU-A1070,img_41cf13ddbab33b30,4,0,0.0001479436614317
RU-A1070,img_a98e0b9201591757,4,0,0.0211306139826774
RU-A1070,img_7a4202d66734711a,4,0,0.0030858756508678
RU-A1070,img_8e00b4d3b907f9a1,4,0,0.0025929922703653
RU-A1070,img_3910e107371c5c1d,4,0,0.9934930205345154
RU-A1070,img_36d570b715abe2cf,4,0,0.9476329684257508
RU-A1070,img_2b82e2954907adb7,4,0,0.998653769493103
RU-A1070,img_029b8155d2996a2d,4,0,0.9964991807937622
RU-A1014,img_b7fd217f492669be,0,0,0.0660422667860984
RU-A1014,img_243a28a22bcad735,0,0,0.1273160129785537
RU-A1014,img_4205c8a17dc083d0,0,0,0.0407629646360874
RU-A1014,img_08a093b0b6bfacd1,0,0,0.0133115360513329
RU-A1014,img_e0ed042ba9dfe5bc,0,0,0.037793006747961
RU-A1014,img_ee28412dd20e7433,0,0,0.0262204781174659
RU-A1014,img_378230eb1e4644ea,0,0,0.3328466713428497
RU-A1014,img_2972d18fd4a5a639,0,0,0.4510023295879364
RU-A1030,img_e318729967b0d6e4,1,0,0.020995495840907
RU-A1030,img_fc6f932492bcca37,1,0,0.0655745044350624
RU-A1030,img_752c6a597b974eef,1,0,0.0080914897844195
RU-A1030,img_a20cb02f1f418dc8,1,0,0.0389594063162803
RU-A1030,img_168adee19bd456d7,1,0,0.1433638334274292
RU-A1030,img_af631739e2896920,1,0,0.5180869102478027
RU-A1176,img_6feb2fbcb8104e80,4,0,0.9953996539115906
RU-A1176,img_6ca1fce1c76a3194,4,0,0.658578097820282
RU-A1176,img_73c8102a513b3074,4,0,0.1740685850381851
RU-A1176,img_9b8145e65c59b2f1,4,0,0.192429170012474
RU-A1176,img_519bcd4d0ffd8b3d,4,0,0.0041701453737914
RU-A1176,img_e8cfd5871f08c6c1,4,0,0.0097473636269569
RU-A1176,img_add9a7b87125e384,4,0,0.9465860724449158
RU-A1176,img_7b4674150ac80688,4,0,0.9818466305732728
RU-A1176,img_f1a60a1610a2f766,4,0,0.0523093231022357
RU-A1176,img_526ea7765367a007,4,0,0.1318033337593078
RU-A1176,img_c7f30ee45bf9c21f,4,0,0.0008241168106906
RU-A1176,img_03589d634b519e82,4,0,0.0004951623268425
RU-A1176,img_021540ca1a125521,4,0,0.9926566481590272
RU-A1101,img_dcea5796d4290790,4,0,0.0030877362005412
RU-A1101,img_e9396331d6b48870,4,0,0.0010015161242336
RU-A1101,img_761c3e9062915145,4,0,0.0027809788007289
RU-A1101,img_04937464a87c0687,4,0,0.0037835445255041
RU-A1101,img_e21b7fb579ccece7,4,0,0.0089465444907546
RU-A1101,img_cd21a0df0015f837,4,0,0.0069048311561346
RU-A1101,img_9491b6ea1be38add,4,0,0.0052768364548683
RU-A1101,img_7ed12e06505cca3b,4,0,0.0031634003389626
RU-A1103,img_616b7ce83bc021f5,0,0,0.0095901973545551
RU-A1103,img_4155e5631e07914d,0,0,0.002465984551236
RU-A1103,img_e6f009da5b786caa,0,0,0.0005571814836002
RU-A1103,img_590b98f04e1293b3,0,0,0.0076121850870549
RU-A1103,img_c356e04f4ee01b06,0,0,0.6108261942863464
RU-A1103,img_1c10ca4559bdbaec,0,0,0.1285232603549957
RU-A1106,img_555aea34eb4c352b,3,1,0.0105231003835797
RU-A1106,img_d48348adfae4ecfb,3,1,0.0059513165615499
RU-A1106,img_51dc5a7babb6cd31,3,1,0.0011103155557066
RU-A1106,img_f59084c5355f3e52,3,1,0.0006435094983316
RU-A1106,img_690ee7c4bed45e4d,3,1,0.0020961666014045
RU-A1106,img_431e3fdf60d452e3,3,1,0.0008779072086326
RU-A1105,img_f3b256fb0918c217,4,0,0.082877367734909
RU-A1105,img_29dd4b22b824ef5f,4,0,0.927117645740509
RU-A1105,img_e5113528e35b8fbf,4,0,0.2448615580797195
RU-A1105,img_c70220afb9c96237,4,0,0.0019507753895595
RU-A1105,img_5b9e55ccd91af295,4,0,0.0014269880484789
RU-A1109,img_ef7705c3ec6ee72c,1,0,0.0003381866263225
RU-A1109,img_06dffd3d599422da,1,0,0.0002572640660218
RU-A1110,img_8d699c8bfe2c57aa,3,0,0.0088320719078183
RU-A1110,img_770fde7011cce9e0,3,0,0.0014711958356201
RU-A1110,img_aea9f0a7a37f2de9,3,0,0.0010945673566311
RU-A1110,img_4e532e607af516b4,3,0,0.0008262145565822
RU-A1110,img_1ce0cce7e53305a4,3,0,0.0109365787357091
RU-A1110,img_43ccc116d14f8976,3,0,0.0064489697106182
RU-A1110,img_e1e9da934b47e9c3,3,0,0.014850010164082
RU-A1110,img_66becbf13127631e,3,0,0.0080835493281483
RU-A1112,img_5c209eebeea13e34,4,0,0.0044671497307717
RU-A1112,img_324640a4cc50e289,4,0,0.0078304558992385
RU-A1112,img_5f4a19163e356353,4,0,0.00034473760752
RU-A1112,img_f4b94e2de8fda5c5,4,0,0.0280063766986131
RU-A1112,img_d595398a0b43227c,4,0,0.0036386945284903
RU-A1112,img_46a908577adb4d80,4,0,0.0013428225647658
RU-A1112,img_32500cab741f7928,4,0,0.0073296469636261
RU-A1112,img_a3b79b281c282130,4,0,0.025619737803936
RU-A1112,img_dbd586ff89d05cc3,4,0,0.0033957744017243
RU-A1112,img_ce31f4346eee12ba,4,0,0.0010336854029446
RU-A1113,img_81545798247861e3,3,0,0.0086360806599259
RU-A1113,img_83eebaa0fe2b23a3,3,0,0.0085868239402771
RU-A1113,img_7d8692dc4f423426,3,0,0.0319948829710483
RU-A1113,img_4497ed4c430ab50d,3,0,0.0134880170226097
RU-A1113,img_c8241e8a9c76f030,3,0,0.0048769786953926
RU-A1113,img_93d5fe4493299f43,3,0,0.0009130976395681
RU-A1113,img_17c965d21e14d7b5,3,0,0.0003396495303604
RU-A1113,img_8251bcf95910a355,3,0,0.0006509256199933
RU-A1113,img_06c96ec4750b2798,3,0,0.0022064445074647
RU-A1113,img_c37472874370125b,3,0,0.0022921138443052
RU-A1114,img_9c1bc864d2861011,2,0,0.0333184786140918
RU-A1114,img_b8a057013c6fcb88,2,0,0.0055733984336256
RU-A1114,img_856564eeb3fdfc3a,2,0,0.0004712965455837
RU-A1114,img_12b5411be673e7d2,2,0,0.0025124524254351
RU-A1114,img_4bde88354d631376,2,0,0.0074506145901978
RU-A1114,img_0efb88261ba2eaa7,2,0,0.015803663060069
RU-A1114,img_f42ca7df1c6ee535,2,0,0.002933690091595
RU-A1114,img_bf2c964191654d10,2,0,0.0011798457708209
RU-A1114,img_4ba35bc2f0005d01,2,0,0.0102575533092021
RU-A1114,img_6c7f17eeaaf5f639,2,0,0.0058524617925286
RU-A1114,img_42454a91ee122063,2,0,0.0024514587130397
RU-A1114,img_a5beed1f0473a7f2,2,0,0.0027391798794269
RU-A1114,img_62a013af6125554b,2,0,0.060340579599142
RU-A1114,img_1c78563367e208dd,2,0,0.0348526835441589
RU-A1115,img_86f7ed45c6b619fb,3,0,0.0054995892569422
RU-A1115,img_f7d3462ed61f9e21,3,0,0.0004946347908116
RU-A1115,img_1558bfe5425d4834,3,0,0.0067339320667088
RU-A1115,img_5f64eeec29fdf77a,3,0,0.1225820556282997
RU-A1115,img_c42e0575995e3414,3,0,0.0276097580790519
RU-A1115,img_7b56c833418ba4ce,3,0,0.0010694104712456
RU-A1115,img_d972b095642f83e6,3,0,0.0067801042459905
RU-A1115,img_d053abaca0be7d75,3,0,0.0024430495686829
RU-A1115,img_db968cd663e58950,3,0,0.0060782129876315
RU-A1116,img_7249710cc56390b8,0,0,0.0007068300619721
RU-A1116,img_489b92cf9da7b899,0,0,0.0004732818924821
RU-A1116,img_983850c8a173d5ea,0,0,0.0083198882639408
RU-A1116,img_278e37e7c00b8062,0,0,0.0104264123365283
RU-A1116,img_7442a4d4d55add5a,0,0,0.0019497859757393
RU-A1116,img_90fd74574f03849c,0,0,0.0052173929288983
RU-A1116,img_6652d90345487e1b,0,0,0.0325205698609352
RU-A1116,img_42ca0ca526b1c38d,0,0,0.0161259993910789
RU-A1117,img_380eca76a7f2c0e9,3,0,0.0047280141152441
RU-A1117,img_d249fefe288d992e,3,0,0.0075276000425219
RU-A1117,img_9e9b3786db6f6dd5,3,0,0.0003557418531272
RU-A1117,img_331e26c1f269a60f,3,0,0.000869378040079
RU-A1117,img_18f602e5c83cc6e5,3,0,0.005960785318166
RU-A1117,img_d8ae47d363c75ccf,3,0,0.0070619517937302
RU-A1117,img_81f412eac5920807,3,0,9.528588998364285e-05
RU-A1117,img_8d76f0e895b8925e,3,0,0.0013108084676787
RU-A1117,img_b5260b0411b95dd2,3,0,0.0237485524266958
RU-A1117,img_dd3ab5a748aa101a,3,0,0.0604030936956405
RU-A1118,img_531023cb78692c48,4,0,0.0110367741435766
RU-A1118,img_3d70ac44a0065636,4,0,0.0118581410497426
RU-A1119,img_329bcc31f982c6c0,3,0,0.1254341900348663
RU-A1119,img_70b76e4f66451f3a,3,0,0.0348571129143238
RU-A1119,img_f4ae632538cfd282,3,0,0.0009066525381058
RU-A1119,img_bd38cc2ce0ba15c2,3,0,0.0195974856615066
RU-A1119,img_ecbe5678d22cdd68,3,0,0.0044634444639086
RU-A1119,img_e536929b3dc3f8a8,3,0,0.0048476769588887
RU-A1119,img_bace80cbf8ae6c93,3,0,0.003106510033831
RU-A1119,img_9f530f6df1bb35c9,3,0,0.0119136394932866
RU-A1120,img_13c7a8ba405febaa,1,0,0.038464218378067
RU-A1120,img_194708e413c65cd7,1,0,0.0081324055790901
RU-A1120,img_36e48b9d7c37f7f0,1,0,0.0335612297058105
RU-A1120,img_f7d32c336fb59933,1,0,0.0943092405796051
RU-A1120,img_748f6d1f94199f46,1,0,0.0010618391679599
RU-A1120,img_b8841e3e27fb600e,1,0,0.0447297915816307
RU-A1120,img_8917b601ec5128b7,1,0,0.0624621696770191
RU-A1120,img_cb7b027b3f76c42f,1,0,0.0961033329367637
RU-A1120,img_d847a190a0bc9dc7,1,0,0.0172605626285076
RU-A1120,img_b7f318f6e13c0ac6,1,0,0.0152786588296294
RU-A1122,img_2f13a9405f43f1a4,3,0,0.0067343367263674
RU-A1122,img_38a71ef66c1639f1,3,0,0.0139634935185313
RU-A1122,img_bbeacbf69189e69b,3,0,0.0065680309198796
RU-A1122,img_d955981b08f0003e,3,0,0.0026687940116971
RU-A1122,img_fa00dbf4034971f1,3,0,0.0121571291238069
RU-A1122,img_ebde33d9267c4401,3,0,0.0073255859315395
RU-A1122,img_03c85c49b285d237,3,0,0.0282894931733608
RU-A1123,img_48e78da151411010,2,0,0.0041020908392965
RU-A1123,img_96fffe0ba684cc01,2,0,0.0053994734771549
RU-A1123,img_34a231543b13ce9b,2,0,0.0232058372348546
RU-A1123,img_fef819158c99a2e0,2,0,0.0090792132541537
RU-A1123,img_4af9d8b6cc486f29,2,0,0.0035972476471215
RU-A1123,img_378e4df6a1974f35,2,0,0.008220843039453
RU-A1123,img_c51cf12bc64991a4,2,0,6.727694562869146e-05
RU-A1123,img_831affe0f424c5d5,2,0,0.0107670910656452
RU-A1125,img_cb109a106ad90310,2,0,0.0125589501112699
RU-A1125,img_16f7742b8bce48df,2,0,0.0046726455911993
RU-A1125,img_b4a405eacc070080,2,0,0.0014234714908525
RU-A1125,img_934a4e0710c7e02c,2,0,0.0243344455957412
RU-A1125,img_6bf03efc4bfc926a,2,0,0.0016861091135069
RU-A1125,img_11edb7fdf3e2b7a4,2,0,0.0023370319977402
RU-A1271,img_fa1af5457947898a,1,0,0.0983131229877471
RU-A1271,img_e3059ed210e206a4,1,0,0.1962360888719558
RU-A1271,img_850d3a952f0c2271,1,0,0.0070827528834342
RU-A1271,img_eaa747a00163de84,1,0,0.0017772269202396
RU-A1275,img_e5a6d3417692a3a1,0,1,0.7769572138786316
RU-A1275,img_50101e662954d546,0,1,0.669354259967804
RU-A1041,img_d82e55e9a58f6968,4,1,0.0040687574073672
RU-A1041,img_bfaa4b66790d4e69,4,1,0.0043412749655544
RU-A1041,img_b1ab3ada92a2bcf5,4,1,0.0023457352072
RU-A1041,img_58c5d0c382bb7051,4,1,0.0038440953940153
RU-A1041,img_46e1ed339b9d2b58,4,1,0.0427762642502784
RU-A1041,img_9904628cd5247f36,4,1,0.143212229013443
RU-A1041,img_21db5173dedc6207,4,1,0.0053724478930234
RU-A1041,img_c0a27d8f08881b4c,4,1,0.0106261279433965
RU-A1041,img_4b0a723cd14a349f,4,1,0.1163828447461128
RU-A1041,img_b1ff00b29c6daa6f,4,1,0.0209445264190435
RU-A1041,img_74ebd8fe4797e5d3,4,1,0.0549820140004158
RU-A1041,img_09b64a5b590a4f29,4,1,0.2883831560611725
RU-A1041,img_5366a96fa0763832,4,1,0.8760474324226379
RU-A1042,img_5eddcd93400acd81,2,1,0.0202553812414407
RU-A1042,img_d232956663679119,2,1,0.0041162767447531
RU-A1042,img_71ab3f0a41fa9045,2,1,0.1023397892713546
RU-A1042,img_b143c3d4151cdb47,2,1,0.0697566047310829
RU-A1042,img_b02fe1bfb76cb082,2,1,0.0166596956551074
RU-A1042,img_1bed3d095e45b90b,2,1,0.0207460653036832
RU-A1042,img_c343a8b4ee103e99,2,1,0.0051010763272643
RU-A1042,img_9dbb6c356db47f9b,2,1,0.0042239786125719
RU-A1042,img_f372ae4f2d8c6063,2,1,0.0528888367116451
RU-A1042,img_554c7e76918a974f,2,1,0.0271967556327581
RU-A1042,img_988e5519ec119ade,2,1,0.1900559663772583
RU-A1042,img_20a199898f1c86f9,2,1,0.2671098113059997
RU-A1042,img_69cc312224b15bab,2,1,0.0094928434118628
RU-A1042,img_02a6eb7fac9c7686,2,1,0.0096024386584758
RU-A1042,img_e843208d4b2bbad7,2,1,0.0170402433723211
RU-A1042,img_dab4b2a209450d02,2,1,0.0282845664769411
RU-A1042,img_19a4478223f60831,2,1,0.0972512364387512
RU-A1042,img_d560c43135f7c272,2,1,0.0907754972577095
RU-A1042,img_876d70a65ad1c03f,2,1,0.5581009387969971
RU-A1042,img_945912ac1185f172,2,1,0.7387754917144775
RU-A1042,img_8e3200f356650877,2,1,0.0043914495036005
RU-A1042,img_00542949b0d86be0,2,1,0.0035222615115344
RU-A1042,img_a349b3bddd69fde5,2,1,0.0032801239285618
RU-A1042,img_53fc03c2ba2abc29,2,1,0.0066239777952432
RU-A1042,img_8f2bcc3d99ce9861,2,1,0.0020152893848717
RU-A1042,img_520a3f1423af5c0a,2,1,0.005958130583167
RU-A1042,img_ce3cbb727fa80674,2,1,0.0031111415009945
RU-A1042,img_1eb060ffbb3430f0,2,1,0.0009313896298408
RU-A1042,img_b9b1a07923d91e00,2,1,0.0393877774477005
RU-A1042,img_99619772fef9648d,2,1,0.1170694231986999
RU-A1268,img_0b6be21b2c8adf60,4,0,0.0040397001430392
RU-A1268,img_999123a256378ff6,4,0,0.0021991562098264
RU-A1268,img_b0e652e80d0fda11,4,0,0.4838948547840118
RU-A1268,img_8ef0681eb1767cba,4,0,0.8693470358848572
RU-A1269,img_53bdca4579facd9f,1,0,0.003271039808169
RU-A1269,img_7fa7541c3dc50958,1,0,0.0182453822344541
RU-A1269,img_6497017f19a57c8e,1,0,0.0239480156451463
RU-A1269,img_dddb4282c038f4e7,1,0,0.0216661039739847
RU-A1269,img_846da65f7229aafd,1,0,0.0241286698728799
RU-A1269,img_19feac3fa6303e5c,1,0,6.751345790689811e-05
RU-A1269,img_b13e8c326521c5b0,1,0,0.0131175406277179
RU-A1269,img_da8be6dc495eac09,1,0,0.0011738092871382
RU-A1269,img_5c1add6fa79b2f2e,1,0,0.0006171923014335
RU-A1270,img_38bcdb04f0369ee3,4,0,0.0002010946482187
RU-A1270,img_b47ad406a51ac3e2,4,0,0.0033205568324774
RU-A1270,img_d08a7ea7742b7027,4,0,0.0056066745892167
RU-A1270,img_e6a6d010a3e3db9c,4,0,0.0264405682682991
RU-A1270,img_0b880a3ca91f71f0,4,0,0.00503900507465
RU-A1270,img_1bb3898256440551,4,0,0.0110712721943855
RU-A1270,img_cfb44ad1ce5674fb,4,0,0.0006488543585874
RU-A1270,img_f28cd596755b47bf,4,0,0.008378748781979
RU-A1270,img_7acf74e376230a9d,4,0,0.0052144457586109
RU-A1270,img_b595bd481aad4e81,4,0,0.0087246363982558
RU-A1270,img_68732bb99c35c284,4,0,0.0028401787858456
RU-A1272,img_a89cbffb5959cba3,1,0,0.0004806801152881
RU-A1272,img_fd95b5355de8ddf2,1,0,0.0004404789651744
RU-A1272,img_f32eb5bd572c5ccc,1,0,0.0001666052557993
RU-A1272,img_58a094770584a1f0,1,0,0.0019185568671673
RU-A1272,img_cd54c717438aa89e,1,0,0.0006074100965633
RU-A1272,img_009e12e72c7bd70a,1,0,0.0013145034899935
RU-A1272,img_99da1b711ff43799,1,0,0.0102402018383145
RU-A1273,img_4960024d1efe15d4,4,0,0.0278927627950906
RU-A1273,img_5f64ef5c7defeff6,4,0,0.0822530016303062
RU-A1273,img_b371e91f5cbddbe4,4,0,0.0221948940306901
RU-A1273,img_80db10a8bb01823c,4,0,0.0508287772536277
RU-A1273,img_29e94b4da5c96aec,4,0,0.0102808447554707
RU-A1273,img_157591b87a633ace,4,0,0.0024426220916211
RU-A1273,img_0c731df55c4b55ad,4,0,0.000222715534619
RU-A1273,img_e35b1976380244a5,4,0,0.0005324826342985
RU-A1273,img_e6476888feef1d98,4,0,0.0036369813606142
RU-A1273,img_2ffb6aa16ba020f3,4,0,0.000614088086877
RU-A1273,img_751dae15f4d5f0ff,4,0,0.0020657873246818
RU-A1273,img_72bdd076528bd9da,4,0,0.0180737040936946
RU-A1273,img_1e516943dcac3a12,4,0,0.0156581550836563
RU-A1274,img_d7370df4186b642e,1,0,0.0022527880501002
RU-A1274,img_b08f1df3664d1dfe,1,0,0.0023006901610642
RU-A1274,img_7da0285a7c37274d,1,0,0.0020767098758369
RU-A1274,img_1333002e933acc0a,1,0,0.001311149331741
RU-A1274,img_d94d45633521532d,1,0,0.0026577897369861
RU-A1274,img_cd7cceac77759855,1,0,0.0128244785591959
RU-A1274,img_b87b84242a4e780c,1,0,0.0918157622218132
RU-A1274,img_2d7530912a1e94b6,1,0,0.0063316328451037
RU-A1274,img_6cb56da06b7fa47d,1,0,0.0001020363124553
RU-A1274,img_7353c185f84d51c1,1,0,0.0193165466189384
RU-A1274,img_b95451f1772104fc,1,0,0.0095254266634583
RU-A1274,img_64cbc49db4dd4f0c,1,0,0.0053288522176444
RU-A1274,img_f8a7b0313db911da,1,0,0.0177459195256233
RU-A1276,img_30be5c94543ef28a,0,0,0.0203720536082983
RU-A1276,img_dc345c72b5d861ee,0,0,0.0129483174532651
RU-A1276,img_5e51e07f891ff79b,0,0,0.0141627946868538
RU-A1276,img_791186871b0855a1,0,0,0.0057730292901396
RU-A1276,img_c3f33b11de8c1069,0,0,0.0010163392871618
RU-A1276,img_ccc77c3040da15f4,0,0,0.0042535811662673
RU-A1276,img_452004518187fb25,0,0,0.001085725496523
RU-A1276,img_a19805f48f0b78a8,0,0,0.0001581515243742
RU-A1276,img_7e12ca5cfe3214db,0,0,0.0010528563288971
RU-A1276,img_172c6d4ca33024d4,0,0,0.0004510724975261
RU-A1278,img_7b0c1feab3789d06,0,0,8.233360131271183e-05
RU-A1278,img_b13ba42334b2c33f,0,0,0.0037977877072989
RU-A1278,img_5e4d8ff7319727a3,0,0,0.0018296010093763
RU-A1278,img_cd66e314ac9d533a,0,0,0.005466035567224
RU-A1278,img_1c9c6656b55836b2,0,0,0.003672128310427
RU-A1278,img_f8c0ba76c228838d,0,0,0.0013235907536
RU-A1278,img_3f927ebd903d78cc,0,0,0.0263169314712286
RU-A1278,img_2d05b921545955a8,0,0,0.048330470919609
RU-A1277,img_1cc46aadf06684bb,1,0,0.0006626032409258
RU-A1277,img_cffdb8567fdbd8da,1,0,0.0004642129933927
RU-A1277,img_0bdbae9c9ebe13bb,1,0,0.6570647954940796
RU-A1277,img_f6d96fcb13adcff1,1,0,0.5430623292922974
RU-A1277,img_800257b72e9a323e,1,0,0.016699768602848
RU-A1277,img_5692a857373db6d3,1,0,0.0044017815962433
RU-A1277,img_8b01163fd8b9143c,1,0,0.0133501579985022
RU-A1277,img_38f35a327c2c6879,1,0,0.0793612450361251
RU-A1277,img_0204a604cf94463f,1,0,0.0139365103095769
RU-A1277,img_e215b1a8315f0fad,1,0,0.013452747836709
RU-A1279,img_6c0fff5f049b2b29,0,0,0.0050356350839138
RU-A1279,img_170a2bf02e802dec,0,0,0.0080365845933556
RU-A1279,img_9f65a646d7920afe,0,0,0.0664660334587097
RU-A1279,img_cc612087bfbdfb21,0,0,0.0055386591702699
RU-A1279,img_e47bf20e2498bbb2,0,0,0.001288297586143
RU-A1279,img_a958b94475775659,0,0,0.0168706066906452
RU-A1279,img_b0d54d149682f24f,0,0,0.0023561159614473
RU-A1279,img_c04a30c4bca27998,0,0,1.388036434946116e-05
RU-A1279,img_610fae3889048ea7,0,0,0.0426843762397766
RU-A1279,img_053de2cb7a4ec9d7,0,0,0.0029727306682616
RU-A1279,img_abcbb6eb9987d2b6,0,0,0.0030845408327877
RU-A1279,img_a6f941549a6c8f2e,0,0,0.000137227383675
RU-A1279,img_cb3935ccbe629951,0,0,0.0045887548476457
RU-A1279,img_2f64cb764a5de351,0,0,0.0042022890411317
RU-A1279,img_ed64e55e0f79157b,0,0,0.0050603291019797
RU-A1280,img_4d999ea619b50da9,3,0,0.006615899503231
RU-A1280,img_31b3098fe97093c7,3,0,0.0229831710457801
RU-A1064,img_a6851a225117fbcb,3,0,0.0201639700680971
RU-A1064,img_5e264bf4434b6b57,3,0,0.2582108676433563
RU-A1064,img_382757dc5d78fb3d,3,0,0.3509304225444793
RU-A1064,img_866e490de3e581e8,3,0,0.4842440485954284
RU-A1064,img_688f3feafcfa3581,3,0,0.0291187390685081
RU-A1064,img_12c8b71b4b82a5e0,3,0,0.024979630485177
RU-A1064,img_a93131233f27a9bc,3,0,0.003708207514137
RU-A1064,img_c9bf059ca78e1cb8,3,0,0.0848973989486694
RU-A1064,img_a32381596d29ef4b,3,0,0.107747659087181
RU-A1064,img_262a93c6b5986f9c,3,0,0.0502576977014541
RU-A1156,img_a8349e23f0ed1385,4,1,0.997342050075531
RU-A1156,img_f7d59d3e11e249be,4,1,0.9977261424064636
RU-A1156,img_d276e46e44b0e906,4,1,0.9960361123085022
RU-A1156,img_aa1ec292c8744393,4,1,0.9962913990020752
RU-A1156,img_19c1a02ee99cad87,4,1,0.9882213473320008
RU-A1156,img_64a8e707014c0c84,4,1,0.9377681612968444
RU-A1156,img_d6d72ef0821da24a,4,1,0.9960219264030457
RU-A1156,img_2986dbe2ffa0dbed,4,1,0.7967562675476074
RU-A1156,img_f9c8ccd01f98acde,4,1,0.7336954474449158
RU-A1156,img_920b72db2132a449,4,1,0.0059820017777383
RU-A1156,img_5425640a754d30f4,4,1,0.0216144882142543
RU-A1156,img_44d8f1454fb9cf44,4,1,0.7148277163505554
RU-A1156,img_ae7d35ed5a92dfa6,4,1,0.8112567067146301
RU-A1175,img_30772dd4108bcfa9,4,0,0.0076190601103007
RU-A1175,img_4a6f4764434e9581,4,0,0.0010888562537729
RU-A1175,img_9569faecbd055d80,4,0,0.0009555979631841
RU-A1175,img_c21f9b2149c979be,4,0,0.0018108106451109
RU-A1175,img_90c4f65acd987813,4,0,0.0012373108183965
RU-A1175,img_8ea92b02f7c1a7f8,4,0,0.0011931378394365
RU-A1180,img_b38e73507dc7c407,0,1,0.0129140876233577
RU-A1180,img_bf6e5a188405bbf9,0,1,0.0063699381425976
RU-A1137,img_56ad42587a41d13f,3,0,0.004483537748456
RU-A1137,img_420d32447d27d9ad,3,0,0.0017169649945572
RU-A1137,img_f8596336cbb6ab7e,3,0,0.0506244339048862
RU-A1137,img_27f241b33f4cd1b9,3,0,0.0876160413026809
RU-A1137,img_c3d6dd135a809758,3,0,0.00153074786067
RU-A1137,img_b5c886eb2eb77b1b,3,0,0.0010099359788
RU-A1150,img_6793bd512d8d268d,0,0,0.001683170790784
RU-A1150,img_c275765ff341dca4,0,0,0.0002000762033276
RU-A1150,img_d419321a83b4e02d,0,0,0.1303188055753708
RU-A1150,img_065d841c32f09fdc,0,0,0.1284364461898803
RU-A1150,img_e574f619da841664,0,0,0.0109732383862137
RU-A1150,img_85b8f5256f9d2692,0,0,0.0134436646476387
RU-A1186,img_f82d99ec2aebfb87,2,0,0.0081803118810057
RU-A1186,img_a3daa22244771c75,2,0,0.0333128422498703
RU-A1186,img_d29fac8345943833,2,0,0.0639656856656074
RU-A1186,img_6ba5da9a53bdc8d2,2,0,0.005013789050281
RU-A1186,img_7ba5450aafdbfeec,2,0,0.0103576518595218
RU-A1186,img_0ebfc2931c2621b4,2,0,0.0021920923609286
RU-A1186,img_8511530d67193842,2,0,0.012163738720119
RU-A1186,img_a60ffee6723789ae,2,0,0.0069599347189068
RU-A1186,img_98755a6cc5be5ca7,2,0,0.0132348649203777
RU-A1186,img_bda19b74d37a24d5,2,0,0.0087643982842564
RU-A1186,img_195a63a620799581,2,0,0.0126588968560099
RU-A1186,img_14bf0796f92ea231,2,0,0.0213619265705347
RU-A1186,img_43ee7c6f5bd75451,2,0,0.0005687321536242
RU-A1186,img_c6b0ddb3934b9c16,2,0,0.0001856957533163
RU-A1187,img_209d97bee68fda97,3,0,0.0021170193795114
RU-A1187,img_9fc9c7c07b043792,3,0,0.0017778174951672
RU-A1187,img_1cfefb28992f74bc,3,0,0.0011029855813831
RU-A1187,img_413262bbfcb8b1e1,3,0,0.0057307761162519
RU-A1187,img_c370893f7a9ede8c,3,0,0.0216379016637802
RU-A1187,img_5ec05b3c5765141e,3,0,0.0695708766579628
RU-A1187,img_e5cb30c2e6a5e193,3,0,0.9835045337677002
RU-A1187,img_22d4734c37063186,3,0,0.986093521118164
RU-A1187,img_f9261bb2a89b8873,3,0,0.7470670342445374
RU-A1187,img_771210474a95b8b2,3,0,0.9512369632720948
RU-A1187,img_9d1bdeae69a9b615,3,0,0.4188248217105865
RU-A1187,img_427b3e09ff5547c7,3,0,0.573209285736084
RU-A1028,img_3c1a648dc774b80d,4,0,0.9257819056510924
RU-A1028,img_b84f1a49b1e45947,4,0,0.9779683947563172
RU-A1028,img_e6b188865b934d48,4,0,0.9647772312164308
RU-A1028,img_9485608a01a2802b,4,0,0.8494476079940796
RU-A1078,img_a86ed017552be765,0,1,0.0065011917613446
RU-A1078,img_68a5b50165104e23,0,1,0.0035462703090161
RU-A1078,img_d92680e01bdd84a7,0,1,0.1070731654763221
RU-A1078,img_b8a47edb240d9a9b,0,1,0.2454350441694259
RU-A1078,img_1f21e5f4d12309a7,0,1,0.0534451976418495
RU-A1078,img_fac47d93c4e9b070,0,1,0.0736364871263504
RU-A1079,img_7870d359d74857c0,0,0,0.001840965473093
RU-A1079,img_ac02afc1e7eb373e,0,0,0.0008395398617722
RU-A1079,img_ad1158cf86d294e1,0,0,0.0007419367320835
RU-A1079,img_4de1e43817e4e22a,0,0,0.0008072911878116
RU-A1079,img_a3b6f333efc7ce19,0,0,0.0005315984599292
RU-A1079,img_b63857d28eea4cf4,0,0,0.0116518177092075
RU-A1079,img_de364242bebc9c9d,0,0,0.0010374155826866
RU-A1079,img_d054e1c68921e0bd,0,0,0.0150685152038931
RU-A1079,img_7f3a3913f25bb6c6,0,0,0.00037293828791
RU-A1079,img_5041558f8a325d01,0,0,0.0019319866551086
RU-A1079,img_3a92405136b435c5,0,0,0.0006664570537395
RU-A1079,img_24ff27e224f768c6,0,0,0.0008808902348391
RU-A1081,img_aa03307b4748da7c,0,0,0.0807891264557838
RU-A1081,img_4b5d59b7666caeb2,0,0,0.0433314107358455
RU-A1081,img_10135927fd7b74e7,0,0,0.018156062811613
RU-A1081,img_1b38f620df9cd1c5,0,0,0.0810516104102134
RU-A1082,img_5e794b468cdfc4fe,2,0,0.0018194415606558
RU-A1082,img_a226959602cac093,2,0,0.0018835101509466
RU-A1082,img_90b26091fff534cd,2,0,0.0022107276599854
RU-A1082,img_129515e703b481cd,2,0,0.0104489391669631
RU-A1082,img_92cfcd4509f3a24f,2,0,0.0020481683313846
RU-A1082,img_6c012193b1e94d25,2,0,0.0286031942814588
RU-A1082,img_dffaf8a7b9b9033d,2,0,0.0039418446831405
RU-A1082,img_1c3af867a8fdf26c,2,0,0.003925341181457
RU-A1082,img_36897e28517ddb1f,2,0,0.00711674336344
RU-A1082,img_3199e8638f192b55,2,0,0.0097168684005737
RU-A1082,img_991c3d0b52ad5310,2,0,0.0002287209208589
RU-A1082,img_1133dd7a7a6c47e0,2,0,0.0005610705120489
RU-A1082,img_d79a086a3c1b811a,2,0,0.0011286822846159
RU-A1083,img_5139928cc3444c7b,0,0,0.095179758965969
RU-A1083,img_664e185898657c63,0,0,0.1647577136754989
RU-A1083,img_2f0989eb4673c2fd,0,0,0.0049911537207663
RU-A1083,img_be8a0272e0599470,0,0,0.0190773922950029
RU-A1084,img_db1a74c82562304c,4,0,0.0233423113822937
RU-A1084,img_de993738e286581f,4,0,0.0069555561058223
RU-A1084,img_31e9df9a835f7eda,4,0,0.0044775842688977
RU-A1084,img_bb976eb440ac7f37,4,0,0.0304305404424667
RU-A1084,img_385f0807a9a54c02,4,0,0.1298401951789856
RU-A1084,img_9de76103ad4f2dd7,4,0,0.292604386806488
RU-A1084,img_28271672e954b37d,4,0,0.4368972480297088
RU-A1084,img_868abe50067b2c1b,4,0,0.3999888598918915
RU-A1084,img_b2db014757101fdc,4,0,0.0246498361229896
RU-A1084,img_a3b0040766d5c348,4,0,0.0120797688141465
RU-A1084,img_75a7cc7b70ffed18,4,0,0.7179509401321411
RU-A1084,img_d2927f5863cc9afe,4,0,0.7411214709281921
RU-A1084,img_6c6985fc7a4dc9f1,4,0,0.1335302293300628
RU-A1084,img_120829c679515f60,4,0,0.3358086049556732
RU-A1084,img_604339027e323f43,4,0,0.0490737222135067
RU-A1084,img_0603f1a7d217e1fa,4,0,0.2720803022384643
RU-A1084,img_a3ef717e825aca6b,4,0,0.2718198299407959
RU-A1084,img_9aec24e380226cbb,4,0,0.0444636493921279
RU-A1084,img_3c94be12f9452a49,4,0,0.2013109177350998
RU-A1084,img_095a20697f55aabf,4,0,0.4978012442588806
RU-A1084,img_646cf78d46d82197,4,0,0.1341201215982437
RU-A1084,img_fae698fe99a4f049,4,0,0.0421675406396389
RU-A1084,img_0d7490ad0f8da910,4,0,0.0008723454084247
RU-A1084,img_432603b05d9127b1,4,0,0.000924463442061
RU-A1084,img_28395d2246bf2fab,4,0,0.007778194732964
RU-A1084,img_2e32ef66ddff8940,4,0,0.0044709430076181
RU-A1084,img_8aa96eb0ac87f648,4,0,0.0214824490249156
RU-A1084,img_30fb37bb30a7d793,4,0,0.0125307338312268
RU-A1084,img_78424e1cd8cfac32,4,0,0.4325462579727173
RU-A1084,img_3cdefaa1a1f607f7,4,0,0.0019721891731023
RU-A1084,img_f1e58efa7e8a4b89,4,0,0.5834512114524841
RU-A1084,img_ee4e31ef61fede0d,4,0,0.8387059569358826
RU-A1084,img_a6af44adb5b4e3fc,4,0,0.2142149657011032
RU-A1084,img_06116b4fd85491e7,4,0,0.1176389679312706
RU-A1084,img_b091d058d104f6c8,4,0,0.8258421421051025
RU-A1084,img_86a7d12d98bf8834,4,0,0.7048683166503906
RU-A1084,img_680916680333756e,4,0,0.0120003595948219
RU-A1084,img_8efbbb07c40d273b,4,0,0.0293568726629018
RU-A1084,img_e1e817fdf5a1d7b2,4,0,0.0073167732916772
RU-A1084,img_9bf276f4353f10c8,4,0,0.0029632933437824
RU-A1084,img_a7207d192f757a1a,4,0,0.0070513510145246
RU-A1084,img_0d2967c3393ee942,4,0,0.0085058957338333
RU-A1084,img_46b97e6adb87c027,4,0,0.4367804229259491
RU-A1085,img_d2840a0efc4d0500,3,0,0.0004547885910142
RU-A1085,img_86de0b7084b511bc,3,0,0.001217984361574
RU-A1085,img_421946506fd626cb,3,0,0.9700333476066588
RU-A1085,img_a51137854d80c772,3,0,0.939748764038086
RU-A1085,img_8d16fe52b0ac7627,3,0,0.993286430835724
RU-A1085,img_884d0c900a4399a5,3,0,0.9960116147994996
RU-A1085,img_4f0f0942e9b61eeb,3,0,0.910948932170868
RU-A1085,img_e2508b2a0691ada6,3,0,0.0056989314034581
RU-A1085,img_243a2e132269c95d,3,0,0.0154644586145877
RU-A1085,img_4b85cdf8d4ef0826,3,0,0.0013197314692661
RU-A1085,img_17b3c6d65d15df0d,3,0,0.0011023454135283
RU-A1085,img_ed0e5c028fbfabe5,3,0,0.0040682991966605
RU-A1085,img_24fdb91b79324aee,3,0,0.0070103867910802
RU-A1085,img_398da96546b0066c,3,0,0.1528811156749725
RU-A1085,img_36adfb8a249878af,3,0,0.0013008415699005
RU-A1085,img_40f7e4d572e3f1ca,3,0,0.3293166160583496
RU-A1085,img_2df6854354572d95,3,0,0.0200314931571483
RU-A1085,img_f336dd1256b709c6,3,0,0.0021713015157729
RU-A1085,img_2511cc7ca01ff2d5,3,0,0.0236952267587184
RU-A1087,img_4306561128354096,0,0,0.1085708439350128
RU-A1087,img_38737445203e2c13,0,0,0.0198217872530221
RU-A1087,img_dab65d5c5e8f6d55,0,0,0.0474792793393135
RU-A1087,img_840f75a422ad264a,0,0,0.0367752537131309
RU-A1087,img_b55ab284dfe108d9,0,0,0.1229855120182037
RU-A1087,img_9c63f1ff0c8ee69b,0,0,0.0026891911402344
RU-A1087,img_2ca95915a88ac9c9,0,0,0.0233834460377693
RU-A1087,img_010c3e808818e708,0,0,0.0504845827817916
RU-A1087,img_d1435d697349c4a4,0,0,0.128692552447319
RU-A1087,img_7ec30c18756e84a1,0,0,0.1197330504655838
RU-A1088,img_341bd79bfbb32464,3,0,0.0008384062093682
RU-A1088,img_d465b338932e403e,3,0,0.0013892241986468
RU-A1088,img_38575cb854539b8c,3,0,0.0194248668849468
RU-A1088,img_6ac9d9272ee184db,3,0,0.0091030364856123
RU-A1088,img_0c255eb4d4280770,3,0,0.0102933114394545
RU-A1090,img_02cafda702c58f3d,1,0,0.0096885617822408
RU-A1090,img_55746d1544908753,1,0,0.0119659453630447
RU-A1090,img_7c6912da4ffd5750,1,0,0.0053584934212267
RU-A1090,img_547350790b5bc200,1,0,0.0005847669090144
RU-A1090,img_e4c492a7436a7907,1,0,0.000360318343155
RU-A1090,img_8f4ecd186cf1dc29,1,0,0.0020512433256953
RU-A1090,img_12dc93313669830c,1,0,0.018442852422595
RU-A1090,img_20ce68ea5e35dc51,1,0,0.0335934162139892
RU-A1091,img_496d40d4bdcfa3c7,4,0,0.001811429625377
RU-A1091,img_9053b6bd763c8b8d,4,0,0.1072094589471817
RU-A1091,img_ebb3a517d781b7b0,4,0,0.6771878600120544
RU-A1091,img_23e6a7a181090eab,4,0,0.1125772222876548
RU-A1091,img_319c90b60993f854,4,0,0.0560506172478199
RU-A1092,img_8c37cebdc426aa15,2,0,0.0003604315570555
RU-A1092,img_24384ed0c7c80a3e,2,0,0.0019171595340594
RU-A1092,img_fd5e04009c989483,2,0,0.0002903235144913
RU-A1092,img_2689ab49025de65b,2,0,0.0001193449788843
RU-A1092,img_01700a28dbd98744,2,0,0.0005846542771905
RU-A1092,img_e1b2da4fc40c44ee,2,0,0.0104889618232846
RU-A1092,img_7bb8ce1213dfd56e,2,0,0.0031399358995258
RU-A1092,img_953bb7a54e2b3dd7,2,0,0.0037867950741201
RU-A1094,img_902989ce5048de9a,4,0,0.0642744600772857
RU-A1094,img_18b96c6949455734,4,0,0.0061626099050045
RU-A1095,img_cfe40bba1a0f810e,3,0,0.0013803580077365
RU-A1095,img_4b773350aaebdbd9,3,0,0.0027213862631469
RU-A1095,img_f3cc0d6b7a6c2a46,3,0,0.0059054587036371
RU-A1095,img_c996bb01a3e89b4c,3,0,0.0013926298124715
RU-A1095,img_e24a827388d07178,3,0,0.0065022259950637
RU-A1095,img_8b639a4d807c6044,3,0,0.0050945193506777
RU-A1095,img_deefb793a0c050cc,3,0,0.0231830701231956
RU-A1095,img_fc0d79d4e55034df,3,0,0.003607633523643
RU-A1096,img_f6c310321f59d359,0,0,0.0038442010991275
RU-A1096,img_c35849104c118fc6,0,0,0.0043446579948067
RU-A1096,img_d5d57717703a052a,0,0,0.0950527191162109
RU-A1096,img_a0ccab2224837eda,0,0,0.0048183994367718
RU-A1096,img_5e6622b02478a5a4,0,0,0.0010028175311163
RU-A1096,img_7b2f91f4f7f6fcaa,0,0,0.002046390902251
RU-A1096,img_be24564b1ddcd56f,0,0,0.010641811415553
RU-A1096,img_bc4744b3c20684fe,0,0,0.0072702621109783
RU-A1096,img_ac941b46f905083f,0,0,0.0032755702268332
RU-A1096,img_c4addf21d7357407,0,0,0.0003313603810966
RU-A1100,img_f0bd0fff94bb343f,2,0,0.0041202609427273
RU-A1100,img_7d0aad024ce8d3db,2,0,0.0008667428628541
RU-A1100,img_54c7460ad88dfb08,2,0,0.0004406154621392
RU-A1100,img_378c9a2b6359dcc9,2,0,0.0061010220088064
RU-A1100,img_2e42acf9a04b00ac,2,0,0.0185225009918212
RU-A1100,img_7178489d049aad3c,2,0,0.0178962629288434
RU-A1148,img_f10d9b13c8dd1747,2,0,0.0043185669928789
RU-A1148,img_7ee9dfd8047937f2,2,0,0.018154477700591
RU-A1148,img_01039c4b1b623173,2,0,0.0062881461344659
RU-A1148,img_3d509547e54a2108,2,0,0.0103470254689455
RU-A1151,img_aeb0e4d98421c6ab,1,0,0.9356001615524292
RU-A1151,img_8331c3e1b7e45f52,1,0,0.9530491232872008
RU-A1151,img_6c74f2ffa84c278b,1,0,0.7062569856643677
RU-A1151,img_69da023df1138ae9,1,0,0.190146118402481
RU-A1151,img_88bb0ec6ba46ac97,1,0,0.9977688789367676
RU-A1151,img_9f18b3aba6cc0de5,1,0,0.9835295081138612
RU-A1151,img_906468ac2b6883a3,1,0,0.1080456599593162
RU-A1151,img_ebae27221ad510aa,1,0,0.0299477316439151
RU-A1152,img_9f36ccabffb91127,1,0,0.0041139787063002
RU-A1152,img_02cd3a50e5722f10,1,0,0.0039879078976809
RU-A1152,img_84a872e80fbba85f,1,0,0.000755863613449
RU-A1152,img_79ed47c25e1cc9e8,1,0,0.0203120727092027
RU-A1152,img_b2de56818450326b,1,0,0.0030481826979666
RU-A1152,img_c660dad4197daee3,1,0,0.0024018257390707
RU-A1152,img_1b752091dee4c518,1,0,0.0001329427614109
RU-A1152,img_20cb8b00b4c70d4a,1,0,0.0006334624486044
RU-A1152,img_5cb4e0b0f3856695,1,0,0.0595668442547321
RU-A1152,img_c8672f4e365313ce,1,0,0.0648706406354904
RU-A1157,img_d4ae8091ae0757af,3,0,0.0037454166449606
RU-A1157,img_3761fc6f346e7291,3,0,0.0038851699791848
RU-A1157,img_d0a7bc73fef9e701,3,0,0.0552901700139045
RU-A1157,img_acee21b7f9f9bccc,3,0,0.0164267588406801
RU-A1157,img_a2c4c778b6fd866f,3,0,0.0186334624886512
RU-A1157,img_b0fbe72697137acb,3,0,0.009928953833878
RU-A1157,img_d95a5f98abe2aa6a,3,0,0.0772159397602081
RU-A1157,img_82509bdad829118f,3,0,0.0518856719136238
RU-A1157,img_c511d5fc6dfd2591,3,0,0.0009168524411506
RU-A1157,img_20cd221b066c7c94,3,0,0.0013987013371661
RU-A1158,img_bd5fac1beb00b89e,2,0,0.0045365989208221
RU-A1158,img_4593d4fb03c4aa2e,2,0,0.0142606403678655
RU-A1158,img_1c399192e010e1e8,2,0,0.0007608420564793
RU-A1158,img_a84359e1fadc93be,2,0,0.0044305874034762
RU-A1158,img_07bbefdbda20d1bf,2,0,0.0494306534528732
RU-A1158,img_dfb6d85a2716b73e,2,0,0.0023706462234258
RU-A1158,img_f8e90ff8a45ea76c,2,0,0.0158538613468408
RU-A1158,img_96c480c67d24ff81,2,0,0.0160096399486064
RU-A1158,img_c950b0861207bfd0,2,0,0.000386308383895
RU-A1158,img_a57643551c6682fb,2,0,0.0008531850180588
RU-A1159,img_57e847c25be6c902,1,0,0.0119945611804723
RU-A1159,img_a58cfac931b9dfed,1,0,0.086976520717144
RU-A1159,img_f54dedfd09cd5bb9,1,0,0.6710728406906128
RU-A1159,img_0482fd8c4e89f3a1,1,0,0.0067662498913705
RU-A1159,img_94f472ea68866573,1,0,0.0009728131117299
RU-A1159,img_d2f62e019f86a9a1,1,0,0.0001770987000782
RU-A1159,img_770aeeb6a4734483,1,0,0.0008510097977705
RU-A1159,img_e3271d3452e87481,1,0,0.0033826152794063
RU-A1159,img_443e45ed9c9b91d8,1,0,0.0022913487628102
RU-A1160,img_abf0add4078c02d7,2,0,0.0251071229577064
RU-A1160,img_f3a7c9f498a30cf6,2,0,0.0160406716167926
RU-A1160,img_5d54faf7bc620d76,2,0,0.1756357550621032
RU-A1160,img_3673caab3ada9169,2,0,0.2994295656681061
RU-A1161,img_fddfd73669db3761,1,0,0.0057703973725438
RU-A1161,img_9a0d76490f4e758c,1,0,0.0018598467577248
RU-A1161,img_703a60c47ce33393,1,0,0.0002680988400243
RU-A1161,img_a77c700d16387170,1,0,0.0001133705081883
RU-A1161,img_f18955f848c65a47,1,0,0.0027102278545498
RU-A1161,img_b22806dae60e42eb,1,0,0.0012277334462851
RU-A1162,img_e50a1e9b61f68985,3,0,0.0137095721438527
RU-A1162,img_43f44a1c0dc4e80a,3,0,0.0042712888680398
RU-A1162,img_0686832adf9eb7b0,3,0,0.0070165172219276
RU-A1162,img_ccda422b004b2040,3,0,0.0160801708698272
RU-A1162,img_a73115e01a2d9552,3,0,0.0013683261349797
RU-A1162,img_1ac9bbabf7fe927f,3,0,0.0030694166198372
RU-A1162,img_3565e826b9cddd17,3,0,0.0034550954587757
RU-A1162,img_d64a4ffe7e6872e8,3,0,0.0038610810879617
RU-A1162,img_3373d870d77bbaf3,3,0,0.0022604879923164
RU-A1162,img_88287373e24dfd04,3,0,0.000604287313763
RU-A1162,img_bc1d55c4fbfa977d,3,0,0.9817624092102052
RU-A1162,img_eb4aedf0b4d0e8f8,3,0,0.9789777994155884
RU-A1162,img_1ebecbd928005394,3,0,0.0010617553489282
RU-A1162,img_a05f3ea344464421,3,0,0.0014074962818995
RU-A1164,img_a75108faede88b0d,4,0,0.0044572846964001
RU-A1164,img_fdce6cdc847ab8a7,4,0,0.0039006462320685
RU-A1164,img_328f0f466922f285,4,0,0.0158315878361463
RU-A1164,img_f2a9a25391b544d3,4,0,0.0011107105528935
RU-A1164,img_bbd0d37f984a5849,4,0,0.0069561121053993
RU-A1164,img_dded3e26fcacca5f,4,0,0.0463462099432945
RU-A1164,img_10353862751e7fa5,4,0,0.024041386321187
RU-A1164,img_9a96dbab552513b9,4,0,0.0585249625146389
RU-A1164,img_4093518313023fbe,4,0,0.105344146490097
RU-A1165,img_65386e7d9cb64f9d,1,0,0.0030172378756105
RU-A1165,img_a02bce084c4dbc51,1,0,0.001234519528225
RU-A1165,img_d7ec70c596a3c7e5,1,0,0.0025431867688894
RU-A1165,img_f50adedd5121a5af,1,0,0.0057403231039643
RU-A1167,img_90b53155667807a2,4,0,0.0075300335884094
RU-A1167,img_1e91445dbbb10e45,4,0,0.0050923624075949
RU-A1167,img_0b8e5ead1c0eb983,4,0,0.0284203644841909
RU-A1167,img_9a356d782ada14e7,4,0,0.015038969926536
RU-A1168,img_f6c1b78bf1a1c419,1,0,0.0073349089361727
RU-A1168,img_c4fa6b6606150776,1,0,0.0068882280029356
RU-A1168,img_b12763bc776f237b,1,0,0.0009443944436497
RU-A1168,img_b998ac7903da596a,1,0,0.0089918840676546
RU-A1168,img_9b4e1328a6284d02,1,0,0.0026782278437167
RU-A1168,img_f63bebd6e6b520fb,1,0,0.0004265742609277
RU-A1168,img_f82ac1e479af4fee,1,0,0.1678415089845657
RU-A1168,img_21a5e7daef98fa43,1,0,0.1096935123205185
RU-A1169,img_3d0d09c23dddd708,0,0,4.187993545201607e-05
RU-A1169,img_e8f319d98e4394db,0,0,0.0008274566498585
RU-A1169,img_ce580288284f0c39,0,0,0.0043016741983592
RU-A1169,img_f2e76757f84ec6c2,0,0,0.209697276353836
RU-A1169,img_6952eb5a597b71e9,0,0,0.2168583273887634
RU-A1170,img_35146e0294ffc229,4,1,0.0365576483309268
RU-A1170,img_ad84d34a839db114,4,1,0.084319457411766
RU-A1170,img_7c4b026225b78480,4,1,0.0050044422969222
RU-A1170,img_44d09247fe41802c,4,1,0.0027488109190016
RU-A1170,img_19245519512331a8,4,1,0.0037300274707376
RU-A1170,img_3a68b7d522fd8ed8,4,1,0.0198191460222005
RU-A1170,img_669a0e3d9a6b644c,4,1,0.0449258796870708
RU-A1170,img_fbd531730bf96b19,4,1,0.0053099421784281
RU-A1170,img_744edff32ebf52bc,4,1,0.0045987018384039
RU-A1170,img_5c3f1b9276cd3327,4,1,0.0018643367802724
RU-A1170,img_ec86d7873fc72200,4,1,0.1915663331747055
RU-A1170,img_863dbaaea59fc328,4,1,0.162597969174385
RU-A1170,img_7167b5fffd811b63,4,1,0.0019075474701821
RU-A1170,img_6543c793c1f09e1e,4,1,0.0112990569323301
RU-A1171,img_451dd404b3fad6a6,2,0,0.0758366137742996
RU-A1171,img_bcd237220dc0b0ec,2,0,0.0159372612833976
RU-A1171,img_a0e80e65520e2bc2,2,0,0.4729197025299072
RU-A1171,img_c0ff02ba034a11aa,2,0,0.2147607803344726
RU-A1172,img_be58fe8545d04fce,1,0,0.0121648274362087
RU-A1172,img_b4b1d34ad253ee14,1,0,0.0185702294111251
RU-A1172,img_133e5f1b77bf145f,1,0,0.0223045703023672
RU-A1172,img_1b76d3ea41ad0fa1,1,0,0.0292786136269569
RU-A1172,img_b168d6619e508ea6,1,0,0.0010890284320339
RU-A1172,img_b79a076a1dbb92e9,1,0,0.0021855095401406
RU-A1172,img_e407281c2cea1333,1,0,0.0044508888386189
RU-A1172,img_a12c58a5a5f53650,1,0,0.0002195060660596
RU-A1173,img_6dbc7d2d2fda1e32,0,0,0.000627159664873
RU-A1173,img_898c00f921b34233,0,0,0.0002891478943638
RU-A1173,img_f6a77858a31c3ef1,0,0,0.0012083033798262
RU-A1173,img_df210a5fab7e194e,0,0,0.0013313726522028
RU-A1173,img_142451132d6f6d6e,0,0,0.0020000003278255
RU-A1173,img_755a70d989ccf55a,0,0,0.000774884247221
RU-A1174,img_a9bce608eae449af,1,0,0.0111176650971174
RU-A1174,img_fb7d456259450448,1,0,0.0025940889026969
RU-A1174,img_5bc4050a4df8e92f,1,0,0.1014109700918197
RU-A1174,img_32cd0bd1996206c9,1,0,0.0952537208795547
RU-A1174,img_9aea532336c2c157,1,0,0.1984294801950454
RU-A1174,img_8c2b5cc9eea99fea,1,0,0.048251949250698
RU-A1174,img_71f1b96a1ba6bbb0,1,0,0.0221158005297184
RU-A1174,img_e235934b96951fe8,1,0,0.0387208350002765
RU-A1174,img_d11a8e2594bdf46e,1,0,0.0061186030507087
RU-A1174,img_1576581ca61c0ced,1,0,0.0166764575988054
RU-A1154,img_2b9ec337d64cdc74,2,0,0.0071143647655844
RU-A1154,img_c6445ecfb6d3aa22,2,0,0.0149407535791397
RU-A1154,img_a10ed4749e23c7cc,2,0,0.0002056323719443
RU-A1154,img_0f73b3f77eb23edf,2,0,0.001139068743214
RU-A1154,img_bc17bb19d4341e1c,2,0,0.0012261470546945
RU-A1154,img_a758888f8a1813b8,2,0,0.0054202554747462
RU-A1154,img_e2e703a4f91f18f3,2,0,0.0048542423173785
RU-A1154,img_44e2b5872169ec50,2,0,0.0003584222577046
RU-A1154,img_6b40865f9b4e08eb,2,0,0.0021659391932189
RU-A1154,img_db8425540c0b0cdb,2,0,0.003633325221017
RU-A1155,img_5f4824811e011f6c,1,0,0.0033144380431622
RU-A1155,img_7e2f28ed80177923,1,0,0.0040253177285194
RU-A1155,img_5408471552cc8c89,1,0,0.0020782817155122
RU-A1155,img_b29cca99ccd698af,1,0,0.0055075827986001
RU-A1155,img_dad54ac42e65821a,1,0,0.0032479034271091
RU-A1155,img_9ce9024d4db6717f,1,0,0.0001059717251337
RU-A1155,img_25cbf5e7316d2139,1,0,0.0001052775623975
RU-A1155,img_856dd30f9aecc437,1,0,0.0001351596729364
RU-A1155,img_76bbfe9516ee3d70,1,0,0.0001591249310877
RU-A1221,img_b843df6ac49748b8,1,0,0.004748785868287
RU-A1221,img_a11314f69c119b7e,1,0,0.0106675205752253
RU-A1221,img_e3360cc395bd4f0c,1,0,0.0154504179954528
RU-A1221,img_3d7784f167ab3877,1,0,0.0055691027082502
RU-A1221,img_7297193f16963b9f,1,0,0.0012124931672587
RU-A1221,img_ec4e39e962c9849c,1,0,0.0029258676804602
RU-A1222,img_0c8e501da531010d,4,0,0.0017063209088519
RU-A1222,img_0a0d40bf622e68e5,4,0,0.0009567741071805
RU-A1222,img_17920b469918312a,4,0,0.0212417002767324
RU-A1222,img_550d8a285a437729,4,0,0.1042683646082878
RU-A1223,img_993f965cb2543c0e,0,0,0.0077949780970811
RU-A1223,img_11d2a45a94860f1f,0,0,0.0026081667747348
RU-A1223,img_a34347443d9b677c,0,0,0.0024829129688441
RU-A1223,img_e0fea148738580c9,0,0,0.0015004153829067
RU-A1224,img_5abbe20174b1cb5e,0,0,0.0161137245595455
RU-A1224,img_311dce75a3b93818,0,0,0.0079061388969421
RU-A1224,img_a937d14aa26975fa,0,0,0.0944360122084617
RU-A1224,img_41106415ecfc609e,0,0,0.0053940885700285
RU-A1224,img_dba5d6602b0b162a,0,0,0.003742704167962
RU-A1225,img_9e70c1ee239546d3,0,0,0.001057349378243
RU-A1225,img_399db71f2f7c74d2,0,0,0.0018192179268226
RU-A1226,img_662078eafbab9c59,0,0,0.0051832124590873
RU-A1226,img_d4331128fa77cdd6,0,0,0.0157877821475267
RU-A1226,img_42abf17b96b925c5,0,0,0.0012520850868895
RU-A1226,img_0beb883c88a1a1b9,0,0,0.0015486400807276
RU-A1227,img_a4ed0801b99d3676,3,0,0.0107425982132554
RU-A1227,img_48fc430b50746636,3,0,0.0036227831151336
RU-A1227,img_d14fae684d541a7a,3,0,0.0044704782776534
RU-A1227,img_47bc5f8962e2180b,3,0,0.0027241026982665
RU-A1227,img_354c74b3c6338aad,3,0,0.0240110792219638
RU-A1227,img_982144aa5c74c38e,3,0,0.0129172792658209
RU-A1228,img_cff87a80d13e8fb1,2,0,0.0001825652725528
RU-A1228,img_566a72c2cbc99ec0,2,0,0.0047904560342431
RU-A1228,img_d2f9d041e39bcca2,2,0,7.281598664121702e-05
RU-A1228,img_3d8bf6100cc8d6b8,2,0,0.0074192616157233
RU-A1228,img_d5e1c165c810708f,2,0,0.0061376201920211
RU-A1228,img_f8dc5696bc6d0a98,2,0,0.0024209630209952
RU-A1228,img_b355bf8324014a77,2,0,0.0002156446716981
RU-A1228,img_7ecf8f0d78007381,2,0,0.0018324587726965
RU-A1228,img_22d710c277869821,2,0,0.0010054636513814
RU-A1228,img_dc939f24dbe447cf,2,0,0.0089135728776454
RU-A1228,img_9718837515050473,2,0,0.0041658622212708
RU-A1229,img_8950267846928315,4,1,0.2033805549144745
RU-A1229,img_44829ee2e0bd1429,4,1,0.9972579479217528
RU-A1229,img_75e20e01b38e078a,4,1,0.9974478483200072
RU-A1229,img_651a50002ea6f8ba,4,1,0.8103207945823669
RU-A1229,img_b1f8e2c4d30fe399,4,1,0.8892329335212708
RU-A1230,img_3830ae930b0a6ef1,4,0,0.0059666032902896
RU-A1230,img_72e0925990c9bf09,4,0,0.0047764456830918
RU-A1230,img_8de82a7ef7791207,4,0,0.020917322486639
RU-A1230,img_dfdf8341cd873f00,4,0,0.0023336720187216
RU-A1230,img_4e74d4cfbc6b946d,4,0,0.0007408414967358
RU-A1230,img_9b94bb8e3d3f8938,4,0,0.000131869703182
RU-A1230,img_63b70a713495db32,4,0,0.0461417995393276
RU-A1230,img_60227010952c481a,4,0,0.010359832085669
RU-A1230,img_3ed0b603bd39c6fe,4,0,0.001975743798539
RU-A1230,img_8d9ee4f5d062f4ee,4,0,0.0014325726078823
RU-A1230,img_2badc52b03359c7f,4,0,0.0001963162358151
RU-A1230,img_dc9adb66c18359f9,4,0,0.0006718023214489
RU-A1231,img_4a9ceaba0b907dba,2,0,0.0039539304561913
RU-A1231,img_4dbcc0ccdd01a90e,2,0,0.0131699088960886
RU-A1231,img_dd5a0c6c0753b8f9,2,0,0.002640989376232
RU-A1231,img_bfee5e09e107f620,2,0,0.0693376436829567
RU-A1231,img_d2ae49d23f2c8fae,2,0,0.0069150407798588
RU-A1231,img_a7b107b5b48b736b,2,0,0.0096259890124201
RU-A1231,img_a8186cb4fbe98fca,2,0,0.0041943471878767
RU-A1231,img_02ae068f77aecd0a,2,0,0.0017593745142221
RU-A1232,img_f8eed42054d2d97e,1,0,0.0037488935049623
RU-A1232,img_6b8ee788e5947b23,1,0,0.001453589182347
RU-A1232,img_e5b24440c4d13433,1,0,0.0131909660995006
RU-A1232,img_91ce6a798f0addf8,1,0,0.0179698094725608
RU-A1232,img_09d3118069786e96,1,0,0.0153536349534988
RU-A1232,img_67c3b03061399bb3,1,0,0.0204048063606023
RU-A1232,img_66e3441a082030fe,1,0,0.6191287040710449
RU-A1232,img_434c1c81c8b8e1ed,1,0,0.0015603465726599
RU-A1233,img_5de866f0a887a291,0,0,0.0128960954025387
RU-A1233,img_ccd794e2817b27c9,0,0,0.0354141779243946
RU-A1233,img_b7d8a3f95eea273a,0,0,0.0018521104939281
RU-A1233,img_06613dc42196830f,0,0,0.0251912660896778
RU-A1233,img_f8c5fdc5ef24e200,0,0,0.0060131470672786
RU-A1233,img_3fe0bf91a8b07fbf,0,0,0.0041765281930565
RU-A1233,img_eb990b0170856b53,0,0,0.0170589182525873
RU-A1233,img_1cef30b84b1f8705,0,0,0.014556816779077
RU-A1234,img_9fe7f8c14d214f85,1,0,0.0173748899251222
RU-A1234,img_8f9346484fdadaf5,1,0,0.0185341723263263
RU-A1234,img_b7b77fcba03765a8,1,0,0.0011792986188083
RU-A1234,img_f572494e74b147f7,1,0,0.0013962686061859
RU-A1235,img_7fcb73b59693708a,1,0,0.0706864446401596
RU-A1235,img_d7e0b86dae2b2648,1,0,0.0064600147306919
RU-A1235,img_e541919750f8f0bb,1,0,0.0229308158159255
RU-A1235,img_7e5ed24165794b48,1,0,0.0081870686262846
RU-A1236,img_cc2d188476c57231,3,0,0.0063845831900835
RU-A1236,img_bc39e336ae99b7c2,3,0,0.0059846593067049
RU-A1237,img_c1307c46aeed49e6,2,0,0.0090126944705843
RU-A1237,img_0e945bc042bb913b,2,0,0.0073638693429529
RU-A1237,img_3e017bbfd34b445c,2,0,0.0072695077396929
RU-A1237,img_53f53b2252294e84,2,0,0.0024873446673154
RU-A1237,img_4e1c499c5537d033,2,0,0.005161537323147
RU-A1238,img_7be6f6758f6c4b6d,1,0,0.0007509641582146
RU-A1238,img_a36c9d9a3209fd1a,1,0,0.002964970190078
RU-A1238,img_891b503bbeee8157,1,0,0.0008797838236205
RU-A1238,img_e03834fbefdd0c96,1,0,0.0010998882353305
RU-A1238,img_1b16d89d902c69c9,1,0,0.0035149450413882
RU-A1238,img_09c83915e5561442,1,0,0.0082042897120118
RU-A1238,img_c2fc160a3a160ab3,1,0,0.0165287628769874
RU-A1238,img_ae17a68200f20bd7,1,0,0.0164012145251035
RU-A1239,img_e3666bf8aa074a8e,3,0,0.8169199824333191
RU-A1239,img_54c6082c9e330aa9,3,0,0.002770263236016
RU-A1239,img_7c5fa7fde0d158ec,3,0,0.0007566858548671
RU-A1239,img_959fddb3cb5ba6ad,3,0,0.000488126912387
RU-A1239,img_6884c97a9b80867c,3,0,0.0140955308452248
RU-A1239,img_073122c18a534a3f,3,0,0.0109524726867675
RU-A1240,img_b2826c84edb1a981,3,1,0.0056033628061413
RU-A1240,img_e2929ffcd26a36bb,3,1,0.0069591468200087
RU-A1240,img_1a1f853295b0a1f7,3,1,0.002771636005491
RU-A1240,img_df2b23c20d373cb2,3,1,0.1267918944358825
RU-A1240,img_5d4d38e81fc13079,3,1,0.2187879085540771
RU-A1240,img_e4bbe624cbc3bcfa,3,1,0.0026251736562699
RU-A1240,img_fca381572b0f2812,3,1,0.003235497046262
RU-A1240,img_332150a1c65cc706,3,1,0.0266385804861783
RU-A1240,img_2a566051f674d24c,3,1,0.0037102226633578
RU-A1240,img_e9ca392036a4b523,3,1,0.0016714420635253
RU-A1240,img_ab8c49011a55ede8,3,1,0.0391659587621688
RU-A1240,img_c3a0ac719e920d0e,3,1,0.0368443690240383
RU-A1345,img_7e61082adabd31d8,1,1,8.515618537785485e-05
RU-A1345,img_d3feff1211a4285c,1,1,0.0008587532211095
RU-A1345,img_cdbc4937d28fa0ee,1,1,0.0028228352311998
RU-A1345,img_22eb5d6e909db778,1,1,0.0012385512236505
RU-A1245,img_0b1da719028ee428,2,0,0.0035915435291826
RU-A1245,img_c1c7c530d207703b,2,0,0.0028703704010695
RU-A1245,img_19718b6879c6a4b5,2,0,0.0034281273838132
RU-A1245,img_a7bf02af7fb692b9,2,0,0.0021449262276291
RU-A1245,img_f2692bb748663132,2,0,0.0220754258334636
RU-A1245,img_be7ccbfa8f413e9f,2,0,0.0009587538661435
RU-A1245,img_ab0e56c36727edfb,2,0,0.0076885195448994
RU-A1245,img_1a07d10d000de6f6,2,0,0.0073088123463094
RU-A1245,img_89102dde89e25e9a,2,0,0.0132853835821151
RU-A1245,img_6b92f1c7fec81682,2,0,0.0137062650173902
RU-A1246,img_7a670da64b5e50db,2,0,0.000604752858635
RU-A1246,img_e7f76e4dd817ca61,2,0,0.0032268215436488
RU-A1246,img_da8f1cba505a5ad1,2,0,0.0024734346661716
RU-A1246,img_582323e232fcf005,2,0,0.0002175995759898
RU-A1248,img_beddcaa9017f505b,3,0,0.0035542345140129
RU-A1248,img_bc651650612474fa,3,0,0.0029109348542988
RU-A1248,img_e74ecb9e8e6b164b,3,0,0.0021695313043892
RU-A1248,img_c5e470e6c5e1641a,3,0,0.005899479612708
RU-A1248,img_43482114ff3743bb,3,0,0.0024040271528065
RU-A1347,img_40f993093261617b,0,1,0.0834764912724495
RU-A1347,img_90ed0a0384e864cb,0,1,0.2516164183616638
RU-A1020,img_6ebf0480440eeb8b,3,0,0.1641691476106643
RU-A1020,img_3b28f6fb43310f01,3,0,0.0086075840517878
RU-A1020,img_b896f1618048adaa,3,0,0.0061126272194087
RU-A1020,img_ff34f3ed16e85d10,3,0,0.0017966073937714
RU-A1020,img_e1dfa0df1f51f26f,3,0,0.0015113110421225
RU-A1020,img_38b66d83c3e10e5f,3,0,0.0027699600905179
RU-A1020,img_269af53d528b1f3b,3,0,0.000822237052489
RU-A1166,img_7db6e6ebb2386254,2,0,0.0032267721835523
RU-A1166,img_04d2698a8ec4e773,2,0,0.0086583150550723
RU-A1166,img_e48273b2c657ace2,2,0,0.0131351575255393
RU-A1166,img_b5193f801f3b0651,2,0,0.0184928774833679
RU-A1166,img_8cd4e57f5a7f3fbf,2,0,0.0017355903983116
RU-A1166,img_8c3b4f88af2c18d0,2,0,0.0022218176163733
RU-A1166,img_52722c7a1339f08b,2,0,0.0236996933817863
RU-A1153,img_88c42d232e084af2,3,0,0.0011948203900828
RU-A1153,img_6b2a1851b06d2968,3,0,0.1933995187282562
RU-A1153,img_b3b08eefab81dc7a,3,0,0.0007415499421767
RU-A1067,img_e4b1cb7a4084f5aa,1,0,0.9992448091506958
RU-A1067,img_af4aba150dcdd3ff,1,0,0.999670386314392
RU-A1067,img_283d2d5b706f4a10,1,0,0.487745463848114
RU-A1067,img_4c686295431a83d9,1,0,0.1884203404188156
RU-A1067,img_1787244bdbcfa17f,1,0,0.0199414324015378
RU-A1067,img_d7a788735478282b,1,0,0.4714584052562713
RU-A1067,img_8a2299337955ff3f,1,0,0.1902012228965759
RU-A1067,img_1edb5a7636a9c074,1,0,0.0057988464832305
RU-A1067,img_9f660a26a61b58e8,1,0,0.0072324136272072
RU-A1111,img_1cd53353b8617071,1,0,0.0232434719800949
RU-A1111,img_7dcdf6badb261622,1,0,0.0208771210163831
RU-A1111,img_c1200a40c8ffa7a5,1,0,0.0262941289693117
RU-A1111,img_426db2853397d34f,1,0,0.0788716822862625
RU-A1111,img_258ef9ea500043f1,1,0,0.0089096315205097
RU-A1111,img_b5efa60b2a2e54c1,1,0,0.0032353571150451
RU-A1111,img_ff6679dafd6bb8a8,1,0,0.1461445689201355
RU-A1111,img_555a0eed519bc91b,1,0,0.0757357105612754
RU-A1111,img_68ce501b08448270,1,0,0.0004159816016908
RU-A1111,img_56763286b16db0a6,1,0,0.0103818653151392
RU-A1111,img_b65531f2691565a9,1,0,0.0378274917602539
RU-A1111,img_e6126205083bed2e,1,0,0.0175031181424856
RU-A1111,img_c430eaac3bcee87b,1,0,0.0007539733196608
RU-A1111,img_38493665fbd7fc50,1,0,0.0011658506700769
RU-A1149,img_bbf258ea7b72621d,2,0,0.0007163899717852
RU-A1149,img_fa033a5cd5376bdd,2,0,0.0009567312663421
RU-A1177,img_20361e9a65e9b7a3,3,0,0.0009396321838721
RU-A1177,img_111685f7f081edfa,3,0,0.0004872041463386
RU-A1177,img_fea19a9cfd0b6731,3,0,0.0079130418598651
RU-A1177,img_3add4b70d70febec,3,0,0.003132005687803
RU-A1179,img_79ba5a1608358e10,2,0,0.0008193919784389
RU-A1179,img_02bcd5eefe3ac2f5,2,0,0.000429845531471
RU-A1179,img_a2640cbb642bfa27,2,0,8.344580419361591e-05
RU-A1179,img_57140cb499290165,2,0,0.0008897221414372
RU-A1181,img_95278a1793767bf5,0,0,0.0049208891578018
RU-A1181,img_5746beb86ec3e5f7,0,0,0.0111311031505465
RU-A1181,img_348f5c02ab93acd5,0,0,0.0127560943365097
RU-A1181,img_49b9a19b2d71e267,0,0,0.0196998622268438
RU-A1182,img_72a6b03b03822cdf,4,0,0.3329799175262451
RU-A1182,img_260b6b676862b479,4,0,0.9483749866485596
RU-A1182,img_70033e2e448b5422,4,0,0.2945243716239929
RU-A1182,img_c299d29bd0f9727b,4,0,0.2112153470516204
RU-A1183,img_ea651f8d1fa0b977,2,0,0.0027214484289288
RU-A1183,img_f354e7452ed4f731,2,0,0.0041538658551871
RU-A1183,img_c0fcbd5c9ef681d8,2,0,0.0074076605960726
RU-A1183,img_d8ee1ebb142b9b41,2,0,0.0049476451240479
RU-A1185,img_932b5fc52ae332d4,1,0,0.0059265438467264
RU-A1185,img_e3ab61ccfc73868f,1,0,0.0036496415268629
RU-A1185,img_ca5e4ba2c40087ba,1,0,0.012884228490293
RU-A1185,img_c5e29373480c9838,1,0,0.0323801226913929
RU-A1250,img_bc42d5b6df347267,2,0,0.0036298194900155
RU-A1250,img_1973d0ad146c6caf,2,0,0.0036284693051129
RU-A1250,img_d21ae07be7521ee4,2,0,0.0031257693190127
RU-A1250,img_fae9a948208af627,2,0,0.0232146754860878
RU-A1250,img_9aa8739a0f7d5ebc,2,0,0.0900038629770279
RU-A1250,img_5e69f1ab96f7bbec,2,0,0.0120287518948316
RU-A1250,img_9c9aac34eec51086,2,0,0.0086244959384202
RU-A1250,img_a0fc20927e5f670b,2,0,0.0012912403326481
RU-A1250,img_ce896261265900d1,2,0,0.0016418584855273
RU-A1250,img_3be085020d15861d,2,0,0.0009973621927201
RU-A1250,img_cbfaf1ca6e402023,2,0,0.0017310623079538
RU-A1251,img_3052a7aac94abe19,2,1,0.0059836013242602
RU-A1251,img_b1c1ad411bee2dab,2,1,0.0011508797761052
RU-A1251,img_2dad71961b5ab5f4,2,1,0.0005883600097149
RU-A1251,img_6bbcbca4ebf1dcc3,2,1,0.0004418765020091
RU-A1251,img_bc72bd486195709b,2,1,0.0034206223208457
RU-A1251,img_9bb4761e496a7c19,2,1,0.0033685020171105
RU-A1251,img_026b03b707d69374,2,1,0.0004186433507129
RU-A1251,img_37d73ec364ecd89c,2,1,0.0004441589990165
RU-A1251,img_389663b2e72f8ccd,2,1,0.0008682488696649
RU-A1251,img_e9207379d7cf370f,2,1,0.0029630353674292
RU-A1251,img_b9c8195ff22a5bdb,2,1,0.0013332733651623
RU-A1251,img_23808aa99ad4a010,2,1,0.0014744130894541
RU-A1251,img_0d4e2f8217a6a429,2,1,0.0857432410120964
RU-A1251,img_7e3e648b59b560ff,2,1,0.0101221892982721
RU-A1251,img_448498b4a6226637,2,1,0.0008224238990806
RU-A1251,img_5a418c5470c18130,2,1,7.6040014391765e-05
RU-A1251,img_9b3dda18f52398c3,2,1,0.000603214430157
RU-A1251,img_a9aa2953c27365bd,2,1,0.0018817271338775
RU-A1251,img_bbe2192ae099d420,2,1,0.0105072297155857
RU-A1251,img_62a1e3c01176e5ea,2,1,0.0280703417956829
RU-A1251,img_98d9bd347e7dca9c,2,1,0.0241725519299507
RU-A1251,img_fc56cd99f782bd0a,2,1,0.0156049188226461
RU-A1251,img_98af12855b0e7a13,2,1,0.0041204802691936
RU-A1251,img_db3f7d60f735ecbc,2,1,0.0150414556264877
RU-A1251,img_5666a5cd5bd0e47c,2,1,0.0049170386046171
RU-A1251,img_6a5849527105d664,2,1,0.0028208321891725
RU-A1252,img_64312d924d92e23b,2,0,0.0035299232695251
RU-A1252,img_ed9223aa6ace71e9,2,0,0.0009659361676312
RU-A1252,img_549dc037d491a696,2,0,0.0251963082700967
RU-A1252,img_4e3b338be34c9d38,2,0,0.0021962879691272
RU-A1252,img_1229ea2445e71815,2,0,0.0023568379692733
RU-A1252,img_3f861a7833361ca2,2,0,0.0003644228854682
RU-A1252,img_a63f7b50351280f1,2,0,0.0040982249192893
RU-A1252,img_63a26b05ae24e71e,2,0,0.0007623359560966
RU-A1252,img_20bf0be79d47c78b,2,0,0.0271160807460546
RU-A1252,img_b11e68f0000cf42d,2,0,0.0421032719314098
RU-A1252,img_ab24060abf7e2b5a,2,0,0.0030180364847183
RU-A1252,img_f3fe90b8d540e894,2,0,0.0108735533431172
RU-A1252,img_d0f362f52a0f8893,2,0,0.002298163017258
RU-A1252,img_d53477674959abf2,2,0,0.0152341919019818
RU-A1252,img_40eca33277dbef3a,2,0,0.0073172305710613
RU-A1252,img_a8dfa2b3f56a932b,2,0,0.0152296004816889
RU-A1252,img_8e205f4c444de7a7,2,0,0.0062599363736808
RU-A1252,img_101a46fad5805961,2,0,0.0122425891458988
RU-A1252,img_84c0e68ffc4e74f7,2,0,0.0024911109358072
RU-A1252,img_6ea321d0ea22adf8,2,0,0.0298568848520517
RU-A1252,img_fadc9151e90eb6be,2,0,0.0472031086683273
RU-A1252,img_2ea72473b736af7f,2,0,0.0848744809627533
RU-A1252,img_f1c1d69ac3d58479,2,0,0.01518090441823
RU-A1252,img_49bb7dff4e6f9a40,2,0,0.0068551725707948
RU-A1252,img_657d8f17dcf690e5,2,0,0.0005965890595689
RU-A1252,img_0f8593592fbe074b,2,0,0.0008934285142458
RU-A1252,img_e40f5ee990f881e9,2,0,0.0094850398600101
RU-A1252,img_cbefeef31ea64e78,2,0,0.0148609867319464
RU-A1252,img_0745a2dbb2e98fd9,2,0,0.0047055329196155
RU-A1252,img_c0cf11b324e4ffe3,2,0,0.0066275363788008
RU-A1252,img_9db3aaf1d03fe174,2,0,0.0076394001953303
RU-A1252,img_5448d64c6289d498,2,0,0.0011036875657737
RU-A1252,img_2b24113199a30b16,2,0,0.0097046252340078
RU-A1252,img_dd4c063159a69006,2,0,0.0014899874804541
RU-A1252,img_e720fe8c0fd5bb6d,2,0,0.0062306025065481
RU-A1252,img_da34bd5c422736bf,2,0,0.0037884395569562
RU-A1252,img_af56dcaa762d52a3,2,0,0.0054461099207401
RU-A1252,img_04eb48325d3eeadf,2,0,0.0064683873206377
RU-A1252,img_47dca7d163b82cea,2,0,0.0184698197990655
RU-A1252,img_4d855547d6d490f2,2,0,0.0354911386966705
