pid,image_id,fold,y_true,proba
RU-A1156,img_2919fb9629af8eb6,4,1,0.0005588880740106
RU-A1156,img_d113fcf2b340674b,4,1,0.0004961470258422
RU-A1048,img_615157a6f6318fc0,0,1,0.3781771063804626
RU-A1048,img_1af1a8ac1245dd39,0,1,0.4357467889785766
RU-A1048,img_0434b8184663ea6a,0,1,0.0249954145401716
RU-A1048,img_1347dbe04673e854,0,1,0.00686558149755
RU-A1048,img_5e7df910a2c0ac34,0,1,0.962143063545227
RU-A1048,img_01a97ea00547c5bf,0,1,0.9778831005096436
RU-A1048,img_cdd19bc4e12d3f46,0,1,0.1807048320770263
RU-A1048,img_a2d37942a0dbbc96,0,1,0.0544485375285148
RU-A1048,img_5410faa7cb69fefd,0,1,0.1303038299083709
RU-A1048,img_02224c7fbd4dd58a,0,1,0.0990938395261764
RU-A1048,img_76da8f0577c13e22,0,1,0.7001886963844299
RU-A1048,img_77a1e9fda7d6f6ed,0,1,0.5425005555152893
RU-A1048,img_393086b1d76cf2e3,0,1,0.3963984549045563
RU-A1048,img_2daa10ddecff8b06,0,1,0.2919897437095642
RU-A1048,img_583fd0ffd3a7fae2,0,1,0.2954887747764587
RU-A1048,img_7efb7f864b447cc7,0,1,0.3081077337265014
RU-A1048,img_5cc8a8b1f0819e10,0,1,0.3683573007583618
RU-A1048,img_0ada6a07b5b250db,0,1,0.0654516965150833
RU-A1048,img_2dc9bdc31e605b73,0,1,0.1779590994119644
RU-A1048,img_19c1e67cae61b925,0,1,0.0590024627745151
RU-A1048,img_f905a8654c65f429,0,1,0.1514220982789993
RU-A1048,img_da5f0762a08801b8,0,1,0.324936181306839
RU-A1048,img_9e431fa94056e03b,0,1,0.4355763792991638
RU-A1048,img_552958db4b80a3c8,0,1,0.745559811592102
RU-A1080,img_53d27e21f6293a1a,3,0,0.0028098749462515
RU-A1080,img_e4462661e8adeeaa,3,0,0.0086815981194376
RU-A1080,img_b7c02f7e41a921b7,3,0,0.0062372586689889
RU-A1080,img_f6c8588b96713ccc,3,0,0.0124913221225142
RU-A1080,img_e7e6926b0c5d8fe3,3,0,0.0122872777283191
RU-A1080,img_763a8069a29b9b05,3,0,0.0051761213690042
RU-A1080,img_a0004c6821cef0f7,3,0,0.0001652919163461
RU-A1080,img_a98e6efe9c8de603,3,0,6.0810838476754725e-05
RU-A1080,img_cb025e3782630dbe,3,0,0.0001632911298656
RU-A1080,img_8f18c4773b2ced5b,3,0,0.9974045157432556
RU-A1080,img_49be88c649c5c5be,3,0,0.972700297832489
RU-A1089,img_e22a379091047774,1,1,0.0045970608480274
RU-A1089,img_bdfb8c59d943520a,1,1,0.0154168913140892
RU-A1099,img_ced36bdbc001ccc5,2,1,0.0003057200228795
RU-A1099,img_934d287b5ca033af,2,1,0.0001756447018124
RU-A1099,img_605490138f3b6cce,2,1,5.471142867463641e-05
RU-A1099,img_5f889a4ac2057fb5,2,1,0.0005064367433078
RU-A1099,img_026898dfaf220c28,2,1,0.0296097584068775
RU-A1099,img_09b90c24774e7828,2,1,0.0554105825722217
RU-A1099,img_ca690feda1d750fa,2,1,0.0079457554966211
RU-A1099,img_76769bde8f825629,2,1,0.0059101940132677
RU-A1107,img_9d423112ae60515f,0,0,0.0026847850531339
RU-A1107,img_70c41eda32a6d457,0,0,0.0017747955862432
RU-A1107,img_698fb297a7c6039d,0,0,0.0723030716180801
RU-A1107,img_5a3419b739374530,0,0,0.0538288578391075
RU-A1016,img_1d66366cc1998061,1,0,0.0062613217160105
RU-A1016,img_d645bb77266d216e,1,0,0.0054085589945316
RU-A1016,img_da759c53188dfdb3,1,0,0.1602973043918609
RU-A1016,img_2855963ede417424,1,0,0.0501353926956653
RU-A1016,img_23ca300f480bc79f,1,0,0.0418803431093692
RU-A1016,img_1a7a1dd3d46fc9a1,1,0,0.0481374785304069
RU-A1016,img_70a1cef338771195,1,0,0.0244314577430486
RU-A1016,img_7a817b858d664095,1,0,0.0084488373249769
RU-A1016,img_10fa9ab5f75b2e02,1,0,0.032764159142971
RU-A1016,img_7ba1a59cd0f4ad6d,1,0,0.0851052179932594
RU-A1016,img_629dc507d72bad23,1,0,0.1595745980739593
RU-A1052,img_30ccafa79b1e5c28,2,0,0.0016380994347855
RU-A1052,img_8ce1046e2ebff118,2,0,0.0010743812890723
RU-A1052,img_78ad139745c96657,2,0,0.0397080108523368
RU-A1052,img_0a077b8d620d3f1f,2,0,0.0807937234640121
RU-A1052,img_574ca5460edab67d,2,0,0.0110612474381923
RU-A1052,img_1e8f662b5872bf74,2,0,0.0072435457259416
RU-A1052,img_689f29f80d42312b,2,0,0.0005974186933599
RU-A1052,img_89074b12d5e3769f,2,0,0.0001388228993164
RU-A1052,img_6e69a1cffb1797fe,2,0,0.0026220367290079
RU-A1052,img_bb88c76ad332f52c,2,0,0.0048615355044603
RU-A1052,img_6b9803ba9e3f4d39,2,0,0.0022765172179788
RU-A1052,img_345241a2162f61a8,2,0,0.0186668373644351
RU-A1058,img_8ca9b1dfea8f445b,2,0,0.0149821667000651
RU-A1058,img_1448eb37b91dfbf2,2,0,0.0001398303284076
RU-A1058,img_d1a2c8e18334ad60,2,0,0.001919264672324
RU-A1058,img_1285bc76185e755d,2,0,0.0273854527622461
RU-A1058,img_ac7b7097852242e3,2,0,0.0001055083048413
RU-A1058,img_87af2e58ec90a397,2,0,0.0738130435347557
RU-A1058,img_53f9e1bf5a2928fd,2,0,0.012258225120604
RU-A1058,img_0c6632a19da1d320,2,0,0.0168459005653858
RU-A1058,img_1397bd6a0fcbb42b,2,0,2.765102544799447e-05
RU-A1058,img_8ab00ebe9c4df78f,2,0,1.1674527740979102e-05
RU-A1058,img_ffed7cab95661d93,2,0,0.015569950453937
RU-A1058,img_9b6fdf227782fd34,2,0,0.0210991147905588
RU-A1058,img_bd58a96c7a49a8fa,2,0,7.889939297456294e-05
RU-A1058,img_f01449513fc32162,2,0,8.529303158866242e-05
RU-A1058,img_7722642afa3d1969,2,0,0.0112561229616403
RU-A1058,img_588134547734a2ad,2,0,0.0882226079702377
RU-A1058,img_fc9442cf9ee7d0a7,2,0,0.0022339774295687
RU-A1058,img_bacc99d5d573c2f7,2,0,0.018904035910964
RU-A1058,img_a813e15ee1fb49a5,2,0,0.0009726851712912
RU-A1058,img_6b4c91c46e2ee9e7,2,0,0.0008298702305182
RU-A1058,img_6e04fb5a35747565,2,0,6.53832103125751e-05
RU-A1058,img_6cb909bef7a2df08,2,0,3.3835010981420055e-05
RU-A1058,img_01172d93cf2bd66a,2,0,0.0229222979396581
RU-A1058,img_0d38dc280a0ed213,2,0,0.005706247407943
RU-A1074,img_a0861ea9e7660989,2,0,3.515599746606313e-05
RU-A1074,img_e145a6fa6dd942f6,2,0,1.7990327251027338e-05
RU-A1074,img_31f3a4018f5dd8d0,2,0,0.0015463017625734
RU-A1074,img_c944a6f2be7b4fe9,2,0,0.0005553738446906
RU-A1074,img_36173f5c1e011c0d,2,0,0.336963027715683
RU-A1074,img_1a8ed1c40c6e7e5f,2,0,0.4163448512554168
RU-A1098,img_3ae15fde7f9afade,3,0,0.0005793973687104
RU-A1098,img_905e1b987819fed4,3,0,0.0023338827304542
RU-A1098,img_37c256109ac3a823,3,0,0.0253526549786329
RU-A1098,img_e00095b434bed28d,3,0,0.0002146589831681
RU-A1098,img_4fdbe66edfebdc04,3,0,0.0044102119281888
RU-A1098,img_dc432a1c6eaf385c,3,0,0.0041037122718989
RU-A1098,img_31a7b21a748aed23,3,0,0.0286422111093997
RU-A1098,img_1cccaf4a04648eb1,3,0,0.0115171559154987
RU-A1050,img_d2ef31434a0fff6e,3,1,0.0011700957547873
RU-A1050,img_ee0066527d1c4cd6,3,1,0.0007362807518802
RU-A1068,img_0dc274e4a92e9052,2,0,0.0010320515139028
RU-A1068,img_c865d5a832893e9b,2,0,0.0478773824870586
RU-A1068,img_164e07147199a243,2,0,0.2493834644556045
RU-A1068,img_fac566c3c6c081fd,2,0,0.0788888037204742
RU-A1068,img_fadbd2819e4b7f0b,2,0,0.1578127741813659
RU-A1068,img_6195cb9ef196e838,2,0,0.0138275902718305
RU-A1068,img_df1bb1f949077480,2,0,0.0611783303320407
RU-A1068,img_ccdb8b939171d9df,2,0,0.0851788967847824
RU-A1068,img_1480e4fb992468df,2,0,0.0800030529499054
RU-A1068,img_93521b4fc9a39744,2,0,0.0168254356831312
RU-A1068,img_0ef6c053a1efa9cb,2,0,0.0003737164952326
RU-A1068,img_25d8ce440d731440,2,0,0.0003452982346061
RU-A1068,img_a1eb985fcd771a63,2,0,0.0075924950651824
RU-A1068,img_6919fc42f2cb0292,2,0,0.0062195002101361
RU-A1069,img_29fea1742bde81f1,3,0,0.0348534844815731
RU-A1069,img_d3537ec084088385,3,0,0.0708069875836372
RU-A1069,img_5f90bb3a75a84565,3,0,0.0752835646271705
RU-A1069,img_89432fed4f986adb,3,0,0.0386541932821273
RU-A1069,img_7a36ca777906472c,3,0,0.1703263819217682
RU-A1069,img_dbe15317497aec02,3,0,0.1156855747103691
RU-A1069,img_00881378b5922b46,3,0,0.0734138637781143
RU-A1069,img_11333961ba50a402,3,0,0.0359914526343345
RU-A1069,img_2730485b8df5a181,3,0,0.8623731732368469
RU-A1069,img_144d587daae63140,3,0,0.3977537453174591
RU-A1069,img_9e907ab2c0c5f60f,3,0,0.3349504470825195
RU-A1069,img_c2312dc45a9ee6c9,3,0,0.2988020777702331
RU-A1069,img_66f1fc5d75ccad3c,3,0,0.0989247560501098
RU-A1069,img_f40cefc5aabb8685,3,0,0.3544100224971771
RU-A1069,img_3539ec17c0f6dc19,3,0,0.17640982568264
RU-A1069,img_2f445d43cb6a4c34,3,0,0.1811134666204452
RU-A1069,img_096a19e1485e3e1d,3,0,0.679771363735199
RU-A1069,img_38e65d5e417cbbd8,3,0,0.5760570168495178
RU-A1069,img_b7487da3d4cbfd51,3,0,0.0123728606849908
RU-A1069,img_de7f3391803d823e,3,0,0.0226374194025993
RU-A1069,img_ec74d794cb0c8612,3,0,0.0031105410307645
RU-A1069,img_fd9e9ef128d318ca,3,0,0.0020847495179623
RU-A1069,img_1958472f7c720185,3,0,0.0005432617035694
RU-A1069,img_1c977fc3cb36e35c,3,0,0.0002200785820605
RU-A1069,img_dc6e72e5addf23c9,3,0,0.4030965864658355
RU-A1069,img_1c331cded5089a43,3,0,0.1931217759847641
RU-A1069,img_902a4cff1b93d849,3,0,0.0009746787836775
RU-A1069,img_be34d14764caec98,3,0,0.0003091242106165
RU-A1069,img_14783106ce96dfba,3,0,0.0677779465913772
RU-A1069,img_f7009805dff8f9cf,3,0,0.0846972465515136
RU-A1069,img_cbe30f9cebd532ad,3,0,0.0069967014715075
RU-A1069,img_807f692be3a97d7b,3,0,0.0101762739941477
RU-A1071,img_f1bf7e185918828e,0,1,0.9928348064422609
RU-A1071,img_6764b3bb82303282,0,1,0.9989041090011596
RU-A1071,img_255ba469849c7fbe,0,1,0.9986445307731628
RU-A1071,img_fb8cdf71da917259,0,1,0.7187276482582092
RU-A1071,img_5d53ba894d46933e,0,1,0.4075957238674164
RU-A1071,img_18981532a2de742f,0,1,0.646493673324585
RU-A1072,img_e4d19559ce6c7c5b,0,0,0.325388103723526
RU-A1072,img_745564efb4b1aedf,0,0,0.4946632385253906
RU-A1072,img_b9428b3d585b9fee,0,0,0.0014906823635101
RU-A1072,img_30d0d7cbd2ae936d,0,0,0.0033806746359914
RU-A1072,img_09350acbf91fa1d1,0,0,0.6774123311042786
RU-A1072,img_e96f4fedd84d477b,0,0,0.9293813109397888
RU-A1072,img_2a6459477585e3f1,0,0,0.3623168766498565
RU-A1072,img_f1dbff2a22171d4e,0,0,0.6160074472427368
RU-A1073,img_8dba78fb4cbfdcb2,4,0,0.0192647986114025
RU-A1073,img_510a24476049a246,4,0,0.0093919979408383
RU-A1073,img_05613777d7d60acf,4,0,0.6298813819885254
RU-A1073,img_69a449be8babb7c4,4,0,0.0001548936998005
RU-A1073,img_bf31b7c2b9a2c89a,4,0,0.0032424246892333
RU-A1073,img_ccdf9e7d4d800d31,4,0,8.918988896766677e-05
RU-A1073,img_9d374727786014d6,4,0,0.9928783774375916
RU-A1073,img_3eeff4e77fc6c6ee,4,0,0.7841533422470093
RU-A1073,img_a658cde89dc61e4f,4,0,0.4870170950889587
RU-A1073,img_8adf2d3bfaa855df,4,0,0.9564353227615356
RU-A1073,img_43ce6eaffe64af70,4,0,0.9099063873291016
RU-A1076,img_bb2fb924b90d812c,1,0,0.3450302481651306
RU-A1076,img_0744d508411907b0,1,0,0.056148737668991
RU-A1076,img_611f27940adb49c8,1,0,0.0290137100964784
RU-A1076,img_644a8a6165b936ba,1,0,0.3399458527565002
RU-A1076,img_534fc301f6b1e833,1,0,0.5909308195114136
RU-A1076,img_fa80805e4426bc0e,1,0,0.8366311192512512
RU-A1076,img_8ca4a7fbe4e032bb,1,0,0.8948555588722229
RU-A1076,img_4835ab32c70833cc,1,0,0.970242977142334
RU-A1126,img_4ddb1f110e63c31b,2,0,0.0034617150668054
RU-A1126,img_35bf6e4514660541,2,0,0.003864420345053
RU-A1126,img_f242ba277c2de047,2,0,8.149934001266956e-05
RU-A1126,img_dae060c5b2c5ecf1,2,0,0.0003566505329217
RU-A1126,img_a7f819e1627380f3,2,0,0.0007873252034187
RU-A1126,img_46103a5600e7d5d5,2,0,0.0001191380288219
RU-A1126,img_d4f2f36284da00ee,2,0,0.0031280789989978
RU-A1126,img_4e09a720d179bb90,2,0,6.976923032198101e-05
RU-A1126,img_101a1e6361f5d305,2,0,0.0001218992474605
RU-A1126,img_377d04c2fcdda1f4,2,0,0.0013554112520068
RU-A1126,img_4586a68b3d2249a8,2,0,6.677914643660188e-05
RU-A1126,img_53cab7963dfdb145,2,0,0.0001270490902243
RU-A1126,img_39d5cad440ad53bc,2,0,0.0006973854033276
RU-A1126,img_056bdeb69b8eb219,2,0,0.0002080397098325
RU-A1126,img_a26eb1715e61d6d7,2,0,0.000392876798287
RU-A1126,img_f7128edd69c5262b,2,0,0.000327078072587
RU-A1126,img_69984608b5a511ee,2,0,0.0016746040200814
RU-A1126,img_aeb0d9f5e4463af5,2,0,0.0279465448111295
RU-A1126,img_f0814c91261a030c,2,0,0.0097770867869257
RU-A1126,img_7a8b9e8f09a41c3e,2,0,6.459600990638137e-05
RU-A1126,img_9666940deb9aa619,2,0,0.0002782054070848
RU-A1126,img_8f58731f05b2d28f,2,0,0.0218968447297811
RU-A1126,img_bb03e6e5f4e38473,2,0,0.0194518938660621
RU-A1127,img_65f135634172bf81,0,0,0.0023595213424414
RU-A1127,img_e11c00a5e4be1445,0,0,0.0029450601432472
RU-A1127,img_bd270699ec7182d8,0,0,2.9999122489243742e-05
RU-A1127,img_e435f67edcf96df7,0,0,5.1104634621879086e-05
RU-A1127,img_a43b0bab4cd1ed22,0,0,0.0005108910263516
RU-A1127,img_fc88faf9ee7ce35a,0,0,0.000283759960439
RU-A1127,img_26041efc1df315c9,0,0,0.0712664425373077
RU-A1127,img_7a642b7a90127e64,0,0,0.0168209988623857
RU-A1127,img_99531d809548016a,0,0,0.0089897764846682
RU-A1127,img_af09bc5d6bba7a42,0,0,0.0339145921170711
RU-A1127,img_b6e2d573eaf7b7cd,0,0,0.1240503937005996
RU-A1127,img_f9f954868257ad47,0,0,0.1188993602991104
RU-A1127,img_db6a9fd49d75710d,0,0,0.1088884621858596
RU-A1127,img_83a990ec838630eb,0,0,0.0440562739968299
RU-A1127,img_0ca49a5a34306a63,0,0,0.0038603770080953
RU-A1127,img_258742d4f1fa433c,0,0,0.0059300786815583
RU-A1128,img_f4c5b5b86d18cce6,0,0,0.0213688090443611
RU-A1128,img_204eec53a566d1b7,0,0,0.040501169860363
RU-A1128,img_701ac62ee9a3469d,0,0,5.498285645444412e-06
RU-A1128,img_789ac8a72d2f1104,0,0,6.089933322073193e-06
RU-A1128,img_eec002ba891bdbc6,0,0,0.0215708948671817
RU-A1128,img_8b119e966f9ca72f,0,0,0.1277557909488678
RU-A1128,img_c853576ec6962317,0,0,3.023618955921847e-05
RU-A1128,img_e716f023a7d8d739,0,0,0.0006921850726939
RU-A1128,img_538d5666e7520d8e,0,0,0.0726672783493995
RU-A1128,img_7a5261be4e4997f3,0,0,0.0539169535040855
RU-A1128,img_0f7370c1b633d224,0,0,0.0008944906876422
RU-A1128,img_ac771a3bced2f6b2,0,0,0.0010012957500293
RU-A1129,img_f6039f0947ed5b6b,3,0,0.0006497374852187
RU-A1129,img_e3e37d1eb88750cc,3,0,0.0004949762951582
RU-A1129,img_89e7758c27344884,3,0,0.00643908418715
RU-A1129,img_be95c5b90c88c440,3,0,8.61810112837702e-05
RU-A1129,img_48e7aa056995efae,3,0,0.0153773054480552
RU-A1129,img_137a5b427d8d4a64,3,0,0.0020549986511468
RU-A1129,img_6dd6e89d47bb86fe,3,0,0.0018995461286976
RU-A1129,img_e4c96351506b7f65,3,0,0.0015682087978348
RU-A1129,img_697570746b7b3079,3,0,0.0001784942724043
RU-A1129,img_7bd0ed37218258ca,3,0,0.0001163749766419
RU-A1129,img_50278f3d469627de,3,0,0.0024247146211564
RU-A1129,img_d9a943c8560821a6,3,0,0.0036445145960897
RU-A1129,img_85c9554d7ea88341,3,0,0.0021681466605514
RU-A1129,img_25bf6bfb7549cdbb,3,0,0.0064392308704555
RU-A1129,img_1655afc496e7bcb4,3,0,0.0033698903862386
RU-A1129,img_b2c49f4a3ff85489,3,0,0.0039775683544576
RU-A1129,img_17dbaff41152c136,3,0,0.0015734760090708
RU-A1129,img_d293e37da6fcf502,3,0,0.0012807308230549
RU-A1130,img_48323da9bd082bec,3,0,0.08391834795475
RU-A1130,img_2e06ce1cead79d54,3,0,0.1574491113424301
RU-A1130,img_12daf29661aac061,3,0,0.0178515296429395
RU-A1130,img_353bf259c477ee37,3,0,0.2686911225318908
RU-A1130,img_f7fb6cc5bc7d9e73,3,0,0.008697991259396
RU-A1130,img_aa569dc1ef97c1fb,3,0,0.0037589620333164
RU-A1130,img_f0b2453f76d15da4,3,0,0.0098212677985429
RU-A1130,img_507260ca6a53b174,3,0,0.0155918849632143
RU-A1130,img_9b3878bfe27b7895,3,0,0.0118377702310681
RU-A1130,img_1f3a2d6655b84224,3,0,0.0137501871213316
RU-A1130,img_06f79d1195bec41d,3,0,0.0112059824168682
RU-A1130,img_79ef52bffc6ec78f,3,0,9.145063813775778e-05
RU-A1130,img_04ae63b035263d00,3,0,0.0004200803523417
RU-A1130,img_bb74e7be37127015,3,0,0.0017498084343969
RU-A1130,img_949e23c2f2fd1016,3,0,0.000351343274815
RU-A1130,img_1d4b352986086f6e,3,0,0.0002481134142726
RU-A1130,img_67e7de3d28cb8496,3,0,7.953659951454028e-05
RU-A1130,img_3d0e575a22dab7e5,3,0,0.0001462045474909
RU-A1130,img_f6bf7c99481933fb,3,0,0.0001365568314213
RU-A1130,img_802074d2422790a7,3,0,8.924569556256756e-05
RU-A1130,img_988057f0440d7c5a,3,0,8.785507088759914e-05
RU-A1131,img_0b749114d42daca0,3,0,0.0008202195749618
RU-A1131,img_5a88d83db18de295,3,0,0.0190725587308406
RU-A1131,img_c106cde4c966041d,3,0,0.0116765554994344
RU-A1131,img_57defb92f758f758,3,0,0.021905655041337
RU-A1131,img_c81cafa07f26cb7e,3,0,0.0132963126525282
RU-A1131,img_5c087d1a854b4a31,3,0,0.0004672478244174
RU-A1131,img_f79fbf1df0c8321a,3,0,0.0008835751214064
RU-A1131,img_dd162b079b094840,3,0,0.0175602324306964
RU-A1131,img_893f0d3825b554d5,3,0,0.0086037600412964
RU-A1131,img_57327063d7b6d713,3,0,0.0091287503018975
RU-A1131,img_f49e388ae10e67df,3,0,0.0082610575482249
RU-A1131,img_f3b4d6a85cb88d27,3,0,0.0046919700689613
RU-A1131,img_cdadac931b08d3a6,3,0,0.0023613716475665
RU-A1131,img_31d53487459c03e8,3,0,0.0073152356781065
RU-A1131,img_d1a41c081f78e132,3,0,0.0040794042870402
RU-A1131,img_b465ca99fe1f18a9,3,0,0.0004229577316436
RU-A1131,img_1c7146e0f3eede9b,3,0,0.0012659389758482
RU-A1131,img_58c3d1ce15725046,3,0,0.0274151992052793
RU-A1131,img_0c4dd14694c4841c,3,0,0.1051106676459312
RU-A1131,img_fc9b22f519120fb5,3,0,0.0138166956603527
RU-A1131,img_f07e722dd1aa4c6c,3,0,0.1621913462877273
RU-A1131,img_aceab744e6062350,3,0,0.575596034526825
RU-A1131,img_b5e57ad9415462a0,3,0,0.5570865273475647
RU-A1131,img_5a09de8c7641ec04,3,0,0.0306206699460744
RU-A1131,img_df5a094a4793e8cf,3,0,0.0481429286301136
RU-A1131,img_a93bc4f399fcddb0,3,0,0.0378357246518135
RU-A1131,img_e1ce17f85c54665c,3,0,0.0447452813386917
RU-A1132,img_15cf412b8a36ef71,4,0,3.90298810089007e-05
RU-A1132,img_0b7a2191dae0145e,4,0,0.0002746941754594
RU-A1132,img_bd3bef2fda7e9294,4,0,0.0006122858030721
RU-A1132,img_c56c490910e5f114,4,0,0.000545997871086
RU-A1132,img_29fe3d927d718862,4,0,3.75196905224584e-05
RU-A1132,img_6637779fbed35c03,4,0,2.0349709302536212e-05
RU-A1133,img_4dd30ef220739129,2,0,0.0011453402694314
RU-A1133,img_9fdb3004006fb583,2,0,0.00261842017062
RU-A1133,img_0f8a84c5585db9e0,2,0,0.0003081693430431
RU-A1133,img_7e599e22da3e9ad2,2,0,0.0001263816229766
RU-A1133,img_16ad54908803d355,2,0,0.0006905643967911
RU-A1133,img_b8b1d03099d3b68e,2,0,0.0124812852591276
RU-A1133,img_1d0da9d20fc15170,2,0,9.468373900745064e-05
RU-A1133,img_5dbafefa1884bcc9,2,0,0.0001567664876347
RU-A1133,img_1e853a199f94bd0c,2,0,0.0029667795170098
RU-A1133,img_dde17dbd58b9b1d3,2,0,0.0046250442974269
RU-A1133,img_e2caff634357bc0e,2,0,0.0005598581628873
RU-A1133,img_03ef30754e533a31,2,0,0.0095089701935648
RU-A1133,img_a77f45575c65a286,2,0,0.007540039718151
RU-A1133,img_01396c8e70449092,2,0,0.1009390726685524
RU-A1133,img_0eba25a0a12d1eb2,2,0,0.0029208695050328
RU-A1133,img_4798318cde3a1421,2,0,0.0008220435702241
RU-A1133,img_203649cdb542ecee,2,0,0.0006970554823055
RU-A1134,img_ed36ea9af7ad3d98,4,0,0.0049980711191892
RU-A1134,img_376ff3f0d8fe329a,4,0,0.0008119076956063
RU-A1134,img_9e4e935346f1d491,4,0,0.0002682527992874
RU-A1134,img_ff0b2d613e853bc2,4,0,0.0004673536168411
RU-A1135,img_56952127417c94b0,1,0,0.0007573755574412
RU-A1135,img_49f60fe3a815bbb9,1,0,0.0002630265371408
RU-A1135,img_effb746d58a61371,1,0,0.0010718230623751
RU-A1135,img_97a67ce819773434,1,0,0.0014660861343145
RU-A1135,img_74533c5080577f94,1,0,0.0064658871851861
RU-A1135,img_a95e9e26848f273f,1,0,9.816058445721863e-05
RU-A1135,img_8e6f25b814f1bd4f,1,0,0.040301464498043
RU-A1135,img_0d8b5d72aa37485c,1,0,0.0122723905369639
RU-A1135,img_e2207ad1fa5aaaf2,1,0,0.0001120889646699
RU-A1135,img_5745b0875fce9cd8,1,0,7.304953032871708e-05
RU-A1135,img_c474af5a94d6c7e7,1,0,0.0746931955218315
RU-A1135,img_8c32590e51086ca3,1,0,0.0490469969809055
RU-A1135,img_c82d8de6b91030fb,1,0,0.0009037570562213
RU-A1135,img_c9e464554cddf543,1,0,0.0001153001066995
RU-A1135,img_a173b1dde10d4bc3,1,0,7.397414378829126e-07
RU-A1135,img_017660fbfe2280a5,1,0,5.846694079991721e-07
RU-A1135,img_065ea38bcd0c7c62,1,0,0.0137500446289777
RU-A1135,img_a9479de5e22db8bd,1,0,0.0028238652739673
RU-A1136,img_e5219e7b26eb73b1,0,0,0.058446530252695
RU-A1136,img_8e6c90ed9efe226e,0,0,0.0308912247419357
RU-A1136,img_db87d54477455f59,0,0,0.0320618040859699
RU-A1136,img_5f0e93cb50037c12,0,0,0.0257237069308757
RU-A1138,img_931d5f624e33e830,4,0,0.0013658945681527
RU-A1138,img_94fdc2acc712d855,4,0,0.0100024435669183
RU-A1138,img_9670dd15697b9414,4,0,0.0001705538888927
RU-A1138,img_52e3fb1a3a09f5fb,4,0,0.0001982098910957
RU-A1139,img_a0a0681c0f504288,3,0,0.3413986563682556
RU-A1139,img_80ff552783e0160d,3,0,0.3897706270217895
RU-A1139,img_3fb25d283203ec69,3,0,0.0003662857634481
RU-A1139,img_c09c2cf650dadbe0,3,0,0.0008958408725447
RU-A1139,img_4f592f8b7198c69f,3,0,0.0113884648308157
RU-A1139,img_0243ed6625d457b6,3,0,0.0218559186905622
RU-A1139,img_396bfcc16f61b215,3,0,0.0015384047292172
RU-A1139,img_456c20f1e038272d,3,0,0.3823201656341553
RU-A1139,img_a5eb0bce84817083,3,0,0.1088074967265129
RU-A1139,img_215eac80c8974f54,3,0,0.311244785785675
RU-A1139,img_35dc2dfe80bae39d,3,0,0.1468008905649185
RU-A1139,img_b961ac4ec3ae188f,3,0,0.0733255520462989
RU-A1139,img_b1f87444687720ea,3,0,0.8257883787155151
RU-A1139,img_dab42944989b11f2,3,0,0.9814466238021852
RU-A1139,img_8d942fb94cd14302,3,0,0.045976672321558
RU-A1139,img_a8edc153e0a81e64,3,0,0.0474090687930583
RU-A1139,img_a53b36472b667b61,3,0,0.1103344485163688
RU-A1139,img_434603eb41ab48f0,3,0,0.0256259944289922
RU-A1139,img_2f2d73ad430f52d7,3,0,0.017646137624979
RU-A1139,img_26fb18c28a6e53e6,3,0,0.0027598615270107
RU-A1140,img_26c110293f70dad1,4,0,0.001164480461739
RU-A1140,img_ae5e7eba2b3aa7c8,4,0,0.0006814959924668
RU-A1140,img_00fa53f51edf4895,4,0,0.0001278159616049
RU-A1140,img_f3cbda6c7488e42c,4,0,2.667916123755276e-05
RU-A1140,img_194d27375a4fa5c6,4,0,0.0053939907811582
RU-A1140,img_a05d92da8b327445,4,0,0.0040565333329141
RU-A1140,img_7413a2de0aa0174b,4,0,0.0037640526425093
RU-A1140,img_34889222a498afd6,4,0,0.0014852447202429
RU-A1141,img_ecdabe6a3e49ccd3,2,0,0.0003297220682725
RU-A1141,img_4fb7b38c4698ebf3,2,0,0.0010270037455484
RU-A1141,img_41475682c2aebfc3,2,0,0.0004654290678445
RU-A1141,img_fbf2ba863bd19b3b,2,0,0.0066398163326084
RU-A1141,img_db6786c3dcf16060,2,0,0.0023693551775068
RU-A1141,img_ed6f3e7f8d72d048,2,0,0.0078653339296579
RU-A1141,img_03641367c2f44142,2,0,0.000607517780736
RU-A1141,img_b9237598d9256f2c,2,0,0.0032821993809193
RU-A1141,img_e3ded371448f2b8a,2,0,0.0008799997740425
RU-A1141,img_c3f74ba3c8f13502,2,0,0.0023730334360152
RU-A1141,img_c1e472cb347b9bf7,2,0,0.0026051390450447
RU-A1141,img_268532d45961e5a1,2,0,0.0006921589374542
RU-A1142,img_b2ad183e525f10c1,2,0,7.040429045446217e-05
RU-A1142,img_25c26e43a8315a84,2,0,0.0002329576236661
RU-A1142,img_6ce18d9da5068176,2,0,3.308163513793261e-06
RU-A1142,img_65057f6d6bc448f5,2,0,6.600366032216698e-05
RU-A1142,img_bdc73face27cb757,2,0,0.0001405343791702
RU-A1142,img_a73b2795321d87fd,2,0,0.0052731912583112
RU-A1142,img_a4dec0f8826348fa,2,0,0.0030135489068925
RU-A1142,img_70f42d3489e475e8,2,0,0.0001560263772262
RU-A1142,img_968b51a1720bbe67,2,0,0.0005667225341312
RU-A1144,img_2321d2c7c61443d5,1,0,0.2883605360984802
RU-A1144,img_f9fbf54dd971d875,1,0,0.6144129037857056
RU-A1144,img_38e99becd6fe2fa6,1,0,0.8037704229354858
RU-A1144,img_ab4fa3020e4749e6,1,0,0.7492004632949829
RU-A1145,img_5506c96096e2993c,2,0,0.0011453392216935
RU-A1145,img_b2927a9e01e64f71,2,0,0.0008577188127674
RU-A1145,img_4a21211935dbf055,2,0,0.0020050706807523
RU-A1145,img_ab6ea08957db0f7f,2,0,0.0054383315145969
RU-A1145,img_691cfcc39614dce0,2,0,8.249480015365407e-05
RU-A1145,img_25dcbd43003f67a8,2,0,0.0003130718250758
RU-A1145,img_0326cf3b6e450cc3,2,0,0.0009073041146621
RU-A1145,img_7b523791a95e3682,2,0,0.0001784381165634
RU-A1145,img_ee6148fa870aea45,2,0,5.3915620810585096e-05
RU-A1145,img_b464a60724b572f1,2,0,0.0003114728024229
RU-A1145,img_85d0c89ba7b1deb2,2,0,0.0004389024106785
RU-A1145,img_106c4d1330a25198,2,0,0.0014135943492874
RU-A1145,img_728b520aa9b3df5b,2,0,0.0012929657241329
RU-A1145,img_e5f7b03075ac2b2d,2,0,0.0071354070678353
RU-A1145,img_0f524c91d54a0ee1,2,0,0.0141585879027843
RU-A1145,img_8f29a44b434e5073,2,0,0.0009462173911742
RU-A1145,img_6047d9d88baa7ec6,2,0,0.0011310998816043
RU-A1146,img_ced7d37a8dae7e24,0,0,0.0009062275639735
RU-A1146,img_15c81a3a70b32e64,0,0,0.0037922102492302
RU-A1146,img_d36a03a1d0789eba,0,0,0.0005974821979179
RU-A1146,img_18a50179b924dc8c,0,0,0.001770723494701
RU-A1146,img_0fed6dfc88b8b783,0,0,0.0096990633755922
RU-A1146,img_f28324d2ab8439c5,0,0,0.0088931564241647
RU-A1146,img_96bbdcf63f1c1f66,0,0,8.341453212779015e-05
RU-A1146,img_cb16569d14cc9ca2,0,0,6.306305294856429e-05
RU-A1146,img_547da02fb9eca47e,0,0,0.0598628930747509
RU-A1146,img_4b0b2dc7686d6899,0,0,0.0596307329833507
RU-A1147,img_69e14d7b393117b7,0,0,0.0046955295838415
RU-A1147,img_f5aca410d64307db,0,0,0.006577440071851
RU-A1147,img_fcdd57bb839a53a4,0,0,0.0004548759316094
RU-A1147,img_3903baa4c4f2c7c7,0,0,0.0087299663573503
RU-A1147,img_402a2adeeaf43be0,0,0,0.0009426586329936
RU-A1147,img_12af5491025ef0ea,0,0,0.0132618015632033
RU-A1147,img_9210309a03851a22,0,0,0.0073356381617486
RU-A1147,img_5ae420538bcec54b,0,0,0.0933911800384521
RU-A1147,img_5e70d2b34946b905,0,0,0.185068130493164
RU-A1147,img_759efcb3c4356499,0,0,0.2421736717224121
RU-A1147,img_17b76f0a1611d140,0,0,0.2064030319452285
RU-A1147,img_4624055e69a270ac,0,0,0.0104495119303464
RU-A1147,img_ff7accb2b937f7d6,0,0,0.012371314689517
RU-A1202,img_4c401195a5b2dbc8,1,0,0.0007919087074697
RU-A1202,img_4fbe40f27ae53a8d,1,0,0.0023738576564937
RU-A1202,img_5daedf8cf6d54f2b,1,0,0.000578643172048
RU-A1202,img_2429b0c9ac82f187,1,0,0.0001333271502517
RU-A1202,img_b968590fd31c6c14,1,0,0.0005222979816608
RU-A1202,img_39d666110e045dd9,1,0,0.0003098231682088
RU-A1202,img_17102de048dbece6,1,0,0.0001822920312406
RU-A1202,img_4aed10f09f507bdc,1,0,0.0001116047496907
RU-A1202,img_96ada6b1a6c5ed2b,1,0,6.430078428820707e-06
RU-A1202,img_ef363ec5702bcaa8,1,0,8.319425433001015e-06
RU-A1202,img_78269f2cf0e2576c,1,0,0.0002284513175254
RU-A1202,img_8a39d825db4a5db3,1,0,0.000505372416228
RU-A1202,img_70b5f2968fea226a,1,0,0.0007284716120921
RU-A1202,img_69057031549b9606,1,0,3.721976827364415e-05
RU-A1202,img_87243945ec9d81eb,1,0,0.0033396591898053
RU-A1201,img_86b52b9e9958cb91,2,0,0.000359186757123
RU-A1201,img_ebb5fa79a3a0e738,2,0,0.0004669192130677
RU-A1201,img_638a3b81d858d2ac,2,0,0.0032629810739308
RU-A1201,img_0543a375b20dd158,2,0,0.0014497896190732
RU-A1201,img_f4e988516512b4d7,2,0,0.0467890761792659
RU-A1201,img_0b650760c9e26b95,2,0,0.323263555765152
RU-A1203,img_f9649968c9fff551,4,0,0.0012595789739862
RU-A1203,img_1e75a1f1fc6e260c,4,0,0.000418524025008
RU-A1203,img_097410aaa009b6dd,4,0,0.0001554771733935
RU-A1203,img_c00a3cbe65ad9b25,4,0,8.58254061313346e-05
RU-A1203,img_13394217e6d79693,4,0,0.0005643550539389
RU-A1203,img_08903abb37754c7a,4,0,0.0071575036272406
RU-A1203,img_1ed1e355291bc918,4,0,9.490376396570356e-05
RU-A1205,img_cb252e7cb6b252b7,3,0,0.000108995292976
RU-A1205,img_e74c1037c323ddbf,3,0,8.557957335142419e-05
RU-A1205,img_e76f306966d729c7,3,0,0.000453507178463
RU-A1205,img_eedffc1c166d9a7d,3,0,0.0001737398124532
RU-A1205,img_036397361a161372,3,0,0.0002698866301216
RU-A1205,img_b6a2604d53f26de4,3,0,0.0001359219750156
RU-A1206,img_401d451bf4585e41,0,0,0.7119230628013611
RU-A1206,img_881a18cc6320eb00,0,0,0.9836450815200806
RU-A1206,img_4ad5f238a8ee51e3,0,0,0.997307300567627
RU-A1206,img_8b4b82c0750ab605,0,0,0.9984386563301086
RU-A1206,img_324ae7ad040477db,0,0,0.9987200498580932
RU-A1206,img_e90e80bfa5a79964,0,0,0.0015715145273134
RU-A1206,img_003cb469d8a569c5,0,0,0.0142581211403012
RU-A1206,img_1e2961fc027f93b3,0,0,0.0069044912233948
RU-A1207,img_b494786e9af450da,4,0,0.0063484460115432
RU-A1207,img_4d81d7fe9b422e84,4,0,0.0045018973760306
RU-A1207,img_902232c7c0a3d4c2,4,0,0.0063914088532328
RU-A1207,img_0a7e6f9256c72f06,4,0,0.002670579124242
RU-A1207,img_8a8f29a0889233c3,4,0,0.0003232946328353
RU-A1207,img_f7666f176e7f7388,4,0,8.836406050249934e-05
RU-A1207,img_77689d2ad2c3e35c,4,0,0.0149956550449132
RU-A1207,img_c6d609029afdddea,4,0,0.0049739126116037
RU-A1207,img_841ada8e475bba36,4,0,0.0014839152572676
RU-A1207,img_af41e73a224b54c6,4,0,0.0140964388847351
RU-A1207,img_4f2380c6f4e1dbd8,4,0,0.000424572994234
RU-A1207,img_c5f77a55a52377a3,4,0,0.6610206961631775
RU-A1207,img_a7438582f2d0d331,4,0,0.8141832947731018
RU-A1207,img_dd9f802e25fe4573,4,0,0.0003773366624955
RU-A1207,img_a06482114b8a0a58,4,0,0.0002946434542536
RU-A1208,img_17dd2e5560d73f63,4,0,0.0102127976715564
RU-A1208,img_d56111bfa714c12e,4,0,0.0047022956423461
RU-A1208,img_a48902cd0e0c7f5b,4,0,9.48728120420128e-05
RU-A1208,img_bab8b1dc4cdfd884,4,0,0.0003251039888709
RU-A1208,img_60426c88744ab86a,4,0,0.0033257200848311
RU-A1208,img_4b59fab1264f9432,4,0,8.426012209383771e-05
RU-A1208,img_9880b1f7d904b33b,4,0,0.0031988669652491
RU-A1208,img_cb5b16f1a828f7fe,4,0,0.0793887749314308
RU-A1208,img_ec85dbb0087e3358,4,0,0.0047084055840969
RU-A1208,img_78a8e0d97a7f8ac9,4,0,0.0157162845134735
RU-A1208,img_8b6ef4fe53bd38b5,4,0,0.000983195262961
RU-A1208,img_8278d9a770b28639,4,0,0.0235894285142421
RU-A1208,img_45de160d4d64ac55,4,0,1.8219494450022463e-05
RU-A1208,img_438779e812f8bf6a,4,0,1.603190685273148e-05
RU-A1208,img_cdb118f39a5b4473,4,0,5.46924420632422e-05
RU-A1208,img_954bad01cc0ef40b,4,0,0.000105601917312
RU-A1209,img_353fd50f62aca218,2,0,0.0024081519804894
RU-A1209,img_f206a6c21b92305a,2,0,0.0030861347913742
RU-A1209,img_e797af8591a092eb,2,0,0.0019788292702287
RU-A1209,img_609014321771c16c,2,0,0.002843789756298
RU-A1209,img_cea364c286189852,2,0,0.0022277238313108
RU-A1209,img_c219aea0ff511d86,2,0,0.0007958508795127
RU-A1209,img_dd5c21938494dc52,2,0,0.0014641719171777
RU-A1209,img_f64dc240905f9be2,2,0,0.00187810708303
RU-A1209,img_cb6236fc3b677115,2,0,7.405695941997692e-05
RU-A1209,img_68a555302192c0fb,2,0,0.000122365556308
RU-A1210,img_61725d0b1b0e0cb2,3,0,0.0063679702579975
RU-A1210,img_155bd3fc8325c70f,3,0,0.0026595424860715
RU-A1210,img_cf00ee9fe2f5ffeb,3,0,0.0004794726555701
RU-A1210,img_6cd9c4dc9e3109cb,3,0,0.0003841457073576
RU-A1210,img_47075dae946ac15d,3,0,0.001205226755701
RU-A1210,img_0d38d197dd26f0aa,3,0,0.0001485556131228
RU-A1210,img_672d5348093db90f,3,0,3.023289900738746e-05
RU-A1210,img_037c13fdc57aedd9,3,0,1.7569920601090416e-05
RU-A1210,img_94ed3aafef16935c,3,0,0.0004750808584503
RU-A1210,img_8e351f771befb897,3,0,0.0002835492778103
RU-A1211,img_0907b22528827814,1,0,0.0088107250630855
RU-A1211,img_eebacaf09c83427e,1,0,0.0096989404410123
RU-A1211,img_4537beab7cb1193c,1,0,1.8504091713111848e-05
RU-A1211,img_85441c6c4d0fb8c2,1,0,2.395537740085274e-05
RU-A1211,img_1eacae29803bf21a,1,0,0.00205939123407
RU-A1211,img_4010ea7515699c33,1,0,0.0020558435935527
RU-A1212,img_37e836309c923c11,0,0,0.0006549514946527
RU-A1212,img_582e7b6003f841ef,0,0,6.45163599983789e-05
RU-A1212,img_9fdccda4397371f9,0,0,0.0001572912879055
RU-A1212,img_08b78af2be2b0564,0,0,5.056215013610199e-05
RU-A1212,img_b392e12dabd0e65d,0,0,0.0007825623033568
RU-A1212,img_5d1876c815c9ec6d,0,0,0.001195658929646
RU-A1212,img_e2390075fbdfa4c2,0,0,6.654578464804217e-05
RU-A1212,img_6ee22e20dbf4cf67,0,0,0.00051656604046
RU-A1212,img_d252e91988a42408,0,0,0.0064114979468286
RU-A1212,img_f4336d900fedae9e,0,0,0.0029298975132405
RU-A1212,img_17b05618a5de66ac,0,0,0.0015460761496797
RU-A1212,img_3d0b770bfdad6a39,0,0,0.0015338717494159
RU-A1212,img_f0029347f2f4f900,0,0,0.0381486676633358
RU-A1212,img_729f4b312b74b92d,0,0,0.0419242568314075
RU-A1213,img_dbfe70b1bfbd5e40,4,0,9.226491238223387e-05
RU-A1213,img_89b747d14d60745f,4,0,0.0081577915698289
RU-A1213,img_1bdcc8a87c984e0a,4,0,2.9992879717610776e-06
RU-A1213,img_895bf7487250ad15,4,0,4.542480019154027e-05
RU-A1213,img_b3b9484f99521e97,4,0,0.0023376720491796
RU-A1213,img_f90fccbd65c09948,4,0,0.0017496801447123
RU-A1213,img_572ff5251336d120,4,0,0.0022849706001579
RU-A1213,img_3a9a6ca234198d21,4,0,9.8732030892279e-05
RU-A1213,img_91a772c91a94b51c,4,0,2.238536035292782e-05
RU-A1213,img_d95b3eec1467f2a7,4,0,0.0005307560204528
RU-A1213,img_67ad1072713dc361,4,0,0.0001367375662084
RU-A1213,img_7b056d25cb09eed9,4,0,3.81226564059034e-05
RU-A1213,img_a372e4f3d7450f90,4,0,9.11473180167377e-05
RU-A1213,img_c7491e64ea123a3f,4,0,0.0003744762507267
RU-A1213,img_055002a97baf65c6,4,0,0.0003141673514619
RU-A1213,img_eb3f920ac78c6b41,4,0,0.0006964870262891
RU-A1213,img_29ecbd554218393b,4,0,0.0008762508514337
RU-A1213,img_bf3f1776019b50f8,4,0,0.0029775681905448
RU-A1213,img_34d7a86850d1da2b,4,0,0.0036918248515576
RU-A1214,img_82f48037ecfde536,3,0,0.0001668373588472
RU-A1214,img_0175ba697801006d,3,0,0.0011543227592483
RU-A1214,img_101e864ca47066ed,3,0,0.0116892727091908
RU-A1214,img_a47e743276634fc6,3,0,0.0009346165461465
RU-A1214,img_4afffebb4c4f09c5,3,0,0.0014458979712799
RU-A1214,img_dfd5d89080f6115a,3,0,0.0004138684598729
RU-A1214,img_f3a2fb94bb548845,3,0,0.0001915223983814
RU-A1214,img_1ec0a35041f8c55d,3,0,0.0002642602485138
RU-A1214,img_8a4ec502a0d4f888,3,0,1.1230737072764896e-05
RU-A1214,img_3e4e7b16862d6fbd,3,0,2.7522770324139856e-05
RU-A1214,img_697402d7672f79d7,3,0,5.120864079799503e-05
RU-A1214,img_532bb62f4d8e54a4,3,0,4.355057899374515e-05
RU-A1214,img_104e3505d2f90687,3,0,6.58501303405501e-05
RU-A1214,img_6e25eab3586fb211,3,0,0.0001759496226441
RU-A1214,img_fdb706a39535a531,3,0,0.0001752270181896
RU-A1214,img_9d9a3b84108d849e,3,0,0.000133927562274
RU-A1214,img_9109357d61a20553,3,0,0.0017212784150615
RU-A1214,img_5045633daab523be,3,0,0.0019095778698101
RU-A1215,img_3c3af50601f6355b,4,0,5.138562846696004e-05
RU-A1215,img_c436f697141deeab,4,0,1.1387896847736556e-05
RU-A1215,img_65f06901ee257285,4,0,1.321830950473668e-05
RU-A1215,img_567929a533ed4918,4,0,0.0001749900984577
RU-A1215,img_e7a1c15fdeacdbcf,4,0,0.000310958654154
RU-A1215,img_a764adb0e1f302db,4,0,0.0001632877101656
RU-A1215,img_215b156f5f8ec6ac,4,0,0.0002077594253933
RU-A1215,img_c7263a916b585c89,4,0,0.0015453050145879
RU-A1215,img_7dab665bae3adbc5,4,0,0.0023812116123735
RU-A1215,img_aa066bce5dfae31d,4,0,0.0004579909727908
RU-A1215,img_e44a1785e73fc759,4,0,0.0006854390376247
RU-A1215,img_f560b3a13f719595,4,0,0.0010542157106101
RU-A1215,img_949619fb3f54957a,4,0,0.0009704441181384
RU-A1216,img_85aae14b16814baf,1,0,0.0231148954480886
RU-A1216,img_128ebddc631fe0fd,1,0,0.0006699247751384
RU-A1216,img_fb28765f779c2851,1,0,0.2910482287406921
RU-A1216,img_a46e8e754cb91c31,1,0,0.3514946699142456
RU-A1216,img_29de4260da3855b7,1,0,0.0355430506169796
RU-A1216,img_89a825217bfa20e8,1,0,0.0281312353909015
RU-A1216,img_34a531c66098ed9d,1,0,0.0014485054416581
RU-A1216,img_cd6d076ca651c25e,1,0,0.0014083089772611
RU-A1216,img_7bb72be2ec6e13dd,1,0,0.0019547271076589
RU-A1216,img_c3123396d113dc30,1,0,0.0016202601836994
RU-A1217,img_b75808893f16eaa2,4,0,9.713403414934874e-06
RU-A1217,img_4193e2d2ee44194a,4,0,1.0670455594663508e-05
RU-A1217,img_7a8100e30ffcbc5a,4,0,3.756609294214286e-05
RU-A1217,img_7f382726a58f713c,4,0,0.0001080907677533
RU-A1217,img_1753a9b5b94b3036,4,0,5.08866723976098e-05
RU-A1217,img_ddbe21634b2d1f6a,4,0,3.502822801237926e-05
RU-A1217,img_b09e1bd129e98a76,4,0,5.818074714625254e-05
RU-A1217,img_916f518e1fda63bc,4,0,8.725402585696429e-05
RU-A1217,img_d58493146e90799f,4,0,8.64721805555746e-05
RU-A1217,img_c4f8d97b32f76345,4,0,0.0001229470944963
RU-A1217,img_5be731c064a94a7a,4,0,7.796413410687819e-05
RU-A1217,img_b605f07c257a0bd7,4,0,0.0003193874144926
RU-A1218,img_703e38a785c38433,0,0,0.1004707440733909
RU-A1218,img_be5e63e89a31df45,0,0,0.0564285293221473
RU-A1218,img_5abd89008539f5f5,0,0,0.0596382170915603
RU-A1218,img_5034fb6ac4c953fb,0,0,0.0489810593426227
RU-A1218,img_04b2eb6dbb51c52b,0,0,5.510826667887159e-06
RU-A1218,img_2ad8b3b308f31cbc,0,0,4.825683390663471e-06
RU-A1218,img_a0a1ba70508d3e19,0,0,0.0030534253455698
RU-A1218,img_62ede3e11a0b1c48,0,0,0.004885443020612
RU-A1219,img_4f14f1da66b198fe,0,0,5.421243258751929e-05
RU-A1219,img_3dbcdae8f5b3b161,0,0,5.535483796847984e-05
RU-A1219,img_10f8ba30a1bcb49a,0,0,0.002987289102748
RU-A1219,img_7230d5864a187cda,0,0,0.0063255280256271
RU-A1219,img_36f36b4b5276b559,0,0,0.0003422761219553
RU-A1219,img_ce2a8bf52477e0c0,0,0,0.0005924175493419
RU-A1219,img_4637e9dabc842144,0,0,0.0328512415289878
RU-A1219,img_c7622927bf489b22,0,0,0.0191924273967742
RU-A1219,img_64d250cf33bb9a68,0,0,0.0005738937761634
RU-A1219,img_c5904826d462940e,0,0,4.4461026845965534e-05
RU-A1220,img_4368837fbcb7ea84,2,0,0.0601690225303173
RU-A1220,img_21ca0d666aaa0c4f,2,0,0.0067267911508679
RU-A1220,img_fa90efdb3f2a3aad,2,0,0.0019045894732698
RU-A1220,img_65fc83f4e483bbf6,2,0,0.0111123658716678
RU-A1220,img_0fae07cda02fea3a,2,0,0.0088106580078601
RU-A1220,img_be2b140f75d6caa0,2,0,0.0059921266511082
RU-A1220,img_099b76ea38acab3e,2,0,0.0461563840508461
RU-A1220,img_2f1dec00f1a0a3dd,2,0,0.0026389993727207
RU-A1220,img_4abbb21182f3c417,2,0,0.0017269799718633
RU-A1220,img_a0bb44e4f5cd7750,2,0,0.0004430553817655
RU-A1220,img_d4633f9b2697f097,2,0,0.0076199118047952
RU-A1241,img_045781793b1ff9df,2,0,1.4661455679743083e-05
RU-A1241,img_850861b01c3c6a2e,2,0,0.0272045154124498
RU-A1241,img_89ae72efc991889c,2,0,0.0021519125439226
RU-A1241,img_a9e07b15b56078ac,2,0,0.0033358393702656
RU-A1241,img_74672b8acd9757ef,2,0,0.0027882575523108
RU-A1241,img_c81a6169c0ac3b94,2,0,0.0002227246732218
RU-A1241,img_78e533712cc7794f,2,0,1.7844626199803315e-05
RU-A1241,img_395fe9475d2fac3a,2,0,0.0001060764625435
RU-A1241,img_ea315baacbeb672d,2,0,0.0017496567452326
RU-A1241,img_b92681cd2f99fd75,2,0,0.002533588791266
RU-A1242,img_5fead66f3dcb2616,1,0,0.0179955754429101
RU-A1242,img_0d6b82fd51ad5e66,1,0,0.0014171235961839
RU-A1242,img_0f3251073499f501,1,0,0.003710794262588
RU-A1242,img_298a4b07b78d3d73,1,0,0.0027818731032311
RU-A1242,img_e75d2c7679125fca,1,0,0.0061242985539138
RU-A1242,img_35fe4e00351e04be,1,0,0.0020510877948254
RU-A1242,img_79306880cd26e397,1,0,0.0014989259652793
RU-A1242,img_d57e276f1cf19d74,1,0,0.0013207447482272
RU-A1242,img_10053acd2829f178,1,0,0.000306683970848
RU-A1242,img_0e2846309978704b,1,0,0.0002603390312287
RU-A1243,img_d707538bf936b39a,1,0,2.328408845642116e-05
RU-A1243,img_2d54536024e49d79,1,0,0.0009992801351472
RU-A1243,img_f717e18aad2b42bb,1,0,0.0013971963198855
RU-A1243,img_c485d31309c463df,1,0,0.0153022855520248
RU-A1243,img_19b0f01e63c079f5,1,0,0.0005998127162456
RU-A1243,img_5a18c6bcc2c5a67b,1,0,0.0052585592493414
RU-A1243,img_39d50d99158ed5d0,1,0,0.0023436741903424
RU-A1243,img_e7531a9634fea0d4,1,0,0.0008004523115232
RU-A1243,img_71c2e2eba682cbe6,1,0,0.0212326198816299
RU-A1243,img_6896921d5f4794d3,1,0,0.0087297186255455
RU-A1243,img_c10e7c2043ca610c,1,0,0.0004864468064624
RU-A1243,img_fa2008829bdbfb32,1,0,0.000125375285279
RU-A1244,img_514c946bba777e0f,3,0,0.0022509256377816
RU-A1244,img_cd79f7804d4f6da3,3,0,0.0069434330798685
RU-A1244,img_b8c5214ed22a3b5f,3,0,0.0001102386158891
RU-A1244,img_9b4c479e80f1c8a1,3,0,0.0001681576686678
RU-A1244,img_e0276b94ea3c68f6,3,0,0.000904536282178
RU-A1244,img_53f6ef1ae48a7a02,3,0,0.0013507296098396
RU-A1244,img_389dd09d4f18d066,3,0,0.0014559777919203
RU-A1244,img_cfca37188d6a167b,3,0,0.0078019150532782
RU-A1244,img_6a0ed9fa8c3abb2f,3,0,0.0006985897198319
RU-A1244,img_4f97e8e11996e1fb,3,0,0.0007598678348585
RU-A1249,img_ae5f0c08e5dc41e8,3,0,0.0001699023705441
RU-A1249,img_0ce8d47d8e85d53d,3,0,0.0007977505447342
RU-A1249,img_98a0c29f954e8b7e,3,0,0.000581492728088
RU-A1249,img_5acff58f31d5dcfe,3,0,0.0002883869165088
RU-A1249,img_09d221ba6f95febb,3,0,9.47151638683863e-05
RU-A1249,img_e269f52617f53200,3,0,0.0002273825957672
RU-A1249,img_bb2ddc86c404dd09,3,0,4.937835910823196e-05
RU-A1249,img_c699b29b95de37e6,3,0,8.036371582420543e-05
RU-A1249,img_7aedecf9b58c3d08,3,0,0.0001208267058245
RU-A1249,img_832d322243392162,3,0,0.0001455462188459
RU-A1249,img_d6e27f78ee193563,3,0,7.487570837838575e-05
RU-A1249,img_e61f116dd51681ff,3,0,0.0001117378633352
RU-A1249,img_9546aaf89a0455f5,3,0,4.652316783904098e-05
RU-A1249,img_185155d4df457469,3,0,0.0001072942905011
RU-A1249,img_1cb5f6d53e3a8b33,3,0,0.0001149386298493
RU-A1249,img_0ae7cbfee133f83c,3,0,0.0005379547947086
RU-A1249,img_642fe0e7d165c178,3,0,0.0031747326720505
RU-A1249,img_5835b83d14de1597,3,0,0.00501549243927
RU-A1249,img_2766115f84e48f1e,3,0,0.0001374822459183
RU-A1249,img_90ee8364aadaabf4,3,0,0.0004190414038021
RU-A1261,img_4d532ff4a30f1b1d,4,0,0.0011414975160732
RU-A1261,img_96ef82d877b175d8,4,0,0.0009942025644704
RU-A1261,img_4dec0a11cf25c46c,4,0,1.7460528397350572e-05
RU-A1261,img_2ac460087ac4d9a6,4,0,0.0002000796230277
RU-A1261,img_c756caac4f3f21ad,4,0,0.000133012101287
RU-A1261,img_e02397584c77be93,4,0,3.904900586348958e-05
RU-A1261,img_c778bc81bd1af9b3,4,0,3.8513942854478955e-05
RU-A1261,img_ab4bedc9280053c5,4,0,0.0001635992521187
RU-A1261,img_e55076c363183d2d,4,0,9.493996913079172e-05
RU-A1261,img_33298886c3950740,4,0,0.0001278799463761
RU-A1262,img_87611470e1900181,4,0,0.0002127223560819
RU-A1262,img_580b0a4b6ecd33c3,4,0,2.340073297091294e-05
RU-A1262,img_83158ddb0e5a8241,4,0,0.0017642722232267
RU-A1262,img_b13c78326ba9486a,4,0,0.0011361964279785
RU-A1262,img_b01d3ae282fb58da,4,0,4.402393096825108e-05
RU-A1262,img_eefbb63f4ea925d9,4,0,0.0001631930936127
RU-A1262,img_5bc9cb2d7c85da9e,4,0,0.0120625384151935
RU-A1262,img_f8a8e9e8ab9711c2,4,0,0.0035519956145435
RU-A1262,img_e2b725f1f16796ab,4,0,0.0058653377927839
RU-A1262,img_17e93d9f2120e04a,4,0,0.0001069861464202
RU-A1262,img_b36f5834828ae80c,4,0,0.0037227233406156
RU-A1262,img_6305539ae25abf5c,4,0,0.001859625452198
RU-A1262,img_2fa1d672b01936f4,4,0,0.0037729730829596
RU-A1262,img_fa35e17d957c24e3,4,0,0.0091393841430544
RU-A1262,img_1a7d93c2acd38238,4,0,0.0001059629430528
RU-A1262,img_fcd0e99a98bc1b86,4,0,0.0001546848652651
RU-A1263,img_435bb1b920c2b3c0,3,0,0.000403843820095
RU-A1263,img_13e36824ed3fcf2c,3,0,5.680044705513865e-05
RU-A1263,img_e4d495b6697ca6fa,3,0,0.0002006544964388
RU-A1263,img_71c88b60bb59150f,3,0,0.000528173695784
RU-A1263,img_e4df8feeaf93931f,3,0,4.4205542508279905e-05
RU-A1263,img_41e79dad42b7e531,3,0,0.0001647972967475
RU-A1263,img_16af28f7a73035be,3,0,0.0002477354137226
RU-A1263,img_0bc8b7231762d070,3,0,0.0004126363492105
RU-A1263,img_c04c71e187796257,3,0,0.0003297422081232
RU-A1263,img_ad7b9a822f641942,3,0,0.0019526983378455
RU-A1263,img_5c6646c5c0b2b525,3,0,3.688923243316822e-05
RU-A1263,img_d52396c560754652,3,0,0.0001275927497772
RU-A1263,img_78967ec170a7f20f,3,0,3.7241854442982e-05
RU-A1264,img_d41ecf141f9ed473,4,0,0.0006269089062698
RU-A1264,img_56544d9c2f53bb5c,4,0,5.797018820885569e-05
RU-A1264,img_68dece8e8c6a7cb5,4,0,0.0065274350345134
RU-A1264,img_e5784c2141da2d79,4,0,0.0027539867442101
RU-A1264,img_96ddf5750e709015,4,0,0.0011048091109842
RU-A1264,img_52debfdeecf508e0,4,0,0.0101684955880045
RU-A1264,img_77cc81c2e14c309d,4,0,0.0124532114714384
RU-A1264,img_bc4d5536c9b5ebd2,4,0,0.0186128169298172
RU-A1264,img_fb2037b8046d8d03,4,0,0.007295062765479
RU-A1264,img_2f53c4dfe2449443,4,0,5.852809772477485e-05
RU-A1264,img_7b63913e9c2065ef,4,0,6.112257688073441e-05
RU-A1264,img_f748c0c4cda8f9f0,4,0,0.0340142883360385
RU-A1264,img_afedbe66ee8795f9,4,0,0.0536544732749462
RU-A1264,img_09570056f18a001a,4,0,0.000433614506619
RU-A1264,img_2079564b2c395391,4,0,0.000489646801725
RU-A1265,img_10f15d007c102249,0,0,0.0029883116949349
RU-A1265,img_5d1912d36452ad5b,0,0,0.0001734905235935
RU-A1265,img_43cb32be54330ffa,0,0,0.0035582962445914
RU-A1265,img_7da36c28b8c49106,0,0,9.48614106164314e-05
RU-A1265,img_712828c6f477cdaa,0,0,0.0002131023939
RU-A1265,img_f11494e41a6f2a1a,0,0,0.0001146805807366
RU-A1265,img_05f2559b11f26c43,0,0,0.0001066415788955
RU-A1265,img_554666e285f7bcab,0,0,0.0002677024749573
RU-A1265,img_f797c8bee425afe5,0,0,0.0001021754505927
RU-A1265,img_9f39165321d89620,0,0,0.0002128463238477
RU-A1265,img_2ec793bdb8390354,0,0,0.0007424182840622
RU-A1266,img_3b199f5479f5e708,1,0,0.0001048392587108
RU-A1266,img_f3c0b7ba0ef3e96c,1,0,8.166667976183817e-05
RU-A1266,img_c21a88b247fc1f3d,1,0,0.0004571526078507
RU-A1266,img_57f7445f0cf6650d,1,0,0.0003858644922729
RU-A1266,img_c052758e10d08ea2,1,0,0.0003935770364478
RU-A1266,img_69799231ecd36e9e,1,0,0.000360550096957
RU-A1266,img_574b24d0c55da5c0,1,0,0.0010177049553021
RU-A1266,img_b9ab14e677e3c89f,1,0,0.0007152922917157
RU-A1266,img_ac42bb0a66c32570,1,0,0.0071018892340362
RU-A1266,img_bf44ab2193b82226,1,0,0.0028004432097077
RU-A1267,img_c07902678e21aed4,2,0,0.0014828868443146
RU-A1267,img_96d2d704da38617e,2,0,0.0037542681675404
RU-A1267,img_386f3d1e924505aa,2,0,0.0100480215623974
RU-A1267,img_7e5da01a35961959,2,0,0.0001862973294919
RU-A1267,img_9bf96e69112986c0,2,0,0.0006533673149533
RU-A1267,img_c951dc1406810728,2,0,0.0059226742014288
RU-A1267,img_3147f3df2fa54267,2,0,0.0005969167104922
RU-A1267,img_6ed5e70f2691a2bf,2,0,0.0008081139530986
RU-A1281,img_5681b621569404b7,3,0,0.0005455338978208
RU-A1281,img_4d5280a2796e5bce,3,0,0.0166297405958175
RU-A1281,img_7c2be3071cf09aa1,3,0,0.0011719446629285
RU-A1281,img_441d70d398400073,3,0,0.0017929031746461
RU-A1282,img_126a321f1ae72efb,2,0,0.0045291888527572
RU-A1282,img_60947e291a8b9bea,2,0,0.0025969466660171
RU-A1282,img_19fceb70db2d795b,2,0,0.0083169974386692
RU-A1282,img_1e157f7f42fc7104,2,0,0.0014280959730967
RU-A1282,img_e33f58c7b5560dd1,2,0,0.0252758376300334
RU-A1282,img_0ae1126300fbef17,2,0,0.0153514817357063
RU-A1283,img_90931af35314ff57,4,0,3.058541187783703e-05
RU-A1283,img_1b1046ec19054957,4,0,1.410666186529852e-06
RU-A1283,img_f1d586723e634ff2,4,0,0.0022005066275596
RU-A1283,img_4c70a13a011f3fed,4,0,0.0042351288720965
RU-A1283,img_1cb01ac428a049a0,4,0,2.4197541279136203e-05
RU-A1283,img_e411ad72db1e8a5e,4,0,3.1621792004443705e-05
RU-A1283,img_038276bc6d2092c1,4,0,0.0091079277917742
RU-A1283,img_e0046de3c4126082,4,0,0.0008833963074721
RU-A1284,img_6d7e86413ed22da8,1,0,0.0013317505363374
RU-A1284,img_d4c14ba96b63b6a7,1,0,0.0193547662347555
RU-A1284,img_de54de68ae83291b,1,0,0.0079120360314846
RU-A1284,img_295fe1dbcba92133,1,0,0.0102845523506402
RU-A1284,img_48cbf31138f223f7,1,0,2.881982254621107e-05
RU-A1284,img_296ce221b4ba9796,1,0,3.741928230738267e-05
RU-A1254,img_6db0451b2a52b97b,3,0,0.0001113865801016
RU-A1254,img_0029c917365e1fc2,3,0,3.707721407408826e-05
RU-A1254,img_786d30eaded81206,3,0,0.0034572125878185
RU-A1254,img_b0df02bfeab88770,3,0,0.0032307379879057
RU-A1254,img_f5d2f09f5742ac00,3,0,0.0005280624027363
RU-A1254,img_daa0c0d92c2bc038,3,0,0.0002299294283147
RU-A1254,img_f07d484a84acbf9f,3,0,0.0003353824140504
RU-A1254,img_841af76668982227,3,0,0.0015734077896922
RU-A1254,img_31777401523307d2,3,0,0.0005326595855876
RU-A1255,img_7adff320b0f7ce16,1,0,0.0009075539419427
RU-A1255,img_7d8e19e08b079aa4,1,0,0.0002343037340324
RU-A1255,img_fa8c2bc92c8094a7,1,0,0.0005092986975796
RU-A1255,img_3a736480ba50d7a9,1,0,0.0003126655647065
RU-A1255,img_bf3a707d3399e367,1,0,6.260744612518465e-06
RU-A1255,img_41793197ca0c0dbc,1,0,7.478971383534372e-06
RU-A1255,img_3b08414ccac54a6d,1,0,0.0020698956213891
RU-A1255,img_fbeee2a1f129308b,1,0,0.0001644439471419
RU-A1255,img_b7b89aa8804fbde0,1,0,4.665485903387889e-05
RU-A1255,img_422923663fdc9ba0,1,0,9.40179525059648e-05
RU-A1255,img_b80679293c2b4a95,1,0,0.0007628155872225
RU-A1255,img_cfc991d3f5b27c44,1,0,0.0009004157036542
RU-A1255,img_9331c4ea8c2f020a,1,0,0.0005150230135768
RU-A1255,img_7cf89598384c241c,1,0,0.0001479835773352
RU-A1255,img_ea55bab1c168f1d1,1,0,0.0015243072994053
RU-A1255,img_7a2ea4b0d78b7c04,1,0,0.008869731798768
RU-A1255,img_9e770a55aa40fa56,1,0,0.1052688509225845
RU-A1255,img_94490129aba162b6,1,0,0.0043647931888699
RU-A1304,img_89b5d7ebd63ad99d,0,0,0.0391670987010002
RU-A1307,img_c9e2ff1e6ddc255a,4,0,0.0001657780667301
RU-A1310,img_fafa1fc6e321f0b6,4,0,0.0002009918971452
RU-A1310,img_fdc30b40f09ead96,4,0,0.0001856490125646
RU-A1311,img_08ed0b3a342f522e,2,0,0.0024734039325267
RU-A1311,img_06645a73674c2248,2,0,0.0081153381615877
RU-A1311,img_8cc4828d0705a470,2,0,0.0006182297365739
RU-A1257,img_bd693bd3cc9443db,0,0,0.9682002663612366
RU-A1257,img_a2faf2485e4df2fe,0,0,0.9467469453811646
RU-A1257,img_722bb9beea1351af,0,0,0.2108955234289169
RU-A1257,img_6cdb547b4ae1b3e0,0,0,0.0257181245833635
RU-A1257,img_2c1847999f9b6bee,0,0,0.0302619989961385
RU-A1258,img_1bce2d1bb80d1b15,0,0,0.0048715993762016
RU-A1258,img_a98c7c182dddd7a9,0,0,0.0001562571414979
RU-A1258,img_bc9bebcaabc4b4e6,0,0,0.0406303256750106
RU-A1258,img_3f96a5cf5d582b40,0,0,0.0063721602782607
RU-A1258,img_68ba5dcc591d5496,0,0,0.0033124601468443
RU-A1259,img_c29a6904d92cb9a5,3,0,0.0091813653707504
RU-A1259,img_aceb4ef362e1e91e,3,0,0.0001869141851784
RU-A1259,img_32af93b61b70edae,3,0,0.0003272162866778
RU-A1260,img_176bf43c2512ed7c,0,0,0.0002978564880322
RU-A1260,img_e127946ef82622dc,0,0,0.00069413339952
RU-A1308,img_707ca0f7e1460fe8,3,1,0.072017066180706
RU-A1308,img_c97f1a53557be386,3,1,0.1962876319885254
RU-A1308,img_5a69b6734a3cf0e4,3,1,0.0345937646925449
RU-A1308,img_dfe56c7986621eba,3,1,0.0157220996916294
RU-A1029,img_a59270bf978b4f28,4,0,0.0648889616131782
RU-A1029,img_cbaaeffb0a2fa9c7,4,0,0.061942558735609
RU-A1029,img_45de95c58e53f6f5,4,0,0.0274160634726285
RU-A1029,img_10b0ff6b9e59c24a,4,0,0.005899182986468
RU-A1029,img_8ea37478a27704d5,4,0,0.0057066776789724
RU-A1029,img_cf5331c430e351ff,4,0,0.0005727125098928
RU-A1029,img_a0f722bcc9b5d181,4,0,0.2833503186702728
RU-A1029,img_2aa980575247473f,4,0,0.4899407625198364
RU-A1029,img_1d2b77e3c5c741e4,4,0,0.5106810927391052
RU-A1029,img_7c8e644ddb74c6af,4,0,0.2306908071041107
RU-A1035,img_07662a200c884763,4,0,0.0032668232452124
RU-A1035,img_a5d7e95b2220ae15,4,0,0.0019849457312375
RU-A1035,img_9c87a786a6c51385,4,0,0.0993677005171775
RU-A1035,img_e3518cf42e7f0377,4,0,0.301200121641159
RU-A1035,img_0ca8739ce1681737,4,0,0.0003605307138059
RU-A1035,img_73b4a5124acd24f7,4,0,0.0019010971300303
RU-A1035,img_81426fbd071686d1,4,0,0.0295132584869861
RU-A1035,img_dfb1298d64e2f6c3,4,0,0.0170349963009357
RU-A1035,img_6882e27a3cc0492d,4,0,0.0392338894307613
RU-A1062,img_56c8933d14c2ea88,2,1,0.011458016000688
RU-A1062,img_b92abb75c6f29c84,2,1,0.0138453021645545
RU-A1062,img_8b77de6538d7c268,2,1,0.0025323887821286
RU-A1062,img_f89bd7b5f65a748b,2,1,0.377072662115097
RU-A1062,img_86b8cddbc2f05869,2,1,0.2122020870447158
RU-A1062,img_98737b16c9d5ae41,2,1,0.62547367811203
RU-A1062,img_ce72f599bbe253a2,2,1,0.4845183193683624
RU-A1049,img_5702d003d4551f52,1,0,0.0137996580451726
RU-A1049,img_24b95ce87133ca94,1,0,0.0143523877486586
RU-A1049,img_5bbb94cda3ca2b60,1,0,0.0103171272203326
RU-A1049,img_4410d7d69d258e02,1,0,0.0050840433686971
RU-A1049,img_86c4da80b53ebc7f,1,0,0.0106106093153357
RU-A1049,img_81ab961e34428f1b,1,0,0.0408411361277103
RU-A1049,img_2c0b605a10609045,1,0,0.0460423566401004
RU-A1049,img_5bc663c3ba394ed5,1,0,0.223008707165718
RU-A1070,img_99219f40d4982bdc,4,0,0.0071932221762835
RU-A1070,img_8ed52e1fbbe8fbad,4,0,0.0106057450175285
RU-A1070,img_cfe0392c18f20b4c,4,0,0.0319033674895763
RU-A1070,img_4de0b9a8fb2341af,4,0,0.0275816693902015
RU-A1070,img_cc8d82d435fcb38f,4,0,0.0005156773841008
RU-A1070,img_41cf13ddbab33b30,4,0,0.0026492190081626
RU-A1070,img_a98e0b9201591757,4,0,0.0019699193071573
RU-A1070,img_7a4202d66734711a,4,0,0.0292609054595232
RU-A1070,img_8e00b4d3b907f9a1,4,0,1.8035903849522583e-05
RU-A1070,img_3910e107371c5c1d,4,0,0.0321088060736656
RU-A1070,img_36d570b715abe2cf,4,0,0.0351433008909225
RU-A1070,img_2b82e2954907adb7,4,0,0.0008470945758745
RU-A1070,img_029b8155d2996a2d,4,0,0.0013919868506491
RU-A1014,img_b7fd217f492669be,0,0,0.0490613207221031
RU-A1014,img_243a28a22bcad735,0,0,0.0077593163587152
RU-A1014,img_4205c8a17dc083d0,0,0,0.1235812753438949
RU-A1014,img_08a093b0b6bfacd1,0,0,0.1875464916229248
RU-A1014,img_e0ed042ba9dfe5bc,0,0,0.5046297907829285
RU-A1014,img_ee28412dd20e7433,0,0,0.1322889626026153
RU-A1014,img_378230eb1e4644ea,0,0,0.2650671899318695
RU-A1014,img_2972d18fd4a5a639,0,0,0.4318358898162842
RU-A1030,img_e318729967b0d6e4,1,0,0.012406688183546
RU-A1030,img_fc6f932492bcca37,1,0,0.0047686933539807
RU-A1030,img_752c6a597b974eef,1,0,0.0120562156662344
RU-A1030,img_a20cb02f1f418dc8,1,0,0.0251219067722558
RU-A1030,img_168adee19bd456d7,1,0,0.4844184517860412
RU-A1030,img_af631739e2896920,1,0,0.3440130650997162
RU-A1176,img_6feb2fbcb8104e80,4,0,0.5834828615188599
RU-A1176,img_6ca1fce1c76a3194,4,0,0.270029604434967
RU-A1176,img_73c8102a513b3074,4,0,0.91245436668396
RU-A1176,img_9b8145e65c59b2f1,4,0,0.6408864855766296
RU-A1176,img_519bcd4d0ffd8b3d,4,0,0.0117728477343916
RU-A1176,img_e8cfd5871f08c6c1,4,0,0.0843738690018653
RU-A1176,img_add9a7b87125e384,4,0,0.7167206406593323
RU-A1176,img_7b4674150ac80688,4,0,0.0276761874556541
RU-A1176,img_f1a60a1610a2f766,4,0,0.0121946148574352
RU-A1176,img_526ea7765367a007,4,0,0.0103901419788599
RU-A1176,img_c7f30ee45bf9c21f,4,0,0.0018236306495964
RU-A1176,img_03589d634b519e82,4,0,0.0015074620023369
RU-A1176,img_021540ca1a125521,4,0,0.0306762102991342
RU-A1101,img_dcea5796d4290790,4,0,2.518066503398586e-05
RU-A1101,img_e9396331d6b48870,4,0,4.479575000004843e-05
RU-A1101,img_761c3e9062915145,4,0,1.2621621863218024e-05
RU-A1101,img_04937464a87c0687,4,0,9.883994607662316e-06
RU-A1101,img_e21b7fb579ccece7,4,0,0.0001476905163144
RU-A1101,img_cd21a0df0015f837,4,0,0.0012639757478609
RU-A1101,img_9491b6ea1be38add,4,0,0.0001094547114917
RU-A1101,img_7ed12e06505cca3b,4,0,7.205548899946734e-05
RU-A1103,img_616b7ce83bc021f5,0,0,0.0150111159309744
RU-A1103,img_4155e5631e07914d,0,0,0.0760486647486686
RU-A1103,img_e6f009da5b786caa,0,0,3.685783303808421e-05
RU-A1103,img_590b98f04e1293b3,0,0,5.259581666905433e-05
RU-A1103,img_c356e04f4ee01b06,0,0,0.6521196961402893
RU-A1103,img_1c10ca4559bdbaec,0,0,0.0649767890572547
RU-A1106,img_555aea34eb4c352b,3,1,0.0270052328705787
RU-A1106,img_d48348adfae4ecfb,3,1,0.0235881153494119
RU-A1106,img_51dc5a7babb6cd31,3,1,0.0014383398229256
RU-A1106,img_f59084c5355f3e52,3,1,0.0020262210164219
RU-A1106,img_690ee7c4bed45e4d,3,1,0.0001813245326047
RU-A1106,img_431e3fdf60d452e3,3,1,0.0001303406606893
RU-A1105,img_f3b256fb0918c217,4,0,0.0015669701388105
RU-A1105,img_29dd4b22b824ef5f,4,0,0.0021211975254118
RU-A1105,img_e5113528e35b8fbf,4,0,0.0029331599362194
RU-A1105,img_c70220afb9c96237,4,0,0.0005261973128654
RU-A1105,img_5b9e55ccd91af295,4,0,0.0091325985267758
RU-A1109,img_ef7705c3ec6ee72c,1,0,0.0043756463564932
RU-A1109,img_06dffd3d599422da,1,0,0.0096036400645971
RU-A1110,img_8d699c8bfe2c57aa,3,0,0.0001874063891591
RU-A1110,img_770fde7011cce9e0,3,0,0.0002320104540558
RU-A1110,img_aea9f0a7a37f2de9,3,0,0.0008621664019301
RU-A1110,img_4e532e607af516b4,3,0,0.0005435639177449
RU-A1110,img_1ce0cce7e53305a4,3,0,0.0006328617455437
RU-A1110,img_43ccc116d14f8976,3,0,0.0009564487845636
RU-A1110,img_e1e9da934b47e9c3,3,0,0.0018995045684278
RU-A1110,img_66becbf13127631e,3,0,0.0021159367170184
RU-A1112,img_5c209eebeea13e34,4,0,0.0007074130699038
RU-A1112,img_324640a4cc50e289,4,0,0.0005048820748925
RU-A1112,img_5f4a19163e356353,4,0,0.0001487356057623
RU-A1112,img_f4b94e2de8fda5c5,4,0,0.0019790767692029
RU-A1112,img_d595398a0b43227c,4,0,0.0002127736952388
RU-A1112,img_46a908577adb4d80,4,0,8.562121365685016e-05
RU-A1112,img_32500cab741f7928,4,0,0.0002318678452866
RU-A1112,img_a3b79b281c282130,4,0,9.107659570872784e-05
RU-A1112,img_dbd586ff89d05cc3,4,0,0.0001769695809343
RU-A1112,img_ce31f4346eee12ba,4,0,0.0002019223611569
RU-A1113,img_81545798247861e3,3,0,0.0018519236473366
RU-A1113,img_83eebaa0fe2b23a3,3,0,0.0009955907007679
RU-A1113,img_7d8692dc4f423426,3,0,0.002300736028701
RU-A1113,img_4497ed4c430ab50d,3,0,0.0001077203487511
RU-A1113,img_c8241e8a9c76f030,3,0,0.0001524575054645
RU-A1113,img_93d5fe4493299f43,3,0,6.191643478814512e-05
RU-A1113,img_17c965d21e14d7b5,3,0,0.0002410058805253
RU-A1113,img_8251bcf95910a355,3,0,0.0001615929213585
RU-A1113,img_06c96ec4750b2798,3,0,0.0010002640774473
RU-A1113,img_c37472874370125b,3,0,0.0008577845292165
RU-A1114,img_9c1bc864d2861011,2,0,0.0010901612695306
RU-A1114,img_b8a057013c6fcb88,2,0,0.0007626728038303
RU-A1114,img_856564eeb3fdfc3a,2,0,0.0002288908581249
RU-A1114,img_12b5411be673e7d2,2,0,0.0004395563737489
RU-A1114,img_4bde88354d631376,2,0,0.0075353528372943
RU-A1114,img_0efb88261ba2eaa7,2,0,0.0052456217817962
RU-A1114,img_f42ca7df1c6ee535,2,0,0.0008651990210637
RU-A1114,img_bf2c964191654d10,2,0,0.0003361415001563
RU-A1114,img_4ba35bc2f0005d01,2,0,0.0012902100570499
RU-A1114,img_6c7f17eeaaf5f639,2,0,0.0020185939501971
RU-A1114,img_42454a91ee122063,2,0,0.0001842319470597
RU-A1114,img_a5beed1f0473a7f2,2,0,0.0001399074099026
RU-A1114,img_62a013af6125554b,2,0,0.0022258402314037
RU-A1114,img_1c78563367e208dd,2,0,0.0011826667468994
RU-A1115,img_86f7ed45c6b619fb,3,0,0.0006902870954945
RU-A1115,img_f7d3462ed61f9e21,3,0,0.005122753791511
RU-A1115,img_1558bfe5425d4834,3,0,0.00045750051504
RU-A1115,img_5f64eeec29fdf77a,3,0,0.0127790346741676
RU-A1115,img_c42e0575995e3414,3,0,0.0042869821190834
RU-A1115,img_7b56c833418ba4ce,3,0,0.0248606018722057
RU-A1115,img_d972b095642f83e6,3,0,0.0161523800343275
RU-A1115,img_d053abaca0be7d75,3,0,0.0035328646190464
RU-A1115,img_db968cd663e58950,3,0,0.0089454678818583
RU-A1116,img_7249710cc56390b8,0,0,0.0029616202227771
RU-A1116,img_489b92cf9da7b899,0,0,0.0074016461148858
RU-A1116,img_983850c8a173d5ea,0,0,0.0001732219243422
RU-A1116,img_278e37e7c00b8062,0,0,0.0007931978907436
RU-A1116,img_7442a4d4d55add5a,0,0,0.0003078894515056
RU-A1116,img_90fd74574f03849c,0,0,0.0006460227887146
RU-A1116,img_6652d90345487e1b,0,0,0.0005138854612596
RU-A1116,img_42ca0ca526b1c38d,0,0,0.0045120236463844
RU-A1117,img_380eca76a7f2c0e9,3,0,0.0003091263060923
RU-A1117,img_d249fefe288d992e,3,0,0.000596449826844
RU-A1117,img_9e9b3786db6f6dd5,3,0,3.649157633844879e-06
RU-A1117,img_331e26c1f269a60f,3,0,1.667783180892002e-05
RU-A1117,img_18f602e5c83cc6e5,3,0,0.003215562319383
RU-A1117,img_d8ae47d363c75ccf,3,0,0.0006600431515835
RU-A1117,img_81f412eac5920807,3,0,0.0008183712488971
RU-A1117,img_8d76f0e895b8925e,3,0,0.0011366483522579
RU-A1117,img_b5260b0411b95dd2,3,0,0.0047859521582722
RU-A1117,img_dd3ab5a748aa101a,3,0,0.0002289037511218
RU-A1118,img_531023cb78692c48,4,0,0.0239410661160945
RU-A1118,img_3d70ac44a0065636,4,0,0.009313728660345
RU-A1119,img_329bcc31f982c6c0,3,0,0.1889881789684295
RU-A1119,img_70b76e4f66451f3a,3,0,0.091303713619709
RU-A1119,img_f4ae632538cfd282,3,0,0.0119925262406468
RU-A1119,img_bd38cc2ce0ba15c2,3,0,0.024026196449995
RU-A1119,img_ecbe5678d22cdd68,3,0,0.0030319972429424
RU-A1119,img_e536929b3dc3f8a8,3,0,0.0033129954244941
RU-A1119,img_bace80cbf8ae6c93,3,0,0.0002949790505226
RU-A1119,img_9f530f6df1bb35c9,3,0,0.0002435268397675
RU-A1120,img_13c7a8ba405febaa,1,0,0.0008204376790672
RU-A1120,img_194708e413c65cd7,1,0,0.0013076555915176
RU-A1120,img_36e48b9d7c37f7f0,1,0,0.0041100443340837
RU-A1120,img_f7d32c336fb59933,1,0,0.0062957699410617
RU-A1120,img_748f6d1f94199f46,1,0,0.0149224111810326
RU-A1120,img_b8841e3e27fb600e,1,0,0.0002767456462606
RU-A1120,img_8917b601ec5128b7,1,0,0.0002043710264842
RU-A1120,img_cb7b027b3f76c42f,1,0,4.031572098028846e-05
RU-A1120,img_d847a190a0bc9dc7,1,0,1.6867462591108051e-06
RU-A1120,img_b7f318f6e13c0ac6,1,0,1.3781037750959513e-06
RU-A1122,img_2f13a9405f43f1a4,3,0,0.002709305146709
RU-A1122,img_38a71ef66c1639f1,3,0,0.0019658780656754
RU-A1122,img_bbeacbf69189e69b,3,0,0.0016252060886472
RU-A1122,img_d955981b08f0003e,3,0,0.0010518959024921
RU-A1122,img_fa00dbf4034971f1,3,0,6.807473982917145e-05
RU-A1122,img_ebde33d9267c4401,3,0,0.0079581160098314
RU-A1122,img_03c85c49b285d237,3,0,0.0051277163438498
RU-A1123,img_48e78da151411010,2,0,0.0009093669359572
RU-A1123,img_96fffe0ba684cc01,2,0,0.0017121841665357
RU-A1123,img_34a231543b13ce9b,2,0,0.0187241714447736
RU-A1123,img_fef819158c99a2e0,2,0,0.0114636402577161
RU-A1123,img_4af9d8b6cc486f29,2,0,0.0045757400803267
RU-A1123,img_378e4df6a1974f35,2,0,0.018708910793066
RU-A1123,img_c51cf12bc64991a4,2,0,3.708840722538298e-06
RU-A1123,img_831affe0f424c5d5,2,0,0.0002456330112181
RU-A1125,img_cb109a106ad90310,2,0,0.0004924023523926
RU-A1125,img_16f7742b8bce48df,2,0,0.0005185917834751
RU-A1125,img_b4a405eacc070080,2,0,0.0123458812013268
RU-A1125,img_934a4e0710c7e02c,2,0,0.0022094310261309
RU-A1125,img_6bf03efc4bfc926a,2,0,0.0003205933608114
RU-A1125,img_11edb7fdf3e2b7a4,2,0,0.0001587404549354
RU-A1271,img_fa1af5457947898a,1,0,0.2184156477451324
RU-A1271,img_e3059ed210e206a4,1,0,0.3090833723545074
RU-A1271,img_850d3a952f0c2271,1,0,0.0128613375127315
RU-A1271,img_eaa747a00163de84,1,0,0.0178174003958702
RU-A1275,img_e5a6d3417692a3a1,0,1,0.7032693028450012
RU-A1275,img_50101e662954d546,0,1,0.5816417932510376
RU-A1041,img_d82e55e9a58f6968,4,1,0.043485552072525
RU-A1041,img_bfaa4b66790d4e69,4,1,0.0490844137966632
RU-A1041,img_b1ab3ada92a2bcf5,4,1,0.0448728054761886
RU-A1041,img_58c5d0c382bb7051,4,1,0.0024485394824296
RU-A1041,img_46e1ed339b9d2b58,4,1,0.006685328669846
RU-A1041,img_9904628cd5247f36,4,1,0.0170696526765823
RU-A1041,img_21db5173dedc6207,4,1,0.8827446699142456
RU-A1041,img_c0a27d8f08881b4c,4,1,0.9183362722396852
RU-A1041,img_4b0a723cd14a349f,4,1,0.0651671960949897
RU-A1041,img_b1ff00b29c6daa6f,4,1,0.082848235964775
RU-A1041,img_74ebd8fe4797e5d3,4,1,0.0382289588451385
RU-A1041,img_09b64a5b590a4f29,4,1,0.0135780544951558
RU-A1041,img_5366a96fa0763832,4,1,0.0798922330141067
RU-A1042,img_5eddcd93400acd81,2,1,0.1291784197092056
RU-A1042,img_d232956663679119,2,1,0.3087260723114013
RU-A1042,img_71ab3f0a41fa9045,2,1,0.9478419423103333
RU-A1042,img_b143c3d4151cdb47,2,1,0.929100513458252
RU-A1042,img_b02fe1bfb76cb082,2,1,0.160389170050621
RU-A1042,img_1bed3d095e45b90b,2,1,0.3111552894115448
RU-A1042,img_c343a8b4ee103e99,2,1,0.3696905672550201
RU-A1042,img_9dbb6c356db47f9b,2,1,0.3852240145206451
RU-A1042,img_f372ae4f2d8c6063,2,1,0.6808630228042603
RU-A1042,img_554c7e76918a974f,2,1,0.5631592869758606
RU-A1042,img_988e5519ec119ade,2,1,0.4531194269657135
RU-A1042,img_20a199898f1c86f9,2,1,0.2634853422641754
RU-A1042,img_69cc312224b15bab,2,1,0.0251416247338056
RU-A1042,img_02a6eb7fac9c7686,2,1,0.016851682215929
RU-A1042,img_e843208d4b2bbad7,2,1,0.0078439451754093
RU-A1042,img_dab4b2a209450d02,2,1,0.0068991179578006
RU-A1042,img_19a4478223f60831,2,1,0.3576950132846832
RU-A1042,img_d560c43135f7c272,2,1,0.1577119529247284
RU-A1042,img_876d70a65ad1c03f,2,1,0.1060833185911178
RU-A1042,img_945912ac1185f172,2,1,0.1302993297576904
RU-A1042,img_8e3200f356650877,2,1,0.0212118010967969
RU-A1042,img_00542949b0d86be0,2,1,0.0486719422042369
RU-A1042,img_a349b3bddd69fde5,2,1,0.6931620240211487
RU-A1042,img_53fc03c2ba2abc29,2,1,0.3009248375892639
RU-A1042,img_8f2bcc3d99ce9861,2,1,0.039287019520998
RU-A1042,img_520a3f1423af5c0a,2,1,0.0314152128994464
RU-A1042,img_ce3cbb727fa80674,2,1,0.0221820026636123
RU-A1042,img_1eb060ffbb3430f0,2,1,0.0650540739297866
RU-A1042,img_b9b1a07923d91e00,2,1,0.2951475977897644
RU-A1042,img_99619772fef9648d,2,1,0.4460939168930053
RU-A1268,img_0b6be21b2c8adf60,4,0,0.001254458213225
RU-A1268,img_999123a256378ff6,4,0,0.0005454085767269
RU-A1268,img_b0e652e80d0fda11,4,0,0.0054284613579511
RU-A1268,img_8ef0681eb1767cba,4,0,0.0081105064600706
RU-A1269,img_53bdca4579facd9f,1,0,8.345074456883594e-05
RU-A1269,img_7fa7541c3dc50958,1,0,9.300914098275824e-05
RU-A1269,img_6497017f19a57c8e,1,0,0.0001098252323572
RU-A1269,img_dddb4282c038f4e7,1,0,0.0001322096650255
RU-A1269,img_846da65f7229aafd,1,0,0.0054982122965157
RU-A1269,img_19feac3fa6303e5c,1,0,0.0022792869713157
RU-A1269,img_b13e8c326521c5b0,1,0,0.0096544371917843
RU-A1269,img_da8be6dc495eac09,1,0,3.753414785023779e-05
RU-A1269,img_5c1add6fa79b2f2e,1,0,1.0090651812788565e-05
RU-A1270,img_38bcdb04f0369ee3,4,0,0.0005273776478134
RU-A1270,img_b47ad406a51ac3e2,4,0,5.514104373105511e-07
RU-A1270,img_d08a7ea7742b7027,4,0,2.1871072021895088e-05
RU-A1270,img_e6a6d010a3e3db9c,4,0,4.840011752094142e-05
RU-A1270,img_0b880a3ca91f71f0,4,0,7.620072574354708e-05
RU-A1270,img_1bb3898256440551,4,0,0.0002129011409124
RU-A1270,img_cfb44ad1ce5674fb,4,0,2.5372806703671813e-05
RU-A1270,img_f28cd596755b47bf,4,0,0.0019263603026047
RU-A1270,img_7acf74e376230a9d,4,0,2.3593711375724524e-05
RU-A1270,img_b595bd481aad4e81,4,0,0.0053978906944394
RU-A1270,img_68732bb99c35c284,4,0,0.0001191971241496
RU-A1272,img_a89cbffb5959cba3,1,0,0.0076567311771214
RU-A1272,img_fd95b5355de8ddf2,1,0,0.027368439361453
RU-A1272,img_f32eb5bd572c5ccc,1,0,8.029032323975116e-05
RU-A1272,img_58a094770584a1f0,1,0,0.0001765243214322
RU-A1272,img_cd54c717438aa89e,1,0,0.000882689084392
RU-A1272,img_009e12e72c7bd70a,1,0,7.44991484680213e-05
RU-A1272,img_99da1b711ff43799,1,0,7.596710202051327e-05
RU-A1273,img_4960024d1efe15d4,4,0,0.0002301079221069
RU-A1273,img_5f64ef5c7defeff6,4,0,0.0008401192608289
RU-A1273,img_b371e91f5cbddbe4,4,0,0.0073417383246123
RU-A1273,img_80db10a8bb01823c,4,0,0.0006087685469537
RU-A1273,img_29e94b4da5c96aec,4,0,0.0019808108918368
RU-A1273,img_157591b87a633ace,4,0,0.0056267264299094
RU-A1273,img_0c731df55c4b55ad,4,0,0.0028955244924873
RU-A1273,img_e35b1976380244a5,4,0,0.0084064798429608
RU-A1273,img_e6476888feef1d98,4,0,0.1137893944978714
RU-A1273,img_2ffb6aa16ba020f3,4,0,0.0170721970498561
RU-A1273,img_751dae15f4d5f0ff,4,0,0.0006593483849428
RU-A1273,img_72bdd076528bd9da,4,0,6.033958925399929e-05
RU-A1273,img_1e516943dcac3a12,4,0,0.000282169872662
RU-A1274,img_d7370df4186b642e,1,0,1.456290738133248e-05
RU-A1274,img_b08f1df3664d1dfe,1,0,9.781103290151803e-05
RU-A1274,img_7da0285a7c37274d,1,0,0.0002437707589706
RU-A1274,img_1333002e933acc0a,1,0,0.0032523751724511
RU-A1274,img_d94d45633521532d,1,0,0.0113624464720487
RU-A1274,img_cd7cceac77759855,1,0,0.0019985302351415
RU-A1274,img_b87b84242a4e780c,1,0,0.8897361159324646
RU-A1274,img_2d7530912a1e94b6,1,0,3.0741506634512916e-05
RU-A1274,img_6cb56da06b7fa47d,1,0,0.0031824666075408
RU-A1274,img_7353c185f84d51c1,1,0,0.0004328824288677
RU-A1274,img_b95451f1772104fc,1,0,0.0008855541818775
RU-A1274,img_64cbc49db4dd4f0c,1,0,0.0006748847663402
RU-A1274,img_f8a7b0313db911da,1,0,0.0079374304041266
RU-A1276,img_30be5c94543ef28a,0,0,0.0021313342731446
RU-A1276,img_dc345c72b5d861ee,0,0,0.0001689696800895
RU-A1276,img_5e51e07f891ff79b,0,0,0.012552092783153
RU-A1276,img_791186871b0855a1,0,0,0.197659894824028
RU-A1276,img_c3f33b11de8c1069,0,0,0.0004276672843843
RU-A1276,img_ccc77c3040da15f4,0,0,0.0005279456963762
RU-A1276,img_452004518187fb25,0,0,0.0062833721749484
RU-A1276,img_a19805f48f0b78a8,0,0,0.0005845329142175
RU-A1276,img_7e12ca5cfe3214db,0,0,0.0022648044396191
RU-A1276,img_172c6d4ca33024d4,0,0,0.0011342277284711
RU-A1278,img_7b0c1feab3789d06,0,0,0.2085915207862854
RU-A1278,img_b13ba42334b2c33f,0,0,0.5527282953262329
RU-A1278,img_5e4d8ff7319727a3,0,0,0.5879462361335754
RU-A1278,img_cd66e314ac9d533a,0,0,0.9993370175361632
RU-A1278,img_1c9c6656b55836b2,0,0,0.5841266512870789
RU-A1278,img_f8c0ba76c228838d,0,0,0.2849584221839905
RU-A1278,img_3f927ebd903d78cc,0,0,0.9698123335838318
RU-A1278,img_2d05b921545955a8,0,0,0.98055499792099
RU-A1277,img_1cc46aadf06684bb,1,0,0.0244122166186571
RU-A1277,img_cffdb8567fdbd8da,1,0,0.0008327008108608
RU-A1277,img_0bdbae9c9ebe13bb,1,0,0.0056874970905482
RU-A1277,img_f6d96fcb13adcff1,1,0,0.0083025051280856
RU-A1277,img_800257b72e9a323e,1,0,0.0014924929710105
RU-A1277,img_5692a857373db6d3,1,0,0.0004131232271902
RU-A1277,img_8b01163fd8b9143c,1,0,0.000971955654677
RU-A1277,img_38f35a327c2c6879,1,0,0.0025102677755057
RU-A1277,img_0204a604cf94463f,1,0,0.0016295320820063
RU-A1277,img_e215b1a8315f0fad,1,0,0.0014188224449753
RU-A1279,img_6c0fff5f049b2b29,0,0,7.019774784566835e-05
RU-A1279,img_170a2bf02e802dec,0,0,0.0003443744499236
RU-A1279,img_9f65a646d7920afe,0,0,7.072664175211685e-06
RU-A1279,img_cc612087bfbdfb21,0,0,0.000168817830854
RU-A1279,img_e47bf20e2498bbb2,0,0,0.0335264541208744
RU-A1279,img_a958b94475775659,0,0,0.0007456823950633
RU-A1279,img_b0d54d149682f24f,0,0,0.0074171335436403
RU-A1279,img_c04a30c4bca27998,0,0,0.1960407346487045
RU-A1279,img_610fae3889048ea7,0,0,0.0124031482264399
RU-A1279,img_053de2cb7a4ec9d7,0,0,0.015530927106738
RU-A1279,img_abcbb6eb9987d2b6,0,0,0.0105031952261924
RU-A1279,img_a6f941549a6c8f2e,0,0,0.0042093228548765
RU-A1279,img_cb3935ccbe629951,0,0,0.0070341839455068
RU-A1279,img_2f64cb764a5de351,0,0,0.0012608368415385
RU-A1279,img_ed64e55e0f79157b,0,0,0.0031918499153107
RU-A1280,img_4d999ea619b50da9,3,0,0.0128024332225322
RU-A1280,img_31b3098fe97093c7,3,0,0.0536145977675914
RU-A1064,img_a6851a225117fbcb,3,0,0.0015416360693052
RU-A1064,img_5e264bf4434b6b57,3,0,0.0931330844759941
RU-A1064,img_382757dc5d78fb3d,3,0,0.1468468457460403
RU-A1064,img_866e490de3e581e8,3,0,0.2914316952228546
RU-A1064,img_688f3feafcfa3581,3,0,0.0004532722814474
RU-A1064,img_12c8b71b4b82a5e0,3,0,0.0013356856070458
RU-A1064,img_a93131233f27a9bc,3,0,0.7293323278427124
RU-A1064,img_c9bf059ca78e1cb8,3,0,0.974886417388916
RU-A1064,img_a32381596d29ef4b,3,0,0.928378403186798
RU-A1064,img_262a93c6b5986f9c,3,0,0.8472020030021667
RU-A1156,img_a8349e23f0ed1385,4,1,0.4328923523426056
RU-A1156,img_f7d59d3e11e249be,4,1,0.4780622720718384
RU-A1156,img_d276e46e44b0e906,4,1,0.3902495205402374
RU-A1156,img_aa1ec292c8744393,4,1,0.3945323824882507
RU-A1156,img_19c1a02ee99cad87,4,1,0.0417487956583499
RU-A1156,img_64a8e707014c0c84,4,1,0.0534903481602668
RU-A1156,img_d6d72ef0821da24a,4,1,0.2383871972560882
RU-A1156,img_2986dbe2ffa0dbed,4,1,0.2939202785491943
RU-A1156,img_f9c8ccd01f98acde,4,1,0.1416494399309158
RU-A1156,img_920b72db2132a449,4,1,0.0020859928335994
RU-A1156,img_5425640a754d30f4,4,1,0.0014286211226135
RU-A1156,img_44d8f1454fb9cf44,4,1,0.5357882380485535
RU-A1156,img_ae7d35ed5a92dfa6,4,1,0.1054278388619422
RU-A1175,img_30772dd4108bcfa9,4,0,2.346539531572489e-06
RU-A1175,img_4a6f4764434e9581,4,0,0.0002300936466781
RU-A1175,img_9569faecbd055d80,4,0,0.0001189362155855
RU-A1175,img_c21f9b2149c979be,4,0,0.0007322401506826
RU-A1175,img_90c4f65acd987813,4,0,0.0124449227005243
RU-A1175,img_8ea92b02f7c1a7f8,4,0,0.0143491625785827
RU-A1180,img_b38e73507dc7c407,0,1,0.0019095558673143
RU-A1180,img_bf6e5a188405bbf9,0,1,0.0066228951327502
RU-A1137,img_56ad42587a41d13f,3,0,0.3576786816120147
RU-A1137,img_420d32447d27d9ad,3,0,0.0026339238975197
RU-A1137,img_f8596336cbb6ab7e,3,0,0.0257694385945796
RU-A1137,img_27f241b33f4cd1b9,3,0,0.0492268316447734
RU-A1137,img_c3d6dd135a809758,3,0,0.0134505461901426
RU-A1137,img_b5c886eb2eb77b1b,3,0,0.0149374473839998
RU-A1150,img_6793bd512d8d268d,0,0,0.0154368663206696
RU-A1150,img_c275765ff341dca4,0,0,0.0037520860787481
RU-A1150,img_d419321a83b4e02d,0,0,0.0010400895262137
RU-A1150,img_065d841c32f09fdc,0,0,0.0006621105712838
RU-A1150,img_e574f619da841664,0,0,0.0268515795469284
RU-A1150,img_85b8f5256f9d2692,0,0,0.0293586757034063
RU-A1186,img_f82d99ec2aebfb87,2,0,0.0038310324307531
RU-A1186,img_a3daa22244771c75,2,0,0.0016290317289531
RU-A1186,img_d29fac8345943833,2,0,0.0036160764284431
RU-A1186,img_6ba5da9a53bdc8d2,2,0,0.0091284997761249
RU-A1186,img_7ba5450aafdbfeec,2,0,0.0180093422532081
RU-A1186,img_0ebfc2931c2621b4,2,0,0.003906765487045
RU-A1186,img_8511530d67193842,2,0,0.0290966741740703
RU-A1186,img_a60ffee6723789ae,2,0,0.0166554767638444
RU-A1186,img_98755a6cc5be5ca7,2,0,0.0002952390350401
RU-A1186,img_bda19b74d37a24d5,2,0,0.0004755815607495
RU-A1186,img_195a63a620799581,2,0,0.0005594729445874
RU-A1186,img_14bf0796f92ea231,2,0,0.0011505990987643
RU-A1186,img_43ee7c6f5bd75451,2,0,7.994614134076983e-05
RU-A1186,img_c6b0ddb3934b9c16,2,0,0.0001141556713264
RU-A1187,img_209d97bee68fda97,3,0,0.0082692420110106
RU-A1187,img_9fc9c7c07b043792,3,0,0.0159156769514083
RU-A1187,img_1cfefb28992f74bc,3,0,0.0017601099098101
RU-A1187,img_413262bbfcb8b1e1,3,0,0.0003833665105048
RU-A1187,img_c370893f7a9ede8c,3,0,0.0105745280161499
RU-A1187,img_5ec05b3c5765141e,3,0,0.0103412717580795
RU-A1187,img_e5cb30c2e6a5e193,3,0,0.1519489586353302
RU-A1187,img_22d4734c37063186,3,0,0.1630543917417526
RU-A1187,img_f9261bb2a89b8873,3,0,0.0429890677332878
RU-A1187,img_771210474a95b8b2,3,0,0.086695373058319
RU-A1187,img_9d1bdeae69a9b615,3,0,0.0400707237422466
RU-A1187,img_427b3e09ff5547c7,3,0,0.0137890074402093
RU-A1028,img_3c1a648dc774b80d,4,0,0.0504631400108337
RU-A1028,img_b84f1a49b1e45947,4,0,0.0881713107228279
RU-A1028,img_e6b188865b934d48,4,0,0.0008620665757916
RU-A1028,img_9485608a01a2802b,4,0,0.0033724522218108
RU-A1078,img_a86ed017552be765,0,1,8.662675827508792e-05
RU-A1078,img_68a5b50165104e23,0,1,6.709863373544067e-05
RU-A1078,img_d92680e01bdd84a7,0,1,0.0085564078763127
RU-A1078,img_b8a47edb240d9a9b,0,1,0.0043361717835068
RU-A1078,img_1f21e5f4d12309a7,0,1,0.9323654770851136
RU-A1078,img_fac47d93c4e9b070,0,1,0.8867605924606323
RU-A1079,img_7870d359d74857c0,0,0,0.0101186977699399
RU-A1079,img_ac02afc1e7eb373e,0,0,0.0034831690136343
RU-A1079,img_ad1158cf86d294e1,0,0,0.0002980706631205
RU-A1079,img_4de1e43817e4e22a,0,0,0.0002951779169961
RU-A1079,img_a3b6f333efc7ce19,0,0,0.0034320394042879
RU-A1079,img_b63857d28eea4cf4,0,0,0.0217461548745632
RU-A1079,img_de364242bebc9c9d,0,0,0.000172003157786
RU-A1079,img_d054e1c68921e0bd,0,0,0.0001720411964925
RU-A1079,img_7f3a3913f25bb6c6,0,0,3.3951208024518564e-05
RU-A1079,img_5041558f8a325d01,0,0,6.885262700961903e-05
RU-A1079,img_3a92405136b435c5,0,0,7.843384082661942e-05
RU-A1079,img_24ff27e224f768c6,0,0,8.366079782717861e-06
RU-A1081,img_aa03307b4748da7c,0,0,0.3205565214157104
RU-A1081,img_4b5d59b7666caeb2,0,0,0.4962784349918365
RU-A1081,img_10135927fd7b74e7,0,0,0.0770211070775985
RU-A1081,img_1b38f620df9cd1c5,0,0,0.0539822019636631
RU-A1082,img_5e794b468cdfc4fe,2,0,0.0026006679981946
RU-A1082,img_a226959602cac093,2,0,0.0025417697615921
RU-A1082,img_90b26091fff534cd,2,0,0.0009787796298041
RU-A1082,img_129515e703b481cd,2,0,0.0006424612947739
RU-A1082,img_92cfcd4509f3a24f,2,0,0.0009482706082053
RU-A1082,img_6c012193b1e94d25,2,0,0.0021817546803504
RU-A1082,img_dffaf8a7b9b9033d,2,0,0.0008197000133804
RU-A1082,img_1c3af867a8fdf26c,2,0,0.0017935979412868
RU-A1082,img_36897e28517ddb1f,2,0,0.0007679723203182
RU-A1082,img_3199e8638f192b55,2,0,0.0005006382707506
RU-A1082,img_991c3d0b52ad5310,2,0,0.0555565394461154
RU-A1082,img_1133dd7a7a6c47e0,2,0,0.0420595295727252
RU-A1082,img_d79a086a3c1b811a,2,0,0.1476698666810989
RU-A1083,img_5139928cc3444c7b,0,0,0.0824248641729354
RU-A1083,img_664e185898657c63,0,0,0.1710428744554519
RU-A1083,img_2f0989eb4673c2fd,0,0,0.1682862639427185
RU-A1083,img_be8a0272e0599470,0,0,0.1676674634218216
RU-A1084,img_db1a74c82562304c,4,0,0.0006814109510742
RU-A1084,img_de993738e286581f,4,0,0.005779443308711
RU-A1084,img_31e9df9a835f7eda,4,0,0.0068075885064899
RU-A1084,img_bb976eb440ac7f37,4,0,0.0085115320980548
RU-A1084,img_385f0807a9a54c02,4,0,0.7193840742111206
RU-A1084,img_9de76103ad4f2dd7,4,0,0.6940326690673828
RU-A1084,img_28271672e954b37d,4,0,0.0117331044748425
RU-A1084,img_868abe50067b2c1b,4,0,0.0175709035247564
RU-A1084,img_b2db014757101fdc,4,0,0.0066548604518175
RU-A1084,img_a3b0040766d5c348,4,0,0.0248045977205038
RU-A1084,img_75a7cc7b70ffed18,4,0,0.011105085723102
RU-A1084,img_d2927f5863cc9afe,4,0,0.022027289494872
RU-A1084,img_6c6985fc7a4dc9f1,4,0,0.0063703907653689
RU-A1084,img_120829c679515f60,4,0,0.0124392099678516
RU-A1084,img_604339027e323f43,4,0,0.0094611877575516
RU-A1084,img_0603f1a7d217e1fa,4,0,0.0066676009446382
RU-A1084,img_a3ef717e825aca6b,4,0,0.0034621201921254
RU-A1084,img_9aec24e380226cbb,4,0,0.0066654374822974
RU-A1084,img_3c94be12f9452a49,4,0,0.1373637169599533
RU-A1084,img_095a20697f55aabf,4,0,0.0556662678718566
RU-A1084,img_646cf78d46d82197,4,0,0.0213793646544218
RU-A1084,img_fae698fe99a4f049,4,0,0.0177000574767589
RU-A1084,img_0d7490ad0f8da910,4,0,0.0017003790708258
RU-A1084,img_432603b05d9127b1,4,0,0.0028193034231662
RU-A1084,img_28395d2246bf2fab,4,0,0.0152020910754799
RU-A1084,img_2e32ef66ddff8940,4,0,0.0244144890457391
RU-A1084,img_8aa96eb0ac87f648,4,0,0.0077441469766199
RU-A1084,img_30fb37bb30a7d793,4,0,0.0158429332077503
RU-A1084,img_78424e1cd8cfac32,4,0,0.6915343403816223
RU-A1084,img_3cdefaa1a1f607f7,4,0,0.0306000672280788
RU-A1084,img_f1e58efa7e8a4b89,4,0,0.1443595290184021
RU-A1084,img_ee4e31ef61fede0d,4,0,0.0638491734862327
RU-A1084,img_a6af44adb5b4e3fc,4,0,0.0292222630232572
RU-A1084,img_06116b4fd85491e7,4,0,0.0183771103620529
RU-A1084,img_b091d058d104f6c8,4,0,0.8155538439750671
RU-A1084,img_86a7d12d98bf8834,4,0,0.5407474040985107
RU-A1084,img_680916680333756e,4,0,0.0067974412813782
RU-A1084,img_8efbbb07c40d273b,4,0,0.0283304378390312
RU-A1084,img_e1e817fdf5a1d7b2,4,0,9.32952607399784e-05
RU-A1084,img_9bf276f4353f10c8,4,0,0.0003091935068368
RU-A1084,img_a7207d192f757a1a,4,0,0.0020856724586337
RU-A1084,img_0d2967c3393ee942,4,0,0.0011717838933691
RU-A1084,img_46b97e6adb87c027,4,0,0.4381299614906311
RU-A1085,img_d2840a0efc4d0500,3,0,0.001662167487666
RU-A1085,img_86de0b7084b511bc,3,0,0.0018562846817076
RU-A1085,img_421946506fd626cb,3,0,0.110614500939846
RU-A1085,img_a51137854d80c772,3,0,0.0451415926218032
RU-A1085,img_8d16fe52b0ac7627,3,0,0.586601734161377
RU-A1085,img_884d0c900a4399a5,3,0,0.8578660488128662
RU-A1085,img_4f0f0942e9b61eeb,3,0,0.917970895767212
RU-A1085,img_e2508b2a0691ada6,3,0,0.0033749758731573
RU-A1085,img_243a2e132269c95d,3,0,0.0068279849365353
RU-A1085,img_4b85cdf8d4ef0826,3,0,0.0017270054668188
RU-A1085,img_17b3c6d65d15df0d,3,0,0.0017332744318991
RU-A1085,img_ed0e5c028fbfabe5,3,0,0.009258035570383
RU-A1085,img_24fdb91b79324aee,3,0,0.0009942475007846
RU-A1085,img_398da96546b0066c,3,0,0.0283480677753686
RU-A1085,img_36adfb8a249878af,3,0,0.0015530724776908
RU-A1085,img_40f7e4d572e3f1ca,3,0,0.1058307141065597
RU-A1085,img_2df6854354572d95,3,0,0.0159471668303012
RU-A1085,img_f336dd1256b709c6,3,0,0.0011974466033279
RU-A1085,img_2511cc7ca01ff2d5,3,0,0.0028356127440929
RU-A1087,img_4306561128354096,0,0,0.0001993590558413
RU-A1087,img_38737445203e2c13,0,0,0.0001574799389345
RU-A1087,img_dab65d5c5e8f6d55,0,0,0.0010919173946604
RU-A1087,img_840f75a422ad264a,0,0,0.0033249803818762
RU-A1087,img_b55ab284dfe108d9,0,0,7.320295844692737e-05
RU-A1087,img_9c63f1ff0c8ee69b,0,0,1.5193561921478247e-05
RU-A1087,img_2ca95915a88ac9c9,0,0,0.0281780343502759
RU-A1087,img_010c3e808818e708,0,0,0.0132503611966967
RU-A1087,img_d1435d697349c4a4,0,0,0.5070256590843201
RU-A1087,img_7ec30c18756e84a1,0,0,0.3234637379646301
RU-A1088,img_341bd79bfbb32464,3,0,0.0002970655041281
RU-A1088,img_d465b338932e403e,3,0,0.000321445724694
RU-A1088,img_38575cb854539b8c,3,0,0.0016975394682958
RU-A1088,img_6ac9d9272ee184db,3,0,0.003917776979506
RU-A1088,img_0c255eb4d4280770,3,0,0.0042348429560661
RU-A1090,img_02cafda702c58f3d,1,0,0.0176618937402963
RU-A1090,img_55746d1544908753,1,0,0.0437099263072013
RU-A1090,img_7c6912da4ffd5750,1,0,0.0061122309416532
RU-A1090,img_547350790b5bc200,1,0,0.0332183502614498
RU-A1090,img_e4c492a7436a7907,1,0,0.0002443604462314
RU-A1090,img_8f4ecd186cf1dc29,1,0,0.0021946399938315
RU-A1090,img_12dc93313669830c,1,0,0.0005163270980119
RU-A1090,img_20ce68ea5e35dc51,1,0,0.0003158154140692
RU-A1091,img_496d40d4bdcfa3c7,4,0,0.0008791837608441
RU-A1091,img_9053b6bd763c8b8d,4,0,0.001760482089594
RU-A1091,img_ebb3a517d781b7b0,4,0,0.0001767793437466
RU-A1091,img_23e6a7a181090eab,4,0,0.0034172413870692
RU-A1091,img_319c90b60993f854,4,0,0.002936347387731
RU-A1092,img_8c37cebdc426aa15,2,0,0.0005498573882505
RU-A1092,img_24384ed0c7c80a3e,2,0,0.0004218333342578
RU-A1092,img_fd5e04009c989483,2,0,0.0001455155288567
RU-A1092,img_2689ab49025de65b,2,0,0.0012354517821222
RU-A1092,img_01700a28dbd98744,2,0,0.0001604396093171
RU-A1092,img_e1b2da4fc40c44ee,2,0,0.0006270902813412
RU-A1092,img_7bb8ce1213dfd56e,2,0,8.387436537304893e-05
RU-A1092,img_953bb7a54e2b3dd7,2,0,0.0005341350333765
RU-A1094,img_902989ce5048de9a,4,0,0.000691900786478
RU-A1094,img_18b96c6949455734,4,0,0.0047235670499503
RU-A1095,img_cfe40bba1a0f810e,3,0,0.0013974644243717
RU-A1095,img_4b773350aaebdbd9,3,0,0.0016205798601731
RU-A1095,img_f3cc0d6b7a6c2a46,3,0,0.0034581604413688
RU-A1095,img_c996bb01a3e89b4c,3,0,0.001122195739299
RU-A1095,img_e24a827388d07178,3,0,0.1338981091976165
RU-A1095,img_8b639a4d807c6044,3,0,0.0126065583899617
RU-A1095,img_deefb793a0c050cc,3,0,0.0005946002784185
RU-A1095,img_fc0d79d4e55034df,3,0,0.002403721679002
RU-A1096,img_f6c310321f59d359,0,0,0.0052064792253077
RU-A1096,img_c35849104c118fc6,0,0,0.0045687323436141
RU-A1096,img_d5d57717703a052a,0,0,0.0036834853235632
RU-A1096,img_a0ccab2224837eda,0,0,0.0011258661979809
RU-A1096,img_5e6622b02478a5a4,0,0,0.0004817118751816
RU-A1096,img_7b2f91f4f7f6fcaa,0,0,0.0001063662712113
RU-A1096,img_be24564b1ddcd56f,0,0,0.0004973056493327
RU-A1096,img_bc4744b3c20684fe,0,0,0.0002481914998497
RU-A1096,img_ac941b46f905083f,0,0,0.0003303743433207
RU-A1096,img_c4addf21d7357407,0,0,0.0104052647948265
RU-A1100,img_f0bd0fff94bb343f,2,0,0.0011856874916702
RU-A1100,img_7d0aad024ce8d3db,2,0,0.0018269113497808
RU-A1100,img_54c7460ad88dfb08,2,0,2.9699182050535455e-05
RU-A1100,img_378c9a2b6359dcc9,2,0,0.0005659306771121
RU-A1100,img_2e42acf9a04b00ac,2,0,0.0214990098029375
RU-A1100,img_7178489d049aad3c,2,0,0.0103046707808971
RU-A1148,img_f10d9b13c8dd1747,2,0,8.82851381902583e-05
RU-A1148,img_7ee9dfd8047937f2,2,0,3.788357207668014e-05
RU-A1148,img_01039c4b1b623173,2,0,0.0003744479326996
RU-A1148,img_3d509547e54a2108,2,0,0.0005753830773755
RU-A1151,img_aeb0e4d98421c6ab,1,0,0.993896186351776
RU-A1151,img_8331c3e1b7e45f52,1,0,0.9968306422233582
RU-A1151,img_6c74f2ffa84c278b,1,0,0.9984965324401855
RU-A1151,img_69da023df1138ae9,1,0,0.9974297881126404
RU-A1151,img_88bb0ec6ba46ac97,1,0,0.9609373211860656
RU-A1151,img_9f18b3aba6cc0de5,1,0,0.6668509840965271
RU-A1151,img_906468ac2b6883a3,1,0,0.4378101229667663
RU-A1151,img_ebae27221ad510aa,1,0,0.3923562467098236
RU-A1152,img_9f36ccabffb91127,1,0,0.004904537461698
RU-A1152,img_02cd3a50e5722f10,1,0,0.002262799302116
RU-A1152,img_84a872e80fbba85f,1,0,0.0006598616600967
RU-A1152,img_79ed47c25e1cc9e8,1,0,0.0003159820043947
RU-A1152,img_b2de56818450326b,1,0,0.0089235622435808
RU-A1152,img_c660dad4197daee3,1,0,0.0104306545108556
RU-A1152,img_1b752091dee4c518,1,0,0.0025108209811151
RU-A1152,img_20cb8b00b4c70d4a,1,0,0.0041363653726875
RU-A1152,img_5cb4e0b0f3856695,1,0,0.0005948340985924
RU-A1152,img_c8672f4e365313ce,1,0,0.0004267613403499
RU-A1157,img_d4ae8091ae0757af,3,0,0.0948693305253982
RU-A1157,img_3761fc6f346e7291,3,0,0.1324788480997085
RU-A1157,img_d0a7bc73fef9e701,3,0,0.0098634772002696
RU-A1157,img_acee21b7f9f9bccc,3,0,0.0259736012667417
RU-A1157,img_a2c4c778b6fd866f,3,0,5.916237205383368e-05
RU-A1157,img_b0fbe72697137acb,3,0,0.0001069366844603
RU-A1157,img_d95a5f98abe2aa6a,3,0,0.0005939070833846
RU-A1157,img_82509bdad829118f,3,0,0.0007500772480852
RU-A1157,img_c511d5fc6dfd2591,3,0,0.0333490557968616
RU-A1157,img_20cd221b066c7c94,3,0,0.0004125659761484
RU-A1158,img_bd5fac1beb00b89e,2,0,0.0001916086039273
RU-A1158,img_4593d4fb03c4aa2e,2,0,0.0003745827125385
RU-A1158,img_1c399192e010e1e8,2,0,0.0001495403703302
RU-A1158,img_a84359e1fadc93be,2,0,0.0005353787564672
RU-A1158,img_07bbefdbda20d1bf,2,0,8.402951789321378e-05
RU-A1158,img_dfb6d85a2716b73e,2,0,0.0003817428660113
RU-A1158,img_f8e90ff8a45ea76c,2,0,0.0600628443062305
RU-A1158,img_96c480c67d24ff81,2,0,0.0098942965269088
RU-A1158,img_c950b0861207bfd0,2,0,0.0911653563380241
RU-A1158,img_a57643551c6682fb,2,0,0.2747956216335296
RU-A1159,img_57e847c25be6c902,1,0,0.0007542229723185
RU-A1159,img_a58cfac931b9dfed,1,0,0.0002970507775899
RU-A1159,img_f54dedfd09cd5bb9,1,0,0.0012264888500794
RU-A1159,img_0482fd8c4e89f3a1,1,0,0.0067185321822762
RU-A1159,img_94f472ea68866573,1,0,0.0056833024136722
RU-A1159,img_d2f62e019f86a9a1,1,0,0.0001503456151112
RU-A1159,img_770aeeb6a4734483,1,0,0.0001743881148286
RU-A1159,img_e3271d3452e87481,1,0,0.0014381844084709
RU-A1159,img_443e45ed9c9b91d8,1,0,0.0010853495914489
RU-A1160,img_abf0add4078c02d7,2,0,0.0236587412655353
RU-A1160,img_f3a7c9f498a30cf6,2,0,0.0431665740907192
RU-A1160,img_5d54faf7bc620d76,2,0,0.856036901473999
RU-A1160,img_3673caab3ada9169,2,0,0.9139279127120972
RU-A1161,img_fddfd73669db3761,1,0,0.0001047956902766
RU-A1161,img_9a0d76490f4e758c,1,0,0.0008587466436438
RU-A1161,img_703a60c47ce33393,1,0,0.0685036405920982
RU-A1161,img_a77c700d16387170,1,0,0.001328901736997
RU-A1161,img_f18955f848c65a47,1,0,0.0307003669440746
RU-A1161,img_b22806dae60e42eb,1,0,0.0417066477239131
RU-A1162,img_e50a1e9b61f68985,3,0,0.0014404323883354
RU-A1162,img_43f44a1c0dc4e80a,3,0,0.0013949607964605
RU-A1162,img_0686832adf9eb7b0,3,0,0.0060261515900492
RU-A1162,img_ccda422b004b2040,3,0,0.0170721784234046
RU-A1162,img_a73115e01a2d9552,3,0,0.001299705938436
RU-A1162,img_1ac9bbabf7fe927f,3,0,0.0023929302114993
RU-A1162,img_3565e826b9cddd17,3,0,0.0174770597368478
RU-A1162,img_d64a4ffe7e6872e8,3,0,0.0465037077665329
RU-A1162,img_3373d870d77bbaf3,3,0,0.0003394594823475
RU-A1162,img_88287373e24dfd04,3,0,0.0002784877724479
RU-A1162,img_bc1d55c4fbfa977d,3,0,0.3981398642063141
RU-A1162,img_eb4aedf0b4d0e8f8,3,0,0.3432759642601013
RU-A1162,img_1ebecbd928005394,3,0,0.0444863885641098
RU-A1162,img_a05f3ea344464421,3,0,0.0659970492124557
RU-A1164,img_a75108faede88b0d,4,0,0.0001765374472597
RU-A1164,img_fdce6cdc847ab8a7,4,0,1.644031362957321e-05
RU-A1164,img_328f0f466922f285,4,0,1.758289545250591e-05
RU-A1164,img_f2a9a25391b544d3,4,0,0.0002960264973808
RU-A1164,img_bbd0d37f984a5849,4,0,0.0007166826399043
RU-A1164,img_dded3e26fcacca5f,4,0,0.0001441297936253
RU-A1164,img_10353862751e7fa5,4,0,9.1564426838886e-05
RU-A1164,img_9a96dbab552513b9,4,0,0.0112834172323346
RU-A1164,img_4093518313023fbe,4,0,0.0214449875056743
RU-A1165,img_65386e7d9cb64f9d,1,0,0.0109857507050037
RU-A1165,img_a02bce084c4dbc51,1,0,0.0041578998789191
RU-A1165,img_d7ec70c596a3c7e5,1,0,4.820504545932636e-05
RU-A1165,img_f50adedd5121a5af,1,0,0.0002394554612692
RU-A1167,img_90b53155667807a2,4,0,8.574859384680167e-05
RU-A1167,img_1e91445dbbb10e45,4,0,3.7415928090922534e-05
RU-A1167,img_0b8e5ead1c0eb983,4,0,0.0002494702348485
RU-A1167,img_9a356d782ada14e7,4,0,8.21512658149004e-05
RU-A1168,img_f6c1b78bf1a1c419,1,0,0.0005904739373363
RU-A1168,img_c4fa6b6606150776,1,0,0.0019168073777109
RU-A1168,img_b12763bc776f237b,1,0,0.0027288373094052
RU-A1168,img_b998ac7903da596a,1,0,0.0016804368933662
RU-A1168,img_9b4e1328a6284d02,1,0,9.024854080053046e-05
RU-A1168,img_f63bebd6e6b520fb,1,0,0.0001630167098483
RU-A1168,img_f82ac1e479af4fee,1,0,0.0012816686648875
RU-A1168,img_21a5e7daef98fa43,1,0,0.000391142850276
RU-A1169,img_3d0d09c23dddd708,0,0,0.000426871003583
RU-A1169,img_e8f319d98e4394db,0,0,0.0014447721187025
RU-A1169,img_ce580288284f0c39,0,0,0.000535323342774
RU-A1169,img_f2e76757f84ec6c2,0,0,0.0015288237482309
RU-A1169,img_6952eb5a597b71e9,0,0,0.0024885172024369
RU-A1170,img_35146e0294ffc229,4,1,0.0007625063881278
RU-A1170,img_ad84d34a839db114,4,1,0.0012425592867657
RU-A1170,img_7c4b026225b78480,4,1,0.0001877445902209
RU-A1170,img_44d09247fe41802c,4,1,0.0004424079379532
RU-A1170,img_19245519512331a8,4,1,0.3563692271709442
RU-A1170,img_3a68b7d522fd8ed8,4,1,0.3456721305847168
RU-A1170,img_669a0e3d9a6b644c,4,1,0.0050933477468788
RU-A1170,img_fbd531730bf96b19,4,1,0.0302598290145397
RU-A1170,img_744edff32ebf52bc,4,1,0.0022330188658088
RU-A1170,img_5c3f1b9276cd3327,4,1,0.0059466664679348
RU-A1170,img_ec86d7873fc72200,4,1,0.0128000825643539
RU-A1170,img_863dbaaea59fc328,4,1,0.0530999638140201
RU-A1170,img_7167b5fffd811b63,4,1,1.772890755091794e-05
RU-A1170,img_6543c793c1f09e1e,4,1,3.283313708379865e-05
RU-A1171,img_451dd404b3fad6a6,2,0,0.0506606772541999
RU-A1171,img_bcd237220dc0b0ec,2,0,0.0048930491320788
RU-A1171,img_a0e80e65520e2bc2,2,0,0.054050475358963
RU-A1171,img_c0ff02ba034a11aa,2,0,0.0464353635907173
RU-A1172,img_be58fe8545d04fce,1,0,5.439523374661803e-05
RU-A1172,img_b4b1d34ad253ee14,1,0,2.3902752218418755e-05
RU-A1172,img_133e5f1b77bf145f,1,0,0.0009296487551182
RU-A1172,img_1b76d3ea41ad0fa1,1,0,0.0023779631592333
RU-A1172,img_b168d6619e508ea6,1,0,0.0006471841479651
RU-A1172,img_b79a076a1dbb92e9,1,0,0.0016102292574942
RU-A1172,img_e407281c2cea1333,1,0,0.0019538630731403
RU-A1172,img_a12c58a5a5f53650,1,0,0.0021075145341455
RU-A1173,img_6dbc7d2d2fda1e32,0,0,0.0006223758100531
RU-A1173,img_898c00f921b34233,0,0,0.0003108821401838
RU-A1173,img_f6a77858a31c3ef1,0,0,0.0001058497291523
RU-A1173,img_df210a5fab7e194e,0,0,1.9484758013277315e-05
RU-A1173,img_142451132d6f6d6e,0,0,0.0001599076349521
RU-A1173,img_755a70d989ccf55a,0,0,0.0012394717196002
RU-A1174,img_a9bce608eae449af,1,0,0.0282541550695896
RU-A1174,img_fb7d456259450448,1,0,0.0556017532944679
RU-A1174,img_5bc4050a4df8e92f,1,0,0.1303588896989822
RU-A1174,img_32cd0bd1996206c9,1,0,0.0922776386141777
RU-A1174,img_9aea532336c2c157,1,0,0.0060743624344468
RU-A1174,img_8c2b5cc9eea99fea,1,0,0.006818430032581
RU-A1174,img_71f1b96a1ba6bbb0,1,0,8.88169597601518e-05
RU-A1174,img_e235934b96951fe8,1,0,7.43838754715398e-05
RU-A1174,img_d11a8e2594bdf46e,1,0,0.0030112576205283
RU-A1174,img_1576581ca61c0ced,1,0,0.0071597029455006
RU-A1154,img_2b9ec337d64cdc74,2,0,0.0019286996684968
RU-A1154,img_c6445ecfb6d3aa22,2,0,0.0002291432756464
RU-A1154,img_a10ed4749e23c7cc,2,0,0.0015763822011649
RU-A1154,img_0f73b3f77eb23edf,2,0,0.0024535143747925
RU-A1154,img_bc17bb19d4341e1c,2,0,0.0020729778334498
RU-A1154,img_a758888f8a1813b8,2,0,0.0038147347513586
RU-A1154,img_e2e703a4f91f18f3,2,0,0.0052857021801173
RU-A1154,img_44e2b5872169ec50,2,0,0.0072423289529979
RU-A1154,img_6b40865f9b4e08eb,2,0,0.0009955626446753
RU-A1154,img_db8425540c0b0cdb,2,0,0.0014592305524274
RU-A1155,img_5f4824811e011f6c,1,0,8.710421388968825e-05
RU-A1155,img_7e2f28ed80177923,1,0,0.0001895942405099
RU-A1155,img_5408471552cc8c89,1,0,0.000319240061799
RU-A1155,img_b29cca99ccd698af,1,0,0.0001091428566724
RU-A1155,img_dad54ac42e65821a,1,0,0.0003492388641461
RU-A1155,img_9ce9024d4db6717f,1,0,0.0015411141794174
RU-A1155,img_25cbf5e7316d2139,1,0,0.0119764190167188
RU-A1155,img_856dd30f9aecc437,1,0,0.0006489743827842
RU-A1155,img_76bbfe9516ee3d70,1,0,0.0009864799212664
RU-A1221,img_b843df6ac49748b8,1,0,0.0009140616166405
RU-A1221,img_a11314f69c119b7e,1,0,0.0003092736878897
RU-A1221,img_e3360cc395bd4f0c,1,0,0.0316765271127224
RU-A1221,img_3d7784f167ab3877,1,0,0.0101270880550146
RU-A1221,img_7297193f16963b9f,1,0,0.0022690042387694
RU-A1221,img_ec4e39e962c9849c,1,0,0.0010014040162786
RU-A1222,img_0c8e501da531010d,4,0,0.0016859428724274
RU-A1222,img_0a0d40bf622e68e5,4,0,0.0005838499055244
RU-A1222,img_17920b469918312a,4,0,0.0006313456688076
RU-A1222,img_550d8a285a437729,4,0,4.641969280783087e-05
RU-A1223,img_993f965cb2543c0e,0,0,0.000207728910027
RU-A1223,img_11d2a45a94860f1f,0,0,0.0002546587202232
RU-A1223,img_a34347443d9b677c,0,0,0.1348616033792495
RU-A1223,img_e0fea148738580c9,0,0,0.0693125650286674
RU-A1224,img_5abbe20174b1cb5e,0,0,0.0152670470997691
RU-A1224,img_311dce75a3b93818,0,0,0.0268234834074974
RU-A1224,img_a937d14aa26975fa,0,0,0.7584716081619263
RU-A1224,img_41106415ecfc609e,0,0,0.0007181242108345
RU-A1224,img_dba5d6602b0b162a,0,0,0.0017128018662333
RU-A1225,img_9e70c1ee239546d3,0,0,0.0822928622364997
RU-A1225,img_399db71f2f7c74d2,0,0,0.0113860182464122
RU-A1226,img_662078eafbab9c59,0,0,0.0003216842305846
RU-A1226,img_d4331128fa77cdd6,0,0,0.000330181006575
RU-A1226,img_42abf17b96b925c5,0,0,0.0001290373620577
RU-A1226,img_0beb883c88a1a1b9,0,0,7.923552766442299e-05
RU-A1227,img_a4ed0801b99d3676,3,0,0.0001283229939872
RU-A1227,img_48fc430b50746636,3,0,7.280737918335944e-05
RU-A1227,img_d14fae684d541a7a,3,0,0.0004499122151173
RU-A1227,img_47bc5f8962e2180b,3,0,9.800719999475405e-05
RU-A1227,img_354c74b3c6338aad,3,0,0.0002120836288668
RU-A1227,img_982144aa5c74c38e,3,0,0.000722422148101
RU-A1228,img_cff87a80d13e8fb1,2,0,0.0072951796464622
RU-A1228,img_566a72c2cbc99ec0,2,0,0.0084486259147524
RU-A1228,img_d2f9d041e39bcca2,2,0,0.0007131890743039
RU-A1228,img_3d8bf6100cc8d6b8,2,0,0.0012999360915273
RU-A1228,img_d5e1c165c810708f,2,0,0.0002370751462876
RU-A1228,img_f8dc5696bc6d0a98,2,0,0.0016328502679243
RU-A1228,img_b355bf8324014a77,2,0,0.000475700100651
RU-A1228,img_7ecf8f0d78007381,2,0,0.0035428481642156
RU-A1228,img_22d710c277869821,2,0,0.0029132305644452
RU-A1228,img_dc939f24dbe447cf,2,0,0.1780550330877304
RU-A1228,img_9718837515050473,2,0,0.0648892000317573
RU-A1229,img_8950267846928315,4,1,0.0140473628416657
RU-A1229,img_44829ee2e0bd1429,4,1,0.9993591904640198
RU-A1229,img_75e20e01b38e078a,4,1,0.997914969921112
RU-A1229,img_651a50002ea6f8ba,4,1,0.7982416152954102
RU-A1229,img_b1f8e2c4d30fe399,4,1,0.9383184313774108
RU-A1230,img_3830ae930b0a6ef1,4,0,0.0002142206212738
RU-A1230,img_72e0925990c9bf09,4,0,0.000266663642833
RU-A1230,img_8de82a7ef7791207,4,0,0.0708093717694282
RU-A1230,img_dfdf8341cd873f00,4,0,0.1984728276729583
RU-A1230,img_4e74d4cfbc6b946d,4,0,0.0001941342634381
RU-A1230,img_9b94bb8e3d3f8938,4,0,5.898761810385622e-05
RU-A1230,img_63b70a713495db32,4,0,0.0002922475105151
RU-A1230,img_60227010952c481a,4,0,3.035365807591006e-05
RU-A1230,img_3ed0b603bd39c6fe,4,0,0.0002419957745587
RU-A1230,img_8d9ee4f5d062f4ee,4,0,0.0001602442207513
RU-A1230,img_2badc52b03359c7f,4,0,3.3624161005718634e-05
RU-A1230,img_dc9adb66c18359f9,4,0,0.000128893618239
RU-A1231,img_4a9ceaba0b907dba,2,0,0.0775098949670791
RU-A1231,img_4dbcc0ccdd01a90e,2,0,0.0554751195013523
RU-A1231,img_dd5a0c6c0753b8f9,2,0,0.0098936716094613
RU-A1231,img_bfee5e09e107f620,2,0,0.0015100517775863
RU-A1231,img_d2ae49d23f2c8fae,2,0,0.0236166696995496
RU-A1231,img_a7b107b5b48b736b,2,0,0.0002416773204458
RU-A1231,img_a8186cb4fbe98fca,2,0,0.0097327167168259
RU-A1231,img_02ae068f77aecd0a,2,0,0.0038292712997645
RU-A1232,img_f8eed42054d2d97e,1,0,4.182489647064358e-06
RU-A1232,img_6b8ee788e5947b23,1,0,0.0001422720670234
RU-A1232,img_e5b24440c4d13433,1,0,0.010599092580378
RU-A1232,img_91ce6a798f0addf8,1,0,4.918707418255508e-05
RU-A1232,img_09d3118069786e96,1,0,7.274145173141733e-05
RU-A1232,img_67c3b03061399bb3,1,0,0.0230771973729133
RU-A1232,img_66e3441a082030fe,1,0,0.0044741951860487
RU-A1232,img_434c1c81c8b8e1ed,1,0,0.0090628480538725
RU-A1233,img_5de866f0a887a291,0,0,6.756478251190856e-05
RU-A1233,img_ccd794e2817b27c9,0,0,0.0001010919440886
RU-A1233,img_b7d8a3f95eea273a,0,0,0.035599909722805
RU-A1233,img_06613dc42196830f,0,0,0.0466289184987545
RU-A1233,img_f8c5fdc5ef24e200,0,0,0.0019846623763442
RU-A1233,img_3fe0bf91a8b07fbf,0,0,0.0092368377372622
RU-A1233,img_eb990b0170856b53,0,0,0.1342938691377639
RU-A1233,img_1cef30b84b1f8705,0,0,0.2542769908905029
RU-A1234,img_9fe7f8c14d214f85,1,0,0.0006119715981185
RU-A1234,img_8f9346484fdadaf5,1,0,0.0005366227123886
RU-A1234,img_b7b77fcba03765a8,1,0,0.0017599132843315
RU-A1234,img_f572494e74b147f7,1,0,0.0013645152794197
RU-A1235,img_7fcb73b59693708a,1,0,0.0029777304735034
RU-A1235,img_d7e0b86dae2b2648,1,0,0.0003359089023433
RU-A1235,img_e541919750f8f0bb,1,0,0.0409673005342483
RU-A1235,img_7e5ed24165794b48,1,0,0.0169023554772138
RU-A1236,img_cc2d188476c57231,3,0,0.0004204354772809
RU-A1236,img_bc39e336ae99b7c2,3,0,0.0003162755165249
RU-A1237,img_c1307c46aeed49e6,2,0,0.0118911452591419
RU-A1237,img_0e945bc042bb913b,2,0,0.0008957017562352
RU-A1237,img_3e017bbfd34b445c,2,0,0.0017463385593146
RU-A1237,img_53f53b2252294e84,2,0,0.0199033580720424
RU-A1237,img_4e1c499c5537d033,2,0,0.0458176285028457
RU-A1238,img_7be6f6758f6c4b6d,1,0,0.0002595588157419
RU-A1238,img_a36c9d9a3209fd1a,1,0,0.0099997147917747
RU-A1238,img_891b503bbeee8157,1,0,0.0002177533751819
RU-A1238,img_e03834fbefdd0c96,1,0,0.0003272980393376
RU-A1238,img_1b16d89d902c69c9,1,0,0.0015139398165047
RU-A1238,img_09c83915e5561442,1,0,0.001348792342469
RU-A1238,img_c2fc160a3a160ab3,1,0,0.0001904029486468
RU-A1238,img_ae17a68200f20bd7,1,0,0.0047209179028868
RU-A1239,img_e3666bf8aa074a8e,3,0,0.0598957315087318
RU-A1239,img_54c6082c9e330aa9,3,0,0.0002506633172743
RU-A1239,img_7c5fa7fde0d158ec,3,0,0.000166134268511
RU-A1239,img_959fddb3cb5ba6ad,3,0,2.9619734050356783e-05
RU-A1239,img_6884c97a9b80867c,3,0,0.0134976580739021
RU-A1239,img_073122c18a534a3f,3,0,0.0084504913538694
RU-A1240,img_b2826c84edb1a981,3,1,0.002119215670973
RU-A1240,img_e2929ffcd26a36bb,3,1,0.0022170583251863
RU-A1240,img_1a1f853295b0a1f7,3,1,0.0042959274724125
RU-A1240,img_df2b23c20d373cb2,3,1,0.0939360335469245
RU-A1240,img_5d4d38e81fc13079,3,1,0.0579151548445224
RU-A1240,img_e4bbe624cbc3bcfa,3,1,0.0473130419850349
RU-A1240,img_fca381572b0f2812,3,1,0.0467962101101875
RU-A1240,img_332150a1c65cc706,3,1,8.848565630614758e-05
RU-A1240,img_2a566051f674d24c,3,1,0.2345978021621704
RU-A1240,img_e9ca392036a4b523,3,1,0.2293750643730163
RU-A1240,img_ab8c49011a55ede8,3,1,0.0297113638371229
RU-A1240,img_c3a0ac719e920d0e,3,1,0.0676874071359634
RU-A1345,img_7e61082adabd31d8,1,1,0.0005509649054147
RU-A1345,img_d3feff1211a4285c,1,1,0.0005286075174808
RU-A1345,img_cdbc4937d28fa0ee,1,1,0.0304229166358709
RU-A1345,img_22eb5d6e909db778,1,1,0.0644401237368583
RU-A1245,img_0b1da719028ee428,2,0,0.0002001145476242
RU-A1245,img_c1c7c530d207703b,2,0,0.0001539382792543
RU-A1245,img_19718b6879c6a4b5,2,0,0.0002324748056707
RU-A1245,img_a7bf02af7fb692b9,2,0,0.0011285984655842
RU-A1245,img_f2692bb748663132,2,0,0.0028159713838249
RU-A1245,img_be7ccbfa8f413e9f,2,0,0.0007955615292303
RU-A1245,img_ab0e56c36727edfb,2,0,0.0002267906384076
RU-A1245,img_1a07d10d000de6f6,2,0,0.0002685153158381
RU-A1245,img_89102dde89e25e9a,2,0,0.001033388543874
RU-A1245,img_6b92f1c7fec81682,2,0,0.0010827501537278
RU-A1246,img_7a670da64b5e50db,2,0,0.0049225613474845
RU-A1246,img_e7f76e4dd817ca61,2,0,0.0031463813502341
RU-A1246,img_da8f1cba505a5ad1,2,0,0.0004650837799999
RU-A1246,img_582323e232fcf005,2,0,0.0009736178908497
RU-A1248,img_beddcaa9017f505b,3,0,0.0020678439177572
RU-A1248,img_bc651650612474fa,3,0,0.0010733298258855
RU-A1248,img_e74ecb9e8e6b164b,3,0,0.0013046409003436
RU-A1248,img_c5e470e6c5e1641a,3,0,0.0005053652566857
RU-A1248,img_43482114ff3743bb,3,0,0.0009738322114571
RU-A1347,img_40f993093261617b,0,1,0.8843730092048645
RU-A1347,img_90ed0a0384e864cb,0,1,0.9371278285980223
RU-A1020,img_6ebf0480440eeb8b,3,0,0.0012273089960217
RU-A1020,img_3b28f6fb43310f01,3,0,0.0044985329732298
RU-A1020,img_b896f1618048adaa,3,0,0.0020271679386496
RU-A1020,img_ff34f3ed16e85d10,3,0,0.0017718885792419
RU-A1020,img_e1dfa0df1f51f26f,3,0,0.0019880789332091
RU-A1020,img_38b66d83c3e10e5f,3,0,0.0268046706914901
RU-A1020,img_269af53d528b1f3b,3,0,0.057071004062891
RU-A1166,img_7db6e6ebb2386254,2,0,0.0037088855169713
RU-A1166,img_04d2698a8ec4e773,2,0,0.0032635086681693
RU-A1166,img_e48273b2c657ace2,2,0,0.0053977989591658
RU-A1166,img_b5193f801f3b0651,2,0,0.0072579584084451
RU-A1166,img_8cd4e57f5a7f3fbf,2,0,0.0616512782871723
RU-A1166,img_8c3b4f88af2c18d0,2,0,0.0513483509421348
RU-A1166,img_52722c7a1339f08b,2,0,0.0026642971206456
RU-A1153,img_88c42d232e084af2,3,0,0.0005372537998482
RU-A1153,img_6b2a1851b06d2968,3,0,0.0326666384935379
RU-A1153,img_b3b08eefab81dc7a,3,0,0.0026572034694254
RU-A1067,img_e4b1cb7a4084f5aa,1,0,0.1668097674846649
RU-A1067,img_af4aba150dcdd3ff,1,0,0.2250427901744842
RU-A1067,img_283d2d5b706f4a10,1,0,0.070817045867443
RU-A1067,img_4c686295431a83d9,1,0,0.2196497023105621
RU-A1067,img_1787244bdbcfa17f,1,0,4.7845438530202955e-05
RU-A1067,img_d7a788735478282b,1,0,0.0005015687202103
RU-A1067,img_8a2299337955ff3f,1,0,0.0125143351033329
RU-A1067,img_1edb5a7636a9c074,1,0,1.6719013729016297e-05
RU-A1067,img_9f660a26a61b58e8,1,0,0.0004689919005613
RU-A1111,img_1cd53353b8617071,1,0,2.485377262928523e-05
RU-A1111,img_7dcdf6badb261622,1,0,7.885185368650127e-06
RU-A1111,img_c1200a40c8ffa7a5,1,0,6.705782288918272e-05
RU-A1111,img_426db2853397d34f,1,0,9.011283691506831e-05
RU-A1111,img_258ef9ea500043f1,1,0,3.297848525107838e-05
RU-A1111,img_b5efa60b2a2e54c1,1,0,3.7873494875384495e-05
RU-A1111,img_ff6679dafd6bb8a8,1,0,0.0001612930500414
RU-A1111,img_555a0eed519bc91b,1,0,0.0008944097207859
RU-A1111,img_68ce501b08448270,1,0,0.0015366721199825
RU-A1111,img_56763286b16db0a6,1,0,0.0012507553910836
RU-A1111,img_b65531f2691565a9,1,0,0.0002026867732638
RU-A1111,img_e6126205083bed2e,1,0,0.0006278291111811
RU-A1111,img_c430eaac3bcee87b,1,0,0.0043345713056623
RU-A1111,img_38493665fbd7fc50,1,0,0.0001364107010886
RU-A1149,img_bbf258ea7b72621d,2,0,0.0019461557967588
RU-A1149,img_fa033a5cd5376bdd,2,0,0.0017822318477556
RU-A1177,img_20361e9a65e9b7a3,3,0,2.1685065803467296e-05
RU-A1177,img_111685f7f081edfa,3,0,3.2365391234634444e-05
RU-A1177,img_fea19a9cfd0b6731,3,0,0.0084587419405579
RU-A1177,img_3add4b70d70febec,3,0,0.0019688543397933
RU-A1179,img_79ba5a1608358e10,2,0,0.0080323778092861
RU-A1179,img_02bcd5eefe3ac2f5,2,0,0.0046621672809123
RU-A1179,img_a2640cbb642bfa27,2,0,0.0026257254648953
RU-A1179,img_57140cb499290165,2,0,0.0009831200586631
RU-A1181,img_95278a1793767bf5,0,0,0.1451352834701538
RU-A1181,img_5746beb86ec3e5f7,0,0,0.1945794075727462
RU-A1181,img_348f5c02ab93acd5,0,0,0.0379485785961151
RU-A1181,img_49b9a19b2d71e267,0,0,0.0104272784665226
RU-A1182,img_72a6b03b03822cdf,4,0,0.1816092729568481
RU-A1182,img_260b6b676862b479,4,0,0.2491413354873657
RU-A1182,img_70033e2e448b5422,4,0,0.0073953648097813
RU-A1182,img_c299d29bd0f9727b,4,0,0.0577391870319843
RU-A1183,img_ea651f8d1fa0b977,2,0,0.0001344983465969
RU-A1183,img_f354e7452ed4f731,2,0,0.0001559894735692
RU-A1183,img_c0fcbd5c9ef681d8,2,0,0.0012603650102391
RU-A1183,img_d8ee1ebb142b9b41,2,0,0.0018240162171423
RU-A1185,img_932b5fc52ae332d4,1,0,0.0007538300123997
RU-A1185,img_e3ab61ccfc73868f,1,0,0.0004774265107698
RU-A1185,img_ca5e4ba2c40087ba,1,0,0.0007258511614054
RU-A1185,img_c5e29373480c9838,1,0,0.00058844051091
RU-A1250,img_bc42d5b6df347267,2,0,0.0002131976943928
RU-A1250,img_1973d0ad146c6caf,2,0,7.178539817687124e-05
RU-A1250,img_d21ae07be7521ee4,2,0,0.0005256248987279
RU-A1250,img_fae9a948208af627,2,0,0.0028675319626927
RU-A1250,img_9aa8739a0f7d5ebc,2,0,0.0110103143379092
RU-A1250,img_5e69f1ab96f7bbec,2,0,0.0010803558398038
RU-A1250,img_9c9aac34eec51086,2,0,0.0395150668919086
RU-A1250,img_a0fc20927e5f670b,2,0,0.0058835721574723
RU-A1250,img_ce896261265900d1,2,0,0.0117130391299724
RU-A1250,img_3be085020d15861d,2,0,0.0004705928731709
RU-A1250,img_cbfaf1ca6e402023,2,0,0.0010203763376921
RU-A1251,img_3052a7aac94abe19,2,1,0.0069361836649477
RU-A1251,img_b1c1ad411bee2dab,2,1,0.0005752344150096
RU-A1251,img_2dad71961b5ab5f4,2,1,0.0008941199630498
RU-A1251,img_6bbcbca4ebf1dcc3,2,1,0.0010576827917248
RU-A1251,img_bc72bd486195709b,2,1,0.0006190206622704
RU-A1251,img_9bb4761e496a7c19,2,1,4.872479985351674e-05
RU-A1251,img_026b03b707d69374,2,1,0.0007181128603406
RU-A1251,img_37d73ec364ecd89c,2,1,0.0009282733662985
RU-A1251,img_389663b2e72f8ccd,2,1,0.0001014879526337
RU-A1251,img_e9207379d7cf370f,2,1,0.000632622570265
RU-A1251,img_b9c8195ff22a5bdb,2,1,0.0005542114377021
RU-A1251,img_23808aa99ad4a010,2,1,0.0012361503904685
RU-A1251,img_0d4e2f8217a6a429,2,1,0.0087169036269187
RU-A1251,img_7e3e648b59b560ff,2,1,0.0268694665282964
RU-A1251,img_448498b4a6226637,2,1,0.0078069074079394
RU-A1251,img_5a418c5470c18130,2,1,0.000332144787535
RU-A1251,img_9b3dda18f52398c3,2,1,0.0024860342964529
RU-A1251,img_a9aa2953c27365bd,2,1,0.0022937708999961
RU-A1251,img_bbe2192ae099d420,2,1,0.000353243551217
RU-A1251,img_62a1e3c01176e5ea,2,1,0.00040982326027
RU-A1251,img_98d9bd347e7dca9c,2,1,0.0010838513262569
RU-A1251,img_fc56cd99f782bd0a,2,1,0.0011143357260152
RU-A1251,img_98af12855b0e7a13,2,1,0.0575493723154068
RU-A1251,img_db3f7d60f735ecbc,2,1,0.0919574350118637
RU-A1251,img_5666a5cd5bd0e47c,2,1,0.5769040584564209
RU-A1251,img_6a5849527105d664,2,1,0.3202446401119232
RU-A1252,img_64312d924d92e23b,2,0,0.0006280256784521
RU-A1252,img_ed9223aa6ace71e9,2,0,0.0034544996451586
RU-A1252,img_549dc037d491a696,2,0,3.175736128468998e-05
RU-A1252,img_4e3b338be34c9d38,2,0,0.0001420835033059
RU-A1252,img_1229ea2445e71815,2,0,0.0012352482881397
RU-A1252,img_3f861a7833361ca2,2,0,0.008484873920679
RU-A1252,img_a63f7b50351280f1,2,0,4.907678157906048e-05
RU-A1252,img_63a26b05ae24e71e,2,0,5.041404438088648e-05
RU-A1252,img_20bf0be79d47c78b,2,0,1.4798853953834625e-05
RU-A1252,img_b11e68f0000cf42d,2,0,9.669623977970332e-05
RU-A1252,img_ab24060abf7e2b5a,2,0,0.0316472351551055
RU-A1252,img_f3fe90b8d540e894,2,0,0.5721831321716309
RU-A1252,img_d0f362f52a0f8893,2,0,0.0001556707720737
RU-A1252,img_d53477674959abf2,2,0,0.0002112869551638
RU-A1252,img_40eca33277dbef3a,2,0,6.322829722194001e-05
RU-A1252,img_a8dfa2b3f56a932b,2,0,6.616845348617062e-05
RU-A1252,img_8e205f4c444de7a7,2,0,0.0051311375573277
RU-A1252,img_101a46fad5805961,2,0,0.0058875228278338
RU-A1252,img_84c0e68ffc4e74f7,2,0,0.0038640715647488
RU-A1252,img_6ea321d0ea22adf8,2,0,3.7790370697621256e-05
RU-A1252,img_fadc9151e90eb6be,2,0,0.0034422965254634
RU-A1252,img_2ea72473b736af7f,2,0,0.0112601993605494
RU-A1252,img_f1c1d69ac3d58479,2,0,0.000485110504087
RU-A1252,img_49bb7dff4e6f9a40,2,0,0.0004222129355184
RU-A1252,img_657d8f17dcf690e5,2,0,0.0004816524451598
RU-A1252,img_0f8593592fbe074b,2,0,0.0001144611087511
RU-A1252,img_e40f5ee990f881e9,2,0,0.000215712134377
RU-A1252,img_cbefeef31ea64e78,2,0,0.0002350799913983
RU-A1252,img_0745a2dbb2e98fd9,2,0,0.0001517702767159
RU-A1252,img_c0cf11b324e4ffe3,2,0,5.729484837502241e-05
RU-A1252,img_9db3aaf1d03fe174,2,0,0.0002072315837722
RU-A1252,img_5448d64c6289d498,2,0,8.681944746058434e-05
RU-A1252,img_2b24113199a30b16,2,0,0.0015026980545371
RU-A1252,img_dd4c063159a69006,2,0,0.0019254549406468
RU-A1252,img_e720fe8c0fd5bb6d,2,0,0.0014895071508362
RU-A1252,img_da34bd5c422736bf,2,0,7.972931780386716e-05
RU-A1252,img_af56dcaa762d52a3,2,0,0.0007427062955684
RU-A1252,img_04eb48325d3eeadf,2,0,0.0012804807629436
RU-A1252,img_47dca7d163b82cea,2,0,0.0004485732933972
RU-A1252,img_4d855547d6d490f2,2,0,0.0009249476133845
