pid,image_id,fold,y_true,proba
RU-A1156,img_2919fb9629af8eb6,4,1,0.0420051850378513
RU-A1156,img_d113fcf2b340674b,4,1,0.1111465767025947
RU-A1048,img_615157a6f6318fc0,0,1,0.0043568513356149
RU-A1048,img_1af1a8ac1245dd39,0,1,0.0055639636702835
RU-A1048,img_0434b8184663ea6a,0,1,0.2144567221403122
RU-A1048,img_1347dbe04673e854,0,1,0.0165081582963466
RU-A1048,img_5e7df910a2c0ac34,0,1,0.7192922830581665
RU-A1048,img_01a97ea00547c5bf,0,1,0.8370071649551392
RU-A1048,img_cdd19bc4e12d3f46,0,1,0.034237865358591
RU-A1048,img_a2d37942a0dbbc96,0,1,0.1159934774041175
RU-A1048,img_5410faa7cb69fefd,0,1,0.0094435922801494
RU-A1048,img_02224c7fbd4dd58a,0,1,0.0018141829641535
RU-A1048,img_76da8f0577c13e22,0,1,0.0042008329182863
RU-A1048,img_77a1e9fda7d6f6ed,0,1,0.0046746372245252
RU-A1048,img_393086b1d76cf2e3,0,1,0.0853661969304084
RU-A1048,img_2daa10ddecff8b06,0,1,0.0795235708355903
RU-A1048,img_583fd0ffd3a7fae2,0,1,0.0136604253202676
RU-A1048,img_7efb7f864b447cc7,0,1,0.0102825481444597
RU-A1048,img_5cc8a8b1f0819e10,0,1,0.3781438171863556
RU-A1048,img_0ada6a07b5b250db,0,1,0.0583259798586368
RU-A1048,img_2dc9bdc31e605b73,0,1,0.1492907553911209
RU-A1048,img_19c1e67cae61b925,0,1,0.0196929834783077
RU-A1048,img_f905a8654c65f429,0,1,0.0256126075983047
RU-A1048,img_da5f0762a08801b8,0,1,0.0380908548831939
RU-A1048,img_9e431fa94056e03b,0,1,0.6248632669448853
RU-A1048,img_552958db4b80a3c8,0,1,0.2816874086856842
RU-A1080,img_53d27e21f6293a1a,3,0,0.6781739592552185
RU-A1080,img_e4462661e8adeeaa,3,0,0.4560630023479461
RU-A1080,img_b7c02f7e41a921b7,3,0,0.7097920775413513
RU-A1080,img_f6c8588b96713ccc,3,0,0.7762922644615173
RU-A1080,img_e7e6926b0c5d8fe3,3,0,0.1042884141206741
RU-A1080,img_763a8069a29b9b05,3,0,0.0561326183378696
RU-A1080,img_a0004c6821cef0f7,3,0,0.0091142607852816
RU-A1080,img_a98e6efe9c8de603,3,0,0.0001320524024777
RU-A1080,img_cb025e3782630dbe,3,0,0.0018521916354075
RU-A1080,img_8f18c4773b2ced5b,3,0,0.9886786341667176
RU-A1080,img_49be88c649c5c5be,3,0,0.8532381057739258
RU-A1089,img_e22a379091047774,1,1,0.0068786181509494
RU-A1089,img_bdfb8c59d943520a,1,1,0.001885280595161
RU-A1099,img_ced36bdbc001ccc5,2,1,0.0008894143393263
RU-A1099,img_934d287b5ca033af,2,1,0.0014301702613011
RU-A1099,img_605490138f3b6cce,2,1,0.0004901335341855
RU-A1099,img_5f889a4ac2057fb5,2,1,0.0043870285153388
RU-A1099,img_026898dfaf220c28,2,1,0.0094569120556116
RU-A1099,img_09b90c24774e7828,2,1,0.0121820252388715
RU-A1099,img_ca690feda1d750fa,2,1,0.0338756032288074
RU-A1099,img_76769bde8f825629,2,1,0.021321814507246
RU-A1107,img_9d423112ae60515f,0,0,1.4975336853240153e-05
RU-A1107,img_70c41eda32a6d457,0,0,0.0007266376633197
RU-A1107,img_698fb297a7c6039d,0,0,0.0043166461400687
RU-A1107,img_5a3419b739374530,0,0,0.0007514212629757
RU-A1016,img_1d66366cc1998061,1,0,0.0108616109937429
RU-A1016,img_d645bb77266d216e,1,0,0.0075778211466968
RU-A1016,img_da759c53188dfdb3,1,0,0.8289799690246582
RU-A1016,img_2855963ede417424,1,0,0.2603686153888702
RU-A1016,img_23ca300f480bc79f,1,0,0.011528349481523
RU-A1016,img_1a7a1dd3d46fc9a1,1,0,0.002637552563101
RU-A1016,img_70a1cef338771195,1,0,0.0132947312667965
RU-A1016,img_7a817b858d664095,1,0,0.0059515507891774
RU-A1016,img_10fa9ab5f75b2e02,1,0,0.0519375540316104
RU-A1016,img_7ba1a59cd0f4ad6d,1,0,0.1130678206682205
RU-A1016,img_629dc507d72bad23,1,0,0.1117705330252647
RU-A1052,img_30ccafa79b1e5c28,2,0,0.0110939312726259
RU-A1052,img_8ce1046e2ebff118,2,0,0.0631278678774833
RU-A1052,img_78ad139745c96657,2,0,0.0545686371624469
RU-A1052,img_0a077b8d620d3f1f,2,0,0.0572043843567371
RU-A1052,img_574ca5460edab67d,2,0,0.0348530672490596
RU-A1052,img_1e8f662b5872bf74,2,0,0.0130899045616388
RU-A1052,img_689f29f80d42312b,2,0,0.0006029842188581
RU-A1052,img_89074b12d5e3769f,2,0,0.0005043720011599
RU-A1052,img_6e69a1cffb1797fe,2,0,0.0058820382691919
RU-A1052,img_bb88c76ad332f52c,2,0,0.0048047490417957
RU-A1052,img_6b9803ba9e3f4d39,2,0,0.0043328711763024
RU-A1052,img_345241a2162f61a8,2,0,0.0047612288035452
RU-A1058,img_8ca9b1dfea8f445b,2,0,0.0019025109941139
RU-A1058,img_1448eb37b91dfbf2,2,0,0.0005898984964005
RU-A1058,img_d1a2c8e18334ad60,2,0,0.0094204442575573
RU-A1058,img_1285bc76185e755d,2,0,0.0023939753882586
RU-A1058,img_ac7b7097852242e3,2,0,0.0026223959866911
RU-A1058,img_87af2e58ec90a397,2,0,0.1390589028596878
RU-A1058,img_53f9e1bf5a2928fd,2,0,0.0031836435664445
RU-A1058,img_0c6632a19da1d320,2,0,0.0061607845127582
RU-A1058,img_1397bd6a0fcbb42b,2,0,0.0001771839888533
RU-A1058,img_8ab00ebe9c4df78f,2,0,9.71202098298818e-05
RU-A1058,img_ffed7cab95661d93,2,0,0.0007163985283114
RU-A1058,img_9b6fdf227782fd34,2,0,0.0004618652747012
RU-A1058,img_bd58a96c7a49a8fa,2,0,0.0001827831583796
RU-A1058,img_f01449513fc32162,2,0,9.706059790914878e-05
RU-A1058,img_7722642afa3d1969,2,0,0.0298549532890319
RU-A1058,img_588134547734a2ad,2,0,0.0008249276434071
RU-A1058,img_fc9442cf9ee7d0a7,2,0,0.0277573522180318
RU-A1058,img_bacc99d5d573c2f7,2,0,0.0044838436879217
RU-A1058,img_a813e15ee1fb49a5,2,0,0.0003180452913511
RU-A1058,img_6b4c91c46e2ee9e7,2,0,0.0004472021828405
RU-A1058,img_6e04fb5a35747565,2,0,0.0002493180800229
RU-A1058,img_6cb909bef7a2df08,2,0,0.0006754029309377
RU-A1058,img_01172d93cf2bd66a,2,0,0.0659147426486015
RU-A1058,img_0d38dc280a0ed213,2,0,0.0277944430708885
RU-A1074,img_a0861ea9e7660989,2,0,0.0002447185688652
RU-A1074,img_e145a6fa6dd942f6,2,0,7.376860594376922e-05
RU-A1074,img_31f3a4018f5dd8d0,2,0,0.0001846501691034
RU-A1074,img_c944a6f2be7b4fe9,2,0,0.0001521950325695
RU-A1074,img_36173f5c1e011c0d,2,0,0.0004131565219722
RU-A1074,img_1a8ed1c40c6e7e5f,2,0,0.0032819001935422
RU-A1098,img_3ae15fde7f9afade,3,0,0.0090049933642148
RU-A1098,img_905e1b987819fed4,3,0,0.0162968337535858
RU-A1098,img_37c256109ac3a823,3,0,0.0023362401407212
RU-A1098,img_e00095b434bed28d,3,0,0.0004676318785641
RU-A1098,img_4fdbe66edfebdc04,3,0,0.0006255966727621
RU-A1098,img_dc432a1c6eaf385c,3,0,0.0003894024121109
RU-A1098,img_31a7b21a748aed23,3,0,0.0209079906344413
RU-A1098,img_1cccaf4a04648eb1,3,0,0.0068218600936234
RU-A1050,img_d2ef31434a0fff6e,3,1,0.0143215786665678
RU-A1050,img_ee0066527d1c4cd6,3,1,0.0114649953320622
RU-A1068,img_0dc274e4a92e9052,2,0,0.0006008592317812
RU-A1068,img_c865d5a832893e9b,2,0,6.485822814283893e-05
RU-A1068,img_164e07147199a243,2,0,0.3874291181564331
RU-A1068,img_fac566c3c6c081fd,2,0,0.0041531543247401
RU-A1068,img_fadbd2819e4b7f0b,2,0,0.2894561290740967
RU-A1068,img_6195cb9ef196e838,2,0,0.0162528716027736
RU-A1068,img_df1bb1f949077480,2,0,0.6001506447792053
RU-A1068,img_ccdb8b939171d9df,2,0,0.0011838327627629
RU-A1068,img_1480e4fb992468df,2,0,0.0002601678133942
RU-A1068,img_93521b4fc9a39744,2,0,0.0112517205998301
RU-A1068,img_0ef6c053a1efa9cb,2,0,0.0001178679231088
RU-A1068,img_25d8ce440d731440,2,0,0.000199074143893
RU-A1068,img_a1eb985fcd771a63,2,0,0.9062231779098512
RU-A1068,img_6919fc42f2cb0292,2,0,0.8046061396598816
RU-A1069,img_29fea1742bde81f1,3,0,0.5034365057945251
RU-A1069,img_d3537ec084088385,3,0,0.3870351314544678
RU-A1069,img_5f90bb3a75a84565,3,0,0.0034864710178226
RU-A1069,img_89432fed4f986adb,3,0,0.0022176478523761
RU-A1069,img_7a36ca777906472c,3,0,0.2568790912628174
RU-A1069,img_dbe15317497aec02,3,0,0.170860156416893
RU-A1069,img_00881378b5922b46,3,0,0.001518724951893
RU-A1069,img_11333961ba50a402,3,0,0.001578175346367
RU-A1069,img_2730485b8df5a181,3,0,0.9412184953689576
RU-A1069,img_144d587daae63140,3,0,0.8778554201126099
RU-A1069,img_9e907ab2c0c5f60f,3,0,0.177511379122734
RU-A1069,img_c2312dc45a9ee6c9,3,0,0.2079646289348602
RU-A1069,img_66f1fc5d75ccad3c,3,0,0.0053981570526957
RU-A1069,img_f40cefc5aabb8685,3,0,0.0081459479406476
RU-A1069,img_3539ec17c0f6dc19,3,0,0.0471785180270671
RU-A1069,img_2f445d43cb6a4c34,3,0,0.0212818160653114
RU-A1069,img_096a19e1485e3e1d,3,0,0.5839905738830566
RU-A1069,img_38e65d5e417cbbd8,3,0,0.5830355882644653
RU-A1069,img_b7487da3d4cbfd51,3,0,0.2152975648641586
RU-A1069,img_de7f3391803d823e,3,0,0.1809412240982055
RU-A1069,img_ec74d794cb0c8612,3,0,0.0037219806108623
RU-A1069,img_fd9e9ef128d318ca,3,0,0.0031504712533205
RU-A1069,img_1958472f7c720185,3,0,0.0019957770127803
RU-A1069,img_1c977fc3cb36e35c,3,0,0.0025733718648552
RU-A1069,img_dc6e72e5addf23c9,3,0,0.0257759392261505
RU-A1069,img_1c331cded5089a43,3,0,0.0149374129250645
RU-A1069,img_902a4cff1b93d849,3,0,0.0016592817846685
RU-A1069,img_be34d14764caec98,3,0,0.0012427829205989
RU-A1069,img_14783106ce96dfba,3,0,0.422727108001709
RU-A1069,img_f7009805dff8f9cf,3,0,0.4133900105953216
RU-A1069,img_cbe30f9cebd532ad,3,0,0.3521420955657959
RU-A1069,img_807f692be3a97d7b,3,0,0.691663920879364
RU-A1071,img_f1bf7e185918828e,0,1,0.0171591527760028
RU-A1071,img_6764b3bb82303282,0,1,0.0501050166785717
RU-A1071,img_255ba469849c7fbe,0,1,0.2406508773565292
RU-A1071,img_fb8cdf71da917259,0,1,0.6594098210334778
RU-A1071,img_5d53ba894d46933e,0,1,0.4912528097629547
RU-A1071,img_18981532a2de742f,0,1,0.4270986318588257
RU-A1072,img_e4d19559ce6c7c5b,0,0,0.0001761554158292
RU-A1072,img_745564efb4b1aedf,0,0,0.0003659233043435
RU-A1072,img_b9428b3d585b9fee,0,0,2.743863205978414e-06
RU-A1072,img_30d0d7cbd2ae936d,0,0,4.44341276306659e-06
RU-A1072,img_09350acbf91fa1d1,0,0,0.0536242201924324
RU-A1072,img_e96f4fedd84d477b,0,0,0.0419891402125358
RU-A1072,img_2a6459477585e3f1,0,0,0.0025296283420175
RU-A1072,img_f1dbff2a22171d4e,0,0,0.005876894108951
RU-A1073,img_8dba78fb4cbfdcb2,4,0,0.0002787927805911
RU-A1073,img_510a24476049a246,4,0,0.0001081742884707
RU-A1073,img_05613777d7d60acf,4,0,0.9945730566978456
RU-A1073,img_69a449be8babb7c4,4,0,0.0001282539888052
RU-A1073,img_bf31b7c2b9a2c89a,4,0,0.0044047436676919
RU-A1073,img_ccdf9e7d4d800d31,4,0,0.0010569323785603
RU-A1073,img_9d374727786014d6,4,0,0.5849502682685852
RU-A1073,img_3eeff4e77fc6c6ee,4,0,0.5285288095474243
RU-A1073,img_a658cde89dc61e4f,4,0,0.7156364321708679
RU-A1073,img_8adf2d3bfaa855df,4,0,0.6644824147224426
RU-A1073,img_43ce6eaffe64af70,4,0,0.4161851406097412
RU-A1076,img_bb2fb924b90d812c,1,0,0.9834161996841432
RU-A1076,img_0744d508411907b0,1,0,0.8792082667350769
RU-A1076,img_611f27940adb49c8,1,0,0.0364621840417385
RU-A1076,img_644a8a6165b936ba,1,0,0.0556285269558429
RU-A1076,img_534fc301f6b1e833,1,0,0.1504798531532287
RU-A1076,img_fa80805e4426bc0e,1,0,0.168948158621788
RU-A1076,img_8ca4a7fbe4e032bb,1,0,0.7200475335121155
RU-A1076,img_4835ab32c70833cc,1,0,0.8767305612564087
RU-A1126,img_4ddb1f110e63c31b,2,0,0.0081364782527089
RU-A1126,img_35bf6e4514660541,2,0,0.0175774488598108
RU-A1126,img_f242ba277c2de047,2,0,0.0003551461268216
RU-A1126,img_dae060c5b2c5ecf1,2,0,0.000913210271392
RU-A1126,img_a7f819e1627380f3,2,0,8.461085963062942e-05
RU-A1126,img_46103a5600e7d5d5,2,0,9.51836263993755e-05
RU-A1126,img_d4f2f36284da00ee,2,0,0.0005375181208364
RU-A1126,img_4e09a720d179bb90,2,0,0.0010384207125753
RU-A1126,img_101a1e6361f5d305,2,0,0.0002810173318721
RU-A1126,img_377d04c2fcdda1f4,2,0,0.0015421790303662
RU-A1126,img_4586a68b3d2249a8,2,0,0.000347694120137
RU-A1126,img_53cab7963dfdb145,2,0,0.0071584633551537
RU-A1126,img_39d5cad440ad53bc,2,0,0.0048114024102687
RU-A1126,img_056bdeb69b8eb219,2,0,0.0110821267589926
RU-A1126,img_a26eb1715e61d6d7,2,0,0.0048619601875543
RU-A1126,img_f7128edd69c5262b,2,0,0.0001006828751997
RU-A1126,img_69984608b5a511ee,2,0,0.0056344256736338
RU-A1126,img_aeb0d9f5e4463af5,2,0,0.0247039943933486
RU-A1126,img_f0814c91261a030c,2,0,0.0371232330799102
RU-A1126,img_7a8b9e8f09a41c3e,2,0,0.0261141825467348
RU-A1126,img_9666940deb9aa619,2,0,0.0166738852858543
RU-A1126,img_8f58731f05b2d28f,2,0,0.0429111272096633
RU-A1126,img_bb03e6e5f4e38473,2,0,0.171021357178688
RU-A1127,img_65f135634172bf81,0,0,3.381984424777329e-05
RU-A1127,img_e11c00a5e4be1445,0,0,3.4390204746159725e-06
RU-A1127,img_bd270699ec7182d8,0,0,1.4438215657719413e-05
RU-A1127,img_e435f67edcf96df7,0,0,7.193101919256151e-05
RU-A1127,img_a43b0bab4cd1ed22,0,0,0.0013082018122076
RU-A1127,img_fc88faf9ee7ce35a,0,0,0.0098650427535176
RU-A1127,img_26041efc1df315c9,0,0,0.0095415320247411
RU-A1127,img_7a642b7a90127e64,0,0,0.008129327557981
RU-A1127,img_99531d809548016a,0,0,0.0020165632013231
RU-A1127,img_af09bc5d6bba7a42,0,0,0.019340444356203
RU-A1127,img_b6e2d573eaf7b7cd,0,0,0.0503913424909114
RU-A1127,img_f9f954868257ad47,0,0,0.0716330260038375
RU-A1127,img_db6a9fd49d75710d,0,0,0.0004016860330011
RU-A1127,img_83a990ec838630eb,0,0,0.0059598251245915
RU-A1127,img_0ca49a5a34306a63,0,0,0.0250438526272773
RU-A1127,img_258742d4f1fa433c,0,0,0.0337897688150405
RU-A1128,img_f4c5b5b86d18cce6,0,0,1.7440708688809536e-05
RU-A1128,img_204eec53a566d1b7,0,0,6.599420430575265e-06
RU-A1128,img_701ac62ee9a3469d,0,0,5.734877959184814e-06
RU-A1128,img_789ac8a72d2f1104,0,0,3.975510935561033e-06
RU-A1128,img_eec002ba891bdbc6,0,0,0.0125110475346446
RU-A1128,img_8b119e966f9ca72f,0,0,0.0144897634163498
RU-A1128,img_c853576ec6962317,0,0,0.0006948455120436
RU-A1128,img_e716f023a7d8d739,0,0,0.0003681971284095
RU-A1128,img_538d5666e7520d8e,0,0,0.0002237499720649
RU-A1128,img_7a5261be4e4997f3,0,0,0.0011805820977315
RU-A1128,img_0f7370c1b633d224,0,0,0.001052116160281
RU-A1128,img_ac771a3bced2f6b2,0,0,0.0044642155990004
RU-A1129,img_f6039f0947ed5b6b,3,0,0.001158547354862
RU-A1129,img_e3e37d1eb88750cc,3,0,0.0103953639045357
RU-A1129,img_89e7758c27344884,3,0,0.0655099600553512
RU-A1129,img_be95c5b90c88c440,3,0,0.0003233060415368
RU-A1129,img_48e7aa056995efae,3,0,0.0610972121357917
RU-A1129,img_137a5b427d8d4a64,3,0,0.0066986982710659
RU-A1129,img_6dd6e89d47bb86fe,3,0,0.0009221818763762
RU-A1129,img_e4c96351506b7f65,3,0,0.0021927391644567
RU-A1129,img_697570746b7b3079,3,0,0.0001313372486038
RU-A1129,img_7bd0ed37218258ca,3,0,0.0001298008864978
RU-A1129,img_50278f3d469627de,3,0,0.0004187419544905
RU-A1129,img_d9a943c8560821a6,3,0,0.0008871360332705
RU-A1129,img_85c9554d7ea88341,3,0,0.0014321866910904
RU-A1129,img_25bf6bfb7549cdbb,3,0,0.0006774439825676
RU-A1129,img_1655afc496e7bcb4,3,0,0.018524395301938
RU-A1129,img_b2c49f4a3ff85489,3,0,0.0446981154382228
RU-A1129,img_17dbaff41152c136,3,0,1.174809494841611e-05
RU-A1129,img_d293e37da6fcf502,3,0,2.134761780325789e-05
RU-A1130,img_48323da9bd082bec,3,0,0.1392360478639602
RU-A1130,img_2e06ce1cead79d54,3,0,0.392335444688797
RU-A1130,img_12daf29661aac061,3,0,0.0528436154127121
RU-A1130,img_353bf259c477ee37,3,0,0.2483770847320556
RU-A1130,img_f7fb6cc5bc7d9e73,3,0,0.0131345400586724
RU-A1130,img_aa569dc1ef97c1fb,3,0,0.0044491165317595
RU-A1130,img_f0b2453f76d15da4,3,0,0.0035737028811126
RU-A1130,img_507260ca6a53b174,3,0,0.0029112105257809
RU-A1130,img_9b3878bfe27b7895,3,0,0.0479929074645042
RU-A1130,img_1f3a2d6655b84224,3,0,0.056436326354742
RU-A1130,img_06f79d1195bec41d,3,0,0.005903379060328
RU-A1130,img_79ef52bffc6ec78f,3,0,0.0032899852376431
RU-A1130,img_04ae63b035263d00,3,0,0.000286112743197
RU-A1130,img_bb74e7be37127015,3,0,0.0007266196771524
RU-A1130,img_949e23c2f2fd1016,3,0,0.0001103340036934
RU-A1130,img_1d4b352986086f6e,3,0,0.0009658326162025
RU-A1130,img_67e7de3d28cb8496,3,0,0.0004808752855751
RU-A1130,img_3d0e575a22dab7e5,3,0,0.0010913704754784
RU-A1130,img_f6bf7c99481933fb,3,0,0.0013387860963121
RU-A1130,img_802074d2422790a7,3,0,0.0109812533482909
RU-A1130,img_988057f0440d7c5a,3,0,0.001395130646415
RU-A1131,img_0b749114d42daca0,3,0,0.0709393769502639
RU-A1131,img_5a88d83db18de295,3,0,0.0624115914106369
RU-A1131,img_c106cde4c966041d,3,0,0.0026300696190446
RU-A1131,img_57defb92f758f758,3,0,0.0376152656972408
RU-A1131,img_c81cafa07f26cb7e,3,0,0.0252733100205659
RU-A1131,img_5c087d1a854b4a31,3,0,0.0071104485541582
RU-A1131,img_f79fbf1df0c8321a,3,0,0.0009818478720262
RU-A1131,img_dd162b079b094840,3,0,0.0231040008366107
RU-A1131,img_893f0d3825b554d5,3,0,0.0057200728915631
RU-A1131,img_57327063d7b6d713,3,0,0.5034090280532837
RU-A1131,img_f49e388ae10e67df,3,0,0.1423051953315735
RU-A1131,img_f3b4d6a85cb88d27,3,0,0.0030192853882908
RU-A1131,img_cdadac931b08d3a6,3,0,0.0149242486804723
RU-A1131,img_31d53487459c03e8,3,0,0.0718173235654831
RU-A1131,img_d1a41c081f78e132,3,0,0.1305878758430481
RU-A1131,img_b465ca99fe1f18a9,3,0,0.0016914494335651
RU-A1131,img_1c7146e0f3eede9b,3,0,0.0019116427283734
RU-A1131,img_58c3d1ce15725046,3,0,0.0506773218512535
RU-A1131,img_0c4dd14694c4841c,3,0,0.0669173300266265
RU-A1131,img_fc9b22f519120fb5,3,0,0.0047532455064356
RU-A1131,img_f07e722dd1aa4c6c,3,0,0.010401664301753
RU-A1131,img_aceab744e6062350,3,0,0.8164995908737183
RU-A1131,img_b5e57ad9415462a0,3,0,0.6792174577713013
RU-A1131,img_5a09de8c7641ec04,3,0,0.4247655272483825
RU-A1131,img_df5a094a4793e8cf,3,0,0.0125841349363327
RU-A1131,img_a93bc4f399fcddb0,3,0,0.0462132729589939
RU-A1131,img_e1ce17f85c54665c,3,0,0.0104756662622094
RU-A1132,img_15cf412b8a36ef71,4,0,8.6869957158342e-05
RU-A1132,img_0b7a2191dae0145e,4,0,0.0005925853620283
RU-A1132,img_bd3bef2fda7e9294,4,0,0.0030638535972684
RU-A1132,img_c56c490910e5f114,4,0,0.0295577719807624
RU-A1132,img_29fe3d927d718862,4,0,0.0240772198885679
RU-A1132,img_6637779fbed35c03,4,0,0.0254265684634447
RU-A1133,img_4dd30ef220739129,2,0,0.0129390871152281
RU-A1133,img_9fdb3004006fb583,2,0,0.0006083480548113
RU-A1133,img_0f8a84c5585db9e0,2,0,0.0001919778151204
RU-A1133,img_7e599e22da3e9ad2,2,0,0.0002157250710297
RU-A1133,img_16ad54908803d355,2,0,0.0001978145301109
RU-A1133,img_b8b1d03099d3b68e,2,0,0.001285956823267
RU-A1133,img_1d0da9d20fc15170,2,0,0.0003019470896106
RU-A1133,img_5dbafefa1884bcc9,2,0,0.0003572836867533
RU-A1133,img_1e853a199f94bd0c,2,0,0.0041299792937934
RU-A1133,img_dde17dbd58b9b1d3,2,0,0.0019728892948478
RU-A1133,img_e2caff634357bc0e,2,0,0.0001777174911694
RU-A1133,img_03ef30754e533a31,2,0,0.0041295802220702
RU-A1133,img_a77f45575c65a286,2,0,0.0037746510934084
RU-A1133,img_01396c8e70449092,2,0,0.0375582091510295
RU-A1133,img_0eba25a0a12d1eb2,2,0,0.0075093298219144
RU-A1133,img_4798318cde3a1421,2,0,0.0123119950294494
RU-A1133,img_203649cdb542ecee,2,0,0.0251563135534524
RU-A1134,img_ed36ea9af7ad3d98,4,0,0.0003320517134852
RU-A1134,img_376ff3f0d8fe329a,4,0,7.915441528894007e-05
RU-A1134,img_9e4e935346f1d491,4,0,0.0084944339469075
RU-A1134,img_ff0b2d613e853bc2,4,0,0.0060100350528955
RU-A1135,img_56952127417c94b0,1,0,0.0191070102155208
RU-A1135,img_49f60fe3a815bbb9,1,0,0.0007753208046779
RU-A1135,img_effb746d58a61371,1,0,0.0224727783352136
RU-A1135,img_97a67ce819773434,1,0,0.0377108193933963
RU-A1135,img_74533c5080577f94,1,0,0.0010640610707923
RU-A1135,img_a95e9e26848f273f,1,0,0.0002934793883468
RU-A1135,img_8e6f25b814f1bd4f,1,0,0.0087866811081767
RU-A1135,img_0d8b5d72aa37485c,1,0,0.0027741016820073
RU-A1135,img_e2207ad1fa5aaaf2,1,0,0.0002001221873797
RU-A1135,img_5745b0875fce9cd8,1,0,0.0006216172478161
RU-A1135,img_c474af5a94d6c7e7,1,0,0.1133127436041832
RU-A1135,img_8c32590e51086ca3,1,0,0.132673367857933
RU-A1135,img_c82d8de6b91030fb,1,0,0.0079594487324357
RU-A1135,img_c9e464554cddf543,1,0,0.0025404547341167
RU-A1135,img_a173b1dde10d4bc3,1,0,2.243712697236333e-05
RU-A1135,img_017660fbfe2280a5,1,0,3.2531061151530594e-05
RU-A1135,img_065ea38bcd0c7c62,1,0,0.3460016846656799
RU-A1135,img_a9479de5e22db8bd,1,0,0.150904431939125
RU-A1136,img_e5219e7b26eb73b1,0,0,0.0159454680979251
RU-A1136,img_8e6c90ed9efe226e,0,0,0.0034477710723876
RU-A1136,img_db87d54477455f59,0,0,0.003553720889613
RU-A1136,img_5f0e93cb50037c12,0,0,0.0056237252429127
RU-A1138,img_931d5f624e33e830,4,0,7.618626113981009e-05
RU-A1138,img_94fdc2acc712d855,4,0,0.0004060855717398
RU-A1138,img_9670dd15697b9414,4,0,0.0124697713181376
RU-A1138,img_52e3fb1a3a09f5fb,4,0,0.0057294471189379
RU-A1139,img_a0a0681c0f504288,3,0,0.3643448650836944
RU-A1139,img_80ff552783e0160d,3,0,0.2738175392150879
RU-A1139,img_3fb25d283203ec69,3,0,0.0002158942224923
RU-A1139,img_c09c2cf650dadbe0,3,0,0.0019059175392612
RU-A1139,img_4f592f8b7198c69f,3,0,0.0051558054983615
RU-A1139,img_0243ed6625d457b6,3,0,0.0039497637189924
RU-A1139,img_396bfcc16f61b215,3,0,0.0099665792658925
RU-A1139,img_456c20f1e038272d,3,0,0.046180784702301
RU-A1139,img_a5eb0bce84817083,3,0,0.0094117354601621
RU-A1139,img_215eac80c8974f54,3,0,0.0082153966650366
RU-A1139,img_35dc2dfe80bae39d,3,0,0.0540468320250511
RU-A1139,img_b961ac4ec3ae188f,3,0,0.0401308834552764
RU-A1139,img_b1f87444687720ea,3,0,0.2543244063854217
RU-A1139,img_dab42944989b11f2,3,0,0.4788127243518829
RU-A1139,img_8d942fb94cd14302,3,0,0.1452591717243194
RU-A1139,img_a8edc153e0a81e64,3,0,0.4852315485477447
RU-A1139,img_a53b36472b667b61,3,0,0.0132222790271043
RU-A1139,img_434603eb41ab48f0,3,0,0.0135693261399865
RU-A1139,img_2f2d73ad430f52d7,3,0,0.1257654875516891
RU-A1139,img_26fb18c28a6e53e6,3,0,0.296581506729126
RU-A1140,img_26c110293f70dad1,4,0,0.0088755320757627
RU-A1140,img_ae5e7eba2b3aa7c8,4,0,0.0303912591189146
RU-A1140,img_00fa53f51edf4895,4,0,4.238012843416072e-05
RU-A1140,img_f3cbda6c7488e42c,4,0,0.0001587253063917
RU-A1140,img_194d27375a4fa5c6,4,0,0.0082428446039557
RU-A1140,img_a05d92da8b327445,4,0,0.002574564423412
RU-A1140,img_7413a2de0aa0174b,4,0,0.0233266279101371
RU-A1140,img_34889222a498afd6,4,0,0.0144191915169358
RU-A1141,img_ecdabe6a3e49ccd3,2,0,0.0012657454935833
RU-A1141,img_4fb7b38c4698ebf3,2,0,0.0009440867579542
RU-A1141,img_41475682c2aebfc3,2,0,0.0009037842974066
RU-A1141,img_fbf2ba863bd19b3b,2,0,0.0004964109975844
RU-A1141,img_db6786c3dcf16060,2,0,0.0029497514478862
RU-A1141,img_ed6f3e7f8d72d048,2,0,0.0108213722705841
RU-A1141,img_03641367c2f44142,2,0,0.0001522388629382
RU-A1141,img_b9237598d9256f2c,2,0,0.0001132468969444
RU-A1141,img_e3ded371448f2b8a,2,0,0.0066812550649046
RU-A1141,img_c3f74ba3c8f13502,2,0,0.0177568439394235
RU-A1141,img_c1e472cb347b9bf7,2,0,5.347479600459337e-05
RU-A1141,img_268532d45961e5a1,2,0,2.3779912226018496e-05
RU-A1142,img_b2ad183e525f10c1,2,0,8.245546632679179e-05
RU-A1142,img_25c26e43a8315a84,2,0,0.0009213325683958
RU-A1142,img_6ce18d9da5068176,2,0,3.7380475987447426e-05
RU-A1142,img_65057f6d6bc448f5,2,0,0.0004114724870305
RU-A1142,img_bdc73face27cb757,2,0,0.0058339419774711
RU-A1142,img_a73b2795321d87fd,2,0,0.0012589485850185
RU-A1142,img_a4dec0f8826348fa,2,0,0.0016399261076003
RU-A1142,img_70f42d3489e475e8,2,0,0.0009359919931739
RU-A1142,img_968b51a1720bbe67,2,0,0.0009766146540641
RU-A1144,img_2321d2c7c61443d5,1,0,0.0271986350417137
RU-A1144,img_f9fbf54dd971d875,1,0,0.2236566543579101
RU-A1144,img_38e99becd6fe2fa6,1,0,0.0628281906247139
RU-A1144,img_ab4fa3020e4749e6,1,0,0.0616506971418857
RU-A1145,img_5506c96096e2993c,2,0,0.0275467615574598
RU-A1145,img_b2927a9e01e64f71,2,0,0.0008737804600968
RU-A1145,img_4a21211935dbf055,2,0,0.0006683636456727
RU-A1145,img_ab6ea08957db0f7f,2,0,0.0009051501983776
RU-A1145,img_691cfcc39614dce0,2,0,0.0006374437944032
RU-A1145,img_25dcbd43003f67a8,2,0,0.0002024822315433
RU-A1145,img_0326cf3b6e450cc3,2,0,0.0025697883684188
RU-A1145,img_7b523791a95e3682,2,0,0.0035783518105745
RU-A1145,img_ee6148fa870aea45,2,0,0.0115194087848067
RU-A1145,img_b464a60724b572f1,2,0,0.0013858900638297
RU-A1145,img_85d0c89ba7b1deb2,2,0,0.0024655272718518
RU-A1145,img_106c4d1330a25198,2,0,0.0012177733005955
RU-A1145,img_728b520aa9b3df5b,2,0,0.0274845454841852
RU-A1145,img_e5f7b03075ac2b2d,2,0,0.0103196054697036
RU-A1145,img_0f524c91d54a0ee1,2,0,0.0128086423501372
RU-A1145,img_8f29a44b434e5073,2,0,0.0035725263878703
RU-A1145,img_6047d9d88baa7ec6,2,0,0.0025203905533999
RU-A1146,img_ced7d37a8dae7e24,0,0,3.579170152079314e-05
RU-A1146,img_15c81a3a70b32e64,0,0,0.0008635123376734
RU-A1146,img_d36a03a1d0789eba,0,0,0.0008392262971028
RU-A1146,img_18a50179b924dc8c,0,0,0.002958474913612
RU-A1146,img_0fed6dfc88b8b783,0,0,0.0005100519047118
RU-A1146,img_f28324d2ab8439c5,0,0,0.00034511560807
RU-A1146,img_96bbdcf63f1c1f66,0,0,0.0004738382122013
RU-A1146,img_cb16569d14cc9ca2,0,0,0.0005090773338451
RU-A1146,img_547da02fb9eca47e,0,0,0.0001258776901522
RU-A1146,img_4b0b2dc7686d6899,0,0,0.0003954232379328
RU-A1147,img_69e14d7b393117b7,0,0,0.0391244851052761
RU-A1147,img_f5aca410d64307db,0,0,0.0006410670466721
RU-A1147,img_fcdd57bb839a53a4,0,0,0.0010520742507651
RU-A1147,img_3903baa4c4f2c7c7,0,0,0.0005580523866228
RU-A1147,img_402a2adeeaf43be0,0,0,0.0036539111752063
RU-A1147,img_12af5491025ef0ea,0,0,0.0140603398904204
RU-A1147,img_9210309a03851a22,0,0,0.013679165393114
RU-A1147,img_5ae420538bcec54b,0,0,0.0017406753031536
RU-A1147,img_5e70d2b34946b905,0,0,0.0210211966186761
RU-A1147,img_759efcb3c4356499,0,0,0.0088314292952418
RU-A1147,img_17b76f0a1611d140,0,0,0.0026986508164554
RU-A1147,img_4624055e69a270ac,0,0,2.4964206204458605e-06
RU-A1147,img_ff7accb2b937f7d6,0,0,6.062859483790817e-06
RU-A1202,img_4c401195a5b2dbc8,1,0,0.0001577591756358
RU-A1202,img_4fbe40f27ae53a8d,1,0,0.0008366122492589
RU-A1202,img_5daedf8cf6d54f2b,1,0,0.0086863962933421
RU-A1202,img_2429b0c9ac82f187,1,0,0.0035475289914757
RU-A1202,img_b968590fd31c6c14,1,0,0.0005261271144263
RU-A1202,img_39d666110e045dd9,1,0,0.0014023992698639
RU-A1202,img_17102de048dbece6,1,0,0.0011673987610265
RU-A1202,img_4aed10f09f507bdc,1,0,0.0005835122428834
RU-A1202,img_96ada6b1a6c5ed2b,1,0,0.0002827871066983
RU-A1202,img_ef363ec5702bcaa8,1,0,6.326923903543502e-05
RU-A1202,img_78269f2cf0e2576c,1,0,0.0001640630653128
RU-A1202,img_8a39d825db4a5db3,1,0,0.0001656581443967
RU-A1202,img_70b5f2968fea226a,1,0,0.0004731528752017
RU-A1202,img_69057031549b9606,1,0,8.722572601982392e-06
RU-A1202,img_87243945ec9d81eb,1,0,0.000654871633742
RU-A1201,img_86b52b9e9958cb91,2,0,0.1746909767389297
RU-A1201,img_ebb5fa79a3a0e738,2,0,0.0145822055637836
RU-A1201,img_638a3b81d858d2ac,2,0,0.0025312793441116
RU-A1201,img_0543a375b20dd158,2,0,0.0017389601562172
RU-A1201,img_f4e988516512b4d7,2,0,0.0252072531729936
RU-A1201,img_0b650760c9e26b95,2,0,0.0823438689112663
RU-A1203,img_f9649968c9fff551,4,0,0.0006206863326951
RU-A1203,img_1e75a1f1fc6e260c,4,0,0.0003940673777833
RU-A1203,img_097410aaa009b6dd,4,0,0.0001174881908809
RU-A1203,img_c00a3cbe65ad9b25,4,0,8.513515786034986e-05
RU-A1203,img_13394217e6d79693,4,0,0.0001659476110944
RU-A1203,img_08903abb37754c7a,4,0,0.0003527076623868
RU-A1203,img_1ed1e355291bc918,4,0,1.942103153851349e-05
RU-A1205,img_cb252e7cb6b252b7,3,0,0.0001856469025369
RU-A1205,img_e74c1037c323ddbf,3,0,0.0002543777227401
RU-A1205,img_e76f306966d729c7,3,0,0.0002686349325813
RU-A1205,img_eedffc1c166d9a7d,3,0,0.0001477767218602
RU-A1205,img_036397361a161372,3,0,0.005463283509016
RU-A1205,img_b6a2604d53f26de4,3,0,0.0009319626260548
RU-A1206,img_401d451bf4585e41,0,0,0.9881761074066162
RU-A1206,img_881a18cc6320eb00,0,0,0.9889129996299744
RU-A1206,img_4ad5f238a8ee51e3,0,0,0.997161626815796
RU-A1206,img_8b4b82c0750ab605,0,0,0.9914542436599731
RU-A1206,img_324ae7ad040477db,0,0,0.972002387046814
RU-A1206,img_e90e80bfa5a79964,0,0,0.0390505790710449
RU-A1206,img_003cb469d8a569c5,0,0,0.0010071317665278
RU-A1206,img_1e2961fc027f93b3,0,0,0.0002755183086264
RU-A1207,img_b494786e9af450da,4,0,0.7978610396385193
RU-A1207,img_4d81d7fe9b422e84,4,0,0.9577761888504028
RU-A1207,img_902232c7c0a3d4c2,4,0,0.046488307416439
RU-A1207,img_0a7e6f9256c72f06,4,0,0.0246507581323385
RU-A1207,img_8a8f29a0889233c3,4,0,0.5705586075782776
RU-A1207,img_f7666f176e7f7388,4,0,0.8776647448539734
RU-A1207,img_77689d2ad2c3e35c,4,0,0.1050367504358291
RU-A1207,img_c6d609029afdddea,4,0,0.2422060966491699
RU-A1207,img_841ada8e475bba36,4,0,0.2376932054758072
RU-A1207,img_af41e73a224b54c6,4,0,0.4588842093944549
RU-A1207,img_4f2380c6f4e1dbd8,4,0,0.0150046786293387
RU-A1207,img_c5f77a55a52377a3,4,0,0.1651299893856048
RU-A1207,img_a7438582f2d0d331,4,0,0.3517212867736816
RU-A1207,img_dd9f802e25fe4573,4,0,0.0773910731077194
RU-A1207,img_a06482114b8a0a58,4,0,0.009597192518413
RU-A1208,img_17dd2e5560d73f63,4,0,0.0234788823872804
RU-A1208,img_d56111bfa714c12e,4,0,0.0074350121431052
RU-A1208,img_a48902cd0e0c7f5b,4,0,0.0001637725072214
RU-A1208,img_bab8b1dc4cdfd884,4,0,0.0003172863507643
RU-A1208,img_60426c88744ab86a,4,0,0.0001784357446013
RU-A1208,img_4b59fab1264f9432,4,0,1.5426774552906863e-05
RU-A1208,img_9880b1f7d904b33b,4,0,0.0002088233304675
RU-A1208,img_cb5b16f1a828f7fe,4,0,7.674312655581161e-05
RU-A1208,img_ec85dbb0087e3358,4,0,0.000262784451479
RU-A1208,img_78a8e0d97a7f8ac9,4,0,0.0001465462555643
RU-A1208,img_8b6ef4fe53bd38b5,4,0,0.0001088108401745
RU-A1208,img_8278d9a770b28639,4,0,0.0009907442145049
RU-A1208,img_45de160d4d64ac55,4,0,6.76391346132732e-06
RU-A1208,img_438779e812f8bf6a,4,0,1.0030437806562986e-05
RU-A1208,img_cdb118f39a5b4473,4,0,0.003661630442366
RU-A1208,img_954bad01cc0ef40b,4,0,0.0066371872089803
RU-A1209,img_353fd50f62aca218,2,0,0.003354366403073
RU-A1209,img_f206a6c21b92305a,2,0,0.001237733871676
RU-A1209,img_e797af8591a092eb,2,0,0.0058976234868168
RU-A1209,img_609014321771c16c,2,0,0.0027186283841729
RU-A1209,img_cea364c286189852,2,0,0.0426010303199291
RU-A1209,img_c219aea0ff511d86,2,0,0.0154963256791234
RU-A1209,img_dd5c21938494dc52,2,0,0.004912756383419
RU-A1209,img_f64dc240905f9be2,2,0,0.0049439608119428
RU-A1209,img_cb6236fc3b677115,2,0,3.2056403142632917e-05
RU-A1209,img_68a555302192c0fb,2,0,2.729385596467182e-05
RU-A1210,img_61725d0b1b0e0cb2,3,0,0.0009767081355676
RU-A1210,img_155bd3fc8325c70f,3,0,0.001252269372344
RU-A1210,img_cf00ee9fe2f5ffeb,3,0,0.0001309010403929
RU-A1210,img_6cd9c4dc9e3109cb,3,0,2.8535023375297897e-05
RU-A1210,img_47075dae946ac15d,3,0,0.0009008773486129
RU-A1210,img_0d38d197dd26f0aa,3,0,0.0081407632678747
RU-A1210,img_672d5348093db90f,3,0,0.0002757450565695
RU-A1210,img_037c13fdc57aedd9,3,0,0.0004902335931546
RU-A1210,img_94ed3aafef16935c,3,0,0.0004774192057084
RU-A1210,img_8e351f771befb897,3,0,0.0002948558831121
RU-A1211,img_0907b22528827814,1,0,0.0185373947024345
RU-A1211,img_eebacaf09c83427e,1,0,0.0001962859096238
RU-A1211,img_4537beab7cb1193c,1,0,7.118673966033384e-05
RU-A1211,img_85441c6c4d0fb8c2,1,0,3.872792876791209e-05
RU-A1211,img_1eacae29803bf21a,1,0,0.0007232624921016
RU-A1211,img_4010ea7515699c33,1,0,0.0008488054736517
RU-A1212,img_37e836309c923c11,0,0,0.0029091334436088
RU-A1212,img_582e7b6003f841ef,0,0,0.0001239792036358
RU-A1212,img_9fdccda4397371f9,0,0,0.0023212225642055
RU-A1212,img_08b78af2be2b0564,0,0,0.0012854541419073
RU-A1212,img_b392e12dabd0e65d,0,0,0.0785135999321937
RU-A1212,img_5d1876c815c9ec6d,0,0,0.0019360918086022
RU-A1212,img_e2390075fbdfa4c2,0,0,0.0649777874350547
RU-A1212,img_6ee22e20dbf4cf67,0,0,0.0078068329021334
RU-A1212,img_d252e91988a42408,0,0,0.0078278630971908
RU-A1212,img_f4336d900fedae9e,0,0,0.0033736834302544
RU-A1212,img_17b05618a5de66ac,0,0,0.0001052329971571
RU-A1212,img_3d0b770bfdad6a39,0,0,8.417925710091367e-05
RU-A1212,img_f0029347f2f4f900,0,0,0.0001511897862656
RU-A1212,img_729f4b312b74b92d,0,0,9.79817850748077e-05
RU-A1213,img_dbfe70b1bfbd5e40,4,0,0.0003876392147503
RU-A1213,img_89b747d14d60745f,4,0,0.0003179485793225
RU-A1213,img_1bdcc8a87c984e0a,4,0,0.0007022067438811
RU-A1213,img_895bf7487250ad15,4,0,9.65976360021159e-05
RU-A1213,img_b3b9484f99521e97,4,0,0.0115937432274222
RU-A1213,img_f90fccbd65c09948,4,0,0.0403338931500911
RU-A1213,img_572ff5251336d120,4,0,0.0222388748079538
RU-A1213,img_3a9a6ca234198d21,4,0,0.0229475852102041
RU-A1213,img_91a772c91a94b51c,4,0,0.0009420416899956
RU-A1213,img_d95b3eec1467f2a7,4,0,0.0009976745350286
RU-A1213,img_67ad1072713dc361,4,0,0.00020983844297
RU-A1213,img_7b056d25cb09eed9,4,0,0.0001316862471867
RU-A1213,img_a372e4f3d7450f90,4,0,0.0001635788212297
RU-A1213,img_c7491e64ea123a3f,4,0,9.851628419710325e-05
RU-A1213,img_055002a97baf65c6,4,0,1.3781096640741453e-05
RU-A1213,img_eb3f920ac78c6b41,4,0,0.0026178597472608
RU-A1213,img_29ecbd554218393b,4,0,0.0035968837328255
RU-A1213,img_bf3f1776019b50f8,4,0,0.3221200406551361
RU-A1213,img_34d7a86850d1da2b,4,0,0.2471056580543518
RU-A1214,img_82f48037ecfde536,3,0,2.186287747463211e-05
RU-A1214,img_0175ba697801006d,3,0,2.4981587557704188e-05
RU-A1214,img_101e864ca47066ed,3,0,0.008726567029953
RU-A1214,img_a47e743276634fc6,3,0,0.0002860582317225
RU-A1214,img_4afffebb4c4f09c5,3,0,1.5176907254499383e-05
RU-A1214,img_dfd5d89080f6115a,3,0,7.893597285146825e-06
RU-A1214,img_f3a2fb94bb548845,3,0,0.0004492541775107
RU-A1214,img_1ec0a35041f8c55d,3,0,0.0002482554118614
RU-A1214,img_8a4ec502a0d4f888,3,0,1.8891356376116164e-05
RU-A1214,img_3e4e7b16862d6fbd,3,0,2.1534646293730475e-05
RU-A1214,img_697402d7672f79d7,3,0,3.357933019287884e-05
RU-A1214,img_532bb62f4d8e54a4,3,0,2.055303230008576e-05
RU-A1214,img_104e3505d2f90687,3,0,3.080105307162739e-05
RU-A1214,img_6e25eab3586fb211,3,0,1.1583345440158157e-05
RU-A1214,img_fdb706a39535a531,3,0,0.0006021170411258
RU-A1214,img_9d9a3b84108d849e,3,0,0.0015884169843047
RU-A1214,img_9109357d61a20553,3,0,0.0694807693362236
RU-A1214,img_5045633daab523be,3,0,0.0465385280549526
RU-A1215,img_3c3af50601f6355b,4,0,0.0014448423171415
RU-A1215,img_c436f697141deeab,4,0,0.0026060005184262
RU-A1215,img_65f06901ee257285,4,0,0.0065911822021007
RU-A1215,img_567929a533ed4918,4,0,3.872320303344168e-05
RU-A1215,img_e7a1c15fdeacdbcf,4,0,0.000898539670743
RU-A1215,img_a764adb0e1f302db,4,0,0.0093359034508466
RU-A1215,img_215b156f5f8ec6ac,4,0,0.0246704667806625
RU-A1215,img_c7263a916b585c89,4,0,0.0009331087348982
RU-A1215,img_7dab665bae3adbc5,4,0,0.0074896346777677
RU-A1215,img_aa066bce5dfae31d,4,0,1.7287929949816316e-05
RU-A1215,img_e44a1785e73fc759,4,0,6.428029155358672e-05
RU-A1215,img_f560b3a13f719595,4,0,0.0065895961597561
RU-A1215,img_949619fb3f54957a,4,0,0.0020298110321164
RU-A1216,img_85aae14b16814baf,1,0,0.0290914699435234
RU-A1216,img_128ebddc631fe0fd,1,0,0.002805498894304
RU-A1216,img_fb28765f779c2851,1,0,0.3683634400367737
RU-A1216,img_a46e8e754cb91c31,1,0,0.287271648645401
RU-A1216,img_29de4260da3855b7,1,0,0.3685154020786285
RU-A1216,img_89a825217bfa20e8,1,0,0.1046779975295066
RU-A1216,img_34a531c66098ed9d,1,0,0.0013560929801315
RU-A1216,img_cd6d076ca651c25e,1,0,0.0014584768796339
RU-A1216,img_7bb72be2ec6e13dd,1,0,0.0017198992427438
RU-A1216,img_c3123396d113dc30,1,0,0.0044704414904117
RU-A1217,img_b75808893f16eaa2,4,0,0.0001395289145875
RU-A1217,img_4193e2d2ee44194a,4,0,0.0001517083437647
RU-A1217,img_7a8100e30ffcbc5a,4,0,0.0001890014973469
RU-A1217,img_7f382726a58f713c,4,0,0.0002039167156908
RU-A1217,img_1753a9b5b94b3036,4,0,0.0004794573469553
RU-A1217,img_ddbe21634b2d1f6a,4,0,0.0009183479123748
RU-A1217,img_b09e1bd129e98a76,4,0,0.0002354018506594
RU-A1217,img_916f518e1fda63bc,4,0,0.0011254496639594
RU-A1217,img_d58493146e90799f,4,0,9.033153037307784e-05
RU-A1217,img_c4f8d97b32f76345,4,0,0.000159137227456
RU-A1217,img_5be731c064a94a7a,4,0,0.0069178896956145
RU-A1217,img_b605f07c257a0bd7,4,0,0.0057736099697649
RU-A1218,img_703e38a785c38433,0,0,0.0007418165332637
RU-A1218,img_be5e63e89a31df45,0,0,0.0040991362184286
RU-A1218,img_5abd89008539f5f5,0,0,0.0070361960679292
RU-A1218,img_5034fb6ac4c953fb,0,0,0.0705816075205802
RU-A1218,img_04b2eb6dbb51c52b,0,0,5.874645648873411e-05
RU-A1218,img_2ad8b3b308f31cbc,0,0,4.8477395466761664e-05
RU-A1218,img_a0a1ba70508d3e19,0,0,0.0001083212773664
RU-A1218,img_62ede3e11a0b1c48,0,0,0.0001965139963431
RU-A1219,img_4f14f1da66b198fe,0,0,1.8253582311444916e-05
RU-A1219,img_3dbcdae8f5b3b161,0,0,3.636342171375873e-06
RU-A1219,img_10f8ba30a1bcb49a,0,0,0.0009197642793878
RU-A1219,img_7230d5864a187cda,0,0,0.0012540303869172
RU-A1219,img_36f36b4b5276b559,0,0,0.0006405132007785
RU-A1219,img_ce2a8bf52477e0c0,0,0,0.0006840620771981
RU-A1219,img_4637e9dabc842144,0,0,0.0007729579228907
RU-A1219,img_c7622927bf489b22,0,0,0.0015365279978141
RU-A1219,img_64d250cf33bb9a68,0,0,0.0031167573761194
RU-A1219,img_c5904826d462940e,0,0,0.0060537299141287
RU-A1220,img_4368837fbcb7ea84,2,0,0.0167299788445234
RU-A1220,img_21ca0d666aaa0c4f,2,0,0.0017413690220564
RU-A1220,img_fa90efdb3f2a3aad,2,0,0.0010357219725847
RU-A1220,img_65fc83f4e483bbf6,2,0,0.0027901330031454
RU-A1220,img_0fae07cda02fea3a,2,0,0.0026705127675086
RU-A1220,img_be2b140f75d6caa0,2,0,0.0014871901366859
RU-A1220,img_099b76ea38acab3e,2,0,0.0030347893480211
RU-A1220,img_2f1dec00f1a0a3dd,2,0,0.0016637919470667
RU-A1220,img_4abbb21182f3c417,2,0,0.0003004045865964
RU-A1220,img_a0bb44e4f5cd7750,2,0,0.0033744545653462
RU-A1220,img_d4633f9b2697f097,2,0,0.0016543994424864
RU-A1241,img_045781793b1ff9df,2,0,0.0005327910766936
RU-A1241,img_850861b01c3c6a2e,2,0,0.0077376570552587
RU-A1241,img_89ae72efc991889c,2,0,2.165472869819496e-05
RU-A1241,img_a9e07b15b56078ac,2,0,0.0004930140567012
RU-A1241,img_74672b8acd9757ef,2,0,0.0010282763978466
RU-A1241,img_c81a6169c0ac3b94,2,0,0.0001023990043904
RU-A1241,img_78e533712cc7794f,2,0,0.0007376695284619
RU-A1241,img_395fe9475d2fac3a,2,0,0.0012543756747618
RU-A1241,img_ea315baacbeb672d,2,0,0.0005680986214429
RU-A1241,img_b92681cd2f99fd75,2,0,0.0004090627189725
RU-A1242,img_5fead66f3dcb2616,1,0,0.000126605737023
RU-A1242,img_0d6b82fd51ad5e66,1,0,0.0001476381148677
RU-A1242,img_0f3251073499f501,1,0,0.0002387603599345
RU-A1242,img_298a4b07b78d3d73,1,0,0.0005776688922196
RU-A1242,img_e75d2c7679125fca,1,0,0.0021874050144106
RU-A1242,img_35fe4e00351e04be,1,0,0.0003087410295847
RU-A1242,img_79306880cd26e397,1,0,0.0001549046428408
RU-A1242,img_d57e276f1cf19d74,1,0,0.000170365019585
RU-A1242,img_10053acd2829f178,1,0,0.0002121722063748
RU-A1242,img_0e2846309978704b,1,0,0.0007322767633013
RU-A1243,img_d707538bf936b39a,1,0,0.0018616048619151
RU-A1243,img_2d54536024e49d79,1,0,0.1676619946956634
RU-A1243,img_f717e18aad2b42bb,1,0,0.0056850332766771
RU-A1243,img_c485d31309c463df,1,0,0.0086337719112634
RU-A1243,img_19b0f01e63c079f5,1,0,4.6296572691062465e-05
RU-A1243,img_5a18c6bcc2c5a67b,1,0,0.0035261346492916
RU-A1243,img_39d50d99158ed5d0,1,0,0.0570150539278984
RU-A1243,img_e7531a9634fea0d4,1,0,0.0051065627485513
RU-A1243,img_71c2e2eba682cbe6,1,0,0.0033948286436498
RU-A1243,img_6896921d5f4794d3,1,0,0.0003749629831872
RU-A1243,img_c10e7c2043ca610c,1,0,0.0001559311931487
RU-A1243,img_fa2008829bdbfb32,1,0,6.872274389024824e-05
RU-A1244,img_514c946bba777e0f,3,0,0.0005627055652439
RU-A1244,img_cd79f7804d4f6da3,3,0,7.385517528746277e-05
RU-A1244,img_b8c5214ed22a3b5f,3,0,0.0043506687507033
RU-A1244,img_9b4c479e80f1c8a1,3,0,0.0202901866286993
RU-A1244,img_e0276b94ea3c68f6,3,0,0.000767842400819
RU-A1244,img_53f6ef1ae48a7a02,3,0,0.0034600708167999
RU-A1244,img_389dd09d4f18d066,3,0,0.0060681621544063
RU-A1244,img_cfca37188d6a167b,3,0,0.0043675936758518
RU-A1244,img_6a0ed9fa8c3abb2f,3,0,0.0002996957337018
RU-A1244,img_4f97e8e11996e1fb,3,0,0.0001074151878128
RU-A1249,img_ae5f0c08e5dc41e8,3,0,4.0132596041075885e-05
RU-A1249,img_0ce8d47d8e85d53d,3,0,0.0019167681457474
RU-A1249,img_98a0c29f954e8b7e,3,0,0.0001055749235092
RU-A1249,img_5acff58f31d5dcfe,3,0,7.348928920691833e-05
RU-A1249,img_09d221ba6f95febb,3,0,1.1393676686566325e-05
RU-A1249,img_e269f52617f53200,3,0,1.418098599970108e-05
RU-A1249,img_bb2ddc86c404dd09,3,0,3.865988674078835e-06
RU-A1249,img_c699b29b95de37e6,3,0,2.7743146802095e-06
RU-A1249,img_7aedecf9b58c3d08,3,0,1.6866137229953893e-05
RU-A1249,img_832d322243392162,3,0,3.149241820210591e-05
RU-A1249,img_d6e27f78ee193563,3,0,0.0011011599563062
RU-A1249,img_e61f116dd51681ff,3,0,0.0012341358233243
RU-A1249,img_9546aaf89a0455f5,3,0,0.0001050341015798
RU-A1249,img_185155d4df457469,3,0,0.0001944651303347
RU-A1249,img_1cb5f6d53e3a8b33,3,0,0.0005230703973211
RU-A1249,img_0ae7cbfee133f83c,3,0,0.0003643256204668
RU-A1249,img_642fe0e7d165c178,3,0,0.0082589089870452
RU-A1249,img_5835b83d14de1597,3,0,0.008111729286611
RU-A1249,img_2766115f84e48f1e,3,0,0.0001342159666819
RU-A1249,img_90ee8364aadaabf4,3,0,0.0002816460328176
RU-A1261,img_4d532ff4a30f1b1d,4,0,0.0009783424902707
RU-A1261,img_96ef82d877b175d8,4,0,0.0006845577736385
RU-A1261,img_4dec0a11cf25c46c,4,0,0.000107643645606
RU-A1261,img_2ac460087ac4d9a6,4,0,8.668328518979251e-05
RU-A1261,img_c756caac4f3f21ad,4,0,0.0007735377876088
RU-A1261,img_e02397584c77be93,4,0,0.0044699111022055
RU-A1261,img_c778bc81bd1af9b3,4,0,0.0002946280001197
RU-A1261,img_ab4bedc9280053c5,4,0,0.000547407020349
RU-A1261,img_e55076c363183d2d,4,0,0.0639431923627853
RU-A1261,img_33298886c3950740,4,0,0.0476361699402332
RU-A1262,img_87611470e1900181,4,0,0.0150725692510604
RU-A1262,img_580b0a4b6ecd33c3,4,0,0.0057438183575868
RU-A1262,img_83158ddb0e5a8241,4,0,0.0004724011523649
RU-A1262,img_b13c78326ba9486a,4,0,0.0001307409838773
RU-A1262,img_b01d3ae282fb58da,4,0,0.0001557190116727
RU-A1262,img_eefbb63f4ea925d9,4,0,0.0029651999939233
RU-A1262,img_5bc9cb2d7c85da9e,4,0,0.0223830267786979
RU-A1262,img_f8a8e9e8ab9711c2,4,0,0.0511858239769935
RU-A1262,img_e2b725f1f16796ab,4,0,0.2146329283714294
RU-A1262,img_17e93d9f2120e04a,4,0,0.0005040259566158
RU-A1262,img_b36f5834828ae80c,4,0,0.0312054976820945
RU-A1262,img_6305539ae25abf5c,4,0,0.0349400863051414
RU-A1262,img_2fa1d672b01936f4,4,0,0.0198523681610822
RU-A1262,img_fa35e17d957c24e3,4,0,0.0397721752524375
RU-A1262,img_1a7d93c2acd38238,4,0,0.0039837281219661
RU-A1262,img_fcd0e99a98bc1b86,4,0,0.0167789738625288
RU-A1263,img_435bb1b920c2b3c0,3,0,0.0008585568284615
RU-A1263,img_13e36824ed3fcf2c,3,0,0.000125187478261
RU-A1263,img_e4d495b6697ca6fa,3,0,0.0001216347518493
RU-A1263,img_71c88b60bb59150f,3,0,9.649358253227548e-05
RU-A1263,img_e4df8feeaf93931f,3,0,3.189707058481872e-05
RU-A1263,img_41e79dad42b7e531,3,0,0.0001395492727169
RU-A1263,img_16af28f7a73035be,3,0,0.0012265688274055
RU-A1263,img_0bc8b7231762d070,3,0,0.000306609988911
RU-A1263,img_c04c71e187796257,3,0,0.0002058683603536
RU-A1263,img_ad7b9a822f641942,3,0,0.0003479693841654
RU-A1263,img_5c6646c5c0b2b525,3,0,0.0003181466017849
RU-A1263,img_d52396c560754652,3,0,0.0001397462328895
RU-A1263,img_78967ec170a7f20f,3,0,8.465218706987798e-05
RU-A1264,img_d41ecf141f9ed473,4,0,2.944862899312284e-05
RU-A1264,img_56544d9c2f53bb5c,4,0,0.0002394899638602
RU-A1264,img_68dece8e8c6a7cb5,4,0,0.0001374337589368
RU-A1264,img_e5784c2141da2d79,4,0,0.0002714875154197
RU-A1264,img_96ddf5750e709015,4,0,0.0012977971928194
RU-A1264,img_52debfdeecf508e0,4,0,0.0058885854668915
RU-A1264,img_77cc81c2e14c309d,4,0,0.0024686695542186
RU-A1264,img_bc4d5536c9b5ebd2,4,0,0.0013704721350222
RU-A1264,img_fb2037b8046d8d03,4,0,0.0008359953644685
RU-A1264,img_2f53c4dfe2449443,4,0,9.911255619954318e-05
RU-A1264,img_7b63913e9c2065ef,4,0,6.800343544455245e-05
RU-A1264,img_f748c0c4cda8f9f0,4,0,0.0001856472517829
RU-A1264,img_afedbe66ee8795f9,4,0,0.0004506728437263
RU-A1264,img_09570056f18a001a,4,0,0.0003110188117716
RU-A1264,img_2079564b2c395391,4,0,0.0004508715646807
RU-A1265,img_10f15d007c102249,0,0,0.0001159091698355
RU-A1265,img_5d1912d36452ad5b,0,0,1.7705084246699698e-05
RU-A1265,img_43cb32be54330ffa,0,0,0.0004111836897209
RU-A1265,img_7da36c28b8c49106,0,0,6.794974615331739e-05
RU-A1265,img_712828c6f477cdaa,0,0,4.369563612272032e-05
RU-A1265,img_f11494e41a6f2a1a,0,0,8.171131048584357e-05
RU-A1265,img_05f2559b11f26c43,0,0,3.561893026926555e-05
RU-A1265,img_554666e285f7bcab,0,0,0.0049660792574286
RU-A1265,img_f797c8bee425afe5,0,0,0.0018964522751048
RU-A1265,img_9f39165321d89620,0,0,0.0445601120591163
RU-A1265,img_2ec793bdb8390354,0,0,0.1000560298562049
RU-A1266,img_3b199f5479f5e708,1,0,0.0006702348473481
RU-A1266,img_f3c0b7ba0ef3e96c,1,0,0.0001430181291652
RU-A1266,img_c21a88b247fc1f3d,1,0,0.0037808853667229
RU-A1266,img_57f7445f0cf6650d,1,0,0.0013732229126617
RU-A1266,img_c052758e10d08ea2,1,0,0.0001965272967936
RU-A1266,img_69799231ecd36e9e,1,0,0.000174879503902
RU-A1266,img_574b24d0c55da5c0,1,0,0.0017942418344318
RU-A1266,img_b9ab14e677e3c89f,1,0,0.0004604278656188
RU-A1266,img_ac42bb0a66c32570,1,0,0.0263066813349723
RU-A1266,img_bf44ab2193b82226,1,0,0.0011562486179172
RU-A1267,img_c07902678e21aed4,2,0,0.0011949016479775
RU-A1267,img_96d2d704da38617e,2,0,0.0032527958974242
RU-A1267,img_386f3d1e924505aa,2,0,0.0340335890650749
RU-A1267,img_7e5da01a35961959,2,0,0.0030963402241468
RU-A1267,img_9bf96e69112986c0,2,0,0.0064841513521969
RU-A1267,img_c951dc1406810728,2,0,0.0128927333280444
RU-A1267,img_3147f3df2fa54267,2,0,0.0007940857904031
RU-A1267,img_6ed5e70f2691a2bf,2,0,0.0003214990429114
RU-A1281,img_5681b621569404b7,3,0,0.002348932204768
RU-A1281,img_4d5280a2796e5bce,3,0,0.005391817074269
RU-A1281,img_7c2be3071cf09aa1,3,0,0.0003544131759554
RU-A1281,img_441d70d398400073,3,0,0.0001520672230981
RU-A1282,img_126a321f1ae72efb,2,0,0.0103415921330451
RU-A1282,img_60947e291a8b9bea,2,0,0.0083344532176852
RU-A1282,img_19fceb70db2d795b,2,0,0.0110161881893873
RU-A1282,img_1e157f7f42fc7104,2,0,0.0011170245707035
RU-A1282,img_e33f58c7b5560dd1,2,0,0.0045965504832565
RU-A1282,img_0ae1126300fbef17,2,0,0.0034260884858667
RU-A1283,img_90931af35314ff57,4,0,0.0247873272746801
RU-A1283,img_1b1046ec19054957,4,0,0.0035550196189433
RU-A1283,img_f1d586723e634ff2,4,0,0.0004520048678386
RU-A1283,img_4c70a13a011f3fed,4,0,0.0002493955544196
RU-A1283,img_1cb01ac428a049a0,4,0,2.4532431780244224e-05
RU-A1283,img_e411ad72db1e8a5e,4,0,2.022268381551839e-05
RU-A1283,img_038276bc6d2092c1,4,0,0.0106716835871338
RU-A1283,img_e0046de3c4126082,4,0,0.0033461935818195
RU-A1284,img_6d7e86413ed22da8,1,0,0.0047212583012878
RU-A1284,img_d4c14ba96b63b6a7,1,0,0.0048111514188349
RU-A1284,img_de54de68ae83291b,1,0,0.0038831739220768
RU-A1284,img_295fe1dbcba92133,1,0,0.0071861962787806
RU-A1284,img_48cbf31138f223f7,1,0,6.147564272396266e-05
RU-A1284,img_296ce221b4ba9796,1,0,1.9207647710572928e-05
RU-A1254,img_6db0451b2a52b97b,3,0,3.5289082006784156e-05
RU-A1254,img_0029c917365e1fc2,3,0,1.593054003024008e-05
RU-A1254,img_786d30eaded81206,3,0,0.0013237261446192
RU-A1254,img_b0df02bfeab88770,3,0,0.0006335518555715
RU-A1254,img_f5d2f09f5742ac00,3,0,0.0007102264789864
RU-A1254,img_daa0c0d92c2bc038,3,0,0.0002457787340972
RU-A1254,img_f07d484a84acbf9f,3,0,0.000455461529782
RU-A1254,img_841af76668982227,3,0,0.0011349730193614
RU-A1254,img_31777401523307d2,3,0,0.0007614142959937
RU-A1255,img_7adff320b0f7ce16,1,0,0.0092641608789563
RU-A1255,img_7d8e19e08b079aa4,1,0,0.0002164059405913
RU-A1255,img_fa8c2bc92c8094a7,1,0,0.0186673160642385
RU-A1255,img_3a736480ba50d7a9,1,0,0.0584950447082519
RU-A1255,img_bf3a707d3399e367,1,0,0.0007056203321553
RU-A1255,img_41793197ca0c0dbc,1,0,6.834200030425563e-05
RU-A1255,img_3b08414ccac54a6d,1,0,0.0025013289414346
RU-A1255,img_fbeee2a1f129308b,1,0,0.0025724871084094
RU-A1255,img_b7b89aa8804fbde0,1,0,0.0010104610119014
RU-A1255,img_422923663fdc9ba0,1,0,0.001357162836939
RU-A1255,img_b80679293c2b4a95,1,0,0.0024602387566119
RU-A1255,img_cfc991d3f5b27c44,1,0,0.0011337038595229
RU-A1255,img_9331c4ea8c2f020a,1,0,0.0002894576173275
RU-A1255,img_7cf89598384c241c,1,0,0.000283653353108
RU-A1255,img_ea55bab1c168f1d1,1,0,0.0059255361557006
RU-A1255,img_7a2ea4b0d78b7c04,1,0,0.1147380024194717
RU-A1255,img_9e770a55aa40fa56,1,0,0.5340631008148193
RU-A1255,img_94490129aba162b6,1,0,0.0256378557533025
RU-A1304,img_89b5d7ebd63ad99d,0,0,0.077555127441883
RU-A1307,img_c9e2ff1e6ddc255a,4,0,5.202127431402914e-05
RU-A1310,img_fafa1fc6e321f0b6,4,0,0.0003365078300703
RU-A1310,img_fdc30b40f09ead96,4,0,0.0003121283079963
RU-A1311,img_08ed0b3a342f522e,2,0,8.179294673027471e-05
RU-A1311,img_06645a73674c2248,2,0,0.0003028053033631
RU-A1311,img_8cc4828d0705a470,2,0,0.0001772750983946
RU-A1257,img_bd693bd3cc9443db,0,0,0.9603408575057985
RU-A1257,img_a2faf2485e4df2fe,0,0,0.9745425581932068
RU-A1257,img_722bb9beea1351af,0,0,0.0015490398509427
RU-A1257,img_6cdb547b4ae1b3e0,0,0,0.0027048278134316
RU-A1257,img_2c1847999f9b6bee,0,0,0.0004477500915527
RU-A1258,img_1bce2d1bb80d1b15,0,0,0.000108591724711
RU-A1258,img_a98c7c182dddd7a9,0,0,4.267927943146787e-05
RU-A1258,img_bc9bebcaabc4b4e6,0,0,0.0101032955572009
RU-A1258,img_3f96a5cf5d582b40,0,0,7.944858225528151e-05
RU-A1258,img_68ba5dcc591d5496,0,0,7.633552741026506e-06
RU-A1259,img_c29a6904d92cb9a5,3,0,0.0059662973508238
RU-A1259,img_aceb4ef362e1e91e,3,0,9.506489004706964e-05
RU-A1259,img_32af93b61b70edae,3,0,5.868246444151737e-05
RU-A1260,img_176bf43c2512ed7c,0,0,0.0006777459639124
RU-A1260,img_e127946ef82622dc,0,0,0.0012770690955221
RU-A1308,img_707ca0f7e1460fe8,3,1,0.0020553958602249
RU-A1308,img_c97f1a53557be386,3,1,0.0102202668786048
RU-A1308,img_5a69b6734a3cf0e4,3,1,0.7830222845077515
RU-A1308,img_dfe56c7986621eba,3,1,0.8681687712669373
RU-A1029,img_a59270bf978b4f28,4,0,0.0009077289723791
RU-A1029,img_cbaaeffb0a2fa9c7,4,0,0.0010613685008138
RU-A1029,img_45de95c58e53f6f5,4,0,0.1385870426893234
RU-A1029,img_10b0ff6b9e59c24a,4,0,0.0532781556248664
RU-A1029,img_8ea37478a27704d5,4,0,0.0009804094443097
RU-A1029,img_cf5331c430e351ff,4,0,0.0003991634002886
RU-A1029,img_a0f722bcc9b5d181,4,0,0.0094084274023771
RU-A1029,img_2aa980575247473f,4,0,0.0040841242298483
RU-A1029,img_1d2b77e3c5c741e4,4,0,0.6331486701965332
RU-A1029,img_7c8e644ddb74c6af,4,0,0.452061653137207
RU-A1035,img_07662a200c884763,4,0,0.0005451124161481
RU-A1035,img_a5d7e95b2220ae15,4,0,0.001265148865059
RU-A1035,img_9c87a786a6c51385,4,0,0.0357156470417976
RU-A1035,img_e3518cf42e7f0377,4,0,0.1468507796525955
RU-A1035,img_0ca8739ce1681737,4,0,0.01938789896667
RU-A1035,img_73b4a5124acd24f7,4,0,0.5781211853027344
RU-A1035,img_81426fbd071686d1,4,0,0.1014835312962532
RU-A1035,img_dfb1298d64e2f6c3,4,0,0.1223835945129394
RU-A1035,img_6882e27a3cc0492d,4,0,0.2844910323619842
RU-A1062,img_56c8933d14c2ea88,2,1,0.027718462049961
RU-A1062,img_b92abb75c6f29c84,2,1,0.0145120453089475
RU-A1062,img_8b77de6538d7c268,2,1,0.0150521257892251
RU-A1062,img_f89bd7b5f65a748b,2,1,0.7653594017028809
RU-A1062,img_86b8cddbc2f05869,2,1,0.3024315536022186
RU-A1062,img_98737b16c9d5ae41,2,1,0.3052836954593658
RU-A1062,img_ce72f599bbe253a2,2,1,0.2339702844619751
RU-A1049,img_5702d003d4551f52,1,0,0.0068909749388694
RU-A1049,img_24b95ce87133ca94,1,0,0.0167525298893451
RU-A1049,img_5bbb94cda3ca2b60,1,0,0.0430173762142658
RU-A1049,img_4410d7d69d258e02,1,0,0.0330029390752315
RU-A1049,img_86c4da80b53ebc7f,1,0,0.0081279212608933
RU-A1049,img_81ab961e34428f1b,1,0,0.0099957026541233
RU-A1049,img_2c0b605a10609045,1,0,0.0083837257698178
RU-A1049,img_5bc663c3ba394ed5,1,0,0.0122996671125292
RU-A1070,img_99219f40d4982bdc,4,0,0.008434890769422
RU-A1070,img_8ed52e1fbbe8fbad,4,0,0.0089673670008778
RU-A1070,img_cfe0392c18f20b4c,4,0,0.0004097450873814
RU-A1070,img_4de0b9a8fb2341af,4,0,0.0004543609393294
RU-A1070,img_cc8d82d435fcb38f,4,0,0.0052970685064792
RU-A1070,img_41cf13ddbab33b30,4,0,0.0060876286588609
RU-A1070,img_a98e0b9201591757,4,0,0.0033729956485331
RU-A1070,img_7a4202d66734711a,4,0,0.0327644906938076
RU-A1070,img_8e00b4d3b907f9a1,4,0,0.0057746414095163
RU-A1070,img_3910e107371c5c1d,4,0,0.1450267732143402
RU-A1070,img_36d570b715abe2cf,4,0,0.1562935709953308
RU-A1070,img_2b82e2954907adb7,4,0,0.0193100236356258
RU-A1070,img_029b8155d2996a2d,4,0,0.0207179561257362
RU-A1014,img_b7fd217f492669be,0,0,0.0860444754362106
RU-A1014,img_243a28a22bcad735,0,0,0.0200759619474411
RU-A1014,img_4205c8a17dc083d0,0,0,0.0045660873875021
RU-A1014,img_08a093b0b6bfacd1,0,0,0.0364088006317615
RU-A1014,img_e0ed042ba9dfe5bc,0,0,0.0113044222816824
RU-A1014,img_ee28412dd20e7433,0,0,0.0063366624526679
RU-A1014,img_378230eb1e4644ea,0,0,0.0029436631593853
RU-A1014,img_2972d18fd4a5a639,0,0,0.0033066372852772
RU-A1030,img_e318729967b0d6e4,1,0,0.0005708921235054
RU-A1030,img_fc6f932492bcca37,1,0,0.0001325786724919
RU-A1030,img_752c6a597b974eef,1,0,0.0028058665338903
RU-A1030,img_a20cb02f1f418dc8,1,0,0.0054109240882098
RU-A1030,img_168adee19bd456d7,1,0,0.1341101080179214
RU-A1030,img_af631739e2896920,1,0,0.0509555898606777
RU-A1176,img_6feb2fbcb8104e80,4,0,0.9629517793655396
RU-A1176,img_6ca1fce1c76a3194,4,0,0.7770052552223206
RU-A1176,img_73c8102a513b3074,4,0,0.766043484210968
RU-A1176,img_9b8145e65c59b2f1,4,0,0.3081125319004059
RU-A1176,img_519bcd4d0ffd8b3d,4,0,0.0502367205917835
RU-A1176,img_e8cfd5871f08c6c1,4,0,0.0037887839134782
RU-A1176,img_add9a7b87125e384,4,0,0.5949957966804504
RU-A1176,img_7b4674150ac80688,4,0,0.0256143175065517
RU-A1176,img_f1a60a1610a2f766,4,0,0.0025269971229135
RU-A1176,img_526ea7765367a007,4,0,0.0015027303015813
RU-A1176,img_c7f30ee45bf9c21f,4,0,0.0001578390947543
RU-A1176,img_03589d634b519e82,4,0,8.242418698500842e-05
RU-A1176,img_021540ca1a125521,4,0,0.1541938483715057
RU-A1101,img_dcea5796d4290790,4,0,0.0014529096661135
RU-A1101,img_e9396331d6b48870,4,0,0.0008935068035498
RU-A1101,img_761c3e9062915145,4,0,4.627048474503681e-05
RU-A1101,img_04937464a87c0687,4,0,1.9680788682308048e-05
RU-A1101,img_e21b7fb579ccece7,4,0,0.0007013673894107
RU-A1101,img_cd21a0df0015f837,4,0,0.000569773488678
RU-A1101,img_9491b6ea1be38add,4,0,0.0001945326512213
RU-A1101,img_7ed12e06505cca3b,4,0,0.000510583340656
RU-A1103,img_616b7ce83bc021f5,0,0,0.0065956795588135
RU-A1103,img_4155e5631e07914d,0,0,0.0092362407594919
RU-A1103,img_e6f009da5b786caa,0,0,3.2929680315874066e-08
RU-A1103,img_590b98f04e1293b3,0,0,1.592892289181691e-07
RU-A1103,img_c356e04f4ee01b06,0,0,0.002125407801941
RU-A1103,img_1c10ca4559bdbaec,0,0,0.0005468680174089
RU-A1106,img_555aea34eb4c352b,3,1,0.0025273959618061
RU-A1106,img_d48348adfae4ecfb,3,1,0.0038630659691989
RU-A1106,img_51dc5a7babb6cd31,3,1,5.0916525651700795e-05
RU-A1106,img_f59084c5355f3e52,3,1,7.033564179437235e-05
RU-A1106,img_690ee7c4bed45e4d,3,1,0.000167665828485
RU-A1106,img_431e3fdf60d452e3,3,1,0.0001015554225887
RU-A1105,img_f3b256fb0918c217,4,0,0.323265790939331
RU-A1105,img_29dd4b22b824ef5f,4,0,0.0070021827705204
RU-A1105,img_e5113528e35b8fbf,4,0,0.0018306978745386
RU-A1105,img_c70220afb9c96237,4,0,0.0009921379387378
RU-A1105,img_5b9e55ccd91af295,4,0,0.0007602539262734
RU-A1109,img_ef7705c3ec6ee72c,1,0,0.0027321404777467
RU-A1109,img_06dffd3d599422da,1,0,0.0018920490983873
RU-A1110,img_8d699c8bfe2c57aa,3,0,0.0094046238809823
RU-A1110,img_770fde7011cce9e0,3,0,0.0136854471638798
RU-A1110,img_aea9f0a7a37f2de9,3,0,0.0031080048065632
RU-A1110,img_4e532e607af516b4,3,0,0.0024933703243732
RU-A1110,img_1ce0cce7e53305a4,3,0,6.181919889058918e-05
RU-A1110,img_43ccc116d14f8976,3,0,2.2544047169503756e-05
RU-A1110,img_e1e9da934b47e9c3,3,0,0.0003708278236445
RU-A1110,img_66becbf13127631e,3,0,0.0003628992417361
RU-A1112,img_5c209eebeea13e34,4,0,0.0251784641295671
RU-A1112,img_324640a4cc50e289,4,0,0.0408157706260681
RU-A1112,img_5f4a19163e356353,4,0,0.0003260927041992
RU-A1112,img_f4b94e2de8fda5c5,4,0,4.078921847394667e-05
RU-A1112,img_d595398a0b43227c,4,0,0.0003479597507975
RU-A1112,img_46a908577adb4d80,4,0,0.0013443644857034
RU-A1112,img_32500cab741f7928,4,0,6.826540629845113e-05
RU-A1112,img_a3b79b281c282130,4,0,9.9009666882921e-05
RU-A1112,img_dbd586ff89d05cc3,4,0,0.0001408504322171
RU-A1112,img_ce31f4346eee12ba,4,0,2.8064045181963593e-05
RU-A1113,img_81545798247861e3,3,0,0.0017546709859743
RU-A1113,img_83eebaa0fe2b23a3,3,0,0.0019956638570874
RU-A1113,img_7d8692dc4f423426,3,0,0.0009245087858289
RU-A1113,img_4497ed4c430ab50d,3,0,0.0006532425177283
RU-A1113,img_c8241e8a9c76f030,3,0,0.0001825099316192
RU-A1113,img_93d5fe4493299f43,3,0,0.0001118096915888
RU-A1113,img_17c965d21e14d7b5,3,0,0.0004786214849445
RU-A1113,img_8251bcf95910a355,3,0,0.0007609635358676
RU-A1113,img_06c96ec4750b2798,3,0,0.0032668139319866
RU-A1113,img_c37472874370125b,3,0,0.0199744403362274
RU-A1114,img_9c1bc864d2861011,2,0,0.000533953832928
RU-A1114,img_b8a057013c6fcb88,2,0,6.105581996962428e-05
RU-A1114,img_856564eeb3fdfc3a,2,0,2.063455576717388e-05
RU-A1114,img_12b5411be673e7d2,2,0,2.9196760806371454e-05
RU-A1114,img_4bde88354d631376,2,0,0.0002759065537247
RU-A1114,img_0efb88261ba2eaa7,2,0,0.0003956487344112
RU-A1114,img_f42ca7df1c6ee535,2,0,0.0005788633134216
RU-A1114,img_bf2c964191654d10,2,0,0.0006554888677783
RU-A1114,img_4ba35bc2f0005d01,2,0,0.0004030853451695
RU-A1114,img_6c7f17eeaaf5f639,2,0,0.0003490794915705
RU-A1114,img_42454a91ee122063,2,0,0.0057363891974091
RU-A1114,img_a5beed1f0473a7f2,2,0,0.0159692708402872
RU-A1114,img_62a013af6125554b,2,0,0.0007024906226433
RU-A1114,img_1c78563367e208dd,2,0,0.0012114194687455
RU-A1115,img_86f7ed45c6b619fb,3,0,0.0012479037977755
RU-A1115,img_f7d3462ed61f9e21,3,0,0.0021913780365139
RU-A1115,img_1558bfe5425d4834,3,0,0.0047729723155498
RU-A1115,img_5f64eeec29fdf77a,3,0,0.002502653747797
RU-A1115,img_c42e0575995e3414,3,0,0.0037066044751554
RU-A1115,img_7b56c833418ba4ce,3,0,0.02589812874794
RU-A1115,img_d972b095642f83e6,3,0,0.0259834080934524
RU-A1115,img_d053abaca0be7d75,3,0,0.0087846834212541
RU-A1115,img_db968cd663e58950,3,0,0.0058781527914106
RU-A1116,img_7249710cc56390b8,0,0,0.0074716745875775
RU-A1116,img_489b92cf9da7b899,0,0,0.0264538638293743
RU-A1116,img_983850c8a173d5ea,0,0,0.0206874459981918
RU-A1116,img_278e37e7c00b8062,0,0,0.0247557926923036
RU-A1116,img_7442a4d4d55add5a,0,0,0.0207769516855478
RU-A1116,img_90fd74574f03849c,0,0,0.0025729336775839
RU-A1116,img_6652d90345487e1b,0,0,0.014084680005908
RU-A1116,img_42ca0ca526b1c38d,0,0,0.0246693212538957
RU-A1117,img_380eca76a7f2c0e9,3,0,0.0003007823252119
RU-A1117,img_d249fefe288d992e,3,0,0.0005906771402806
RU-A1117,img_9e9b3786db6f6dd5,3,0,0.0001192745476146
RU-A1117,img_331e26c1f269a60f,3,0,4.5360688091022894e-05
RU-A1117,img_18f602e5c83cc6e5,3,0,0.0001588627928867
RU-A1117,img_d8ae47d363c75ccf,3,0,1.830003020586446e-05
RU-A1117,img_81f412eac5920807,3,0,0.0003476605343166
RU-A1117,img_8d76f0e895b8925e,3,0,0.0001823219063226
RU-A1117,img_b5260b0411b95dd2,3,0,0.0002805033582262
RU-A1117,img_dd3ab5a748aa101a,3,0,0.000201187460334
RU-A1118,img_531023cb78692c48,4,0,0.0022923669312149
RU-A1118,img_3d70ac44a0065636,4,0,0.0009466079063713
RU-A1119,img_329bcc31f982c6c0,3,0,0.0008339005871675
RU-A1119,img_70b76e4f66451f3a,3,0,0.0011315729934722
RU-A1119,img_f4ae632538cfd282,3,0,0.0010711816139519
RU-A1119,img_bd38cc2ce0ba15c2,3,0,0.0504454150795936
RU-A1119,img_ecbe5678d22cdd68,3,0,0.00375402206555
RU-A1119,img_e536929b3dc3f8a8,3,0,0.0022346151527017
RU-A1119,img_bace80cbf8ae6c93,3,0,0.0004311349475756
RU-A1119,img_9f530f6df1bb35c9,3,0,0.0004727667255792
RU-A1120,img_13c7a8ba405febaa,1,0,0.0049944981001317
RU-A1120,img_194708e413c65cd7,1,0,7.936354813864455e-05
RU-A1120,img_36e48b9d7c37f7f0,1,0,0.0005481964326463
RU-A1120,img_f7d32c336fb59933,1,0,0.0019043411593884
RU-A1120,img_748f6d1f94199f46,1,0,0.005179370753467
RU-A1120,img_b8841e3e27fb600e,1,0,9.166629024548456e-05
RU-A1120,img_8917b601ec5128b7,1,0,6.7396190388535615e-06
RU-A1120,img_cb7b027b3f76c42f,1,0,3.1756887892697705e-06
RU-A1120,img_d847a190a0bc9dc7,1,0,2.517593600259716e-07
RU-A1120,img_b7f318f6e13c0ac6,1,0,3.137695614441327e-07
RU-A1122,img_2f13a9405f43f1a4,3,0,0.0005011879256926
RU-A1122,img_38a71ef66c1639f1,3,0,0.0016353325918316
RU-A1122,img_bbeacbf69189e69b,3,0,8.193893154384568e-05
RU-A1122,img_d955981b08f0003e,3,0,0.0002973701339215
RU-A1122,img_fa00dbf4034971f1,3,0,1.1323483704472892e-05
RU-A1122,img_ebde33d9267c4401,3,0,0.0013673222856596
RU-A1122,img_03c85c49b285d237,3,0,0.0024775192141532
RU-A1123,img_48e78da151411010,2,0,0.0012744710547849
RU-A1123,img_96fffe0ba684cc01,2,0,0.0047917934134602
RU-A1123,img_34a231543b13ce9b,2,0,0.0205959100276231
RU-A1123,img_fef819158c99a2e0,2,0,0.0007070652791298
RU-A1123,img_4af9d8b6cc486f29,2,0,0.2410151958465576
RU-A1123,img_378e4df6a1974f35,2,0,0.5342307090759277
RU-A1123,img_c51cf12bc64991a4,2,0,9.756260988069698e-05
RU-A1123,img_831affe0f424c5d5,2,0,0.0002344248496228
RU-A1125,img_cb109a106ad90310,2,0,0.0004689215274993
RU-A1125,img_16f7742b8bce48df,2,0,0.0010050025302916
RU-A1125,img_b4a405eacc070080,2,0,0.0020134048536419
RU-A1125,img_934a4e0710c7e02c,2,0,0.0012394138611853
RU-A1125,img_6bf03efc4bfc926a,2,0,0.0016604028642177
RU-A1125,img_11edb7fdf3e2b7a4,2,0,0.0002694347058422
RU-A1271,img_fa1af5457947898a,1,0,0.1660515367984771
RU-A1271,img_e3059ed210e206a4,1,0,0.5798121690750122
RU-A1271,img_850d3a952f0c2271,1,0,0.0434797629714012
RU-A1271,img_eaa747a00163de84,1,0,0.1766649633646011
RU-A1275,img_e5a6d3417692a3a1,0,1,0.0074469661340117
RU-A1275,img_50101e662954d546,0,1,0.0273761693388223
RU-A1041,img_d82e55e9a58f6968,4,1,0.8292875289916992
RU-A1041,img_bfaa4b66790d4e69,4,1,0.8814339637756348
RU-A1041,img_b1ab3ada92a2bcf5,4,1,0.8300656676292419
RU-A1041,img_58c5d0c382bb7051,4,1,0.3481042683124542
RU-A1041,img_46e1ed339b9d2b58,4,1,0.2750015258789062
RU-A1041,img_9904628cd5247f36,4,1,0.1316899508237838
RU-A1041,img_21db5173dedc6207,4,1,0.5206099152565002
RU-A1041,img_c0a27d8f08881b4c,4,1,0.7781429290771484
RU-A1041,img_4b0a723cd14a349f,4,1,0.0658365935087204
RU-A1041,img_b1ff00b29c6daa6f,4,1,0.9039548635482788
RU-A1041,img_74ebd8fe4797e5d3,4,1,0.2179831117391586
RU-A1041,img_09b64a5b590a4f29,4,1,0.0138630531728267
RU-A1041,img_5366a96fa0763832,4,1,0.1939464807510376
RU-A1042,img_5eddcd93400acd81,2,1,0.7635161876678467
RU-A1042,img_d232956663679119,2,1,0.6059261560440063
RU-A1042,img_71ab3f0a41fa9045,2,1,0.2708152830600738
RU-A1042,img_b143c3d4151cdb47,2,1,0.3170444369316101
RU-A1042,img_b02fe1bfb76cb082,2,1,0.0552090816199779
RU-A1042,img_1bed3d095e45b90b,2,1,0.1035732999444007
RU-A1042,img_c343a8b4ee103e99,2,1,0.5601204633712769
RU-A1042,img_9dbb6c356db47f9b,2,1,0.6089112758636475
RU-A1042,img_f372ae4f2d8c6063,2,1,0.0175864938646554
RU-A1042,img_554c7e76918a974f,2,1,0.1125939413905143
RU-A1042,img_988e5519ec119ade,2,1,0.081213429570198
RU-A1042,img_20a199898f1c86f9,2,1,0.0346481949090957
RU-A1042,img_69cc312224b15bab,2,1,0.2285189628601074
RU-A1042,img_02a6eb7fac9c7686,2,1,0.2067563384771347
RU-A1042,img_e843208d4b2bbad7,2,1,0.0058262199163436
RU-A1042,img_dab4b2a209450d02,2,1,0.0022424506023526
RU-A1042,img_19a4478223f60831,2,1,0.4051632583141327
RU-A1042,img_d560c43135f7c272,2,1,0.2618650496006012
RU-A1042,img_876d70a65ad1c03f,2,1,0.0205784793943166
RU-A1042,img_945912ac1185f172,2,1,0.0274361185729503
RU-A1042,img_8e3200f356650877,2,1,0.0282021202147007
RU-A1042,img_00542949b0d86be0,2,1,0.0211224146187305
RU-A1042,img_a349b3bddd69fde5,2,1,0.1899677962064743
RU-A1042,img_53fc03c2ba2abc29,2,1,0.0582817494869232
RU-A1042,img_8f2bcc3d99ce9861,2,1,0.0008370770956389
RU-A1042,img_520a3f1423af5c0a,2,1,0.0010819851886481
RU-A1042,img_ce3cbb727fa80674,2,1,0.0062767714262008
RU-A1042,img_1eb060ffbb3430f0,2,1,0.0373174622654914
RU-A1042,img_b9b1a07923d91e00,2,1,0.3870927393436432
RU-A1042,img_99619772fef9648d,2,1,0.3781111538410187
RU-A1268,img_0b6be21b2c8adf60,4,0,0.0020938201341778
RU-A1268,img_999123a256378ff6,4,0,0.0021742549724876
RU-A1268,img_b0e652e80d0fda11,4,0,0.0198024939745664
RU-A1268,img_8ef0681eb1767cba,4,0,0.013666876591742
RU-A1269,img_53bdca4579facd9f,1,0,1.5227561561914628e-05
RU-A1269,img_7fa7541c3dc50958,1,0,2.2571903173229657e-05
RU-A1269,img_6497017f19a57c8e,1,0,1.2717167919618078e-05
RU-A1269,img_dddb4282c038f4e7,1,0,2.112682159349788e-05
RU-A1269,img_846da65f7229aafd,1,0,0.0002511719067115
RU-A1269,img_19feac3fa6303e5c,1,0,0.0016798983560875
RU-A1269,img_b13e8c326521c5b0,1,0,0.0021807875018566
RU-A1269,img_da8be6dc495eac09,1,0,4.015721060568467e-05
RU-A1269,img_5c1add6fa79b2f2e,1,0,9.225114808941726e-06
RU-A1270,img_38bcdb04f0369ee3,4,0,0.0002331478317501
RU-A1270,img_b47ad406a51ac3e2,4,0,2.9747510779998265e-05
RU-A1270,img_d08a7ea7742b7027,4,0,1.5873672964517027e-05
RU-A1270,img_e6a6d010a3e3db9c,4,0,0.0040344796143472
RU-A1270,img_0b880a3ca91f71f0,4,0,0.004171113949269
RU-A1270,img_1bb3898256440551,4,0,6.402323924703524e-05
RU-A1270,img_cfb44ad1ce5674fb,4,0,1.4661260138382204e-05
RU-A1270,img_f28cd596755b47bf,4,0,0.0006721295067109
RU-A1270,img_7acf74e376230a9d,4,0,0.0002011978212976
RU-A1270,img_b595bd481aad4e81,4,0,0.0009869828354567
RU-A1270,img_68732bb99c35c284,4,0,0.000292533513857
RU-A1272,img_a89cbffb5959cba3,1,0,0.0068488055840134
RU-A1272,img_fd95b5355de8ddf2,1,0,0.013813741505146
RU-A1272,img_f32eb5bd572c5ccc,1,0,0.0631487369537353
RU-A1272,img_58a094770584a1f0,1,0,0.0078680170699954
RU-A1272,img_cd54c717438aa89e,1,0,0.0002369847643421
RU-A1272,img_009e12e72c7bd70a,1,0,0.0006800352712161
RU-A1272,img_99da1b711ff43799,1,0,0.000303496082779
RU-A1273,img_4960024d1efe15d4,4,0,0.0001457702455809
RU-A1273,img_5f64ef5c7defeff6,4,0,0.000558678235393
RU-A1273,img_b371e91f5cbddbe4,4,0,0.0017048920271918
RU-A1273,img_80db10a8bb01823c,4,0,0.0013549936702474
RU-A1273,img_29e94b4da5c96aec,4,0,0.0057578571140766
RU-A1273,img_157591b87a633ace,4,0,0.0106370728462934
RU-A1273,img_0c731df55c4b55ad,4,0,0.0460269302129745
RU-A1273,img_e35b1976380244a5,4,0,0.0022262434940785
RU-A1273,img_e6476888feef1d98,4,0,0.1467715799808502
RU-A1273,img_2ffb6aa16ba020f3,4,0,0.1573482006788253
RU-A1273,img_751dae15f4d5f0ff,4,0,2.4711851438041776e-05
RU-A1273,img_72bdd076528bd9da,4,0,1.1202005225641187e-05
RU-A1273,img_1e516943dcac3a12,4,0,0.0001516494958195
RU-A1274,img_d7370df4186b642e,1,0,4.275133687769994e-05
RU-A1274,img_b08f1df3664d1dfe,1,0,0.0002112031797878
RU-A1274,img_7da0285a7c37274d,1,0,0.0001018175244098
RU-A1274,img_1333002e933acc0a,1,0,0.0002011872711591
RU-A1274,img_d94d45633521532d,1,0,0.0016800808953121
RU-A1274,img_cd7cceac77759855,1,0,0.0004722976009361
RU-A1274,img_b87b84242a4e780c,1,0,0.5003632307052612
RU-A1274,img_2d7530912a1e94b6,1,0,0.0016360583249479
RU-A1274,img_6cb56da06b7fa47d,1,0,0.0003745648427866
RU-A1274,img_7353c185f84d51c1,1,0,0.005285748746246
RU-A1274,img_b95451f1772104fc,1,0,0.0150861181318759
RU-A1274,img_64cbc49db4dd4f0c,1,0,0.0067924135364592
RU-A1274,img_f8a7b0313db911da,1,0,0.0144107649102807
RU-A1276,img_30be5c94543ef28a,0,0,1.3634567949338816e-05
RU-A1276,img_dc345c72b5d861ee,0,0,3.150386874040123e-06
RU-A1276,img_5e51e07f891ff79b,0,0,1.455221718060784e-05
RU-A1276,img_791186871b0855a1,0,0,0.000482146278955
RU-A1276,img_c3f33b11de8c1069,0,0,0.000138152463478
RU-A1276,img_ccc77c3040da15f4,0,0,0.0001808350352803
RU-A1276,img_452004518187fb25,0,0,0.0054718172177672
RU-A1276,img_a19805f48f0b78a8,0,0,0.0014098266838118
RU-A1276,img_7e12ca5cfe3214db,0,0,0.0059827105142176
RU-A1276,img_172c6d4ca33024d4,0,0,0.0009205945534631
RU-A1278,img_7b0c1feab3789d06,0,0,0.0087974267080426
RU-A1278,img_b13ba42334b2c33f,0,0,0.1001074984669685
RU-A1278,img_5e4d8ff7319727a3,0,0,0.01557058095932
RU-A1278,img_cd66e314ac9d533a,0,0,0.0373575314879417
RU-A1278,img_1c9c6656b55836b2,0,0,0.0106256175786256
RU-A1278,img_f8c0ba76c228838d,0,0,0.0024850291665643
RU-A1278,img_3f927ebd903d78cc,0,0,0.0111233806237578
RU-A1278,img_2d05b921545955a8,0,0,0.0116288373246788
RU-A1277,img_1cc46aadf06684bb,1,0,0.0012498117284849
RU-A1277,img_cffdb8567fdbd8da,1,0,1.5099511983862612e-05
RU-A1277,img_0bdbae9c9ebe13bb,1,0,0.0032960248645395
RU-A1277,img_f6d96fcb13adcff1,1,0,0.0022596749477088
RU-A1277,img_800257b72e9a323e,1,0,0.0990039557218551
RU-A1277,img_5692a857373db6d3,1,0,0.0186556931585073
RU-A1277,img_8b01163fd8b9143c,1,0,0.0032673559617251
RU-A1277,img_38f35a327c2c6879,1,0,0.0042214826680719
RU-A1277,img_0204a604cf94463f,1,0,4.1070798033615574e-05
RU-A1277,img_e215b1a8315f0fad,1,0,7.066183025017381e-05
RU-A1279,img_6c0fff5f049b2b29,0,0,8.875780821426815e-08
RU-A1279,img_170a2bf02e802dec,0,0,5.79601895367432e-08
RU-A1279,img_9f65a646d7920afe,0,0,3.523130726534873e-05
RU-A1279,img_cc612087bfbdfb21,0,0,6.292764737736434e-05
RU-A1279,img_e47bf20e2498bbb2,0,0,0.0062593012116849
RU-A1279,img_a958b94475775659,0,0,7.742187153780833e-05
RU-A1279,img_b0d54d149682f24f,0,0,9.719211084302516e-05
RU-A1279,img_c04a30c4bca27998,0,0,0.0008208071812987
RU-A1279,img_610fae3889048ea7,0,0,0.0007808840018697
RU-A1279,img_053de2cb7a4ec9d7,0,0,0.0003313398919999
RU-A1279,img_abcbb6eb9987d2b6,0,0,0.0003153860743623
RU-A1279,img_a6f941549a6c8f2e,0,0,0.000863371125888
RU-A1279,img_cb3935ccbe629951,0,0,0.0008458712836727
RU-A1279,img_2f64cb764a5de351,0,0,3.684486364363693e-05
RU-A1279,img_ed64e55e0f79157b,0,0,5.7831319281831384e-05
RU-A1280,img_4d999ea619b50da9,3,0,0.0001903483353089
RU-A1280,img_31b3098fe97093c7,3,0,0.0083074690774083
RU-A1064,img_a6851a225117fbcb,3,0,0.0914637520909309
RU-A1064,img_5e264bf4434b6b57,3,0,0.7803458571434021
RU-A1064,img_382757dc5d78fb3d,3,0,0.5505653023719788
RU-A1064,img_866e490de3e581e8,3,0,0.2202699482440948
RU-A1064,img_688f3feafcfa3581,3,0,0.0080545963719487
RU-A1064,img_12c8b71b4b82a5e0,3,0,0.0240030754357576
RU-A1064,img_a93131233f27a9bc,3,0,0.9741252064704896
RU-A1064,img_c9bf059ca78e1cb8,3,0,0.9772149920463562
RU-A1064,img_a32381596d29ef4b,3,0,0.8340917229652405
RU-A1064,img_262a93c6b5986f9c,3,0,0.9150977730751038
RU-A1156,img_a8349e23f0ed1385,4,1,0.999196231365204
RU-A1156,img_f7d59d3e11e249be,4,1,0.9983212351799012
RU-A1156,img_d276e46e44b0e906,4,1,0.8568980693817139
RU-A1156,img_aa1ec292c8744393,4,1,0.8224905133247375
RU-A1156,img_19c1a02ee99cad87,4,1,0.9532855749130248
RU-A1156,img_64a8e707014c0c84,4,1,0.8770391941070557
RU-A1156,img_d6d72ef0821da24a,4,1,0.725360631942749
RU-A1156,img_2986dbe2ffa0dbed,4,1,0.997895121574402
RU-A1156,img_f9c8ccd01f98acde,4,1,0.9984489679336548
RU-A1156,img_920b72db2132a449,4,1,0.086411252617836
RU-A1156,img_5425640a754d30f4,4,1,0.0437085330486297
RU-A1156,img_44d8f1454fb9cf44,4,1,0.987536370754242
RU-A1156,img_ae7d35ed5a92dfa6,4,1,0.8919498324394226
RU-A1175,img_30772dd4108bcfa9,4,0,0.0031940203625708
RU-A1175,img_4a6f4764434e9581,4,0,0.0071247494779527
RU-A1175,img_9569faecbd055d80,4,0,0.013815994374454
RU-A1175,img_c21f9b2149c979be,4,0,0.0012366438750177
RU-A1175,img_90c4f65acd987813,4,0,0.4217454195022583
RU-A1175,img_8ea92b02f7c1a7f8,4,0,0.2766170501708984
RU-A1180,img_b38e73507dc7c407,0,1,9.452178346691651e-06
RU-A1180,img_bf6e5a188405bbf9,0,1,1.5325695130741224e-05
RU-A1137,img_56ad42587a41d13f,3,0,0.0232615191489458
RU-A1137,img_420d32447d27d9ad,3,0,0.0021430095657706
RU-A1137,img_f8596336cbb6ab7e,3,0,0.006724223960191
RU-A1137,img_27f241b33f4cd1b9,3,0,0.0087201632559299
RU-A1137,img_c3d6dd135a809758,3,0,0.0798669382929802
RU-A1137,img_b5c886eb2eb77b1b,3,0,0.0472951084375381
RU-A1150,img_6793bd512d8d268d,0,0,0.038597036153078
RU-A1150,img_c275765ff341dca4,0,0,0.0032241265289485
RU-A1150,img_d419321a83b4e02d,0,0,0.0002715630980674
RU-A1150,img_065d841c32f09fdc,0,0,0.0002360581129323
RU-A1150,img_e574f619da841664,0,0,2.804689393087756e-05
RU-A1150,img_85b8f5256f9d2692,0,0,7.788158109178767e-05
RU-A1186,img_f82d99ec2aebfb87,2,0,0.0003109903191216
RU-A1186,img_a3daa22244771c75,2,0,0.0003700957167893
RU-A1186,img_d29fac8345943833,2,0,0.0061425906606018
RU-A1186,img_6ba5da9a53bdc8d2,2,0,0.0035904787946492
RU-A1186,img_7ba5450aafdbfeec,2,0,0.0229749921709299
RU-A1186,img_0ebfc2931c2621b4,2,0,0.0013671753695234
RU-A1186,img_8511530d67193842,2,0,0.0015658192569389
RU-A1186,img_a60ffee6723789ae,2,0,0.0252770204097032
RU-A1186,img_98755a6cc5be5ca7,2,0,0.0003038142458535
RU-A1186,img_bda19b74d37a24d5,2,0,0.0004169853054918
RU-A1186,img_195a63a620799581,2,0,0.0011937498347833
RU-A1186,img_14bf0796f92ea231,2,0,0.0022705204319208
RU-A1186,img_43ee7c6f5bd75451,2,0,0.0171665363013744
RU-A1186,img_c6b0ddb3934b9c16,2,0,0.0129497796297073
RU-A1187,img_209d97bee68fda97,3,0,0.0008107680478133
RU-A1187,img_9fc9c7c07b043792,3,0,0.0015242316294461
RU-A1187,img_1cfefb28992f74bc,3,0,0.0021904471796005
RU-A1187,img_413262bbfcb8b1e1,3,0,0.0089106205850839
RU-A1187,img_c370893f7a9ede8c,3,0,0.0004508967103902
RU-A1187,img_5ec05b3c5765141e,3,0,0.0001488369016442
RU-A1187,img_e5cb30c2e6a5e193,3,0,0.0029830909334123
RU-A1187,img_22d4734c37063186,3,0,0.0137000270187854
RU-A1187,img_f9261bb2a89b8873,3,0,0.0011556936660781
RU-A1187,img_771210474a95b8b2,3,0,0.0039303982630372
RU-A1187,img_9d1bdeae69a9b615,3,0,0.006108428351581
RU-A1187,img_427b3e09ff5547c7,3,0,0.0037436394486576
RU-A1028,img_3c1a648dc774b80d,4,0,0.3600373566150665
RU-A1028,img_b84f1a49b1e45947,4,0,0.3201330006122589
RU-A1028,img_e6b188865b934d48,4,0,0.0382870510220527
RU-A1028,img_9485608a01a2802b,4,0,0.0332917496562004
RU-A1078,img_a86ed017552be765,0,1,6.613122968701646e-05
RU-A1078,img_68a5b50165104e23,0,1,7.516601181123406e-05
RU-A1078,img_d92680e01bdd84a7,0,1,0.0007065695244818
RU-A1078,img_b8a47edb240d9a9b,0,1,0.0005281817284412
RU-A1078,img_1f21e5f4d12309a7,0,1,0.2041670680046081
RU-A1078,img_fac47d93c4e9b070,0,1,0.0356400050222873
RU-A1079,img_7870d359d74857c0,0,0,8.77612274052808e-06
RU-A1079,img_ac02afc1e7eb373e,0,0,1.6010570789148917e-06
RU-A1079,img_ad1158cf86d294e1,0,0,0.0016706075984984
RU-A1079,img_4de1e43817e4e22a,0,0,0.0018958449363708
RU-A1079,img_a3b6f333efc7ce19,0,0,0.0060691745020449
RU-A1079,img_b63857d28eea4cf4,0,0,0.0156120480969548
RU-A1079,img_de364242bebc9c9d,0,0,0.0045348010025918
RU-A1079,img_d054e1c68921e0bd,0,0,0.0249453876167535
RU-A1079,img_7f3a3913f25bb6c6,0,0,0.0028508023824542
RU-A1079,img_5041558f8a325d01,0,0,0.0031824335455894
RU-A1079,img_3a92405136b435c5,0,0,4.9246122216572985e-05
RU-A1079,img_24ff27e224f768c6,0,0,4.983031885785749e-06
RU-A1081,img_aa03307b4748da7c,0,0,0.0069006993435323
RU-A1081,img_4b5d59b7666caeb2,0,0,0.0104368682950735
RU-A1081,img_10135927fd7b74e7,0,0,0.0006474016117863
RU-A1081,img_1b38f620df9cd1c5,0,0,0.0006934364791959
RU-A1082,img_5e794b468cdfc4fe,2,0,0.0120651172474026
RU-A1082,img_a226959602cac093,2,0,0.0177077520638704
RU-A1082,img_90b26091fff534cd,2,0,0.0062169330194592
RU-A1082,img_129515e703b481cd,2,0,0.0025861212052404
RU-A1082,img_92cfcd4509f3a24f,2,0,0.0354662612080574
RU-A1082,img_6c012193b1e94d25,2,0,0.0049901967868208
RU-A1082,img_dffaf8a7b9b9033d,2,0,0.0011158935958519
RU-A1082,img_1c3af867a8fdf26c,2,0,0.0017854626057669
RU-A1082,img_36897e28517ddb1f,2,0,0.0004471723514143
RU-A1082,img_3199e8638f192b55,2,0,0.0004654319491237
RU-A1082,img_991c3d0b52ad5310,2,0,0.1077738404273986
RU-A1082,img_1133dd7a7a6c47e0,2,0,0.0744770467281341
RU-A1082,img_d79a086a3c1b811a,2,0,0.2549988627433777
RU-A1083,img_5139928cc3444c7b,0,0,0.000984540907666
RU-A1083,img_664e185898657c63,0,0,0.0087917977944016
RU-A1083,img_2f0989eb4673c2fd,0,0,0.0290339738130569
RU-A1083,img_be8a0272e0599470,0,0,0.0222925711423158
RU-A1084,img_db1a74c82562304c,4,0,0.0005628369981423
RU-A1084,img_de993738e286581f,4,0,0.0007041360950097
RU-A1084,img_31e9df9a835f7eda,4,0,0.0083251018077135
RU-A1084,img_bb976eb440ac7f37,4,0,0.0213829893618822
RU-A1084,img_385f0807a9a54c02,4,0,0.0330192707479
RU-A1084,img_9de76103ad4f2dd7,4,0,0.0653897151350975
RU-A1084,img_28271672e954b37d,4,0,0.0227968487888574
RU-A1084,img_868abe50067b2c1b,4,0,0.0410158410668373
RU-A1084,img_b2db014757101fdc,4,0,0.0087486365810036
RU-A1084,img_a3b0040766d5c348,4,0,0.0128149632364511
RU-A1084,img_75a7cc7b70ffed18,4,0,0.0223341658711433
RU-A1084,img_d2927f5863cc9afe,4,0,0.0219140909612178
RU-A1084,img_6c6985fc7a4dc9f1,4,0,0.0046905362978577
RU-A1084,img_120829c679515f60,4,0,0.0174181628972291
RU-A1084,img_604339027e323f43,4,0,0.0244346410036087
RU-A1084,img_0603f1a7d217e1fa,4,0,0.0056209210306406
RU-A1084,img_a3ef717e825aca6b,4,0,0.007526678033173
RU-A1084,img_9aec24e380226cbb,4,0,0.0079271867871284
RU-A1084,img_3c94be12f9452a49,4,0,0.018963873386383
RU-A1084,img_095a20697f55aabf,4,0,0.0332950726151466
RU-A1084,img_646cf78d46d82197,4,0,0.0087499190121889
RU-A1084,img_fae698fe99a4f049,4,0,0.0218449793756008
RU-A1084,img_0d7490ad0f8da910,4,0,0.0014745163498446
RU-A1084,img_432603b05d9127b1,4,0,0.002782309660688
RU-A1084,img_28395d2246bf2fab,4,0,0.1722303628921508
RU-A1084,img_2e32ef66ddff8940,4,0,0.0484524108469486
RU-A1084,img_8aa96eb0ac87f648,4,0,0.3725209832191467
RU-A1084,img_30fb37bb30a7d793,4,0,0.6027855277061462
RU-A1084,img_78424e1cd8cfac32,4,0,0.6160067915916443
RU-A1084,img_3cdefaa1a1f607f7,4,0,0.2108928263187408
RU-A1084,img_f1e58efa7e8a4b89,4,0,0.5723910927772522
RU-A1084,img_ee4e31ef61fede0d,4,0,0.5193144083023071
RU-A1084,img_a6af44adb5b4e3fc,4,0,0.0766280740499496
RU-A1084,img_06116b4fd85491e7,4,0,0.1527743935585022
RU-A1084,img_b091d058d104f6c8,4,0,0.9323493242263794
RU-A1084,img_86a7d12d98bf8834,4,0,0.6747604012489319
RU-A1084,img_680916680333756e,4,0,0.0001094632680178
RU-A1084,img_8efbbb07c40d273b,4,0,0.0002411922905594
RU-A1084,img_e1e817fdf5a1d7b2,4,0,0.0016222053673118
RU-A1084,img_9bf276f4353f10c8,4,0,0.0023992515634745
RU-A1084,img_a7207d192f757a1a,4,0,0.001106905285269
RU-A1084,img_0d2967c3393ee942,4,0,0.0003900648734997
RU-A1084,img_46b97e6adb87c027,4,0,0.1294073313474655
RU-A1085,img_d2840a0efc4d0500,3,0,0.0008481384720653
RU-A1085,img_86de0b7084b511bc,3,0,0.0026661972515285
RU-A1085,img_421946506fd626cb,3,0,0.1778675317764282
RU-A1085,img_a51137854d80c772,3,0,0.0200636610388755
RU-A1085,img_8d16fe52b0ac7627,3,0,0.4245151877403259
RU-A1085,img_884d0c900a4399a5,3,0,0.4289098381996155
RU-A1085,img_4f0f0942e9b61eeb,3,0,0.1471695452928543
RU-A1085,img_e2508b2a0691ada6,3,0,0.0554304122924804
RU-A1085,img_243a2e132269c95d,3,0,0.0613240040838718
RU-A1085,img_4b85cdf8d4ef0826,3,0,0.0143785765394568
RU-A1085,img_17b3c6d65d15df0d,3,0,0.0200206413865089
RU-A1085,img_ed0e5c028fbfabe5,3,0,0.0182944815605878
RU-A1085,img_24fdb91b79324aee,3,0,0.0039683342911303
RU-A1085,img_398da96546b0066c,3,0,0.0378291793167591
RU-A1085,img_36adfb8a249878af,3,0,0.0008453500340692
RU-A1085,img_40f7e4d572e3f1ca,3,0,0.0109647056087851
RU-A1085,img_2df6854354572d95,3,0,0.0032724379561841
RU-A1085,img_f336dd1256b709c6,3,0,0.0012317934306338
RU-A1085,img_2511cc7ca01ff2d5,3,0,0.0032354462891817
RU-A1087,img_4306561128354096,0,0,0.0003214211610611
RU-A1087,img_38737445203e2c13,0,0,0.0001994067715713
RU-A1087,img_dab65d5c5e8f6d55,0,0,0.0001380263274768
RU-A1087,img_840f75a422ad264a,0,0,0.0002198929578298
RU-A1087,img_b55ab284dfe108d9,0,0,0.0001990644523175
RU-A1087,img_9c63f1ff0c8ee69b,0,0,0.0001504772662883
RU-A1087,img_2ca95915a88ac9c9,0,0,0.0008996387477964
RU-A1087,img_010c3e808818e708,0,0,0.0008221794269047
RU-A1087,img_d1435d697349c4a4,0,0,0.0510704405605793
RU-A1087,img_7ec30c18756e84a1,0,0,0.0310507025569677
RU-A1088,img_341bd79bfbb32464,3,0,0.0001423848443664
RU-A1088,img_d465b338932e403e,3,0,6.025339826010168e-05
RU-A1088,img_38575cb854539b8c,3,0,0.0008553090738132
RU-A1088,img_6ac9d9272ee184db,3,0,0.001259364769794
RU-A1088,img_0c255eb4d4280770,3,0,0.0048816376365721
RU-A1090,img_02cafda702c58f3d,1,0,0.017490804195404
RU-A1090,img_55746d1544908753,1,0,0.0349051766097545
RU-A1090,img_7c6912da4ffd5750,1,0,0.0001145772912423
RU-A1090,img_547350790b5bc200,1,0,0.0006381793646141
RU-A1090,img_e4c492a7436a7907,1,0,0.0001029019404086
RU-A1090,img_8f4ecd186cf1dc29,1,0,0.0008667424554005
RU-A1090,img_12dc93313669830c,1,0,0.0017560798441991
RU-A1090,img_20ce68ea5e35dc51,1,0,0.0005701764603145
RU-A1091,img_496d40d4bdcfa3c7,4,0,0.0009465879993513
RU-A1091,img_9053b6bd763c8b8d,4,0,0.0008940135594457
RU-A1091,img_ebb3a517d781b7b0,4,0,0.0002514848893042
RU-A1091,img_23e6a7a181090eab,4,0,0.0183884017169475
RU-A1091,img_319c90b60993f854,4,0,0.0292562786489725
RU-A1092,img_8c37cebdc426aa15,2,0,0.0007302534068003
RU-A1092,img_24384ed0c7c80a3e,2,0,0.0006169327534735
RU-A1092,img_fd5e04009c989483,2,0,1.0140012818737889e-05
RU-A1092,img_2689ab49025de65b,2,0,0.0001563033438287
RU-A1092,img_01700a28dbd98744,2,0,0.0002868860901799
RU-A1092,img_e1b2da4fc40c44ee,2,0,0.0002786604163702
RU-A1092,img_7bb8ce1213dfd56e,2,0,0.0003285795392002
RU-A1092,img_953bb7a54e2b3dd7,2,0,0.0046728937886655
RU-A1094,img_902989ce5048de9a,4,0,0.0002260904730064
RU-A1094,img_18b96c6949455734,4,0,0.0021591673139482
RU-A1095,img_cfe40bba1a0f810e,3,0,0.0001144459311035
RU-A1095,img_4b773350aaebdbd9,3,0,0.0008680180762894
RU-A1095,img_f3cc0d6b7a6c2a46,3,0,0.0004769400402437
RU-A1095,img_c996bb01a3e89b4c,3,0,4.221776907797903e-05
RU-A1095,img_e24a827388d07178,3,0,0.0372076742351055
RU-A1095,img_8b639a4d807c6044,3,0,0.0155829144641757
RU-A1095,img_deefb793a0c050cc,3,0,7.389554230030626e-05
RU-A1095,img_fc0d79d4e55034df,3,0,0.0075099514797329
RU-A1096,img_f6c310321f59d359,0,0,0.0002463577548041
RU-A1096,img_c35849104c118fc6,0,0,0.0001244127633981
RU-A1096,img_d5d57717703a052a,0,0,0.0006345727597363
RU-A1096,img_a0ccab2224837eda,0,0,0.0022738953121006
RU-A1096,img_5e6622b02478a5a4,0,0,4.5334403694141656e-05
RU-A1096,img_7b2f91f4f7f6fcaa,0,0,8.507104212185368e-05
RU-A1096,img_be24564b1ddcd56f,0,0,0.0017438266659155
RU-A1096,img_bc4744b3c20684fe,0,0,0.0006331947515718
RU-A1096,img_ac941b46f905083f,0,0,0.0001012113498291
RU-A1096,img_c4addf21d7357407,0,0,4.254712621332146e-05
RU-A1100,img_f0bd0fff94bb343f,2,0,2.7331496312399395e-05
RU-A1100,img_7d0aad024ce8d3db,2,0,1.916737346618902e-05
RU-A1100,img_54c7460ad88dfb08,2,0,0.0006732898764312
RU-A1100,img_378c9a2b6359dcc9,2,0,0.0011919196695089
RU-A1100,img_2e42acf9a04b00ac,2,0,0.0718995109200477
RU-A1100,img_7178489d049aad3c,2,0,0.0011472204932942
RU-A1148,img_f10d9b13c8dd1747,2,0,0.0006364695727825
RU-A1148,img_7ee9dfd8047937f2,2,0,0.0009017069824039
RU-A1148,img_01039c4b1b623173,2,0,0.0001626591256354
RU-A1148,img_3d509547e54a2108,2,0,0.0001761241728672
RU-A1151,img_aeb0e4d98421c6ab,1,0,0.9665884971618652
RU-A1151,img_8331c3e1b7e45f52,1,0,0.9780935049057008
RU-A1151,img_6c74f2ffa84c278b,1,0,0.9870972633361816
RU-A1151,img_69da023df1138ae9,1,0,0.9858403205871582
RU-A1151,img_88bb0ec6ba46ac97,1,0,0.9355898499488832
RU-A1151,img_9f18b3aba6cc0de5,1,0,0.9123865365982056
RU-A1151,img_906468ac2b6883a3,1,0,0.2043623924255371
RU-A1151,img_ebae27221ad510aa,1,0,0.3242222666740417
RU-A1152,img_9f36ccabffb91127,1,0,0.0030134690459817
RU-A1152,img_02cd3a50e5722f10,1,0,0.0007611829205416
RU-A1152,img_84a872e80fbba85f,1,0,0.0001933965395437
RU-A1152,img_79ed47c25e1cc9e8,1,0,0.0002162440505344
RU-A1152,img_b2de56818450326b,1,0,0.0002773420710582
RU-A1152,img_c660dad4197daee3,1,0,0.0015481187729164
RU-A1152,img_1b752091dee4c518,1,0,0.0003099638270214
RU-A1152,img_20cb8b00b4c70d4a,1,0,0.0003436385304667
RU-A1152,img_5cb4e0b0f3856695,1,0,0.0002423617261229
RU-A1152,img_c8672f4e365313ce,1,0,0.0002498722751624
RU-A1157,img_d4ae8091ae0757af,3,0,0.0330144613981246
RU-A1157,img_3761fc6f346e7291,3,0,0.065173789858818
RU-A1157,img_d0a7bc73fef9e701,3,0,0.0721735134720802
RU-A1157,img_acee21b7f9f9bccc,3,0,0.1374847292900085
RU-A1157,img_a2c4c778b6fd866f,3,0,0.0007405133219435
RU-A1157,img_b0fbe72697137acb,3,0,0.0008490771870128
RU-A1157,img_d95a5f98abe2aa6a,3,0,0.0011842052917927
RU-A1157,img_82509bdad829118f,3,0,0.0060452343896031
RU-A1157,img_c511d5fc6dfd2591,3,0,0.0018108744407072
RU-A1157,img_20cd221b066c7c94,3,0,0.0375064387917518
RU-A1158,img_bd5fac1beb00b89e,2,0,0.0001127260766224
RU-A1158,img_4593d4fb03c4aa2e,2,0,0.0001056509718182
RU-A1158,img_1c399192e010e1e8,2,0,0.0005185267073102
RU-A1158,img_a84359e1fadc93be,2,0,0.000242388996412
RU-A1158,img_07bbefdbda20d1bf,2,0,0.0010467395186424
RU-A1158,img_dfb6d85a2716b73e,2,0,5.6254495575558394e-05
RU-A1158,img_f8e90ff8a45ea76c,2,0,0.0485297627747058
RU-A1158,img_96c480c67d24ff81,2,0,0.0252772327512502
RU-A1158,img_c950b0861207bfd0,2,0,0.9019273519515992
RU-A1158,img_a57643551c6682fb,2,0,0.8709818124771118
RU-A1159,img_57e847c25be6c902,1,0,4.223971700412221e-05
RU-A1159,img_a58cfac931b9dfed,1,0,5.9241971030132845e-05
RU-A1159,img_f54dedfd09cd5bb9,1,0,0.0046818018890917
RU-A1159,img_0482fd8c4e89f3a1,1,0,0.0034941781777888
RU-A1159,img_94f472ea68866573,1,0,0.0006341087282635
RU-A1159,img_d2f62e019f86a9a1,1,0,0.0008748992113396
RU-A1159,img_770aeeb6a4734483,1,0,0.0004710261418949
RU-A1159,img_e3271d3452e87481,1,0,0.0006232127198018
RU-A1159,img_443e45ed9c9b91d8,1,0,0.0003756098740268
RU-A1160,img_abf0add4078c02d7,2,0,0.449394941329956
RU-A1160,img_f3a7c9f498a30cf6,2,0,0.3431668579578399
RU-A1160,img_5d54faf7bc620d76,2,0,0.0645231381058693
RU-A1160,img_3673caab3ada9169,2,0,0.1529946476221084
RU-A1161,img_fddfd73669db3761,1,0,0.0024189073592424
RU-A1161,img_9a0d76490f4e758c,1,0,0.0002223762567155
RU-A1161,img_703a60c47ce33393,1,0,0.0028070092666894
RU-A1161,img_a77c700d16387170,1,0,0.0002315633901162
RU-A1161,img_f18955f848c65a47,1,0,0.016471866518259
RU-A1161,img_b22806dae60e42eb,1,0,0.0672410130500793
RU-A1162,img_e50a1e9b61f68985,3,0,4.5407130528474227e-05
RU-A1162,img_43f44a1c0dc4e80a,3,0,8.682135376147926e-05
RU-A1162,img_0686832adf9eb7b0,3,0,0.0010672131320461
RU-A1162,img_ccda422b004b2040,3,0,0.0004790288512594
RU-A1162,img_a73115e01a2d9552,3,0,0.0003365858283359
RU-A1162,img_1ac9bbabf7fe927f,3,0,0.0012397821992635
RU-A1162,img_3565e826b9cddd17,3,0,0.0115404026582837
RU-A1162,img_d64a4ffe7e6872e8,3,0,0.0152279352769255
RU-A1162,img_3373d870d77bbaf3,3,0,0.0013809470692649
RU-A1162,img_88287373e24dfd04,3,0,0.0003879085124935
RU-A1162,img_bc1d55c4fbfa977d,3,0,0.0533036701381206
RU-A1162,img_eb4aedf0b4d0e8f8,3,0,0.1851765513420105
RU-A1162,img_1ebecbd928005394,3,0,0.008724994957447
RU-A1162,img_a05f3ea344464421,3,0,0.0076751583255827
RU-A1164,img_a75108faede88b0d,4,0,0.0066430876031517
RU-A1164,img_fdce6cdc847ab8a7,4,0,1.306959347857628e-06
RU-A1164,img_328f0f466922f285,4,0,5.170428494238877e-07
RU-A1164,img_f2a9a25391b544d3,4,0,0.0001882746728369
RU-A1164,img_bbd0d37f984a5849,4,0,8.483027340844274e-05
RU-A1164,img_dded3e26fcacca5f,4,0,2.9721240579760888e-08
RU-A1164,img_10353862751e7fa5,4,0,9.783434506971389e-08
RU-A1164,img_9a96dbab552513b9,4,0,0.0305458549410104
RU-A1164,img_4093518313023fbe,4,0,0.0179932992905378
RU-A1165,img_65386e7d9cb64f9d,1,0,9.079631854547188e-05
RU-A1165,img_a02bce084c4dbc51,1,0,8.629695366835222e-05
RU-A1165,img_d7ec70c596a3c7e5,1,0,0.0037013674154877
RU-A1165,img_f50adedd5121a5af,1,0,0.0069739981554448
RU-A1167,img_90b53155667807a2,4,0,0.0008061634725891
RU-A1167,img_1e91445dbbb10e45,4,0,0.0007976480410434
RU-A1167,img_0b8e5ead1c0eb983,4,0,0.000677524076309
RU-A1167,img_9a356d782ada14e7,4,0,0.0005578403943218
RU-A1168,img_f6c1b78bf1a1c419,1,0,0.0007818010635674
RU-A1168,img_c4fa6b6606150776,1,0,0.003241651225835
RU-A1168,img_b12763bc776f237b,1,0,0.0028845486231148
RU-A1168,img_b998ac7903da596a,1,0,0.0012890193611383
RU-A1168,img_9b4e1328a6284d02,1,0,0.0001493460003985
RU-A1168,img_f63bebd6e6b520fb,1,0,0.0004693219379987
RU-A1168,img_f82ac1e479af4fee,1,0,0.0033893273212015
RU-A1168,img_21a5e7daef98fa43,1,0,0.0012213004520162
RU-A1169,img_3d0d09c23dddd708,0,0,6.230568396858871e-05
RU-A1169,img_e8f319d98e4394db,0,0,3.840677527477965e-05
RU-A1169,img_ce580288284f0c39,0,0,9.05939523363486e-05
RU-A1169,img_f2e76757f84ec6c2,0,0,0.0005936583038419
RU-A1169,img_6952eb5a597b71e9,0,0,0.0007493370794691
RU-A1170,img_35146e0294ffc229,4,1,0.0424393787980079
RU-A1170,img_ad84d34a839db114,4,1,0.1297523975372314
RU-A1170,img_7c4b026225b78480,4,1,0.0101878363639116
RU-A1170,img_44d09247fe41802c,4,1,0.0089822048321366
RU-A1170,img_19245519512331a8,4,1,0.2094677835702896
RU-A1170,img_3a68b7d522fd8ed8,4,1,0.1177671700716018
RU-A1170,img_669a0e3d9a6b644c,4,1,0.0993098095059394
RU-A1170,img_fbd531730bf96b19,4,1,0.222950130701065
RU-A1170,img_744edff32ebf52bc,4,1,0.2586699724197387
RU-A1170,img_5c3f1b9276cd3327,4,1,0.1497018188238144
RU-A1170,img_ec86d7873fc72200,4,1,0.7445641160011292
RU-A1170,img_863dbaaea59fc328,4,1,0.8941575884819031
RU-A1170,img_7167b5fffd811b63,4,1,0.0043836426921188
RU-A1170,img_6543c793c1f09e1e,4,1,0.0051311841234564
RU-A1171,img_451dd404b3fad6a6,2,0,0.0010546962730586
RU-A1171,img_bcd237220dc0b0ec,2,0,0.0009466592455282
RU-A1171,img_a0e80e65520e2bc2,2,0,0.0330707691609859
RU-A1171,img_c0ff02ba034a11aa,2,0,0.0124668888747692
RU-A1172,img_be58fe8545d04fce,1,0,2.0633375243050978e-05
RU-A1172,img_b4b1d34ad253ee14,1,0,3.831941285170615e-05
RU-A1172,img_133e5f1b77bf145f,1,0,0.0007621446275152
RU-A1172,img_1b76d3ea41ad0fa1,1,0,0.0008017630316317
RU-A1172,img_b168d6619e508ea6,1,0,0.0003080412570852
RU-A1172,img_b79a076a1dbb92e9,1,0,0.0007884337683208
RU-A1172,img_e407281c2cea1333,1,0,0.0043408148922026
RU-A1172,img_a12c58a5a5f53650,1,0,0.0043561644852161
RU-A1173,img_6dbc7d2d2fda1e32,0,0,0.0007926478283479
RU-A1173,img_898c00f921b34233,0,0,0.0003072259423788
RU-A1173,img_f6a77858a31c3ef1,0,0,1.9357756173121743e-05
RU-A1173,img_df210a5fab7e194e,0,0,3.1405623303726315e-05
RU-A1173,img_142451132d6f6d6e,0,0,0.0046784752048552
RU-A1173,img_755a70d989ccf55a,0,0,0.0052916943095624
RU-A1174,img_a9bce608eae449af,1,0,0.2165304273366928
RU-A1174,img_fb7d456259450448,1,0,0.0353104919195175
RU-A1174,img_5bc4050a4df8e92f,1,0,0.0153968837112188
RU-A1174,img_32cd0bd1996206c9,1,0,0.0051260236650705
RU-A1174,img_9aea532336c2c157,1,0,0.0060314261354506
RU-A1174,img_8c2b5cc9eea99fea,1,0,0.0217813663184642
RU-A1174,img_71f1b96a1ba6bbb0,1,0,0.0004530673322733
RU-A1174,img_e235934b96951fe8,1,0,0.0012020749272778
RU-A1174,img_d11a8e2594bdf46e,1,0,0.0408782884478569
RU-A1174,img_1576581ca61c0ced,1,0,0.0416093580424785
RU-A1154,img_2b9ec337d64cdc74,2,0,2.0916048015351407e-05
RU-A1154,img_c6445ecfb6d3aa22,2,0,0.0003273042384535
RU-A1154,img_a10ed4749e23c7cc,2,0,0.0002751935389824
RU-A1154,img_0f73b3f77eb23edf,2,0,0.0003930609382223
RU-A1154,img_bc17bb19d4341e1c,2,0,0.0008001769310794
RU-A1154,img_a758888f8a1813b8,2,0,0.0024286278057843
RU-A1154,img_e2e703a4f91f18f3,2,0,0.0357777364552021
RU-A1154,img_44e2b5872169ec50,2,0,0.0080286096781492
RU-A1154,img_6b40865f9b4e08eb,2,0,0.0046563269570469
RU-A1154,img_db8425540c0b0cdb,2,0,0.003331484273076
RU-A1155,img_5f4824811e011f6c,1,0,0.0120334392413496
RU-A1155,img_7e2f28ed80177923,1,0,0.006747308652848
RU-A1155,img_5408471552cc8c89,1,0,6.605566886719316e-05
RU-A1155,img_b29cca99ccd698af,1,0,2.993133193740505e-06
RU-A1155,img_dad54ac42e65821a,1,0,1.4577247384295331e-05
RU-A1155,img_9ce9024d4db6717f,1,0,0.0009198042680509
RU-A1155,img_25cbf5e7316d2139,1,0,0.0007816605502739
RU-A1155,img_856dd30f9aecc437,1,0,0.0001413796417182
RU-A1155,img_76bbfe9516ee3d70,1,0,0.0003370385675225
RU-A1221,img_b843df6ac49748b8,1,0,9.696715278550982e-05
RU-A1221,img_a11314f69c119b7e,1,0,0.0001068163328454
RU-A1221,img_e3360cc395bd4f0c,1,0,0.0008102572173811
RU-A1221,img_3d7784f167ab3877,1,0,0.0006898024585098
RU-A1221,img_7297193f16963b9f,1,0,0.051769345998764
RU-A1221,img_ec4e39e962c9849c,1,0,0.0129295475780963
RU-A1222,img_0c8e501da531010d,4,0,0.0054272720590233
RU-A1222,img_0a0d40bf622e68e5,4,0,0.0168640799820423
RU-A1222,img_17920b469918312a,4,0,0.0566908866167068
RU-A1222,img_550d8a285a437729,4,0,0.0478594154119491
RU-A1223,img_993f965cb2543c0e,0,0,0.000245859788265
RU-A1223,img_11d2a45a94860f1f,0,0,0.0003318915551062
RU-A1223,img_a34347443d9b677c,0,0,0.0001433872239431
RU-A1223,img_e0fea148738580c9,0,0,0.0001138172083301
RU-A1224,img_5abbe20174b1cb5e,0,0,0.0009395502856932
RU-A1224,img_311dce75a3b93818,0,0,0.0046250177547335
RU-A1224,img_a937d14aa26975fa,0,0,0.0017403902020305
RU-A1224,img_41106415ecfc609e,0,0,1.839432297856547e-05
RU-A1224,img_dba5d6602b0b162a,0,0,0.0003973848361056
RU-A1225,img_9e70c1ee239546d3,0,0,0.0093566449359059
RU-A1225,img_399db71f2f7c74d2,0,0,0.0008454044000245
RU-A1226,img_662078eafbab9c59,0,0,0.0012775702634826
RU-A1226,img_d4331128fa77cdd6,0,0,0.0013737297849729
RU-A1226,img_42abf17b96b925c5,0,0,8.1039166843766e-07
RU-A1226,img_0beb883c88a1a1b9,0,0,8.841967655826011e-07
RU-A1227,img_a4ed0801b99d3676,3,0,0.0012194622540846
RU-A1227,img_48fc430b50746636,3,0,8.952560892794281e-05
RU-A1227,img_d14fae684d541a7a,3,0,0.0003621799696702
RU-A1227,img_47bc5f8962e2180b,3,0,0.0007348815561272
RU-A1227,img_354c74b3c6338aad,3,0,0.0004124176921322
RU-A1227,img_982144aa5c74c38e,3,0,0.0006620598142035
RU-A1228,img_cff87a80d13e8fb1,2,0,0.000282820285065
RU-A1228,img_566a72c2cbc99ec0,2,0,0.0002113135560648
RU-A1228,img_d2f9d041e39bcca2,2,0,0.0014843072276562
RU-A1228,img_3d8bf6100cc8d6b8,2,0,0.0007366422214545
RU-A1228,img_d5e1c165c810708f,2,0,0.0009425472235307
RU-A1228,img_f8dc5696bc6d0a98,2,0,0.0045854803174734
RU-A1228,img_b355bf8324014a77,2,0,0.0001050083592417
RU-A1228,img_7ecf8f0d78007381,2,0,8.772656292421743e-05
RU-A1228,img_22d710c277869821,2,0,6.730357563355938e-05
RU-A1228,img_dc939f24dbe447cf,2,0,0.0399468913674354
RU-A1228,img_9718837515050473,2,0,0.013573489151895
RU-A1229,img_8950267846928315,4,1,0.328319251537323
RU-A1229,img_44829ee2e0bd1429,4,1,0.9122276306152344
RU-A1229,img_75e20e01b38e078a,4,1,0.957727074623108
RU-A1229,img_651a50002ea6f8ba,4,1,0.032079067081213
RU-A1229,img_b1f8e2c4d30fe399,4,1,0.2308427393436432
RU-A1230,img_3830ae930b0a6ef1,4,0,0.0067980913445353
RU-A1230,img_72e0925990c9bf09,4,0,0.0001477010810049
RU-A1230,img_8de82a7ef7791207,4,0,0.0120829883962869
RU-A1230,img_dfdf8341cd873f00,4,0,0.1949933171272277
RU-A1230,img_4e74d4cfbc6b946d,4,0,8.643944602226838e-05
RU-A1230,img_9b94bb8e3d3f8938,4,0,0.0003588817780837
RU-A1230,img_63b70a713495db32,4,0,2.9191471185185947e-05
RU-A1230,img_60227010952c481a,4,0,2.23552378884051e-05
RU-A1230,img_3ed0b603bd39c6fe,4,0,3.6789526348002255e-05
RU-A1230,img_8d9ee4f5d062f4ee,4,0,2.8984535674680956e-05
RU-A1230,img_2badc52b03359c7f,4,0,0.0149417081847786
RU-A1230,img_dc9adb66c18359f9,4,0,0.0156465992331504
RU-A1231,img_4a9ceaba0b907dba,2,0,0.0516723282635211
RU-A1231,img_4dbcc0ccdd01a90e,2,0,0.0617464892566204
RU-A1231,img_dd5a0c6c0753b8f9,2,0,0.0136478440836071
RU-A1231,img_bfee5e09e107f620,2,0,0.0007872055284678
RU-A1231,img_d2ae49d23f2c8fae,2,0,0.0125959860160946
RU-A1231,img_a7b107b5b48b736b,2,0,0.0034285055007785
RU-A1231,img_a8186cb4fbe98fca,2,0,0.0001958596694748
RU-A1231,img_02ae068f77aecd0a,2,0,0.001019861199893
RU-A1232,img_f8eed42054d2d97e,1,0,2.2674962565361056e-06
RU-A1232,img_6b8ee788e5947b23,1,0,8.819314643915277e-06
RU-A1232,img_e5b24440c4d13433,1,0,0.0003734807251021
RU-A1232,img_91ce6a798f0addf8,1,0,1.2342420632194262e-05
RU-A1232,img_09d3118069786e96,1,0,6.820723501732573e-05
RU-A1232,img_67c3b03061399bb3,1,0,0.000638565106783
RU-A1232,img_66e3441a082030fe,1,0,0.0010862029157578
RU-A1232,img_434c1c81c8b8e1ed,1,0,0.0038017551414668
RU-A1233,img_5de866f0a887a291,0,0,0.0683133900165557
RU-A1233,img_ccd794e2817b27c9,0,0,0.0282745398581028
RU-A1233,img_b7d8a3f95eea273a,0,0,0.0002892380580306
RU-A1233,img_06613dc42196830f,0,0,0.0002949340268969
RU-A1233,img_f8c5fdc5ef24e200,0,0,0.0003601020143833
RU-A1233,img_3fe0bf91a8b07fbf,0,0,0.0008983684820123
RU-A1233,img_eb990b0170856b53,0,0,0.0005193790420889
RU-A1233,img_1cef30b84b1f8705,0,0,0.0005236051511019
RU-A1234,img_9fe7f8c14d214f85,1,0,0.0001092504244297
RU-A1234,img_8f9346484fdadaf5,1,0,9.31532122194767e-05
RU-A1234,img_b7b77fcba03765a8,1,0,5.347326441551559e-05
RU-A1234,img_f572494e74b147f7,1,0,4.878212348558009e-05
RU-A1235,img_7fcb73b59693708a,1,0,0.0010628321906551
RU-A1235,img_d7e0b86dae2b2648,1,0,8.898794476408511e-05
RU-A1235,img_e541919750f8f0bb,1,0,0.0102200834080576
RU-A1235,img_7e5ed24165794b48,1,0,0.0062001664191484
RU-A1236,img_cc2d188476c57231,3,0,4.979305595043115e-05
RU-A1236,img_bc39e336ae99b7c2,3,0,3.755441139219329e-05
RU-A1237,img_c1307c46aeed49e6,2,0,0.0372636429965496
RU-A1237,img_0e945bc042bb913b,2,0,0.000916387012694
RU-A1237,img_3e017bbfd34b445c,2,0,0.0010061075445264
RU-A1237,img_53f53b2252294e84,2,0,0.0140779810026288
RU-A1237,img_4e1c499c5537d033,2,0,0.0240510776638984
RU-A1238,img_7be6f6758f6c4b6d,1,0,7.125274714780971e-05
RU-A1238,img_a36c9d9a3209fd1a,1,0,0.0002956147363875
RU-A1238,img_891b503bbeee8157,1,0,0.000154597859364
RU-A1238,img_e03834fbefdd0c96,1,0,0.0001867542159743
RU-A1238,img_1b16d89d902c69c9,1,0,0.0016347572673112
RU-A1238,img_09c83915e5561442,1,0,0.0011340186465531
RU-A1238,img_c2fc160a3a160ab3,1,0,0.0009524321067146
RU-A1238,img_ae17a68200f20bd7,1,0,0.0088425753638148
RU-A1239,img_e3666bf8aa074a8e,3,0,0.0420634485781192
RU-A1239,img_54c6082c9e330aa9,3,0,0.000668465567287
RU-A1239,img_7c5fa7fde0d158ec,3,0,0.0008726671221666
RU-A1239,img_959fddb3cb5ba6ad,3,0,0.0001094207837013
RU-A1239,img_6884c97a9b80867c,3,0,0.0008466063882224
RU-A1239,img_073122c18a534a3f,3,0,0.0010376289719715
RU-A1240,img_b2826c84edb1a981,3,1,0.0023549660108983
RU-A1240,img_e2929ffcd26a36bb,3,1,0.0089993737637996
RU-A1240,img_1a1f853295b0a1f7,3,1,0.0019987623672932
RU-A1240,img_df2b23c20d373cb2,3,1,0.052133060991764
RU-A1240,img_5d4d38e81fc13079,3,1,0.003047204343602
RU-A1240,img_e4bbe624cbc3bcfa,3,1,0.0187188126146793
RU-A1240,img_fca381572b0f2812,3,1,0.0059580146335065
RU-A1240,img_332150a1c65cc706,3,1,0.0009500766173005
RU-A1240,img_2a566051f674d24c,3,1,0.0092874066904187
RU-A1240,img_e9ca392036a4b523,3,1,0.0086133116856217
RU-A1240,img_ab8c49011a55ede8,3,1,0.0208284854888916
RU-A1240,img_c3a0ac719e920d0e,3,1,0.0169639214873313
RU-A1345,img_7e61082adabd31d8,1,1,0.0106228310614824
RU-A1345,img_d3feff1211a4285c,1,1,0.0019768686033785
RU-A1345,img_cdbc4937d28fa0ee,1,1,0.0161159932613372
RU-A1345,img_22eb5d6e909db778,1,1,0.0313183926045894
RU-A1245,img_0b1da719028ee428,2,0,0.0002708104730118
RU-A1245,img_c1c7c530d207703b,2,0,0.0001495982724009
RU-A1245,img_19718b6879c6a4b5,2,0,0.000654307717923
RU-A1245,img_a7bf02af7fb692b9,2,0,0.0068214307539165
RU-A1245,img_f2692bb748663132,2,0,0.0107976673170924
RU-A1245,img_be7ccbfa8f413e9f,2,0,0.0037809608038514
RU-A1245,img_ab0e56c36727edfb,2,0,0.000366475636838
RU-A1245,img_1a07d10d000de6f6,2,0,0.000493885949254
RU-A1245,img_89102dde89e25e9a,2,0,0.0001071695369319
RU-A1245,img_6b92f1c7fec81682,2,0,5.125867392052896e-05
RU-A1246,img_7a670da64b5e50db,2,0,0.0203505009412765
RU-A1246,img_e7f76e4dd817ca61,2,0,0.0061962716281414
RU-A1246,img_da8f1cba505a5ad1,2,0,0.0004405293439049
RU-A1246,img_582323e232fcf005,2,0,0.002364429179579
RU-A1248,img_beddcaa9017f505b,3,0,0.00155954901129
RU-A1248,img_bc651650612474fa,3,0,0.0045134066604077
RU-A1248,img_e74ecb9e8e6b164b,3,0,0.0044916584156453
RU-A1248,img_c5e470e6c5e1641a,3,0,0.0009877022821456
RU-A1248,img_43482114ff3743bb,3,0,0.0006565910880453
RU-A1347,img_40f993093261617b,0,1,0.005027063190937
RU-A1347,img_90ed0a0384e864cb,0,1,0.0026925869751721
RU-A1020,img_6ebf0480440eeb8b,3,0,0.075122445821762
RU-A1020,img_3b28f6fb43310f01,3,0,0.0643708854913711
RU-A1020,img_b896f1618048adaa,3,0,0.01139079593122
RU-A1020,img_ff34f3ed16e85d10,3,0,0.0219603050500154
RU-A1020,img_e1dfa0df1f51f26f,3,0,0.0174195524305105
RU-A1020,img_38b66d83c3e10e5f,3,0,0.0170241091400384
RU-A1020,img_269af53d528b1f3b,3,0,0.0412157215178012
RU-A1166,img_7db6e6ebb2386254,2,0,0.0004140852834098
RU-A1166,img_04d2698a8ec4e773,2,0,0.0002621063031256
RU-A1166,img_e48273b2c657ace2,2,0,0.011288883164525
RU-A1166,img_b5193f801f3b0651,2,0,0.0037268889136612
RU-A1166,img_8cd4e57f5a7f3fbf,2,0,0.0017744223587214
RU-A1166,img_8c3b4f88af2c18d0,2,0,0.0008613387471996
RU-A1166,img_52722c7a1339f08b,2,0,0.0268851108849048
RU-A1153,img_88c42d232e084af2,3,0,0.0321841277182102
RU-A1153,img_6b2a1851b06d2968,3,0,0.1329649835824966
RU-A1153,img_b3b08eefab81dc7a,3,0,4.4037245970685035e-05
RU-A1067,img_e4b1cb7a4084f5aa,1,0,0.6565218567848206
RU-A1067,img_af4aba150dcdd3ff,1,0,0.7045584917068481
RU-A1067,img_283d2d5b706f4a10,1,0,0.0062109907157719
RU-A1067,img_4c686295431a83d9,1,0,0.0221036430448293
RU-A1067,img_1787244bdbcfa17f,1,0,0.0009994343854486
RU-A1067,img_d7a788735478282b,1,0,0.0024632117711007
RU-A1067,img_8a2299337955ff3f,1,0,0.1194387897849083
RU-A1067,img_1edb5a7636a9c074,1,0,0.0004904008819721
RU-A1067,img_9f660a26a61b58e8,1,0,0.0001003644429147
RU-A1111,img_1cd53353b8617071,1,0,3.938617010135203e-05
RU-A1111,img_7dcdf6badb261622,1,0,0.0001739218278089
RU-A1111,img_c1200a40c8ffa7a5,1,0,9.753842459758744e-05
RU-A1111,img_426db2853397d34f,1,0,0.0001585737481946
RU-A1111,img_258ef9ea500043f1,1,0,9.055749615072273e-06
RU-A1111,img_b5efa60b2a2e54c1,1,0,3.928731530322693e-05
RU-A1111,img_ff6679dafd6bb8a8,1,0,0.0127947824075818
RU-A1111,img_555a0eed519bc91b,1,0,0.0038989000022411
RU-A1111,img_68ce501b08448270,1,0,0.0001672921353019
RU-A1111,img_56763286b16db0a6,1,0,0.0021161644253879
RU-A1111,img_b65531f2691565a9,1,0,0.0169325228780508
RU-A1111,img_e6126205083bed2e,1,0,0.0141158271580934
RU-A1111,img_c430eaac3bcee87b,1,0,0.0033798036165535
RU-A1111,img_38493665fbd7fc50,1,0,0.00026851327857
RU-A1149,img_bbf258ea7b72621d,2,0,0.0119574787095189
RU-A1149,img_fa033a5cd5376bdd,2,0,0.0721142068505287
RU-A1177,img_20361e9a65e9b7a3,3,0,0.0027303276583552
RU-A1177,img_111685f7f081edfa,3,0,0.0051464783027768
RU-A1177,img_fea19a9cfd0b6731,3,0,0.1405787318944931
RU-A1177,img_3add4b70d70febec,3,0,0.056907158344984
RU-A1179,img_79ba5a1608358e10,2,0,0.0201764199882745
RU-A1179,img_02bcd5eefe3ac2f5,2,0,0.0057390490546822
RU-A1179,img_a2640cbb642bfa27,2,0,0.2399870008230209
RU-A1179,img_57140cb499290165,2,0,0.0488831512629985
RU-A1181,img_95278a1793767bf5,0,0,0.0001825410727178
RU-A1181,img_5746beb86ec3e5f7,0,0,0.0003807154716923
RU-A1181,img_348f5c02ab93acd5,0,0,1.4404919056687504e-05
RU-A1181,img_49b9a19b2d71e267,0,0,1.6339732610504143e-05
RU-A1182,img_72a6b03b03822cdf,4,0,0.1869210749864578
RU-A1182,img_260b6b676862b479,4,0,0.505935549736023
RU-A1182,img_70033e2e448b5422,4,0,0.5952277779579163
RU-A1182,img_c299d29bd0f9727b,4,0,0.6502588987350464
RU-A1183,img_ea651f8d1fa0b977,2,0,0.0007130620069801
RU-A1183,img_f354e7452ed4f731,2,0,0.0010386774083599
RU-A1183,img_c0fcbd5c9ef681d8,2,0,0.0011730699334293
RU-A1183,img_d8ee1ebb142b9b41,2,0,0.001311254221946
RU-A1185,img_932b5fc52ae332d4,1,0,0.0003992850251961
RU-A1185,img_e3ab61ccfc73868f,1,0,0.0011410431470721
RU-A1185,img_ca5e4ba2c40087ba,1,0,0.0014096010709181
RU-A1185,img_c5e29373480c9838,1,0,0.0012478787684813
RU-A1250,img_bc42d5b6df347267,2,0,0.0005324520170688
RU-A1250,img_1973d0ad146c6caf,2,0,0.0001511973823653
RU-A1250,img_d21ae07be7521ee4,2,0,0.0009281667298637
RU-A1250,img_fae9a948208af627,2,0,0.0001897814654512
RU-A1250,img_9aa8739a0f7d5ebc,2,0,0.0031111254356801
RU-A1250,img_5e69f1ab96f7bbec,2,0,0.0001945378462551
RU-A1250,img_9c9aac34eec51086,2,0,0.058670125901699
RU-A1250,img_a0fc20927e5f670b,2,0,0.0368092730641365
RU-A1250,img_ce896261265900d1,2,0,0.103713259100914
RU-A1250,img_3be085020d15861d,2,0,0.0077413329854607
RU-A1250,img_cbfaf1ca6e402023,2,0,0.0172392781823873
RU-A1251,img_3052a7aac94abe19,2,1,0.0056598163209855
RU-A1251,img_b1c1ad411bee2dab,2,1,0.000888449314516
RU-A1251,img_2dad71961b5ab5f4,2,1,0.0016824001213535
RU-A1251,img_6bbcbca4ebf1dcc3,2,1,0.0109572354704141
RU-A1251,img_bc72bd486195709b,2,1,0.0002807767887134
RU-A1251,img_9bb4761e496a7c19,2,1,4.5925182348582894e-05
RU-A1251,img_026b03b707d69374,2,1,0.0027419351972639
RU-A1251,img_37d73ec364ecd89c,2,1,0.0006201721844263
RU-A1251,img_389663b2e72f8ccd,2,1,0.0038770807441323
RU-A1251,img_e9207379d7cf370f,2,1,0.0098503716289997
RU-A1251,img_b9c8195ff22a5bdb,2,1,0.0010075939353555
RU-A1251,img_23808aa99ad4a010,2,1,0.0027274936437606
RU-A1251,img_0d4e2f8217a6a429,2,1,0.0071009718813002
RU-A1251,img_7e3e648b59b560ff,2,1,0.012972418218851
RU-A1251,img_448498b4a6226637,2,1,0.0006117421435192
RU-A1251,img_5a418c5470c18130,2,1,0.0001980243978323
RU-A1251,img_9b3dda18f52398c3,2,1,0.003530683228746
RU-A1251,img_a9aa2953c27365bd,2,1,0.0055071841925382
RU-A1251,img_bbe2192ae099d420,2,1,0.0005649874801747
RU-A1251,img_62a1e3c01176e5ea,2,1,0.0033497987315058
RU-A1251,img_98d9bd347e7dca9c,2,1,0.0024624890647828
RU-A1251,img_fc56cd99f782bd0a,2,1,0.0008442447870038
RU-A1251,img_98af12855b0e7a13,2,1,0.0858099609613418
RU-A1251,img_db3f7d60f735ecbc,2,1,0.1772808730602264
RU-A1251,img_5666a5cd5bd0e47c,2,1,0.3734418153762817
RU-A1251,img_6a5849527105d664,2,1,0.1074319332838058
RU-A1252,img_64312d924d92e23b,2,0,0.0014271796680986
RU-A1252,img_ed9223aa6ace71e9,2,0,0.0094760674983263
RU-A1252,img_549dc037d491a696,2,0,0.0007014474249444
RU-A1252,img_4e3b338be34c9d38,2,0,0.0006779814139008
RU-A1252,img_1229ea2445e71815,2,0,0.0024115431588143
RU-A1252,img_3f861a7833361ca2,2,0,0.0029099208768457
RU-A1252,img_a63f7b50351280f1,2,0,0.0002695177099667
RU-A1252,img_63a26b05ae24e71e,2,0,0.0004033178847748
RU-A1252,img_20bf0be79d47c78b,2,0,0.0001980889646802
RU-A1252,img_b11e68f0000cf42d,2,0,0.0002372427115915
RU-A1252,img_ab24060abf7e2b5a,2,0,0.0191819202154874
RU-A1252,img_f3fe90b8d540e894,2,0,0.0585972964763641
RU-A1252,img_d0f362f52a0f8893,2,0,0.0002491105988156
RU-A1252,img_d53477674959abf2,2,0,0.0006884702015668
RU-A1252,img_40eca33277dbef3a,2,0,0.0002636942081153
RU-A1252,img_a8dfa2b3f56a932b,2,0,0.0002388935827184
RU-A1252,img_8e205f4c444de7a7,2,0,0.0015261945081874
RU-A1252,img_101a46fad5805961,2,0,0.022152442485094
RU-A1252,img_84c0e68ffc4e74f7,2,0,0.0007210963522084
RU-A1252,img_6ea321d0ea22adf8,2,0,0.0006562658236362
RU-A1252,img_fadc9151e90eb6be,2,0,0.0149234142154455
RU-A1252,img_2ea72473b736af7f,2,0,0.0025345180183649
RU-A1252,img_f1c1d69ac3d58479,2,0,0.0006281035603024
RU-A1252,img_49bb7dff4e6f9a40,2,0,0.000843473651912
RU-A1252,img_657d8f17dcf690e5,2,0,0.0003563915088307
RU-A1252,img_0f8593592fbe074b,2,0,5.917427915846929e-05
RU-A1252,img_e40f5ee990f881e9,2,0,0.0071143982931971
RU-A1252,img_cbefeef31ea64e78,2,0,0.0042168446816504
RU-A1252,img_0745a2dbb2e98fd9,2,0,0.0007978064240887
RU-A1252,img_c0cf11b324e4ffe3,2,0,0.0005871292087249
RU-A1252,img_9db3aaf1d03fe174,2,0,0.0001331533567281
RU-A1252,img_5448d64c6289d498,2,0,3.546163861756213e-05
RU-A1252,img_2b24113199a30b16,2,0,0.0003518975281622
RU-A1252,img_dd4c063159a69006,2,0,0.0001721714797895
RU-A1252,img_e720fe8c0fd5bb6d,2,0,0.129628300666809
RU-A1252,img_da34bd5c422736bf,2,0,0.0019489844562485
RU-A1252,img_af56dcaa762d52a3,2,0,3.631920480984263e-05
RU-A1252,img_04eb48325d3eeadf,2,0,0.0003300906682852
RU-A1252,img_47dca7d163b82cea,2,0,0.0003791390336118
RU-A1252,img_4d855547d6d490f2,2,0,0.0002995363611262
