pid,image_id,fold,y_true,proba
RU-A1156,img_2919fb9629af8eb6,4,1,0.0206863079220056
RU-A1156,img_d113fcf2b340674b,4,1,0.0127997994422912
RU-A1048,img_615157a6f6318fc0,0,1,0.0866921320557594
RU-A1048,img_1af1a8ac1245dd39,0,1,0.0386571176350116
RU-A1048,img_0434b8184663ea6a,0,1,0.706629753112793
RU-A1048,img_1347dbe04673e854,0,1,0.4140105247497558
RU-A1048,img_5e7df910a2c0ac34,0,1,0.97784823179245
RU-A1048,img_01a97ea00547c5bf,0,1,0.8832187652587891
RU-A1048,img_cdd19bc4e12d3f46,0,1,0.1447607278823852
RU-A1048,img_a2d37942a0dbbc96,0,1,0.1140372157096862
RU-A1048,img_5410faa7cb69fefd,0,1,0.0180393531918525
RU-A1048,img_02224c7fbd4dd58a,0,1,0.0920889899134635
RU-A1048,img_76da8f0577c13e22,0,1,0.0369165390729904
RU-A1048,img_77a1e9fda7d6f6ed,0,1,0.0145994564518332
RU-A1048,img_393086b1d76cf2e3,0,1,0.9922900795936584
RU-A1048,img_2daa10ddecff8b06,0,1,0.988512635231018
RU-A1048,img_583fd0ffd3a7fae2,0,1,0.2455124408006668
RU-A1048,img_7efb7f864b447cc7,0,1,0.4212052822113037
RU-A1048,img_5cc8a8b1f0819e10,0,1,0.8404960632324219
RU-A1048,img_0ada6a07b5b250db,0,1,0.6471496224403381
RU-A1048,img_2dc9bdc31e605b73,0,1,0.1408686935901641
RU-A1048,img_19c1e67cae61b925,0,1,0.3324384689331054
RU-A1048,img_f905a8654c65f429,0,1,0.4678079783916473
RU-A1048,img_da5f0762a08801b8,0,1,0.1767836362123489
RU-A1048,img_9e431fa94056e03b,0,1,0.7469379305839539
RU-A1048,img_552958db4b80a3c8,0,1,0.4622344970703125
RU-A1080,img_53d27e21f6293a1a,3,0,0.0026498611550778
RU-A1080,img_e4462661e8adeeaa,3,0,0.0035092094913125
RU-A1080,img_b7c02f7e41a921b7,3,0,0.0061467690393328
RU-A1080,img_f6c8588b96713ccc,3,0,0.0046979412436485
RU-A1080,img_e7e6926b0c5d8fe3,3,0,0.0001322584430454
RU-A1080,img_763a8069a29b9b05,3,0,0.0001936897897394
RU-A1080,img_a0004c6821cef0f7,3,0,0.0004142548714298
RU-A1080,img_a98e6efe9c8de603,3,0,0.0001087624114006
RU-A1080,img_cb025e3782630dbe,3,0,0.0017580913845449
RU-A1080,img_8f18c4773b2ced5b,3,0,0.9979390501976012
RU-A1080,img_49be88c649c5c5be,3,0,0.9051023721694946
RU-A1089,img_e22a379091047774,1,1,0.1197890490293502
RU-A1089,img_bdfb8c59d943520a,1,1,0.1367197334766388
RU-A1099,img_ced36bdbc001ccc5,2,1,0.0058720782399177
RU-A1099,img_934d287b5ca033af,2,1,0.0038598196115344
RU-A1099,img_605490138f3b6cce,2,1,0.0039873286150395
RU-A1099,img_5f889a4ac2057fb5,2,1,0.0018524543847888
RU-A1099,img_026898dfaf220c28,2,1,0.0084184510633349
RU-A1099,img_09b90c24774e7828,2,1,0.0050032599829137
RU-A1099,img_ca690feda1d750fa,2,1,0.1031203866004943
RU-A1099,img_76769bde8f825629,2,1,0.0745512098073959
RU-A1107,img_9d423112ae60515f,0,0,0.0008319196640513
RU-A1107,img_70c41eda32a6d457,0,0,0.0001922040100907
RU-A1107,img_698fb297a7c6039d,0,0,0.1200008764863014
RU-A1107,img_5a3419b739374530,0,0,0.0780966579914093
RU-A1016,img_1d66366cc1998061,1,0,0.0690064281225204
RU-A1016,img_d645bb77266d216e,1,0,0.0517894439399242
RU-A1016,img_da759c53188dfdb3,1,0,0.1062042266130447
RU-A1016,img_2855963ede417424,1,0,0.4251852333545685
RU-A1016,img_23ca300f480bc79f,1,0,0.1978797167539596
RU-A1016,img_1a7a1dd3d46fc9a1,1,0,0.0134193124249577
RU-A1016,img_70a1cef338771195,1,0,0.8133673667907715
RU-A1016,img_7a817b858d664095,1,0,0.7588086128234863
RU-A1016,img_10fa9ab5f75b2e02,1,0,0.0816800445318222
RU-A1016,img_7ba1a59cd0f4ad6d,1,0,0.0158706232905387
RU-A1016,img_629dc507d72bad23,1,0,0.026498707011342
RU-A1052,img_30ccafa79b1e5c28,2,0,0.0139801865443587
RU-A1052,img_8ce1046e2ebff118,2,0,0.0793202593922615
RU-A1052,img_78ad139745c96657,2,0,0.0238001476973295
RU-A1052,img_0a077b8d620d3f1f,2,0,0.0320154540240764
RU-A1052,img_574ca5460edab67d,2,0,0.0249719526618719
RU-A1052,img_1e8f662b5872bf74,2,0,0.0160840656608343
RU-A1052,img_689f29f80d42312b,2,0,0.0006644535460509
RU-A1052,img_89074b12d5e3769f,2,0,0.0008996027754619
RU-A1052,img_6e69a1cffb1797fe,2,0,0.0056755854748189
RU-A1052,img_bb88c76ad332f52c,2,0,0.0004812462721019
RU-A1052,img_6b9803ba9e3f4d39,2,0,0.0001674756931606
RU-A1052,img_345241a2162f61a8,2,0,0.0128646176308393
RU-A1058,img_8ca9b1dfea8f445b,2,0,0.0098416320979595
RU-A1058,img_1448eb37b91dfbf2,2,0,0.0011726537486538
RU-A1058,img_d1a2c8e18334ad60,2,0,0.0352883897721767
RU-A1058,img_1285bc76185e755d,2,0,0.0212598089128732
RU-A1058,img_ac7b7097852242e3,2,0,0.0874239802360534
RU-A1058,img_87af2e58ec90a397,2,0,0.0168098378926515
RU-A1058,img_53f9e1bf5a2928fd,2,0,0.0750560164451599
RU-A1058,img_0c6632a19da1d320,2,0,0.0736928284168243
RU-A1058,img_1397bd6a0fcbb42b,2,0,0.0001192934360005
RU-A1058,img_8ab00ebe9c4df78f,2,0,0.000188917008927
RU-A1058,img_ffed7cab95661d93,2,0,9.963819320546464e-05
RU-A1058,img_9b6fdf227782fd34,2,0,9.13405674509704e-05
RU-A1058,img_bd58a96c7a49a8fa,2,0,0.0005364284734241
RU-A1058,img_f01449513fc32162,2,0,0.0007982288952916
RU-A1058,img_7722642afa3d1969,2,0,0.0039147562347352
RU-A1058,img_588134547734a2ad,2,0,0.0006395441596396
RU-A1058,img_fc9442cf9ee7d0a7,2,0,0.0020960890688002
RU-A1058,img_bacc99d5d573c2f7,2,0,0.0248071253299713
RU-A1058,img_a813e15ee1fb49a5,2,0,0.0022990903817117
RU-A1058,img_6b4c91c46e2ee9e7,2,0,0.0004690234200097
RU-A1058,img_6e04fb5a35747565,2,0,0.0002814294130075
RU-A1058,img_6cb909bef7a2df08,2,0,0.0006928902585059
RU-A1058,img_01172d93cf2bd66a,2,0,0.0134041933342814
RU-A1058,img_0d38dc280a0ed213,2,0,0.011645482853055
RU-A1074,img_a0861ea9e7660989,2,0,0.0006943354965187
RU-A1074,img_e145a6fa6dd942f6,2,0,0.0005531859933398
RU-A1074,img_31f3a4018f5dd8d0,2,0,0.0051319655030965
RU-A1074,img_c944a6f2be7b4fe9,2,0,0.001685747061856
RU-A1074,img_36173f5c1e011c0d,2,0,0.1299456357955932
RU-A1074,img_1a8ed1c40c6e7e5f,2,0,0.1546684950590133
RU-A1098,img_3ae15fde7f9afade,3,0,0.001607654732652
RU-A1098,img_905e1b987819fed4,3,0,0.003327123587951
RU-A1098,img_37c256109ac3a823,3,0,0.0002931505150627
RU-A1098,img_e00095b434bed28d,3,0,6.448966450989246e-05
RU-A1098,img_4fdbe66edfebdc04,3,0,0.0002345507382415
RU-A1098,img_dc432a1c6eaf385c,3,0,0.0002762726799119
RU-A1098,img_31a7b21a748aed23,3,0,0.0566990599036216
RU-A1098,img_1cccaf4a04648eb1,3,0,0.0739057064056396
RU-A1050,img_d2ef31434a0fff6e,3,1,0.0002173698012484
RU-A1050,img_ee0066527d1c4cd6,3,1,0.0002635356213431
RU-A1068,img_0dc274e4a92e9052,2,0,0.0008602265734225
RU-A1068,img_c865d5a832893e9b,2,0,0.0485217943787574
RU-A1068,img_164e07147199a243,2,0,0.0760878250002861
RU-A1068,img_fac566c3c6c081fd,2,0,0.0067021641880273
RU-A1068,img_fadbd2819e4b7f0b,2,0,0.1509394943714141
RU-A1068,img_6195cb9ef196e838,2,0,0.0046350015327334
RU-A1068,img_df1bb1f949077480,2,0,0.1190103515982627
RU-A1068,img_ccdb8b939171d9df,2,0,0.0154563290998339
RU-A1068,img_1480e4fb992468df,2,0,0.0009933079127222
RU-A1068,img_93521b4fc9a39744,2,0,9.183655492961408e-05
RU-A1068,img_0ef6c053a1efa9cb,2,0,5.645279452437535e-05
RU-A1068,img_25d8ce440d731440,2,0,4.395923679112457e-05
RU-A1068,img_a1eb985fcd771a63,2,0,0.0695659592747688
RU-A1068,img_6919fc42f2cb0292,2,0,0.0674484372138977
RU-A1069,img_29fea1742bde81f1,3,0,0.0096136452630162
RU-A1069,img_d3537ec084088385,3,0,0.0314543284475803
RU-A1069,img_5f90bb3a75a84565,3,0,0.0249280221760272
RU-A1069,img_89432fed4f986adb,3,0,0.1269664764404297
RU-A1069,img_7a36ca777906472c,3,0,0.2234554290771484
RU-A1069,img_dbe15317497aec02,3,0,0.1249811872839927
RU-A1069,img_00881378b5922b46,3,0,0.1152873784303665
RU-A1069,img_11333961ba50a402,3,0,0.0501603968441486
RU-A1069,img_2730485b8df5a181,3,0,0.0117112174630165
RU-A1069,img_144d587daae63140,3,0,0.0021707438863813
RU-A1069,img_9e907ab2c0c5f60f,3,0,0.1531067788600921
RU-A1069,img_c2312dc45a9ee6c9,3,0,0.211334154009819
RU-A1069,img_66f1fc5d75ccad3c,3,0,0.3942961990833282
RU-A1069,img_f40cefc5aabb8685,3,0,0.0432174578309059
RU-A1069,img_3539ec17c0f6dc19,3,0,0.1196755245327949
RU-A1069,img_2f445d43cb6a4c34,3,0,0.0919334217905998
RU-A1069,img_096a19e1485e3e1d,3,0,0.0474804416298866
RU-A1069,img_38e65d5e417cbbd8,3,0,0.0181762669235467
RU-A1069,img_b7487da3d4cbfd51,3,0,0.2463832050561905
RU-A1069,img_de7f3391803d823e,3,0,0.4522975087165832
RU-A1069,img_ec74d794cb0c8612,3,0,0.0019469014368951
RU-A1069,img_fd9e9ef128d318ca,3,0,0.0020926808938384
RU-A1069,img_1958472f7c720185,3,0,0.0013557429192587
RU-A1069,img_1c977fc3cb36e35c,3,0,0.0003449409268796
RU-A1069,img_dc6e72e5addf23c9,3,0,0.0059500564821064
RU-A1069,img_1c331cded5089a43,3,0,0.0043180831708014
RU-A1069,img_902a4cff1b93d849,3,0,0.0048241782933473
RU-A1069,img_be34d14764caec98,3,0,0.0052511035464704
RU-A1069,img_14783106ce96dfba,3,0,0.0578612722456455
RU-A1069,img_f7009805dff8f9cf,3,0,0.0480644740164279
RU-A1069,img_cbe30f9cebd532ad,3,0,0.2962237596511841
RU-A1069,img_807f692be3a97d7b,3,0,0.2326047718524933
RU-A1071,img_f1bf7e185918828e,0,1,0.958750307559967
RU-A1071,img_6764b3bb82303282,0,1,0.989207684993744
RU-A1071,img_255ba469849c7fbe,0,1,0.9955257773399352
RU-A1071,img_fb8cdf71da917259,0,1,0.9683784246444702
RU-A1071,img_5d53ba894d46933e,0,1,0.960049033164978
RU-A1071,img_18981532a2de742f,0,1,0.9847276210784912
RU-A1072,img_e4d19559ce6c7c5b,0,0,0.0677764415740966
RU-A1072,img_745564efb4b1aedf,0,0,0.0486595667898654
RU-A1072,img_b9428b3d585b9fee,0,0,2.766354327832232e-06
RU-A1072,img_30d0d7cbd2ae936d,0,0,2.272404162795283e-05
RU-A1072,img_09350acbf91fa1d1,0,0,0.0074894786812365
RU-A1072,img_e96f4fedd84d477b,0,0,0.0014565761666744
RU-A1072,img_2a6459477585e3f1,0,0,0.8212958574295044
RU-A1072,img_f1dbff2a22171d4e,0,0,0.9279866814613342
RU-A1073,img_8dba78fb4cbfdcb2,4,0,0.0012118014274165
RU-A1073,img_510a24476049a246,4,0,0.0001172186239273
RU-A1073,img_05613777d7d60acf,4,0,0.4436181485652923
RU-A1073,img_69a449be8babb7c4,4,0,0.0016397619619965
RU-A1073,img_bf31b7c2b9a2c89a,4,0,0.0007369989180006
RU-A1073,img_ccdf9e7d4d800d31,4,0,0.0005736471503041
RU-A1073,img_9d374727786014d6,4,0,0.9895228743553162
RU-A1073,img_3eeff4e77fc6c6ee,4,0,0.8565416932106018
RU-A1073,img_a658cde89dc61e4f,4,0,0.8046225905418396
RU-A1073,img_8adf2d3bfaa855df,4,0,0.9009844660758972
RU-A1073,img_43ce6eaffe64af70,4,0,0.8662769198417664
RU-A1076,img_bb2fb924b90d812c,1,0,0.1101461723446846
RU-A1076,img_0744d508411907b0,1,0,0.0616358667612075
RU-A1076,img_611f27940adb49c8,1,0,0.0063653942197561
RU-A1076,img_644a8a6165b936ba,1,0,0.1634777635335922
RU-A1076,img_534fc301f6b1e833,1,0,0.4496089220046997
RU-A1076,img_fa80805e4426bc0e,1,0,0.4498680233955383
RU-A1076,img_8ca4a7fbe4e032bb,1,0,0.9680655002593994
RU-A1076,img_4835ab32c70833cc,1,0,0.9484401345252992
RU-A1126,img_4ddb1f110e63c31b,2,0,0.003873587353155
RU-A1126,img_35bf6e4514660541,2,0,0.003496260382235
RU-A1126,img_f242ba277c2de047,2,0,0.0048688654787838
RU-A1126,img_dae060c5b2c5ecf1,2,0,0.0068283798173069
RU-A1126,img_a7f819e1627380f3,2,0,0.0015292086172848
RU-A1126,img_46103a5600e7d5d5,2,0,0.0010843782220035
RU-A1126,img_d4f2f36284da00ee,2,0,0.0071709919720888
RU-A1126,img_4e09a720d179bb90,2,0,0.0017074794741347
RU-A1126,img_101a1e6361f5d305,2,0,0.0011729671387001
RU-A1126,img_377d04c2fcdda1f4,2,0,0.0110153928399086
RU-A1126,img_4586a68b3d2249a8,2,0,0.0045036221854388
RU-A1126,img_53cab7963dfdb145,2,0,0.0230519063770771
RU-A1126,img_39d5cad440ad53bc,2,0,0.0880047529935836
RU-A1126,img_056bdeb69b8eb219,2,0,0.0029018202330917
RU-A1126,img_a26eb1715e61d6d7,2,0,0.0009645300451666
RU-A1126,img_f7128edd69c5262b,2,0,0.0001009898114716
RU-A1126,img_69984608b5a511ee,2,0,0.0131937218829989
RU-A1126,img_aeb0d9f5e4463af5,2,0,0.0112866470590233
RU-A1126,img_f0814c91261a030c,2,0,0.0174760930240154
RU-A1126,img_7a8b9e8f09a41c3e,2,0,3.424562237341888e-05
RU-A1126,img_9666940deb9aa619,2,0,5.884384154342115e-05
RU-A1126,img_8f58731f05b2d28f,2,0,0.0102481264621019
RU-A1126,img_bb03e6e5f4e38473,2,0,0.01162800937891
RU-A1127,img_65f135634172bf81,0,0,0.000854305922985
RU-A1127,img_e11c00a5e4be1445,0,0,9.779491665540264e-05
RU-A1127,img_bd270699ec7182d8,0,0,0.000519540219102
RU-A1127,img_e435f67edcf96df7,0,0,0.0040600928477942
RU-A1127,img_a43b0bab4cd1ed22,0,0,0.0214812662452459
RU-A1127,img_fc88faf9ee7ce35a,0,0,0.1068287789821624
RU-A1127,img_26041efc1df315c9,0,0,0.0004418272001203
RU-A1127,img_7a642b7a90127e64,0,0,1.6286587197100744e-05
RU-A1127,img_99531d809548016a,0,0,1.9879340470652096e-05
RU-A1127,img_af09bc5d6bba7a42,0,0,0.0010232635540887
RU-A1127,img_b6e2d573eaf7b7cd,0,0,0.0104805808514356
RU-A1127,img_f9f954868257ad47,0,0,0.0104680182412266
RU-A1127,img_db6a9fd49d75710d,0,0,0.0241448935121297
RU-A1127,img_83a990ec838630eb,0,0,0.0001493652234785
RU-A1127,img_0ca49a5a34306a63,0,0,0.0287670865654945
RU-A1127,img_258742d4f1fa433c,0,0,0.015144320204854
RU-A1128,img_f4c5b5b86d18cce6,0,0,0.0013601867249235
RU-A1128,img_204eec53a566d1b7,0,0,0.0004638750397134
RU-A1128,img_701ac62ee9a3469d,0,0,3.78140939574223e-05
RU-A1128,img_789ac8a72d2f1104,0,0,0.0002380969963269
RU-A1128,img_eec002ba891bdbc6,0,0,0.0074421912431716
RU-A1128,img_8b119e966f9ca72f,0,0,0.0114210192114114
RU-A1128,img_c853576ec6962317,0,0,0.0006121559999883
RU-A1128,img_e716f023a7d8d739,0,0,0.0002053942880593
RU-A1128,img_538d5666e7520d8e,0,0,0.0001176305668195
RU-A1128,img_7a5261be4e4997f3,0,0,0.0005007716827094
RU-A1128,img_0f7370c1b633d224,0,0,0.0001343265903415
RU-A1128,img_ac771a3bced2f6b2,0,0,0.0001430691627319
RU-A1129,img_f6039f0947ed5b6b,3,0,0.0004158997617196
RU-A1129,img_e3e37d1eb88750cc,3,0,0.0025162557139992
RU-A1129,img_89e7758c27344884,3,0,0.0554617457091808
RU-A1129,img_be95c5b90c88c440,3,0,0.0001283614110434
RU-A1129,img_48e7aa056995efae,3,0,0.0030517536215484
RU-A1129,img_137a5b427d8d4a64,3,0,0.0037858309224247
RU-A1129,img_6dd6e89d47bb86fe,3,0,0.0053418623283505
RU-A1129,img_e4c96351506b7f65,3,0,0.0001722703600535
RU-A1129,img_697570746b7b3079,3,0,0.00150635803584
RU-A1129,img_7bd0ed37218258ca,3,0,0.0002748110273387
RU-A1129,img_50278f3d469627de,3,0,0.0070778215304017
RU-A1129,img_d9a943c8560821a6,3,0,0.0048191579990088
RU-A1129,img_85c9554d7ea88341,3,0,0.0081200376152992
RU-A1129,img_25bf6bfb7549cdbb,3,0,0.1395957916975021
RU-A1129,img_1655afc496e7bcb4,3,0,0.0286957900971174
RU-A1129,img_b2c49f4a3ff85489,3,0,0.1007955372333526
RU-A1129,img_17dbaff41152c136,3,0,0.0100599350407719
RU-A1129,img_d293e37da6fcf502,3,0,0.0034388401545584
RU-A1130,img_48323da9bd082bec,3,0,0.0898446068167686
RU-A1130,img_2e06ce1cead79d54,3,0,0.035197090357542
RU-A1130,img_12daf29661aac061,3,0,0.0486295521259307
RU-A1130,img_353bf259c477ee37,3,0,0.1889316290616989
RU-A1130,img_f7fb6cc5bc7d9e73,3,0,0.0018670245772227
RU-A1130,img_aa569dc1ef97c1fb,3,0,0.0065657976083457
RU-A1130,img_f0b2453f76d15da4,3,0,0.0012793645728379
RU-A1130,img_507260ca6a53b174,3,0,0.0002701902121771
RU-A1130,img_9b3878bfe27b7895,3,0,0.1438728719949722
RU-A1130,img_1f3a2d6655b84224,3,0,0.1497478932142257
RU-A1130,img_06f79d1195bec41d,3,0,0.0155140506103634
RU-A1130,img_79ef52bffc6ec78f,3,0,2.8628734071389772e-05
RU-A1130,img_04ae63b035263d00,3,0,0.0024659633636474
RU-A1130,img_bb74e7be37127015,3,0,0.0013261346612125
RU-A1130,img_949e23c2f2fd1016,3,0,0.0002850150340236
RU-A1130,img_1d4b352986086f6e,3,0,0.0005290080443955
RU-A1130,img_67e7de3d28cb8496,3,0,0.0007331453962251
RU-A1130,img_3d0e575a22dab7e5,3,0,0.0001207469977089
RU-A1130,img_f6bf7c99481933fb,3,0,4.8315589083358645e-05
RU-A1130,img_802074d2422790a7,3,0,2.262056113977451e-05
RU-A1130,img_988057f0440d7c5a,3,0,6.850088993815007e-06
RU-A1131,img_0b749114d42daca0,3,0,0.0097622033208608
RU-A1131,img_5a88d83db18de295,3,0,0.045467272400856
RU-A1131,img_c106cde4c966041d,3,0,0.0150494826957583
RU-A1131,img_57defb92f758f758,3,0,0.0167698580771684
RU-A1131,img_c81cafa07f26cb7e,3,0,0.0129754906520247
RU-A1131,img_5c087d1a854b4a31,3,0,0.0009221045183949
RU-A1131,img_f79fbf1df0c8321a,3,0,0.007760050240904
RU-A1131,img_dd162b079b094840,3,0,0.0604765526950359
RU-A1131,img_893f0d3825b554d5,3,0,0.0145445968955755
RU-A1131,img_57327063d7b6d713,3,0,0.1467388272285461
RU-A1131,img_f49e388ae10e67df,3,0,0.084295816719532
RU-A1131,img_f3b4d6a85cb88d27,3,0,0.0014721865300089
RU-A1131,img_cdadac931b08d3a6,3,0,0.0039257532916963
RU-A1131,img_31d53487459c03e8,3,0,0.012771937996149
RU-A1131,img_d1a41c081f78e132,3,0,0.0100125921890139
RU-A1131,img_b465ca99fe1f18a9,3,0,0.0002263201749883
RU-A1131,img_1c7146e0f3eede9b,3,0,0.0029376065358519
RU-A1131,img_58c3d1ce15725046,3,0,0.2957608103752136
RU-A1131,img_0c4dd14694c4841c,3,0,0.2634091973304748
RU-A1131,img_fc9b22f519120fb5,3,0,0.5537438988685608
RU-A1131,img_f07e722dd1aa4c6c,3,0,0.3981028199195862
RU-A1131,img_aceab744e6062350,3,0,0.8787267208099365
RU-A1131,img_b5e57ad9415462a0,3,0,0.3857265412807464
RU-A1131,img_5a09de8c7641ec04,3,0,0.0790841728448867
RU-A1131,img_df5a094a4793e8cf,3,0,0.0400031544268131
RU-A1131,img_a93bc4f399fcddb0,3,0,0.1292736530303955
RU-A1131,img_e1ce17f85c54665c,3,0,0.0437617413699626
RU-A1132,img_15cf412b8a36ef71,4,0,0.0027308887802064
RU-A1132,img_0b7a2191dae0145e,4,0,0.0107857258990406
RU-A1132,img_bd3bef2fda7e9294,4,0,0.0026821843348443
RU-A1132,img_c56c490910e5f114,4,0,0.0016106546390801
RU-A1132,img_29fe3d927d718862,4,0,0.0020782202482223
RU-A1132,img_6637779fbed35c03,4,0,0.0034201231319457
RU-A1133,img_4dd30ef220739129,2,0,0.0024461799766868
RU-A1133,img_9fdb3004006fb583,2,0,0.0040916725993156
RU-A1133,img_0f8a84c5585db9e0,2,0,0.0003559134493116
RU-A1133,img_7e599e22da3e9ad2,2,0,0.0002242850023321
RU-A1133,img_16ad54908803d355,2,0,0.0005676777218468
RU-A1133,img_b8b1d03099d3b68e,2,0,0.0009811549680307
RU-A1133,img_1d0da9d20fc15170,2,0,0.0042330543510615
RU-A1133,img_5dbafefa1884bcc9,2,0,0.0017704351339489
RU-A1133,img_1e853a199f94bd0c,2,0,0.00109047756996
RU-A1133,img_dde17dbd58b9b1d3,2,0,0.0002485827135387
RU-A1133,img_e2caff634357bc0e,2,0,5.2774274081457406e-05
RU-A1133,img_03ef30754e533a31,2,0,0.0097902519628405
RU-A1133,img_a77f45575c65a286,2,0,0.0111376764252781
RU-A1133,img_01396c8e70449092,2,0,0.0060962960124015
RU-A1133,img_0eba25a0a12d1eb2,2,0,0.0006551964906975
RU-A1133,img_4798318cde3a1421,2,0,0.0013476078165695
RU-A1133,img_203649cdb542ecee,2,0,0.0024003980215638
RU-A1134,img_ed36ea9af7ad3d98,4,0,0.0066729811951518
RU-A1134,img_376ff3f0d8fe329a,4,0,0.0049315951764583
RU-A1134,img_9e4e935346f1d491,4,0,0.0060861282981932
RU-A1134,img_ff0b2d613e853bc2,4,0,0.0050028823316097
RU-A1135,img_56952127417c94b0,1,0,0.0002681975602172
RU-A1135,img_49f60fe3a815bbb9,1,0,7.48684979043901e-05
RU-A1135,img_effb746d58a61371,1,0,0.002802858594805
RU-A1135,img_97a67ce819773434,1,0,4.810988684766926e-05
RU-A1135,img_74533c5080577f94,1,0,0.0006066353525966
RU-A1135,img_a95e9e26848f273f,1,0,0.0010315536055713
RU-A1135,img_8e6f25b814f1bd4f,1,0,0.0018070583464577
RU-A1135,img_0d8b5d72aa37485c,1,0,0.0003601499192882
RU-A1135,img_e2207ad1fa5aaaf2,1,0,0.0037254265043884
RU-A1135,img_5745b0875fce9cd8,1,0,0.0025855971034616
RU-A1135,img_c474af5a94d6c7e7,1,0,5.0776925490936264e-05
RU-A1135,img_8c32590e51086ca3,1,0,0.0001607187296031
RU-A1135,img_c82d8de6b91030fb,1,0,0.0023192616645246
RU-A1135,img_c9e464554cddf543,1,0,0.0003888593346346
RU-A1135,img_a173b1dde10d4bc3,1,0,1.9099477867712267e-05
RU-A1135,img_017660fbfe2280a5,1,0,1.8316321074962616e-05
RU-A1135,img_065ea38bcd0c7c62,1,0,0.0174170527607202
RU-A1135,img_a9479de5e22db8bd,1,0,0.0040081031620502
RU-A1136,img_e5219e7b26eb73b1,0,0,0.0179594289511442
RU-A1136,img_8e6c90ed9efe226e,0,0,0.0576683208346366
RU-A1136,img_db87d54477455f59,0,0,0.6244048476219177
RU-A1136,img_5f0e93cb50037c12,0,0,0.3349096775054931
RU-A1138,img_931d5f624e33e830,4,0,0.0032690134830772
RU-A1138,img_94fdc2acc712d855,4,0,0.0092106387019157
RU-A1138,img_9670dd15697b9414,4,0,0.0008805167744867
RU-A1138,img_52e3fb1a3a09f5fb,4,0,0.0008970519993454
RU-A1139,img_a0a0681c0f504288,3,0,0.003580697113648
RU-A1139,img_80ff552783e0160d,3,0,0.0044257529079914
RU-A1139,img_3fb25d283203ec69,3,0,0.0009471987723372
RU-A1139,img_c09c2cf650dadbe0,3,0,0.0005640356685034
RU-A1139,img_4f592f8b7198c69f,3,0,0.000514895946253
RU-A1139,img_0243ed6625d457b6,3,0,0.0008888971642591
RU-A1139,img_396bfcc16f61b215,3,0,0.0006010511424392
RU-A1139,img_456c20f1e038272d,3,0,0.0054234750568866
RU-A1139,img_a5eb0bce84817083,3,0,0.0012614217121154
RU-A1139,img_215eac80c8974f54,3,0,0.001861264463514
RU-A1139,img_35dc2dfe80bae39d,3,0,0.0009346257429569
RU-A1139,img_b961ac4ec3ae188f,3,0,0.0204466618597507
RU-A1139,img_b1f87444687720ea,3,0,0.0181153323501348
RU-A1139,img_dab42944989b11f2,3,0,0.0616223216056823
RU-A1139,img_8d942fb94cd14302,3,0,0.0087760873138904
RU-A1139,img_a8edc153e0a81e64,3,0,0.0147474464029073
RU-A1139,img_a53b36472b667b61,3,0,0.7010851502418518
RU-A1139,img_434603eb41ab48f0,3,0,0.7884835004806519
RU-A1139,img_2f2d73ad430f52d7,3,0,0.0313063785433769
RU-A1139,img_26fb18c28a6e53e6,3,0,0.073472261428833
RU-A1140,img_26c110293f70dad1,4,0,0.0014081600820645
RU-A1140,img_ae5e7eba2b3aa7c8,4,0,0.007477143779397
RU-A1140,img_00fa53f51edf4895,4,0,6.084749838919379e-05
RU-A1140,img_f3cbda6c7488e42c,4,0,0.0002166330232284
RU-A1140,img_194d27375a4fa5c6,4,0,0.11639004945755
RU-A1140,img_a05d92da8b327445,4,0,0.2969542145729065
RU-A1140,img_7413a2de0aa0174b,4,0,0.2098173052072525
RU-A1140,img_34889222a498afd6,4,0,0.1193266659975051
RU-A1141,img_ecdabe6a3e49ccd3,2,0,0.0039597484283149
RU-A1141,img_4fb7b38c4698ebf3,2,0,0.0023422630038112
RU-A1141,img_41475682c2aebfc3,2,0,0.000942685524933
RU-A1141,img_fbf2ba863bd19b3b,2,0,0.0043685394339263
RU-A1141,img_db6786c3dcf16060,2,0,0.0005645368946716
RU-A1141,img_ed6f3e7f8d72d048,2,0,0.0031494442373514
RU-A1141,img_03641367c2f44142,2,0,0.0402900949120521
RU-A1141,img_b9237598d9256f2c,2,0,0.0672112107276916
RU-A1141,img_e3ded371448f2b8a,2,0,0.0009568698587827
RU-A1141,img_c3f74ba3c8f13502,2,0,0.0006064839544706
RU-A1141,img_c1e472cb347b9bf7,2,0,0.0005567430052906
RU-A1141,img_268532d45961e5a1,2,0,0.0002870151947718
RU-A1142,img_b2ad183e525f10c1,2,0,0.0191652718931436
RU-A1142,img_25c26e43a8315a84,2,0,0.0125778997316956
RU-A1142,img_6ce18d9da5068176,2,0,0.0002820506924763
RU-A1142,img_65057f6d6bc448f5,2,0,0.0111172990873456
RU-A1142,img_bdc73face27cb757,2,0,0.0132929477840662
RU-A1142,img_a73b2795321d87fd,2,0,0.0103199267759919
RU-A1142,img_a4dec0f8826348fa,2,0,0.0037637609057128
RU-A1142,img_70f42d3489e475e8,2,0,3.612872751546092e-05
RU-A1142,img_968b51a1720bbe67,2,0,2.739367846515961e-05
RU-A1144,img_2321d2c7c61443d5,1,0,0.2424330115318298
RU-A1144,img_f9fbf54dd971d875,1,0,0.1114658266305923
RU-A1144,img_38e99becd6fe2fa6,1,0,0.0095831844955682
RU-A1144,img_ab4fa3020e4749e6,1,0,0.0128569193184375
RU-A1145,img_5506c96096e2993c,2,0,0.0073082102462649
RU-A1145,img_b2927a9e01e64f71,2,0,0.006919770501554
RU-A1145,img_4a21211935dbf055,2,0,0.008456801995635
RU-A1145,img_ab6ea08957db0f7f,2,0,0.0077662141993641
RU-A1145,img_691cfcc39614dce0,2,0,3.573580033844337e-05
RU-A1145,img_25dcbd43003f67a8,2,0,0.0008723030332475
RU-A1145,img_0326cf3b6e450cc3,2,0,0.0052402503788471
RU-A1145,img_7b523791a95e3682,2,0,0.011504091322422
RU-A1145,img_ee6148fa870aea45,2,0,0.0361696556210517
RU-A1145,img_b464a60724b572f1,2,0,1.194239939650288e-05
RU-A1145,img_85d0c89ba7b1deb2,2,0,0.011023785918951
RU-A1145,img_106c4d1330a25198,2,0,0.0089602330699563
RU-A1145,img_728b520aa9b3df5b,2,0,0.0265024323016405
RU-A1145,img_e5f7b03075ac2b2d,2,0,0.005321707110852
RU-A1145,img_0f524c91d54a0ee1,2,0,0.0044335625134408
RU-A1145,img_8f29a44b434e5073,2,0,0.0007777027203701
RU-A1145,img_6047d9d88baa7ec6,2,0,0.0015986061189323
RU-A1146,img_ced7d37a8dae7e24,0,0,2.730598862399347e-05
RU-A1146,img_15c81a3a70b32e64,0,0,0.0004414632276166
RU-A1146,img_d36a03a1d0789eba,0,0,0.0001582251570653
RU-A1146,img_18a50179b924dc8c,0,0,0.000460270763142
RU-A1146,img_0fed6dfc88b8b783,0,0,0.0063232351094484
RU-A1146,img_f28324d2ab8439c5,0,0,0.0108121586963534
RU-A1146,img_96bbdcf63f1c1f66,0,0,0.0230704471468925
RU-A1146,img_cb16569d14cc9ca2,0,0,0.0136144934222102
RU-A1146,img_547da02fb9eca47e,0,0,0.0009326759027317
RU-A1146,img_4b0b2dc7686d6899,0,0,0.0014703959459438
RU-A1147,img_69e14d7b393117b7,0,0,0.0001197203237097
RU-A1147,img_f5aca410d64307db,0,0,0.0002197282301494
RU-A1147,img_fcdd57bb839a53a4,0,0,0.0001941411173902
RU-A1147,img_3903baa4c4f2c7c7,0,0,0.0007785231573507
RU-A1147,img_402a2adeeaf43be0,0,0,0.0020413224119693
RU-A1147,img_12af5491025ef0ea,0,0,0.0061939465813338
RU-A1147,img_9210309a03851a22,0,0,0.0038663335144519
RU-A1147,img_5ae420538bcec54b,0,0,0.0010352968238294
RU-A1147,img_5e70d2b34946b905,0,0,0.0009983639465644
RU-A1147,img_759efcb3c4356499,0,0,0.4389201700687408
RU-A1147,img_17b76f0a1611d140,0,0,0.6538625359535217
RU-A1147,img_4624055e69a270ac,0,0,0.0048962966538965
RU-A1147,img_ff7accb2b937f7d6,0,0,0.0056553422473371
RU-A1202,img_4c401195a5b2dbc8,1,0,0.0015508019132539
RU-A1202,img_4fbe40f27ae53a8d,1,0,2.0112574929953553e-05
RU-A1202,img_5daedf8cf6d54f2b,1,0,0.0018106590723618
RU-A1202,img_2429b0c9ac82f187,1,0,0.0006612010183744
RU-A1202,img_b968590fd31c6c14,1,0,0.0004924450768157
RU-A1202,img_39d666110e045dd9,1,0,1.4826104234089144e-05
RU-A1202,img_17102de048dbece6,1,0,0.0072801248170435
RU-A1202,img_4aed10f09f507bdc,1,0,0.0029814078006893
RU-A1202,img_96ada6b1a6c5ed2b,1,0,0.0001595918583916
RU-A1202,img_ef363ec5702bcaa8,1,0,0.0004058436898048
RU-A1202,img_78269f2cf0e2576c,1,0,6.120366015238687e-05
RU-A1202,img_8a39d825db4a5db3,1,0,0.0003189845010638
RU-A1202,img_70b5f2968fea226a,1,0,0.00013719323033
RU-A1202,img_69057031549b9606,1,0,9.182446956401692e-05
RU-A1202,img_87243945ec9d81eb,1,0,8.162004814948887e-05
RU-A1201,img_86b52b9e9958cb91,2,0,0.0011420843657106
RU-A1201,img_ebb5fa79a3a0e738,2,0,0.0001308437495026
RU-A1201,img_638a3b81d858d2ac,2,0,0.0009239288629032
RU-A1201,img_0543a375b20dd158,2,0,0.0023200521245598
RU-A1201,img_f4e988516512b4d7,2,0,0.0129221752285957
RU-A1201,img_0b650760c9e26b95,2,0,0.029592964798212
RU-A1203,img_f9649968c9fff551,4,0,0.0032926080748438
RU-A1203,img_1e75a1f1fc6e260c,4,0,0.0027837136294692
RU-A1203,img_097410aaa009b6dd,4,0,0.0008102406281977
RU-A1203,img_c00a3cbe65ad9b25,4,0,0.0005340785719454
RU-A1203,img_13394217e6d79693,4,0,0.000564110931009
RU-A1203,img_08903abb37754c7a,4,0,0.0014255781425163
RU-A1203,img_1ed1e355291bc918,4,0,0.0043561500497162
RU-A1205,img_cb252e7cb6b252b7,3,0,5.403129762271419e-06
RU-A1205,img_e74c1037c323ddbf,3,0,4.8079018597491086e-06
RU-A1205,img_e76f306966d729c7,3,0,0.0025342309381812
RU-A1205,img_eedffc1c166d9a7d,3,0,0.0016166106797754
RU-A1205,img_036397361a161372,3,0,0.0016708184266462
RU-A1205,img_b6a2604d53f26de4,3,0,0.0006801895215176
RU-A1206,img_401d451bf4585e41,0,0,0.9670157432556152
RU-A1206,img_881a18cc6320eb00,0,0,0.9844783544540404
RU-A1206,img_4ad5f238a8ee51e3,0,0,0.9989527463912964
RU-A1206,img_8b4b82c0750ab605,0,0,0.999930739402771
RU-A1206,img_324ae7ad040477db,0,0,0.9988986253738404
RU-A1206,img_e90e80bfa5a79964,0,0,0.0885359495878219
RU-A1206,img_003cb469d8a569c5,0,0,0.3378506898880005
RU-A1206,img_1e2961fc027f93b3,0,0,0.0996610447764396
RU-A1207,img_b494786e9af450da,4,0,0.1121187955141067
RU-A1207,img_4d81d7fe9b422e84,4,0,0.4883718490600586
RU-A1207,img_902232c7c0a3d4c2,4,0,0.0016257787356153
RU-A1207,img_0a7e6f9256c72f06,4,0,0.0003817912947852
RU-A1207,img_8a8f29a0889233c3,4,0,0.0088906697928905
RU-A1207,img_f7666f176e7f7388,4,0,0.0295140091329813
RU-A1207,img_77689d2ad2c3e35c,4,0,0.0025149271823465
RU-A1207,img_c6d609029afdddea,4,0,0.0031355866231024
RU-A1207,img_841ada8e475bba36,4,0,0.0233484506607055
RU-A1207,img_af41e73a224b54c6,4,0,0.0909159183502197
RU-A1207,img_4f2380c6f4e1dbd8,4,0,0.0213289856910705
RU-A1207,img_c5f77a55a52377a3,4,0,0.4923274517059326
RU-A1207,img_a7438582f2d0d331,4,0,0.877453088760376
RU-A1207,img_dd9f802e25fe4573,4,0,0.2479140758514404
RU-A1207,img_a06482114b8a0a58,4,0,0.0449287556111812
RU-A1208,img_17dd2e5560d73f63,4,0,0.056426040828228
RU-A1208,img_d56111bfa714c12e,4,0,0.0303466264158487
RU-A1208,img_a48902cd0e0c7f5b,4,0,0.0004038711776956
RU-A1208,img_bab8b1dc4cdfd884,4,0,0.0002908344031311
RU-A1208,img_60426c88744ab86a,4,0,0.0015159335453063
RU-A1208,img_4b59fab1264f9432,4,0,5.482638880494051e-05
RU-A1208,img_9880b1f7d904b33b,4,0,0.0014976140810176
RU-A1208,img_cb5b16f1a828f7fe,4,0,0.0004244334122631
RU-A1208,img_ec85dbb0087e3358,4,0,0.0002394698531134
RU-A1208,img_78a8e0d97a7f8ac9,4,0,0.0029519402887672
RU-A1208,img_8b6ef4fe53bd38b5,4,0,0.0008578589768148
RU-A1208,img_8278d9a770b28639,4,0,0.0004923000233247
RU-A1208,img_45de160d4d64ac55,4,0,0.0001385049108648
RU-A1208,img_438779e812f8bf6a,4,0,0.0002040244726231
RU-A1208,img_cdb118f39a5b4473,4,0,0.0134075367823243
RU-A1208,img_954bad01cc0ef40b,4,0,0.027530824765563
RU-A1209,img_353fd50f62aca218,2,0,0.0058961804024875
RU-A1209,img_f206a6c21b92305a,2,0,0.0019896724261343
RU-A1209,img_e797af8591a092eb,2,0,0.0067295772023499
RU-A1209,img_609014321771c16c,2,0,0.0063146813772618
RU-A1209,img_cea364c286189852,2,0,0.0140782194212079
RU-A1209,img_c219aea0ff511d86,2,0,0.0261624604463577
RU-A1209,img_dd5c21938494dc52,2,0,0.0073881051503121
RU-A1209,img_f64dc240905f9be2,2,0,0.0060916235670447
RU-A1209,img_cb6236fc3b677115,2,0,1.972219934032182e-06
RU-A1209,img_68a555302192c0fb,2,0,3.85666498914361e-06
RU-A1210,img_61725d0b1b0e0cb2,3,0,0.0049528167583048
RU-A1210,img_155bd3fc8325c70f,3,0,0.0015067085623741
RU-A1210,img_cf00ee9fe2f5ffeb,3,0,0.0001422193163307
RU-A1210,img_6cd9c4dc9e3109cb,3,0,8.554221130907536e-05
RU-A1210,img_47075dae946ac15d,3,0,8.421290112892166e-05
RU-A1210,img_0d38d197dd26f0aa,3,0,0.0002631761017255
RU-A1210,img_672d5348093db90f,3,0,0.0004477686889003
RU-A1210,img_037c13fdc57aedd9,3,0,0.0002236925793113
RU-A1210,img_94ed3aafef16935c,3,0,0.0001574390917085
RU-A1210,img_8e351f771befb897,3,0,0.0001159071762231
RU-A1211,img_0907b22528827814,1,0,0.0751365423202514
RU-A1211,img_eebacaf09c83427e,1,0,0.0024591765832155
RU-A1211,img_4537beab7cb1193c,1,0,5.465282083605416e-05
RU-A1211,img_85441c6c4d0fb8c2,1,0,8.626816270407289e-05
RU-A1211,img_1eacae29803bf21a,1,0,0.011315619572997
RU-A1211,img_4010ea7515699c33,1,0,0.0092371869832277
RU-A1212,img_37e836309c923c11,0,0,0.0242579672485589
RU-A1212,img_582e7b6003f841ef,0,0,0.0016157211503013
RU-A1212,img_9fdccda4397371f9,0,0,0.0009776017395779
RU-A1212,img_08b78af2be2b0564,0,0,0.0001203003994305
RU-A1212,img_b392e12dabd0e65d,0,0,0.0458874218165874
RU-A1212,img_5d1876c815c9ec6d,0,0,0.0295368693768978
RU-A1212,img_e2390075fbdfa4c2,0,0,0.0013188744196668
RU-A1212,img_6ee22e20dbf4cf67,0,0,0.0039298366755247
RU-A1212,img_d252e91988a42408,0,0,0.0027179436292499
RU-A1212,img_f4336d900fedae9e,0,0,0.0030573094263672
RU-A1212,img_17b05618a5de66ac,0,0,0.0001159461899078
RU-A1212,img_3d0b770bfdad6a39,0,0,5.367221092456021e-05
RU-A1212,img_f0029347f2f4f900,0,0,0.0230846032500267
RU-A1212,img_729f4b312b74b92d,0,0,0.0033063010778278
RU-A1213,img_dbfe70b1bfbd5e40,4,0,0.0037461321335285
RU-A1213,img_89b747d14d60745f,4,0,0.0240420456975698
RU-A1213,img_1bdcc8a87c984e0a,4,0,8.405998232774436e-05
RU-A1213,img_895bf7487250ad15,4,0,6.015212056809105e-05
RU-A1213,img_b3b9484f99521e97,4,0,0.0004663556755986
RU-A1213,img_f90fccbd65c09948,4,0,0.0440883263945579
RU-A1213,img_572ff5251336d120,4,0,0.1335039138793945
RU-A1213,img_3a9a6ca234198d21,4,0,0.1621503084897995
RU-A1213,img_91a772c91a94b51c,4,0,0.0096865510568022
RU-A1213,img_d95b3eec1467f2a7,4,0,0.00307660526596
RU-A1213,img_67ad1072713dc361,4,0,0.0129950828850269
RU-A1213,img_7b056d25cb09eed9,4,0,0.0009225567337125
RU-A1213,img_a372e4f3d7450f90,4,0,3.284146077930927e-05
RU-A1213,img_c7491e64ea123a3f,4,0,0.0001439224142814
RU-A1213,img_055002a97baf65c6,4,0,3.428770651225932e-05
RU-A1213,img_eb3f920ac78c6b41,4,0,0.0019689800683408
RU-A1213,img_29ecbd554218393b,4,0,0.0071360487490892
RU-A1213,img_bf3f1776019b50f8,4,0,0.0718524008989334
RU-A1213,img_34d7a86850d1da2b,4,0,0.0354677066206932
RU-A1214,img_82f48037ecfde536,3,0,0.0048978207632899
RU-A1214,img_0175ba697801006d,3,0,0.0003373099898453
RU-A1214,img_101e864ca47066ed,3,0,0.0063072955235838
RU-A1214,img_a47e743276634fc6,3,0,0.0003806421591434
RU-A1214,img_4afffebb4c4f09c5,3,0,0.0010546732228249
RU-A1214,img_dfd5d89080f6115a,3,0,0.0007367871585302
RU-A1214,img_f3a2fb94bb548845,3,0,3.441911394475028e-05
RU-A1214,img_1ec0a35041f8c55d,3,0,2.539694105507806e-05
RU-A1214,img_8a4ec502a0d4f888,3,0,0.0002092704089591
RU-A1214,img_3e4e7b16862d6fbd,3,0,0.0001857694005593
RU-A1214,img_697402d7672f79d7,3,0,0.0002310385025339
RU-A1214,img_532bb62f4d8e54a4,3,0,9.921297169057652e-05
RU-A1214,img_104e3505d2f90687,3,0,2.2778109268983823e-05
RU-A1214,img_6e25eab3586fb211,3,0,3.655002001323737e-05
RU-A1214,img_fdb706a39535a531,3,0,0.0003890039224643
RU-A1214,img_9d9a3b84108d849e,3,0,0.0006619128398597
RU-A1214,img_9109357d61a20553,3,0,0.0086328824982047
RU-A1214,img_5045633daab523be,3,0,0.0066065588034689
RU-A1215,img_3c3af50601f6355b,4,0,0.0002542746078688
RU-A1215,img_c436f697141deeab,4,0,0.0014470180030912
RU-A1215,img_65f06901ee257285,4,0,0.0003837116528302
RU-A1215,img_567929a533ed4918,4,0,2.4681082777533447e-06
RU-A1215,img_e7a1c15fdeacdbcf,4,0,7.884839760663453e-06
RU-A1215,img_a764adb0e1f302db,4,0,0.0009583999635651
RU-A1215,img_215b156f5f8ec6ac,4,0,0.0031985386740416
RU-A1215,img_c7263a916b585c89,4,0,0.0008391735027544
RU-A1215,img_7dab665bae3adbc5,4,0,0.001407973584719
RU-A1215,img_aa066bce5dfae31d,4,0,0.000976082868874
RU-A1215,img_e44a1785e73fc759,4,0,0.000791935774032
RU-A1215,img_f560b3a13f719595,4,0,0.0009046741761267
RU-A1215,img_949619fb3f54957a,4,0,0.0010702982544898
RU-A1216,img_85aae14b16814baf,1,0,0.0386496223509311
RU-A1216,img_128ebddc631fe0fd,1,0,0.0001223164435941
RU-A1216,img_fb28765f779c2851,1,0,0.3113893866539001
RU-A1216,img_a46e8e754cb91c31,1,0,0.2769332230091095
RU-A1216,img_29de4260da3855b7,1,0,0.1235985830426216
RU-A1216,img_89a825217bfa20e8,1,0,0.0068780188448727
RU-A1216,img_34a531c66098ed9d,1,0,0.0046292301267385
RU-A1216,img_cd6d076ca651c25e,1,0,0.0196337159723043
RU-A1216,img_7bb72be2ec6e13dd,1,0,0.0360082276165485
RU-A1216,img_c3123396d113dc30,1,0,0.0284806098788976
RU-A1217,img_b75808893f16eaa2,4,0,6.611175194848329e-05
RU-A1217,img_4193e2d2ee44194a,4,0,8.955977682489902e-05
RU-A1217,img_7a8100e30ffcbc5a,4,0,0.0002716154267545
RU-A1217,img_7f382726a58f713c,4,0,0.0003740977263078
RU-A1217,img_1753a9b5b94b3036,4,0,5.2051142120035365e-05
RU-A1217,img_ddbe21634b2d1f6a,4,0,2.3758580937283114e-05
RU-A1217,img_b09e1bd129e98a76,4,0,0.0003140185144729
RU-A1217,img_916f518e1fda63bc,4,0,0.0001253422815352
RU-A1217,img_d58493146e90799f,4,0,0.0003347505407873
RU-A1217,img_c4f8d97b32f76345,4,0,0.000316931749694
RU-A1217,img_5be731c064a94a7a,4,0,0.027819350361824
RU-A1217,img_b605f07c257a0bd7,4,0,0.0440930984914302
RU-A1218,img_703e38a785c38433,0,0,0.0267449785023927
RU-A1218,img_be5e63e89a31df45,0,0,0.0123786982148885
RU-A1218,img_5abd89008539f5f5,0,0,0.0323053412139415
RU-A1218,img_5034fb6ac4c953fb,0,0,0.061487540602684
RU-A1218,img_04b2eb6dbb51c52b,0,0,0.0002516143722459
RU-A1218,img_2ad8b3b308f31cbc,0,0,0.0001287917402805
RU-A1218,img_a0a1ba70508d3e19,0,0,0.0004561671812552
RU-A1218,img_62ede3e11a0b1c48,0,0,0.0023095572832971
RU-A1219,img_4f14f1da66b198fe,0,0,0.0003896372509188
RU-A1219,img_3dbcdae8f5b3b161,0,0,0.0011718112509697
RU-A1219,img_10f8ba30a1bcb49a,0,0,0.0048661301843822
RU-A1219,img_7230d5864a187cda,0,0,0.0001344296179013
RU-A1219,img_36f36b4b5276b559,0,0,0.0003454670077189
RU-A1219,img_ce2a8bf52477e0c0,0,0,0.000361502112355
RU-A1219,img_4637e9dabc842144,0,0,0.0059535456821322
RU-A1219,img_c7622927bf489b22,0,0,0.0169096793979406
RU-A1219,img_64d250cf33bb9a68,0,0,0.0010148168075829
RU-A1219,img_c5904826d462940e,0,0,0.002816523425281
RU-A1220,img_4368837fbcb7ea84,2,0,0.6463102698326111
RU-A1220,img_21ca0d666aaa0c4f,2,0,0.080716460943222
RU-A1220,img_fa90efdb3f2a3aad,2,0,0.0003411271318327
RU-A1220,img_65fc83f4e483bbf6,2,0,6.878811836941168e-05
RU-A1220,img_0fae07cda02fea3a,2,0,0.089142732322216
RU-A1220,img_be2b140f75d6caa0,2,0,0.2523973286151886
RU-A1220,img_099b76ea38acab3e,2,0,0.0049054375849664
RU-A1220,img_2f1dec00f1a0a3dd,2,0,0.0015309432055801
RU-A1220,img_4abbb21182f3c417,2,0,0.004367945715785
RU-A1220,img_a0bb44e4f5cd7750,2,0,0.0035359242465347
RU-A1220,img_d4633f9b2697f097,2,0,0.0013016340089961
RU-A1241,img_045781793b1ff9df,2,0,0.000616010511294
RU-A1241,img_850861b01c3c6a2e,2,0,0.0167369395494461
RU-A1241,img_89ae72efc991889c,2,0,0.0010555386543273
RU-A1241,img_a9e07b15b56078ac,2,0,0.0083296345546841
RU-A1241,img_74672b8acd9757ef,2,0,0.0035369996912777
RU-A1241,img_c81a6169c0ac3b94,2,0,0.0001032756990753
RU-A1241,img_78e533712cc7794f,2,0,0.0015252958983182
RU-A1241,img_395fe9475d2fac3a,2,0,0.001586026744917
RU-A1241,img_ea315baacbeb672d,2,0,0.0155720980837941
RU-A1241,img_b92681cd2f99fd75,2,0,0.0130094578489661
RU-A1242,img_5fead66f3dcb2616,1,0,0.0003656439948827
RU-A1242,img_0d6b82fd51ad5e66,1,0,7.296577678062022e-05
RU-A1242,img_0f3251073499f501,1,0,4.001824709121138e-05
RU-A1242,img_298a4b07b78d3d73,1,0,0.0017573315417394
RU-A1242,img_e75d2c7679125fca,1,0,0.0027218470349907
RU-A1242,img_35fe4e00351e04be,1,0,0.0007217756356112
RU-A1242,img_79306880cd26e397,1,0,0.1162841171026229
RU-A1242,img_d57e276f1cf19d74,1,0,0.0718989446759224
RU-A1242,img_10053acd2829f178,1,0,0.0155101101845502
RU-A1242,img_0e2846309978704b,1,0,0.012380588799715
RU-A1243,img_d707538bf936b39a,1,0,0.0006942531908862
RU-A1243,img_2d54536024e49d79,1,0,0.0425129458308219
RU-A1243,img_f717e18aad2b42bb,1,0,0.0002760202041827
RU-A1243,img_c485d31309c463df,1,0,0.0017518628155812
RU-A1243,img_19b0f01e63c079f5,1,0,6.197053880896419e-05
RU-A1243,img_5a18c6bcc2c5a67b,1,0,0.000375098461518
RU-A1243,img_39d50d99158ed5d0,1,0,0.0050505846738815
RU-A1243,img_e7531a9634fea0d4,1,0,0.0048274942673742
RU-A1243,img_71c2e2eba682cbe6,1,0,0.2127591520547866
RU-A1243,img_6896921d5f4794d3,1,0,0.0243285354226827
RU-A1243,img_c10e7c2043ca610c,1,0,0.0239869803190231
RU-A1243,img_fa2008829bdbfb32,1,0,0.0194088257849216
RU-A1244,img_514c946bba777e0f,3,0,0.0007172158220782
RU-A1244,img_cd79f7804d4f6da3,3,0,0.0008774364250712
RU-A1244,img_b8c5214ed22a3b5f,3,0,0.0016940787900239
RU-A1244,img_9b4c479e80f1c8a1,3,0,0.002078307326883
RU-A1244,img_e0276b94ea3c68f6,3,0,1.3650244909513276e-05
RU-A1244,img_53f6ef1ae48a7a02,3,0,8.869238081388175e-05
RU-A1244,img_389dd09d4f18d066,3,0,0.0034611874725669
RU-A1244,img_cfca37188d6a167b,3,0,0.0106551237404346
RU-A1244,img_6a0ed9fa8c3abb2f,3,0,0.0001897682377602
RU-A1244,img_4f97e8e11996e1fb,3,0,2.622658030304592e-05
RU-A1249,img_ae5f0c08e5dc41e8,3,0,0.0003733772900886
RU-A1249,img_0ce8d47d8e85d53d,3,0,0.026476377621293
RU-A1249,img_98a0c29f954e8b7e,3,0,0.0002064698928734
RU-A1249,img_5acff58f31d5dcfe,3,0,7.830231334082782e-05
RU-A1249,img_09d221ba6f95febb,3,0,3.8504062104038894e-05
RU-A1249,img_e269f52617f53200,3,0,7.717834705545101e-06
RU-A1249,img_bb2ddc86c404dd09,3,0,3.990308323409408e-05
RU-A1249,img_c699b29b95de37e6,3,0,2.747784492385108e-05
RU-A1249,img_7aedecf9b58c3d08,3,0,2.28619182962575e-06
RU-A1249,img_832d322243392162,3,0,9.862375918601174e-06
RU-A1249,img_d6e27f78ee193563,3,0,5.4133804951561615e-05
RU-A1249,img_e61f116dd51681ff,3,0,1.9672193957376297e-05
RU-A1249,img_9546aaf89a0455f5,3,0,0.0001264152379008
RU-A1249,img_185155d4df457469,3,0,0.0001026011377689
RU-A1249,img_1cb5f6d53e3a8b33,3,0,6.644547102041543e-05
RU-A1249,img_0ae7cbfee133f83c,3,0,7.189981261035427e-05
RU-A1249,img_642fe0e7d165c178,3,0,0.0007520935032516
RU-A1249,img_5835b83d14de1597,3,0,0.0007200672407634
RU-A1249,img_2766115f84e48f1e,3,0,0.0001279987773159
RU-A1249,img_90ee8364aadaabf4,3,0,0.0010557082714512
RU-A1261,img_4d532ff4a30f1b1d,4,0,6.51600057608448e-05
RU-A1261,img_96ef82d877b175d8,4,0,0.0007575043709948
RU-A1261,img_4dec0a11cf25c46c,4,0,0.000664823455736
RU-A1261,img_2ac460087ac4d9a6,4,0,0.0001088843418983
RU-A1261,img_c756caac4f3f21ad,4,0,0.000203732488444
RU-A1261,img_e02397584c77be93,4,0,0.1048560887575149
RU-A1261,img_c778bc81bd1af9b3,4,0,0.0010037261527031
RU-A1261,img_ab4bedc9280053c5,4,0,0.0012571992119774
RU-A1261,img_e55076c363183d2d,4,0,0.0273816362023353
RU-A1261,img_33298886c3950740,4,0,0.0088870991021394
RU-A1262,img_87611470e1900181,4,0,0.0049661379307508
RU-A1262,img_580b0a4b6ecd33c3,4,0,0.0005369839491322
RU-A1262,img_83158ddb0e5a8241,4,0,0.00251916795969
RU-A1262,img_b13c78326ba9486a,4,0,0.0003967481898143
RU-A1262,img_b01d3ae282fb58da,4,0,0.0009947094367817
RU-A1262,img_eefbb63f4ea925d9,4,0,0.0074331550858914
RU-A1262,img_5bc9cb2d7c85da9e,4,0,0.000211885329918
RU-A1262,img_f8a8e9e8ab9711c2,4,0,0.0014496109215542
RU-A1262,img_e2b725f1f16796ab,4,0,0.0009038186399266
RU-A1262,img_17e93d9f2120e04a,4,0,0.0002278161991853
RU-A1262,img_b36f5834828ae80c,4,0,0.0010027851676568
RU-A1262,img_6305539ae25abf5c,4,0,0.0004239681584294
RU-A1262,img_2fa1d672b01936f4,4,0,0.1108283251523971
RU-A1262,img_fa35e17d957c24e3,4,0,0.0727556496858596
RU-A1262,img_1a7d93c2acd38238,4,0,0.000899065460544
RU-A1262,img_fcd0e99a98bc1b86,4,0,0.0043868198990821
RU-A1263,img_435bb1b920c2b3c0,3,0,0.0002686731168068
RU-A1263,img_13e36824ed3fcf2c,3,0,0.0001234160008607
RU-A1263,img_e4d495b6697ca6fa,3,0,3.8579077227041125e-05
RU-A1263,img_71c88b60bb59150f,3,0,2.7696602046489716e-05
RU-A1263,img_e4df8feeaf93931f,3,0,8.146787149598822e-05
RU-A1263,img_41e79dad42b7e531,3,0,0.0002339151105843
RU-A1263,img_16af28f7a73035be,3,0,1.9846289433189668e-05
RU-A1263,img_0bc8b7231762d070,3,0,4.8785892431624234e-05
RU-A1263,img_c04c71e187796257,3,0,1.063135096046608e-05
RU-A1263,img_ad7b9a822f641942,3,0,0.0002111701469402
RU-A1263,img_5c6646c5c0b2b525,3,0,5.889588919671951e-06
RU-A1263,img_d52396c560754652,3,0,0.0001589443127159
RU-A1263,img_78967ec170a7f20f,3,0,0.0001895758177852
RU-A1264,img_d41ecf141f9ed473,4,0,0.0143739683553576
RU-A1264,img_56544d9c2f53bb5c,4,0,0.0025733816437423
RU-A1264,img_68dece8e8c6a7cb5,4,0,0.0002664666681084
RU-A1264,img_e5784c2141da2d79,4,0,0.000199142290512
RU-A1264,img_96ddf5750e709015,4,0,0.0007145789568312
RU-A1264,img_52debfdeecf508e0,4,0,0.0036022076383233
RU-A1264,img_77cc81c2e14c309d,4,0,0.0022725574672222
RU-A1264,img_bc4d5536c9b5ebd2,4,0,0.0013696851674467
RU-A1264,img_fb2037b8046d8d03,4,0,0.0007689956692047
RU-A1264,img_2f53c4dfe2449443,4,0,1.0935251566479565e-06
RU-A1264,img_7b63913e9c2065ef,4,0,1.140800804932951e-06
RU-A1264,img_f748c0c4cda8f9f0,4,0,0.0317680984735488
RU-A1264,img_afedbe66ee8795f9,4,0,0.0121933510527014
RU-A1264,img_09570056f18a001a,4,0,0.0929449722170829
RU-A1264,img_2079564b2c395391,4,0,0.0673100352287292
RU-A1265,img_10f15d007c102249,0,0,0.0003386959433555
RU-A1265,img_5d1912d36452ad5b,0,0,0.0002155472175218
RU-A1265,img_43cb32be54330ffa,0,0,0.0013362028403207
RU-A1265,img_7da36c28b8c49106,0,0,0.0001424876827513
RU-A1265,img_712828c6f477cdaa,0,0,3.866998667945154e-05
RU-A1265,img_f11494e41a6f2a1a,0,0,2.3268416043720208e-05
RU-A1265,img_05f2559b11f26c43,0,0,6.0155853134347126e-05
RU-A1265,img_554666e285f7bcab,0,0,0.0013559340732172
RU-A1265,img_f797c8bee425afe5,0,0,0.0040392628870904
RU-A1265,img_9f39165321d89620,0,0,0.0293173696845769
RU-A1265,img_2ec793bdb8390354,0,0,0.0496726632118225
RU-A1266,img_3b199f5479f5e708,1,0,0.0034750320482999
RU-A1266,img_f3c0b7ba0ef3e96c,1,0,0.0002536194806452
RU-A1266,img_c21a88b247fc1f3d,1,0,0.0222667995840311
RU-A1266,img_57f7445f0cf6650d,1,0,0.0026623897720128
RU-A1266,img_c052758e10d08ea2,1,0,0.0011890057940036
RU-A1266,img_69799231ecd36e9e,1,0,0.0003346593002788
RU-A1266,img_574b24d0c55da5c0,1,0,0.0007892854628153
RU-A1266,img_b9ab14e677e3c89f,1,0,0.0005382143426686
RU-A1266,img_ac42bb0a66c32570,1,0,0.0242413617670536
RU-A1266,img_bf44ab2193b82226,1,0,0.0084468564018607
RU-A1267,img_c07902678e21aed4,2,0,0.0010007044766098
RU-A1267,img_96d2d704da38617e,2,0,0.0011114206863567
RU-A1267,img_386f3d1e924505aa,2,0,0.0013132933527231
RU-A1267,img_7e5da01a35961959,2,0,0.0018401728011667
RU-A1267,img_9bf96e69112986c0,2,0,0.0291524454951286
RU-A1267,img_c951dc1406810728,2,0,0.0692887604236602
RU-A1267,img_3147f3df2fa54267,2,0,0.0006071389070712
RU-A1267,img_6ed5e70f2691a2bf,2,0,0.0028857311699539
RU-A1281,img_5681b621569404b7,3,0,0.0004598063533194
RU-A1281,img_4d5280a2796e5bce,3,0,0.0161400325596332
RU-A1281,img_7c2be3071cf09aa1,3,0,0.000604502740316
RU-A1281,img_441d70d398400073,3,0,0.0001170328832813
RU-A1282,img_126a321f1ae72efb,2,0,0.0054680346511304
RU-A1282,img_60947e291a8b9bea,2,0,0.0013992876047268
RU-A1282,img_19fceb70db2d795b,2,0,0.0002854229242075
RU-A1282,img_1e157f7f42fc7104,2,0,4.009954500361346e-05
RU-A1282,img_e33f58c7b5560dd1,2,0,0.0274444203823804
RU-A1282,img_0ae1126300fbef17,2,0,0.0072797178290784
RU-A1283,img_90931af35314ff57,4,0,0.0013283896259963
RU-A1283,img_1b1046ec19054957,4,0,0.0009017417905852
RU-A1283,img_f1d586723e634ff2,4,0,0.0915447324514389
RU-A1283,img_4c70a13a011f3fed,4,0,0.0145054794847965
RU-A1283,img_1cb01ac428a049a0,4,0,8.318378604599275e-06
RU-A1283,img_e411ad72db1e8a5e,4,0,1.7356203898089007e-05
RU-A1283,img_038276bc6d2092c1,4,0,0.005503439810127
RU-A1283,img_e0046de3c4126082,4,0,0.0013156833592802
RU-A1284,img_6d7e86413ed22da8,1,0,0.0067481845617294
RU-A1284,img_d4c14ba96b63b6a7,1,0,0.0168178863823413
RU-A1284,img_de54de68ae83291b,1,0,0.6954765319824219
RU-A1284,img_295fe1dbcba92133,1,0,0.5485405921936035
RU-A1284,img_48cbf31138f223f7,1,0,1.603505097591551e-06
RU-A1284,img_296ce221b4ba9796,1,0,1.0283931715093786e-06
RU-A1254,img_6db0451b2a52b97b,3,0,0.0064795264042913
RU-A1254,img_0029c917365e1fc2,3,0,0.0037139174528419
RU-A1254,img_786d30eaded81206,3,0,0.0003303683770354
RU-A1254,img_b0df02bfeab88770,3,0,0.0002022510743699
RU-A1254,img_f5d2f09f5742ac00,3,0,0.0025079406332224
RU-A1254,img_daa0c0d92c2bc038,3,0,0.000438324350398
RU-A1254,img_f07d484a84acbf9f,3,0,0.0006064807530492
RU-A1254,img_841af76668982227,3,0,0.0001900326169561
RU-A1254,img_31777401523307d2,3,0,0.0001337417634204
RU-A1255,img_7adff320b0f7ce16,1,0,0.0118657751008868
RU-A1255,img_7d8e19e08b079aa4,1,0,0.0002918109239544
RU-A1255,img_fa8c2bc92c8094a7,1,0,0.0027693121228367
RU-A1255,img_3a736480ba50d7a9,1,0,0.012499707750976
RU-A1255,img_bf3a707d3399e367,1,0,0.0006390996277332
RU-A1255,img_41793197ca0c0dbc,1,0,0.0001144239940913
RU-A1255,img_3b08414ccac54a6d,1,0,0.009511130861938
RU-A1255,img_fbeee2a1f129308b,1,0,0.350742757320404
RU-A1255,img_b7b89aa8804fbde0,1,0,0.0272190887480974
RU-A1255,img_422923663fdc9ba0,1,0,0.0165622364729642
RU-A1255,img_b80679293c2b4a95,1,0,0.0043364521116018
RU-A1255,img_cfc991d3f5b27c44,1,0,0.0063712056726217
RU-A1255,img_9331c4ea8c2f020a,1,0,0.0858415439724922
RU-A1255,img_7cf89598384c241c,1,0,0.1008897870779037
RU-A1255,img_ea55bab1c168f1d1,1,0,0.0030970706138759
RU-A1255,img_7a2ea4b0d78b7c04,1,0,0.4030185341835022
RU-A1255,img_9e770a55aa40fa56,1,0,0.0941139683127403
RU-A1255,img_94490129aba162b6,1,0,0.0018962647300213
RU-A1304,img_89b5d7ebd63ad99d,0,0,0.0121685760095715
RU-A1307,img_c9e2ff1e6ddc255a,4,0,0.0003251247690059
RU-A1310,img_fafa1fc6e321f0b6,4,0,6.142806523712352e-05
RU-A1310,img_fdc30b40f09ead96,4,0,8.055829675868154e-05
RU-A1311,img_08ed0b3a342f522e,2,0,0.0031600100919604
RU-A1311,img_06645a73674c2248,2,0,0.0014818649506196
RU-A1311,img_8cc4828d0705a470,2,0,0.0063479086384177
RU-A1257,img_bd693bd3cc9443db,0,0,0.269425094127655
RU-A1257,img_a2faf2485e4df2fe,0,0,0.8644852042198181
RU-A1257,img_722bb9beea1351af,0,0,0.0120268929749727
RU-A1257,img_6cdb547b4ae1b3e0,0,0,0.0151984160766005
RU-A1257,img_2c1847999f9b6bee,0,0,0.0525168068706989
RU-A1258,img_1bce2d1bb80d1b15,0,0,0.0018749489681795
RU-A1258,img_a98c7c182dddd7a9,0,0,0.0065795774571597
RU-A1258,img_bc9bebcaabc4b4e6,0,0,0.0327115282416343
RU-A1258,img_3f96a5cf5d582b40,0,0,0.001105910516344
RU-A1258,img_68ba5dcc591d5496,0,0,0.0002375333278905
RU-A1259,img_c29a6904d92cb9a5,3,0,0.0041935206390917
RU-A1259,img_aceb4ef362e1e91e,3,0,0.0002093490184051
RU-A1259,img_32af93b61b70edae,3,0,0.0004758086870424
RU-A1260,img_176bf43c2512ed7c,0,0,6.620803469559178e-05
RU-A1260,img_e127946ef82622dc,0,0,4.990962042938918e-05
RU-A1308,img_707ca0f7e1460fe8,3,1,9.414247324457392e-05
RU-A1308,img_c97f1a53557be386,3,1,0.0001671614008955
RU-A1308,img_5a69b6734a3cf0e4,3,1,0.0305561739951372
RU-A1308,img_dfe56c7986621eba,3,1,0.0266908537596464
RU-A1029,img_a59270bf978b4f28,4,0,0.0385540090501308
RU-A1029,img_cbaaeffb0a2fa9c7,4,0,0.0112840132787823
RU-A1029,img_45de95c58e53f6f5,4,0,0.007981146685779
RU-A1029,img_10b0ff6b9e59c24a,4,0,0.0640879049897193
RU-A1029,img_8ea37478a27704d5,4,0,0.0003607316466514
RU-A1029,img_cf5331c430e351ff,4,0,0.0002722729404922
RU-A1029,img_a0f722bcc9b5d181,4,0,0.9817725419998168
RU-A1029,img_2aa980575247473f,4,0,0.9896060228347778
RU-A1029,img_1d2b77e3c5c741e4,4,0,0.9400120377540588
RU-A1029,img_7c8e644ddb74c6af,4,0,0.9234533905982972
RU-A1035,img_07662a200c884763,4,0,0.0006355575751513
RU-A1035,img_a5d7e95b2220ae15,4,0,0.0034277723170816
RU-A1035,img_9c87a786a6c51385,4,0,0.001324942219071
RU-A1035,img_e3518cf42e7f0377,4,0,0.0022497321479022
RU-A1035,img_0ca8739ce1681737,4,0,0.000498731562402
RU-A1035,img_73b4a5124acd24f7,4,0,0.0110784796997904
RU-A1035,img_81426fbd071686d1,4,0,0.0137844439595937
RU-A1035,img_dfb1298d64e2f6c3,4,0,0.1523443162441253
RU-A1035,img_6882e27a3cc0492d,4,0,0.2276283949613571
RU-A1062,img_56c8933d14c2ea88,2,1,0.0078046694397926
RU-A1062,img_b92abb75c6f29c84,2,1,0.0260273348540067
RU-A1062,img_8b77de6538d7c268,2,1,0.0653838142752647
RU-A1062,img_f89bd7b5f65a748b,2,1,0.0171142555773258
RU-A1062,img_86b8cddbc2f05869,2,1,0.0105903940275311
RU-A1062,img_98737b16c9d5ae41,2,1,0.0078234719112515
RU-A1062,img_ce72f599bbe253a2,2,1,0.0222840476781129
RU-A1049,img_5702d003d4551f52,1,0,4.3067611841252074e-05
RU-A1049,img_24b95ce87133ca94,1,0,0.0001062134178937
RU-A1049,img_5bbb94cda3ca2b60,1,0,0.0001888934057205
RU-A1049,img_4410d7d69d258e02,1,0,0.0001538426004117
RU-A1049,img_86c4da80b53ebc7f,1,0,0.0203730314970016
RU-A1049,img_81ab961e34428f1b,1,0,0.0206218995153903
RU-A1049,img_2c0b605a10609045,1,0,0.0004856871964875
RU-A1049,img_5bc663c3ba394ed5,1,0,0.0007123040850274
RU-A1070,img_99219f40d4982bdc,4,0,0.0010032590944319
RU-A1070,img_8ed52e1fbbe8fbad,4,0,0.005356088746339
RU-A1070,img_cfe0392c18f20b4c,4,0,0.0271861888468265
RU-A1070,img_4de0b9a8fb2341af,4,0,0.0278200488537549
RU-A1070,img_cc8d82d435fcb38f,4,0,5.188616341911256e-05
RU-A1070,img_41cf13ddbab33b30,4,0,0.0085678268224
RU-A1070,img_a98e0b9201591757,4,0,0.0019976438488811
RU-A1070,img_7a4202d66734711a,4,0,0.0040011378005146
RU-A1070,img_8e00b4d3b907f9a1,4,0,0.0002624131157062
RU-A1070,img_3910e107371c5c1d,4,0,0.0778279080986976
RU-A1070,img_36d570b715abe2cf,4,0,0.0421857014298439
RU-A1070,img_2b82e2954907adb7,4,0,0.1875532567501068
RU-A1070,img_029b8155d2996a2d,4,0,0.0629599541425705
RU-A1014,img_b7fd217f492669be,0,0,0.1366467624902725
RU-A1014,img_243a28a22bcad735,0,0,0.1142034456133842
RU-A1014,img_4205c8a17dc083d0,0,0,0.0373556427657604
RU-A1014,img_08a093b0b6bfacd1,0,0,0.7720473408699036
RU-A1014,img_e0ed042ba9dfe5bc,0,0,0.8568670153617859
RU-A1014,img_ee28412dd20e7433,0,0,0.7805267572402954
RU-A1014,img_378230eb1e4644ea,0,0,0.9863670468330384
RU-A1014,img_2972d18fd4a5a639,0,0,0.978200912475586
RU-A1030,img_e318729967b0d6e4,1,0,0.0014285774668678
RU-A1030,img_fc6f932492bcca37,1,0,0.0016330826329067
RU-A1030,img_752c6a597b974eef,1,0,0.0016081845387816
RU-A1030,img_a20cb02f1f418dc8,1,0,0.0005052816704846
RU-A1030,img_168adee19bd456d7,1,0,0.9904801249504088
RU-A1030,img_af631739e2896920,1,0,0.9908899664878844
RU-A1176,img_6feb2fbcb8104e80,4,0,0.6705161333084106
RU-A1176,img_6ca1fce1c76a3194,4,0,0.731164813041687
RU-A1176,img_73c8102a513b3074,4,0,0.0625748261809349
RU-A1176,img_9b8145e65c59b2f1,4,0,0.009932056069374
RU-A1176,img_519bcd4d0ffd8b3d,4,0,0.0465997941792011
RU-A1176,img_e8cfd5871f08c6c1,4,0,0.0229676384478807
RU-A1176,img_add9a7b87125e384,4,0,0.0164104346185922
RU-A1176,img_7b4674150ac80688,4,0,0.0288248695433139
RU-A1176,img_f1a60a1610a2f766,4,0,0.0333393327891826
RU-A1176,img_526ea7765367a007,4,0,0.0410354249179363
RU-A1176,img_c7f30ee45bf9c21f,4,0,0.0101825725287199
RU-A1176,img_03589d634b519e82,4,0,0.0075640426948666
RU-A1176,img_021540ca1a125521,4,0,0.0861172527074813
RU-A1101,img_dcea5796d4290790,4,0,0.0001127138166339
RU-A1101,img_e9396331d6b48870,4,0,0.000239391301875
RU-A1101,img_761c3e9062915145,4,0,5.4015457862988114e-05
RU-A1101,img_04937464a87c0687,4,0,1.2071377568645404e-05
RU-A1101,img_e21b7fb579ccece7,4,0,0.0008409181027673
RU-A1101,img_cd21a0df0015f837,4,0,0.0011608568020164
RU-A1101,img_9491b6ea1be38add,4,0,0.0036582436878234
RU-A1101,img_7ed12e06505cca3b,4,0,2.083384788420517e-05
RU-A1103,img_616b7ce83bc021f5,0,0,0.0202211327850818
RU-A1103,img_4155e5631e07914d,0,0,0.037322498857975
RU-A1103,img_e6f009da5b786caa,0,0,3.991336052422412e-05
RU-A1103,img_590b98f04e1293b3,0,0,2.1348860173020512e-05
RU-A1103,img_c356e04f4ee01b06,0,0,0.0303054954856634
RU-A1103,img_1c10ca4559bdbaec,0,0,0.0087652644142508
RU-A1106,img_555aea34eb4c352b,3,1,0.6045801639556885
RU-A1106,img_d48348adfae4ecfb,3,1,0.4129773676395416
RU-A1106,img_51dc5a7babb6cd31,3,1,0.0001259780547115
RU-A1106,img_f59084c5355f3e52,3,1,6.129687244538218e-05
RU-A1106,img_690ee7c4bed45e4d,3,1,0.097009390592575
RU-A1106,img_431e3fdf60d452e3,3,1,0.0639528930187225
RU-A1105,img_f3b256fb0918c217,4,0,0.0145259164273738
RU-A1105,img_29dd4b22b824ef5f,4,0,0.0381792336702346
RU-A1105,img_e5113528e35b8fbf,4,0,0.010934205725789
RU-A1105,img_c70220afb9c96237,4,0,2.124700040440075e-05
RU-A1105,img_5b9e55ccd91af295,4,0,0.0001068829587893
RU-A1109,img_ef7705c3ec6ee72c,1,0,0.1197803691029548
RU-A1109,img_06dffd3d599422da,1,0,0.075735330581665
RU-A1110,img_8d699c8bfe2c57aa,3,0,0.0005004236008971
RU-A1110,img_770fde7011cce9e0,3,0,0.0006096232100389
RU-A1110,img_aea9f0a7a37f2de9,3,0,0.0025139849167317
RU-A1110,img_4e532e607af516b4,3,0,0.0015554425772279
RU-A1110,img_1ce0cce7e53305a4,3,0,0.0001602524425834
RU-A1110,img_43ccc116d14f8976,3,0,0.0003098184533882
RU-A1110,img_e1e9da934b47e9c3,3,0,0.0036645927466452
RU-A1110,img_66becbf13127631e,3,0,0.00397419789806
RU-A1112,img_5c209eebeea13e34,4,0,0.000820052344352
RU-A1112,img_324640a4cc50e289,4,0,0.0012231906875967
RU-A1112,img_5f4a19163e356353,4,0,0.0001853122812462
RU-A1112,img_f4b94e2de8fda5c5,4,0,0.0004219942202325
RU-A1112,img_d595398a0b43227c,4,0,9.418225818080828e-05
RU-A1112,img_46a908577adb4d80,4,0,0.0019190565217286
RU-A1112,img_32500cab741f7928,4,0,0.0006361632840707
RU-A1112,img_a3b79b281c282130,4,0,0.0004936110344715
RU-A1112,img_dbd586ff89d05cc3,4,0,0.0003012481029145
RU-A1112,img_ce31f4346eee12ba,4,0,7.690444908803329e-05
RU-A1113,img_81545798247861e3,3,0,0.0092449588701128
RU-A1113,img_83eebaa0fe2b23a3,3,0,0.0039117117412388
RU-A1113,img_7d8692dc4f423426,3,0,0.2520545125007629
RU-A1113,img_4497ed4c430ab50d,3,0,6.809798651374876e-05
RU-A1113,img_c8241e8a9c76f030,3,0,9.759060776559636e-05
RU-A1113,img_93d5fe4493299f43,3,0,5.7256729633081704e-05
RU-A1113,img_17c965d21e14d7b5,3,0,0.000479121110402
RU-A1113,img_8251bcf95910a355,3,0,0.0005342384101822
RU-A1113,img_06c96ec4750b2798,3,0,0.004762512166053
RU-A1113,img_c37472874370125b,3,0,0.0020249832887202
RU-A1114,img_9c1bc864d2861011,2,0,0.0052833775989711
RU-A1114,img_b8a057013c6fcb88,2,0,0.0042489543557167
RU-A1114,img_856564eeb3fdfc3a,2,0,0.000797759334091
RU-A1114,img_12b5411be673e7d2,2,0,0.0008803657256066
RU-A1114,img_4bde88354d631376,2,0,0.0035198724362999
RU-A1114,img_0efb88261ba2eaa7,2,0,0.0019029077375307
RU-A1114,img_f42ca7df1c6ee535,2,0,0.0049338042736053
RU-A1114,img_bf2c964191654d10,2,0,0.0037166480906307
RU-A1114,img_4ba35bc2f0005d01,2,0,0.0024902399163693
RU-A1114,img_6c7f17eeaaf5f639,2,0,0.0042246528901159
RU-A1114,img_42454a91ee122063,2,0,0.000586740730796
RU-A1114,img_a5beed1f0473a7f2,2,0,0.0009962582262232
RU-A1114,img_62a013af6125554b,2,0,0.003932025283575
RU-A1114,img_1c78563367e208dd,2,0,0.0009064460173249
RU-A1115,img_86f7ed45c6b619fb,3,0,0.0011003680992871
RU-A1115,img_f7d3462ed61f9e21,3,0,0.003334955079481
RU-A1115,img_1558bfe5425d4834,3,0,0.0005180549924261
RU-A1115,img_5f64eeec29fdf77a,3,0,0.0151244327425956
RU-A1115,img_c42e0575995e3414,3,0,0.0034882973413914
RU-A1115,img_7b56c833418ba4ce,3,0,0.0548935048282146
RU-A1115,img_d972b095642f83e6,3,0,0.0378744602203369
RU-A1115,img_d053abaca0be7d75,3,0,0.0139858061447739
RU-A1115,img_db968cd663e58950,3,0,0.0354211032390594
RU-A1116,img_7249710cc56390b8,0,0,0.0070882006548345
RU-A1116,img_489b92cf9da7b899,0,0,0.0020921111572533
RU-A1116,img_983850c8a173d5ea,0,0,0.0018440375570207
RU-A1116,img_278e37e7c00b8062,0,0,0.0193915218114852
RU-A1116,img_7442a4d4d55add5a,0,0,0.0111228981986641
RU-A1116,img_90fd74574f03849c,0,0,0.0003369479672983
RU-A1116,img_6652d90345487e1b,0,0,0.0085577266290783
RU-A1116,img_42ca0ca526b1c38d,0,0,0.0170174222439527
RU-A1117,img_380eca76a7f2c0e9,3,0,0.0086017753928899
RU-A1117,img_d249fefe288d992e,3,0,0.0049710110761225
RU-A1117,img_9e9b3786db6f6dd5,3,0,7.476839527953416e-05
RU-A1117,img_331e26c1f269a60f,3,0,0.0005797686171717
RU-A1117,img_18f602e5c83cc6e5,3,0,0.0019667230080813
RU-A1117,img_d8ae47d363c75ccf,3,0,0.0002510643971618
RU-A1117,img_81f412eac5920807,3,0,0.0002980081480927
RU-A1117,img_8d76f0e895b8925e,3,0,0.0017718953313305
RU-A1117,img_b5260b0411b95dd2,3,0,0.0593770593404769
RU-A1117,img_dd3ab5a748aa101a,3,0,0.0178867783397436
RU-A1118,img_531023cb78692c48,4,0,0.0040015722624957
RU-A1118,img_3d70ac44a0065636,4,0,0.0045067057944834
RU-A1119,img_329bcc31f982c6c0,3,0,0.0043239365331828
RU-A1119,img_70b76e4f66451f3a,3,0,0.0036844795104116
RU-A1119,img_f4ae632538cfd282,3,0,0.0069875041954219
RU-A1119,img_bd38cc2ce0ba15c2,3,0,0.0445978380739688
RU-A1119,img_ecbe5678d22cdd68,3,0,0.0083174211904406
RU-A1119,img_e536929b3dc3f8a8,3,0,0.0042082439176738
RU-A1119,img_bace80cbf8ae6c93,3,0,0.0032374858856201
RU-A1119,img_9f530f6df1bb35c9,3,0,0.006801008246839
RU-A1120,img_13c7a8ba405febaa,1,0,0.0004970727022737
RU-A1120,img_194708e413c65cd7,1,0,0.0029855510219931
RU-A1120,img_36e48b9d7c37f7f0,1,0,0.007325145881623
RU-A1120,img_f7d32c336fb59933,1,0,0.0126604111865162
RU-A1120,img_748f6d1f94199f46,1,0,0.0446512997150421
RU-A1120,img_b8841e3e27fb600e,1,0,0.0002221605245722
RU-A1120,img_8917b601ec5128b7,1,0,0.0002998297859448
RU-A1120,img_cb7b027b3f76c42f,1,0,0.0001302124728681
RU-A1120,img_d847a190a0bc9dc7,1,0,0.0029468866996467
RU-A1120,img_b7f318f6e13c0ac6,1,0,0.0026467279531061
RU-A1122,img_2f13a9405f43f1a4,3,0,0.000381612277124
RU-A1122,img_38a71ef66c1639f1,3,0,0.0038384243380278
RU-A1122,img_bbeacbf69189e69b,3,0,0.00015029226779
RU-A1122,img_d955981b08f0003e,3,0,0.000885303132236
RU-A1122,img_fa00dbf4034971f1,3,0,2.0100091205677018e-05
RU-A1122,img_ebde33d9267c4401,3,0,0.001448743394576
RU-A1122,img_03c85c49b285d237,3,0,0.0022896891459822
RU-A1123,img_48e78da151411010,2,0,0.0001104827751987
RU-A1123,img_96fffe0ba684cc01,2,0,0.0001200178448925
RU-A1123,img_34a231543b13ce9b,2,0,0.003778648097068
RU-A1123,img_fef819158c99a2e0,2,0,0.0074422764591872
RU-A1123,img_4af9d8b6cc486f29,2,0,0.0126459468156099
RU-A1123,img_378e4df6a1974f35,2,0,0.0576032474637031
RU-A1123,img_c51cf12bc64991a4,2,0,0.0005203041946515
RU-A1123,img_831affe0f424c5d5,2,0,0.0012872680090367
RU-A1125,img_cb109a106ad90310,2,0,0.0008297701715491
RU-A1125,img_16f7742b8bce48df,2,0,0.0002543122391216
RU-A1125,img_b4a405eacc070080,2,0,0.001178917242214
RU-A1125,img_934a4e0710c7e02c,2,0,0.0011002639075741
RU-A1125,img_6bf03efc4bfc926a,2,0,0.0014487236039713
RU-A1125,img_11edb7fdf3e2b7a4,2,0,0.0014500747201964
RU-A1271,img_fa1af5457947898a,1,0,0.9682546854019164
RU-A1271,img_e3059ed210e206a4,1,0,0.8167980909347534
RU-A1271,img_850d3a952f0c2271,1,0,0.6249806880950928
RU-A1271,img_eaa747a00163de84,1,0,0.7116266489028931
RU-A1275,img_e5a6d3417692a3a1,0,1,0.2466816902160644
RU-A1275,img_50101e662954d546,0,1,0.9345166087150574
RU-A1041,img_d82e55e9a58f6968,4,1,0.1467387527227401
RU-A1041,img_bfaa4b66790d4e69,4,1,0.2384682148694992
RU-A1041,img_b1ab3ada92a2bcf5,4,1,0.8756740689277649
RU-A1041,img_58c5d0c382bb7051,4,1,0.4270378053188324
RU-A1041,img_46e1ed339b9d2b58,4,1,0.0052318600937724
RU-A1041,img_9904628cd5247f36,4,1,0.0300111062824726
RU-A1041,img_21db5173dedc6207,4,1,0.0653410106897354
RU-A1041,img_c0a27d8f08881b4c,4,1,0.0462690815329551
RU-A1041,img_4b0a723cd14a349f,4,1,0.1327440589666366
RU-A1041,img_b1ff00b29c6daa6f,4,1,0.3122698068618774
RU-A1041,img_74ebd8fe4797e5d3,4,1,0.047065544873476
RU-A1041,img_09b64a5b590a4f29,4,1,0.0445675961673259
RU-A1041,img_5366a96fa0763832,4,1,0.1828045547008514
RU-A1042,img_5eddcd93400acd81,2,1,0.8927518725395203
RU-A1042,img_d232956663679119,2,1,0.6603726148605347
RU-A1042,img_71ab3f0a41fa9045,2,1,0.2995398044586181
RU-A1042,img_b143c3d4151cdb47,2,1,0.4200437664985657
RU-A1042,img_b02fe1bfb76cb082,2,1,0.1417210698127746
RU-A1042,img_1bed3d095e45b90b,2,1,0.1007452458143234
RU-A1042,img_c343a8b4ee103e99,2,1,0.7229756116867065
RU-A1042,img_9dbb6c356db47f9b,2,1,0.5817905068397522
RU-A1042,img_f372ae4f2d8c6063,2,1,0.924636960029602
RU-A1042,img_554c7e76918a974f,2,1,0.9420518279075624
RU-A1042,img_988e5519ec119ade,2,1,0.3442005217075348
RU-A1042,img_20a199898f1c86f9,2,1,0.335807591676712
RU-A1042,img_69cc312224b15bab,2,1,0.0627529546618461
RU-A1042,img_02a6eb7fac9c7686,2,1,0.0141115235164761
RU-A1042,img_e843208d4b2bbad7,2,1,0.0351781249046325
RU-A1042,img_dab4b2a209450d02,2,1,0.0121561549603939
RU-A1042,img_19a4478223f60831,2,1,0.880426824092865
RU-A1042,img_d560c43135f7c272,2,1,0.7738325595855713
RU-A1042,img_876d70a65ad1c03f,2,1,0.7618958950042725
RU-A1042,img_945912ac1185f172,2,1,0.721674919128418
RU-A1042,img_8e3200f356650877,2,1,0.0177383329719305
RU-A1042,img_00542949b0d86be0,2,1,0.0284198056906461
RU-A1042,img_a349b3bddd69fde5,2,1,0.20418082177639
RU-A1042,img_53fc03c2ba2abc29,2,1,0.0785875245928764
RU-A1042,img_8f2bcc3d99ce9861,2,1,0.0015967533690854
RU-A1042,img_520a3f1423af5c0a,2,1,0.0027296759653836
RU-A1042,img_ce3cbb727fa80674,2,1,0.1987254321575164
RU-A1042,img_1eb060ffbb3430f0,2,1,0.1641557514667511
RU-A1042,img_b9b1a07923d91e00,2,1,0.0346077308058738
RU-A1042,img_99619772fef9648d,2,1,0.0270645469427108
RU-A1268,img_0b6be21b2c8adf60,4,0,0.0460912063717842
RU-A1268,img_999123a256378ff6,4,0,0.0322743356227874
RU-A1268,img_b0e652e80d0fda11,4,0,0.0230029877275228
RU-A1268,img_8ef0681eb1767cba,4,0,0.0414681248366832
RU-A1269,img_53bdca4579facd9f,1,0,0.0006543148774653
RU-A1269,img_7fa7541c3dc50958,1,0,0.0001322740863543
RU-A1269,img_6497017f19a57c8e,1,0,9.282839528168552e-06
RU-A1269,img_dddb4282c038f4e7,1,0,0.0136363981291651
RU-A1269,img_846da65f7229aafd,1,0,0.012524863705039
RU-A1269,img_19feac3fa6303e5c,1,0,0.2351333498954773
RU-A1269,img_b13e8c326521c5b0,1,0,0.1109486743807792
RU-A1269,img_da8be6dc495eac09,1,0,0.0001024837911245
RU-A1269,img_5c1add6fa79b2f2e,1,0,8.80502921063453e-06
RU-A1270,img_38bcdb04f0369ee3,4,0,9.890351793728767e-05
RU-A1270,img_b47ad406a51ac3e2,4,0,0.0001916203036671
RU-A1270,img_d08a7ea7742b7027,4,0,0.0002355774195166
RU-A1270,img_e6a6d010a3e3db9c,4,0,0.0001297503768
RU-A1270,img_0b880a3ca91f71f0,4,0,0.0001627256860956
RU-A1270,img_1bb3898256440551,4,0,0.0004518363857641
RU-A1270,img_cfb44ad1ce5674fb,4,0,0.0003631300351116
RU-A1270,img_f28cd596755b47bf,4,0,0.0051759467460215
RU-A1270,img_7acf74e376230a9d,4,0,5.246591626928421e-06
RU-A1270,img_b595bd481aad4e81,4,0,0.0022380638401955
RU-A1270,img_68732bb99c35c284,4,0,2.0583964214893055e-05
RU-A1272,img_a89cbffb5959cba3,1,0,0.0083696180954575
RU-A1272,img_fd95b5355de8ddf2,1,0,0.0948206409811973
RU-A1272,img_f32eb5bd572c5ccc,1,0,0.0012209508568048
RU-A1272,img_58a094770584a1f0,1,0,0.0003815582313109
RU-A1272,img_cd54c717438aa89e,1,0,0.0010819856543093
RU-A1272,img_009e12e72c7bd70a,1,0,3.584915612009354e-05
RU-A1272,img_99da1b711ff43799,1,0,1.2239379429956898e-05
RU-A1273,img_4960024d1efe15d4,4,0,0.0130737852305173
RU-A1273,img_5f64ef5c7defeff6,4,0,0.0133219053968787
RU-A1273,img_b371e91f5cbddbe4,4,0,0.0020787774119526
RU-A1273,img_80db10a8bb01823c,4,0,0.0010668335016816
RU-A1273,img_29e94b4da5c96aec,4,0,0.0028947154060006
RU-A1273,img_157591b87a633ace,4,0,0.0576654970645904
RU-A1273,img_0c731df55c4b55ad,4,0,0.0021058374550193
RU-A1273,img_e35b1976380244a5,4,0,0.0007056384347379
RU-A1273,img_e6476888feef1d98,4,0,0.011769663542509
RU-A1273,img_2ffb6aa16ba020f3,4,0,0.0093012070283293
RU-A1273,img_751dae15f4d5f0ff,4,0,1.020710351440357e-05
RU-A1273,img_72bdd076528bd9da,4,0,3.0137933208607137e-05
RU-A1273,img_1e516943dcac3a12,4,0,1.712031735223718e-05
RU-A1274,img_d7370df4186b642e,1,0,0.000101350233308
RU-A1274,img_b08f1df3664d1dfe,1,0,0.0001348116347799
RU-A1274,img_7da0285a7c37274d,1,0,0.0013669200707226
RU-A1274,img_1333002e933acc0a,1,0,0.011049835011363
RU-A1274,img_d94d45633521532d,1,0,0.1342683434486389
RU-A1274,img_cd7cceac77759855,1,0,0.0812540873885154
RU-A1274,img_b87b84242a4e780c,1,0,0.9735203981399536
RU-A1274,img_2d7530912a1e94b6,1,0,0.3911383748054504
RU-A1274,img_6cb56da06b7fa47d,1,0,0.0370768867433071
RU-A1274,img_7353c185f84d51c1,1,0,0.0035608520265668
RU-A1274,img_b95451f1772104fc,1,0,0.0062314290553331
RU-A1274,img_64cbc49db4dd4f0c,1,0,0.0032627363689243
RU-A1274,img_f8a7b0313db911da,1,0,0.1085749343037605
RU-A1276,img_30be5c94543ef28a,0,0,0.0003661925438791
RU-A1276,img_dc345c72b5d861ee,0,0,3.678854773170315e-05
RU-A1276,img_5e51e07f891ff79b,0,0,0.003794448217377
RU-A1276,img_791186871b0855a1,0,0,0.0117504112422466
RU-A1276,img_c3f33b11de8c1069,0,0,0.0001613281201571
RU-A1276,img_ccc77c3040da15f4,0,0,0.0002787534031085
RU-A1276,img_452004518187fb25,0,0,0.0022160871885716
RU-A1276,img_a19805f48f0b78a8,0,0,0.0002668732486199
RU-A1276,img_7e12ca5cfe3214db,0,0,0.0046784286387264
RU-A1276,img_172c6d4ca33024d4,0,0,0.0060152905061841
RU-A1278,img_7b0c1feab3789d06,0,0,0.0051851253956556
RU-A1278,img_b13ba42334b2c33f,0,0,0.0161696039140224
RU-A1278,img_5e4d8ff7319727a3,0,0,0.1201539486646652
RU-A1278,img_cd66e314ac9d533a,0,0,0.8925533294677734
RU-A1278,img_1c9c6656b55836b2,0,0,0.0240237936377525
RU-A1278,img_f8c0ba76c228838d,0,0,0.0071923155337572
RU-A1278,img_3f927ebd903d78cc,0,0,0.8866735100746155
RU-A1278,img_2d05b921545955a8,0,0,0.9751678109169006
RU-A1277,img_1cc46aadf06684bb,1,0,0.1114735305309295
RU-A1277,img_cffdb8567fdbd8da,1,0,0.0012939353473484
RU-A1277,img_0bdbae9c9ebe13bb,1,0,0.0005347715923562
RU-A1277,img_f6d96fcb13adcff1,1,0,0.0002161026350222
RU-A1277,img_800257b72e9a323e,1,0,0.4343259930610657
RU-A1277,img_5692a857373db6d3,1,0,0.1674919724464416
RU-A1277,img_8b01163fd8b9143c,1,0,0.000624869717285
RU-A1277,img_38f35a327c2c6879,1,0,0.0002081248385366
RU-A1277,img_0204a604cf94463f,1,0,0.0283073894679546
RU-A1277,img_e215b1a8315f0fad,1,0,0.0467556342482566
RU-A1279,img_6c0fff5f049b2b29,0,0,7.748258940409869e-05
RU-A1279,img_170a2bf02e802dec,0,0,0.0008974552038125
RU-A1279,img_9f65a646d7920afe,0,0,6.758282688679174e-05
RU-A1279,img_cc612087bfbdfb21,0,0,0.0007364021730609
RU-A1279,img_e47bf20e2498bbb2,0,0,0.0012480332516133
RU-A1279,img_a958b94475775659,0,0,2.9829439881723378e-05
RU-A1279,img_b0d54d149682f24f,0,0,0.0003818848344963
RU-A1279,img_c04a30c4bca27998,0,0,0.0002443287230562
RU-A1279,img_610fae3889048ea7,0,0,3.0470535421045497e-05
RU-A1279,img_053de2cb7a4ec9d7,0,0,5.535631498787552e-05
RU-A1279,img_abcbb6eb9987d2b6,0,0,2.4131082682288252e-05
RU-A1279,img_a6f941549a6c8f2e,0,0,0.0002875440695788
RU-A1279,img_cb3935ccbe629951,0,0,0.0022032398264855
RU-A1279,img_2f64cb764a5de351,0,0,0.0037857955321669
RU-A1279,img_ed64e55e0f79157b,0,0,0.0136128794401884
RU-A1280,img_4d999ea619b50da9,3,0,0.0112124467268586
RU-A1280,img_31b3098fe97093c7,3,0,0.0778038799762725
RU-A1064,img_a6851a225117fbcb,3,0,0.0037820243742316
RU-A1064,img_5e264bf4434b6b57,3,0,0.3056025803089142
RU-A1064,img_382757dc5d78fb3d,3,0,0.2488613724708557
RU-A1064,img_866e490de3e581e8,3,0,0.035293523222208
RU-A1064,img_688f3feafcfa3581,3,0,0.0010085192043334
RU-A1064,img_12c8b71b4b82a5e0,3,0,0.000886439695023
RU-A1064,img_a93131233f27a9bc,3,0,0.5626782178878784
RU-A1064,img_c9bf059ca78e1cb8,3,0,0.1569686979055404
RU-A1064,img_a32381596d29ef4b,3,0,0.5768067836761475
RU-A1064,img_262a93c6b5986f9c,3,0,0.8489837646484375
RU-A1156,img_a8349e23f0ed1385,4,1,0.954278290271759
RU-A1156,img_f7d59d3e11e249be,4,1,0.9467104077339172
RU-A1156,img_d276e46e44b0e906,4,1,0.0263398643583059
RU-A1156,img_aa1ec292c8744393,4,1,0.0110934870317578
RU-A1156,img_19c1a02ee99cad87,4,1,0.7690388560295105
RU-A1156,img_64a8e707014c0c84,4,1,0.8984997868537903
RU-A1156,img_d6d72ef0821da24a,4,1,0.0746434479951858
RU-A1156,img_2986dbe2ffa0dbed,4,1,0.9627370238304138
RU-A1156,img_f9c8ccd01f98acde,4,1,0.9687970280647278
RU-A1156,img_920b72db2132a449,4,1,0.039300262928009
RU-A1156,img_5425640a754d30f4,4,1,0.0879274830222129
RU-A1156,img_44d8f1454fb9cf44,4,1,0.9685768485069276
RU-A1156,img_ae7d35ed5a92dfa6,4,1,0.729973316192627
RU-A1175,img_30772dd4108bcfa9,4,0,0.0012185066007077
RU-A1175,img_4a6f4764434e9581,4,0,0.0019446446094661
RU-A1175,img_9569faecbd055d80,4,0,0.0005552974762395
RU-A1175,img_c21f9b2149c979be,4,0,0.0091117462143301
RU-A1175,img_90c4f65acd987813,4,0,0.0675999224185943
RU-A1175,img_8ea92b02f7c1a7f8,4,0,0.1860059350728988
RU-A1180,img_b38e73507dc7c407,0,1,8.18269545561634e-05
RU-A1180,img_bf6e5a188405bbf9,0,1,0.0002867061411961
RU-A1137,img_56ad42587a41d13f,3,0,0.0264952331781387
RU-A1137,img_420d32447d27d9ad,3,0,0.0007742258603684
RU-A1137,img_f8596336cbb6ab7e,3,0,0.2440733313560485
RU-A1137,img_27f241b33f4cd1b9,3,0,0.1093369647860527
RU-A1137,img_c3d6dd135a809758,3,0,0.0006364010041579
RU-A1137,img_b5c886eb2eb77b1b,3,0,0.0012373838108032
RU-A1150,img_6793bd512d8d268d,0,0,0.1974054276943206
RU-A1150,img_c275765ff341dca4,0,0,0.0033588134683668
RU-A1150,img_d419321a83b4e02d,0,0,0.0073640816844999
RU-A1150,img_065d841c32f09fdc,0,0,0.0041686091572046
RU-A1150,img_e574f619da841664,0,0,0.0044904854148626
RU-A1150,img_85b8f5256f9d2692,0,0,0.0096302768215537
RU-A1186,img_f82d99ec2aebfb87,2,0,0.0004530884616542
RU-A1186,img_a3daa22244771c75,2,0,0.0003922402393072
RU-A1186,img_d29fac8345943833,2,0,5.596267874352634e-05
RU-A1186,img_6ba5da9a53bdc8d2,2,0,0.0099412137642502
RU-A1186,img_7ba5450aafdbfeec,2,0,0.0023972345516085
RU-A1186,img_0ebfc2931c2621b4,2,0,0.0065836803987622
RU-A1186,img_8511530d67193842,2,0,0.0006344361463561
RU-A1186,img_a60ffee6723789ae,2,0,0.0019378726137802
RU-A1186,img_98755a6cc5be5ca7,2,0,0.0015280521474778
RU-A1186,img_bda19b74d37a24d5,2,0,0.0003537984157446
RU-A1186,img_195a63a620799581,2,0,0.0002574274840299
RU-A1186,img_14bf0796f92ea231,2,0,0.0013059534830972
RU-A1186,img_43ee7c6f5bd75451,2,0,0.0003064103948418
RU-A1186,img_c6b0ddb3934b9c16,2,0,0.0004525001568254
RU-A1187,img_209d97bee68fda97,3,0,0.009062317200005
RU-A1187,img_9fc9c7c07b043792,3,0,0.0016731034265831
RU-A1187,img_1cfefb28992f74bc,3,0,0.0008110415656119
RU-A1187,img_413262bbfcb8b1e1,3,0,0.0056701903231441
RU-A1187,img_c370893f7a9ede8c,3,0,0.0019414027919992
RU-A1187,img_5ec05b3c5765141e,3,0,0.0004784219199791
RU-A1187,img_e5cb30c2e6a5e193,3,0,0.1203037202358245
RU-A1187,img_22d4734c37063186,3,0,0.1843553930521011
RU-A1187,img_f9261bb2a89b8873,3,0,0.3454805314540863
RU-A1187,img_771210474a95b8b2,3,0,0.2407958805561065
RU-A1187,img_9d1bdeae69a9b615,3,0,0.0015149016398936
RU-A1187,img_427b3e09ff5547c7,3,0,0.0005173828685656
RU-A1028,img_3c1a648dc774b80d,4,0,0.1682811975479126
RU-A1028,img_b84f1a49b1e45947,4,0,0.3347483873367309
RU-A1028,img_e6b188865b934d48,4,0,0.5669732093811035
RU-A1028,img_9485608a01a2802b,4,0,0.8045600056648254
RU-A1078,img_a86ed017552be765,0,1,1.3757768329014652e-06
RU-A1078,img_68a5b50165104e23,0,1,6.035286332917167e-07
RU-A1078,img_d92680e01bdd84a7,0,1,0.2498426586389541
RU-A1078,img_b8a47edb240d9a9b,0,1,0.2468770444393158
RU-A1078,img_1f21e5f4d12309a7,0,1,0.9967859983444214
RU-A1078,img_fac47d93c4e9b070,0,1,0.9931682348251344
RU-A1079,img_7870d359d74857c0,0,0,0.5333927273750305
RU-A1079,img_ac02afc1e7eb373e,0,0,0.7172679901123047
RU-A1079,img_ad1158cf86d294e1,0,0,0.0052808579057455
RU-A1079,img_4de1e43817e4e22a,0,0,0.0029639892745763
RU-A1079,img_a3b6f333efc7ce19,0,0,0.0072447499260306
RU-A1079,img_b63857d28eea4cf4,0,0,0.0019075175514444
RU-A1079,img_de364242bebc9c9d,0,0,0.000148332255776
RU-A1079,img_d054e1c68921e0bd,0,0,0.0009427079930901
RU-A1079,img_7f3a3913f25bb6c6,0,0,0.001104705967009
RU-A1079,img_5041558f8a325d01,0,0,0.0003568681422621
RU-A1079,img_3a92405136b435c5,0,0,3.246963751735166e-05
RU-A1079,img_24ff27e224f768c6,0,0,0.0004404078354127
RU-A1081,img_aa03307b4748da7c,0,0,0.3575341999530792
RU-A1081,img_4b5d59b7666caeb2,0,0,0.6339405179023743
RU-A1081,img_10135927fd7b74e7,0,0,0.0623690485954284
RU-A1081,img_1b38f620df9cd1c5,0,0,0.0863764733076095
RU-A1082,img_5e794b468cdfc4fe,2,0,0.0032024965621531
RU-A1082,img_a226959602cac093,2,0,0.005397668108344
RU-A1082,img_90b26091fff534cd,2,0,0.0056852083653211
RU-A1082,img_129515e703b481cd,2,0,0.0095985028892755
RU-A1082,img_92cfcd4509f3a24f,2,0,0.0388517491519451
RU-A1082,img_6c012193b1e94d25,2,0,0.0037402014713734
RU-A1082,img_dffaf8a7b9b9033d,2,0,0.0005437973304651
RU-A1082,img_1c3af867a8fdf26c,2,0,0.0017318616155534
RU-A1082,img_36897e28517ddb1f,2,0,0.0016958538908511
RU-A1082,img_3199e8638f192b55,2,0,0.0006329769385047
RU-A1082,img_991c3d0b52ad5310,2,0,0.0216319616883993
RU-A1082,img_1133dd7a7a6c47e0,2,0,0.008288063108921
RU-A1082,img_d79a086a3c1b811a,2,0,0.0177268218249082
RU-A1083,img_5139928cc3444c7b,0,0,0.2236668318510055
RU-A1083,img_664e185898657c63,0,0,0.3081771731376648
RU-A1083,img_2f0989eb4673c2fd,0,0,0.0047311950474977
RU-A1083,img_be8a0272e0599470,0,0,0.0042516645044088
RU-A1084,img_db1a74c82562304c,4,0,0.0387684665620327
RU-A1084,img_de993738e286581f,4,0,0.0581714734435081
RU-A1084,img_31e9df9a835f7eda,4,0,0.0243990141898393
RU-A1084,img_bb976eb440ac7f37,4,0,0.0284301694482564
RU-A1084,img_385f0807a9a54c02,4,0,0.1720847636461258
RU-A1084,img_9de76103ad4f2dd7,4,0,0.7042161226272583
RU-A1084,img_28271672e954b37d,4,0,0.0276202075183391
RU-A1084,img_868abe50067b2c1b,4,0,0.0832650065422058
RU-A1084,img_b2db014757101fdc,4,0,0.0209877993911504
RU-A1084,img_a3b0040766d5c348,4,0,0.0505324341356754
RU-A1084,img_75a7cc7b70ffed18,4,0,0.0960233658552169
RU-A1084,img_d2927f5863cc9afe,4,0,0.0433554500341415
RU-A1084,img_6c6985fc7a4dc9f1,4,0,0.2677294015884399
RU-A1084,img_120829c679515f60,4,0,0.8331480622291565
RU-A1084,img_604339027e323f43,4,0,0.0046035763807594
RU-A1084,img_0603f1a7d217e1fa,4,0,0.0140939382836222
RU-A1084,img_a3ef717e825aca6b,4,0,0.0207557436078786
RU-A1084,img_9aec24e380226cbb,4,0,0.0218010619282722
RU-A1084,img_3c94be12f9452a49,4,0,0.0236595124006271
RU-A1084,img_095a20697f55aabf,4,0,0.0266987327486276
RU-A1084,img_646cf78d46d82197,4,0,0.0250027701258659
RU-A1084,img_fae698fe99a4f049,4,0,0.0014764167135581
RU-A1084,img_0d7490ad0f8da910,4,0,0.0012028034543618
RU-A1084,img_432603b05d9127b1,4,0,0.0020682986360043
RU-A1084,img_28395d2246bf2fab,4,0,0.150418147444725
RU-A1084,img_2e32ef66ddff8940,4,0,0.1260708421468734
RU-A1084,img_8aa96eb0ac87f648,4,0,0.1677038222551345
RU-A1084,img_30fb37bb30a7d793,4,0,0.2155382931232452
RU-A1084,img_78424e1cd8cfac32,4,0,0.0294463261961936
RU-A1084,img_3cdefaa1a1f607f7,4,0,0.0889053344726562
RU-A1084,img_f1e58efa7e8a4b89,4,0,0.1106847152113914
RU-A1084,img_ee4e31ef61fede0d,4,0,0.1603377014398574
RU-A1084,img_a6af44adb5b4e3fc,4,0,0.2488969266414642
RU-A1084,img_06116b4fd85491e7,4,0,0.011725565418601
RU-A1084,img_b091d058d104f6c8,4,0,0.7106430530548096
RU-A1084,img_86a7d12d98bf8834,4,0,0.6466211080551147
RU-A1084,img_680916680333756e,4,0,0.0001881912176031
RU-A1084,img_8efbbb07c40d273b,4,0,0.0002092217328026
RU-A1084,img_e1e817fdf5a1d7b2,4,0,3.640346221800428e-06
RU-A1084,img_9bf276f4353f10c8,4,0,2.965764679174754e-06
RU-A1084,img_a7207d192f757a1a,4,0,5.0299131544306874e-05
RU-A1084,img_0d2967c3393ee942,4,0,1.899852759379428e-05
RU-A1084,img_46b97e6adb87c027,4,0,0.9251155257225036
RU-A1085,img_d2840a0efc4d0500,3,0,0.0010353707475587
RU-A1085,img_86de0b7084b511bc,3,0,0.0005740418564528
RU-A1085,img_421946506fd626cb,3,0,0.0929409191012382
RU-A1085,img_a51137854d80c772,3,0,0.0323938243091106
RU-A1085,img_8d16fe52b0ac7627,3,0,0.0779338777065277
RU-A1085,img_884d0c900a4399a5,3,0,0.1692254841327667
RU-A1085,img_4f0f0942e9b61eeb,3,0,0.1714613735675811
RU-A1085,img_e2508b2a0691ada6,3,0,0.0003670420555863
RU-A1085,img_243a2e132269c95d,3,0,0.0011144035961478
RU-A1085,img_4b85cdf8d4ef0826,3,0,0.0106685431674122
RU-A1085,img_17b3c6d65d15df0d,3,0,0.0093428650870919
RU-A1085,img_ed0e5c028fbfabe5,3,0,0.1165593340992927
RU-A1085,img_24fdb91b79324aee,3,0,0.0082542123273015
RU-A1085,img_398da96546b0066c,3,0,0.2655938863754272
RU-A1085,img_36adfb8a249878af,3,0,0.0029442033264786
RU-A1085,img_40f7e4d572e3f1ca,3,0,0.000445942976512
RU-A1085,img_2df6854354572d95,3,0,2.0114895960432477e-05
RU-A1085,img_f336dd1256b709c6,3,0,2.722206318139797e-06
RU-A1085,img_2511cc7ca01ff2d5,3,0,7.950144208734855e-06
RU-A1087,img_4306561128354096,0,0,0.0016558074858039
RU-A1087,img_38737445203e2c13,0,0,2.7234680601395667e-05
RU-A1087,img_dab65d5c5e8f6d55,0,0,0.000260946835624
RU-A1087,img_840f75a422ad264a,0,0,0.0002319080667803
RU-A1087,img_b55ab284dfe108d9,0,0,0.00010546012345
RU-A1087,img_9c63f1ff0c8ee69b,0,0,0.0001921483344631
RU-A1087,img_2ca95915a88ac9c9,0,0,0.0081039536744356
RU-A1087,img_010c3e808818e708,0,0,0.0068381107412278
RU-A1087,img_d1435d697349c4a4,0,0,0.9494536519050598
RU-A1087,img_7ec30c18756e84a1,0,0,0.814165472984314
RU-A1088,img_341bd79bfbb32464,3,0,0.0014361235080286
RU-A1088,img_d465b338932e403e,3,0,0.0046433419920504
RU-A1088,img_38575cb854539b8c,3,0,0.0012520123273134
RU-A1088,img_6ac9d9272ee184db,3,0,0.0011965145822614
RU-A1088,img_0c255eb4d4280770,3,0,0.0008702047634869
RU-A1090,img_02cafda702c58f3d,1,0,0.0067114462144672
RU-A1090,img_55746d1544908753,1,0,0.0053045176900923
RU-A1090,img_7c6912da4ffd5750,1,0,0.0001396286097588
RU-A1090,img_547350790b5bc200,1,0,0.1336042284965515
RU-A1090,img_e4c492a7436a7907,1,0,0.0001459285122109
RU-A1090,img_8f4ecd186cf1dc29,1,0,0.0054489895701408
RU-A1090,img_12dc93313669830c,1,0,0.0002807618293445
RU-A1090,img_20ce68ea5e35dc51,1,0,3.571035267668776e-05
RU-A1091,img_496d40d4bdcfa3c7,4,0,0.0002971493813674
RU-A1091,img_9053b6bd763c8b8d,4,0,0.0002351046423427
RU-A1091,img_ebb3a517d781b7b0,4,0,0.0024174025747925
RU-A1091,img_23e6a7a181090eab,4,0,0.0070467884652316
RU-A1091,img_319c90b60993f854,4,0,0.0033531757071614
RU-A1092,img_8c37cebdc426aa15,2,0,0.0013040660414844
RU-A1092,img_24384ed0c7c80a3e,2,0,0.000124145168229
RU-A1092,img_fd5e04009c989483,2,0,0.0002660633181221
RU-A1092,img_2689ab49025de65b,2,0,0.0002336946490686
RU-A1092,img_01700a28dbd98744,2,0,0.0011681930627673
RU-A1092,img_e1b2da4fc40c44ee,2,0,5.3569223382510245e-05
RU-A1092,img_7bb8ce1213dfd56e,2,0,8.545057062292472e-05
RU-A1092,img_953bb7a54e2b3dd7,2,0,0.0001603145065018
RU-A1094,img_902989ce5048de9a,4,0,0.0008051554323174
RU-A1094,img_18b96c6949455734,4,0,0.0061267167329788
RU-A1095,img_cfe40bba1a0f810e,3,0,0.0023807175457477
RU-A1095,img_4b773350aaebdbd9,3,0,0.0011827297275885
RU-A1095,img_f3cc0d6b7a6c2a46,3,0,0.0009566810913383
RU-A1095,img_c996bb01a3e89b4c,3,0,0.0001169227907666
RU-A1095,img_e24a827388d07178,3,0,0.0014254694106057
RU-A1095,img_8b639a4d807c6044,3,0,0.000314712349791
RU-A1095,img_deefb793a0c050cc,3,0,0.0001297459530178
RU-A1095,img_fc0d79d4e55034df,3,0,0.0012626708485186
RU-A1096,img_f6c310321f59d359,0,0,0.0011258309241384
RU-A1096,img_c35849104c118fc6,0,0,9.108475933317096e-05
RU-A1096,img_d5d57717703a052a,0,0,0.0026820464991033
RU-A1096,img_a0ccab2224837eda,0,0,0.001910195685923
RU-A1096,img_5e6622b02478a5a4,0,0,0.0006213681772351
RU-A1096,img_7b2f91f4f7f6fcaa,0,0,0.0007153080077841
RU-A1096,img_be24564b1ddcd56f,0,0,0.0007326627383008
RU-A1096,img_bc4744b3c20684fe,0,0,0.0003056896966882
RU-A1096,img_ac941b46f905083f,0,0,0.0029784797225147
RU-A1096,img_c4addf21d7357407,0,0,0.0013318520504981
RU-A1100,img_f0bd0fff94bb343f,2,0,0.000265958282398
RU-A1100,img_7d0aad024ce8d3db,2,0,0.0003719496307894
RU-A1100,img_54c7460ad88dfb08,2,0,0.0099037559702992
RU-A1100,img_378c9a2b6359dcc9,2,0,0.0369668565690517
RU-A1100,img_2e42acf9a04b00ac,2,0,0.0413095541298389
RU-A1100,img_7178489d049aad3c,2,0,0.0245569255203008
RU-A1148,img_f10d9b13c8dd1747,2,0,6.158518954180181e-05
RU-A1148,img_7ee9dfd8047937f2,2,0,4.206846278975718e-05
RU-A1148,img_01039c4b1b623173,2,0,0.00013209147437
RU-A1148,img_3d509547e54a2108,2,0,9.784388385014609e-05
RU-A1151,img_aeb0e4d98421c6ab,1,0,0.9655609130859376
RU-A1151,img_8331c3e1b7e45f52,1,0,0.9656864404678344
RU-A1151,img_6c74f2ffa84c278b,1,0,0.9986559152603148
RU-A1151,img_69da023df1138ae9,1,0,0.9976154565811156
RU-A1151,img_88bb0ec6ba46ac97,1,0,0.1574114859104156
RU-A1151,img_9f18b3aba6cc0de5,1,0,0.4291628003120422
RU-A1151,img_906468ac2b6883a3,1,0,0.0208150893449783
RU-A1151,img_ebae27221ad510aa,1,0,0.0052375416271388
RU-A1152,img_9f36ccabffb91127,1,0,0.0004191506595816
RU-A1152,img_02cd3a50e5722f10,1,0,8.585290925111622e-05
RU-A1152,img_84a872e80fbba85f,1,0,0.0106836119666695
RU-A1152,img_79ed47c25e1cc9e8,1,0,0.001081979018636
RU-A1152,img_b2de56818450326b,1,0,0.0065896771848201
RU-A1152,img_c660dad4197daee3,1,0,0.0035939556546509
RU-A1152,img_1b752091dee4c518,1,0,0.0524520948529243
RU-A1152,img_20cb8b00b4c70d4a,1,0,0.0607634335756301
RU-A1152,img_5cb4e0b0f3856695,1,0,0.1937488764524459
RU-A1152,img_c8672f4e365313ce,1,0,0.0607120692729949
RU-A1157,img_d4ae8091ae0757af,3,0,0.0216258820146322
RU-A1157,img_3761fc6f346e7291,3,0,0.0301581751555204
RU-A1157,img_d0a7bc73fef9e701,3,0,0.0260478816926479
RU-A1157,img_acee21b7f9f9bccc,3,0,0.0641161128878593
RU-A1157,img_a2c4c778b6fd866f,3,0,0.00056512322044
RU-A1157,img_b0fbe72697137acb,3,0,0.0006013576639816
RU-A1157,img_d95a5f98abe2aa6a,3,0,0.0175990127027034
RU-A1157,img_82509bdad829118f,3,0,0.0114163197576999
RU-A1157,img_c511d5fc6dfd2591,3,0,0.0028722533024847
RU-A1157,img_20cd221b066c7c94,3,0,0.0266998056322336
RU-A1158,img_bd5fac1beb00b89e,2,0,0.0020277383737266
RU-A1158,img_4593d4fb03c4aa2e,2,0,0.0035241364967077
RU-A1158,img_1c399192e010e1e8,2,0,0.0014307819074019
RU-A1158,img_a84359e1fadc93be,2,0,0.0043525733053684
RU-A1158,img_07bbefdbda20d1bf,2,0,0.0010058070765808
RU-A1158,img_dfb6d85a2716b73e,2,0,0.0002307573740836
RU-A1158,img_f8e90ff8a45ea76c,2,0,0.0102315703406929
RU-A1158,img_96c480c67d24ff81,2,0,0.0037359895650297
RU-A1158,img_c950b0861207bfd0,2,0,0.470470130443573
RU-A1158,img_a57643551c6682fb,2,0,0.4441501200199127
RU-A1159,img_57e847c25be6c902,1,0,0.0001217362805618
RU-A1159,img_a58cfac931b9dfed,1,0,0.0003728668380063
RU-A1159,img_f54dedfd09cd5bb9,1,0,0.0036888127215206
RU-A1159,img_0482fd8c4e89f3a1,1,0,0.072508618235588
RU-A1159,img_94f472ea68866573,1,0,0.0009159155888482
RU-A1159,img_d2f62e019f86a9a1,1,0,3.156497041345574e-05
RU-A1159,img_770aeeb6a4734483,1,0,4.198262104182504e-05
RU-A1159,img_e3271d3452e87481,1,0,0.0298667270690202
RU-A1159,img_443e45ed9c9b91d8,1,0,0.114960603415966
RU-A1160,img_abf0add4078c02d7,2,0,0.0071626901626586
RU-A1160,img_f3a7c9f498a30cf6,2,0,0.0120685743167996
RU-A1160,img_5d54faf7bc620d76,2,0,0.0970403850078582
RU-A1160,img_3673caab3ada9169,2,0,0.0708016604185104
RU-A1161,img_fddfd73669db3761,1,0,0.0179183240979909
RU-A1161,img_9a0d76490f4e758c,1,0,0.0073291272856295
RU-A1161,img_703a60c47ce33393,1,0,0.0004122703103348
RU-A1161,img_a77c700d16387170,1,0,4.572642865241505e-05
RU-A1161,img_f18955f848c65a47,1,0,0.2643871307373047
RU-A1161,img_b22806dae60e42eb,1,0,0.4528810381889343
RU-A1162,img_e50a1e9b61f68985,3,0,8.763559890212491e-05
RU-A1162,img_43f44a1c0dc4e80a,3,0,8.237388829002157e-05
RU-A1162,img_0686832adf9eb7b0,3,0,0.0102051412686705
RU-A1162,img_ccda422b004b2040,3,0,0.051980011165142
RU-A1162,img_a73115e01a2d9552,3,0,0.0006077916477806
RU-A1162,img_1ac9bbabf7fe927f,3,0,0.0012860792921856
RU-A1162,img_3565e826b9cddd17,3,0,0.2413204908370971
RU-A1162,img_d64a4ffe7e6872e8,3,0,0.4728253781795501
RU-A1162,img_3373d870d77bbaf3,3,0,0.002868500072509
RU-A1162,img_88287373e24dfd04,3,0,0.0053541483357548
RU-A1162,img_bc1d55c4fbfa977d,3,0,0.2273865342140197
RU-A1162,img_eb4aedf0b4d0e8f8,3,0,0.4946458041667938
RU-A1162,img_1ebecbd928005394,3,0,0.0282815415412187
RU-A1162,img_a05f3ea344464421,3,0,0.0102633843198418
RU-A1164,img_a75108faede88b0d,4,0,0.042631484568119
RU-A1164,img_fdce6cdc847ab8a7,4,0,0.0001547353167552
RU-A1164,img_328f0f466922f285,4,0,7.048732368275523e-05
RU-A1164,img_f2a9a25391b544d3,4,0,0.0002808038843795
RU-A1164,img_bbd0d37f984a5849,4,0,0.0002160692529287
RU-A1164,img_dded3e26fcacca5f,4,0,3.5041455703321844e-05
RU-A1164,img_10353862751e7fa5,4,0,6.923205091879936e-06
RU-A1164,img_9a96dbab552513b9,4,0,0.0214992202818393
RU-A1164,img_4093518313023fbe,4,0,0.0252395346760749
RU-A1165,img_65386e7d9cb64f9d,1,0,0.0009242810774594
RU-A1165,img_a02bce084c4dbc51,1,0,0.0012093741679564
RU-A1165,img_d7ec70c596a3c7e5,1,0,0.0033474024385213
RU-A1165,img_f50adedd5121a5af,1,0,0.0460199229419231
RU-A1167,img_90b53155667807a2,4,0,0.0004316831182222
RU-A1167,img_1e91445dbbb10e45,4,0,0.000293742516078
RU-A1167,img_0b8e5ead1c0eb983,4,0,0.0077764210291206
RU-A1167,img_9a356d782ada14e7,4,0,0.0084234215319156
RU-A1168,img_f6c1b78bf1a1c419,1,0,0.0168517287820577
RU-A1168,img_c4fa6b6606150776,1,0,0.0360900834202766
RU-A1168,img_b12763bc776f237b,1,0,0.002797580556944
RU-A1168,img_b998ac7903da596a,1,0,0.0005838810466229
RU-A1168,img_9b4e1328a6284d02,1,0,9.33515912038274e-05
RU-A1168,img_f63bebd6e6b520fb,1,0,0.0002154405956389
RU-A1168,img_f82ac1e479af4fee,1,0,0.2101238667964935
RU-A1168,img_21a5e7daef98fa43,1,0,0.0673992037773132
RU-A1169,img_3d0d09c23dddd708,0,0,0.0001026561367325
RU-A1169,img_e8f319d98e4394db,0,0,1.1566139619390017e-06
RU-A1169,img_ce580288284f0c39,0,0,5.371306542656384e-05
RU-A1169,img_f2e76757f84ec6c2,0,0,0.0112556451931595
RU-A1169,img_6952eb5a597b71e9,0,0,0.0089705446735024
RU-A1170,img_35146e0294ffc229,4,1,0.0603591613471508
RU-A1170,img_ad84d34a839db114,4,1,0.1666523814201355
RU-A1170,img_7c4b026225b78480,4,1,0.0001003925863187
RU-A1170,img_44d09247fe41802c,4,1,0.0002835460181813
RU-A1170,img_19245519512331a8,4,1,0.0486837998032569
RU-A1170,img_3a68b7d522fd8ed8,4,1,0.1930990219116211
RU-A1170,img_669a0e3d9a6b644c,4,1,0.001315445988439
RU-A1170,img_fbd531730bf96b19,4,1,0.0067204227671027
RU-A1170,img_744edff32ebf52bc,4,1,0.0031638185027986
RU-A1170,img_5c3f1b9276cd3327,4,1,0.0231017842888832
RU-A1170,img_ec86d7873fc72200,4,1,0.6118937134742737
RU-A1170,img_863dbaaea59fc328,4,1,0.7304555177688599
RU-A1170,img_7167b5fffd811b63,4,1,0.0120576294139027
RU-A1170,img_6543c793c1f09e1e,4,1,0.0316523686051368
RU-A1171,img_451dd404b3fad6a6,2,0,0.0019209132296964
RU-A1171,img_bcd237220dc0b0ec,2,0,0.0008779666386544
RU-A1171,img_a0e80e65520e2bc2,2,0,0.0115353884175419
RU-A1171,img_c0ff02ba034a11aa,2,0,0.0033129402436316
RU-A1172,img_be58fe8545d04fce,1,0,0.0002093486255034
RU-A1172,img_b4b1d34ad253ee14,1,0,3.0270981369540095e-05
RU-A1172,img_133e5f1b77bf145f,1,0,0.0033570581581443
RU-A1172,img_1b76d3ea41ad0fa1,1,0,0.0054291822016239
RU-A1172,img_b168d6619e508ea6,1,0,0.0006150502013042
RU-A1172,img_b79a076a1dbb92e9,1,0,0.007633177563548
RU-A1172,img_e407281c2cea1333,1,0,0.3676398694515228
RU-A1172,img_a12c58a5a5f53650,1,0,0.0587191469967365
RU-A1173,img_6dbc7d2d2fda1e32,0,0,0.0002235456631751
RU-A1173,img_898c00f921b34233,0,0,0.0033181640319526
RU-A1173,img_f6a77858a31c3ef1,0,0,0.0001641666603973
RU-A1173,img_df210a5fab7e194e,0,0,0.0002538689004722
RU-A1173,img_142451132d6f6d6e,0,0,0.0770101323723793
RU-A1173,img_755a70d989ccf55a,0,0,0.0537194646894931
RU-A1174,img_a9bce608eae449af,1,0,0.0352473966777324
RU-A1174,img_fb7d456259450448,1,0,0.0043059410527348
RU-A1174,img_5bc4050a4df8e92f,1,0,0.0149177098646759
RU-A1174,img_32cd0bd1996206c9,1,0,0.004559963941574
RU-A1174,img_9aea532336c2c157,1,0,0.060985904186964
RU-A1174,img_8c2b5cc9eea99fea,1,0,0.1140469089150428
RU-A1174,img_71f1b96a1ba6bbb0,1,0,0.0003787708992604
RU-A1174,img_e235934b96951fe8,1,0,0.000329138856614
RU-A1174,img_d11a8e2594bdf46e,1,0,0.0353645868599414
RU-A1174,img_1576581ca61c0ced,1,0,0.1634289026260376
RU-A1154,img_2b9ec337d64cdc74,2,0,0.0015394986839964
RU-A1154,img_c6445ecfb6d3aa22,2,0,0.0012221004581078
RU-A1154,img_a10ed4749e23c7cc,2,0,0.0026848679408431
RU-A1154,img_0f73b3f77eb23edf,2,0,0.0054922946728765
RU-A1154,img_bc17bb19d4341e1c,2,0,0.0080218417569994
RU-A1154,img_a758888f8a1813b8,2,0,0.0072736628353595
RU-A1154,img_e2e703a4f91f18f3,2,0,5.367594712879509e-05
RU-A1154,img_44e2b5872169ec50,2,0,0.0001178861348307
RU-A1154,img_6b40865f9b4e08eb,2,0,0.0009739779052324
RU-A1154,img_db8425540c0b0cdb,2,0,0.001510301255621
RU-A1155,img_5f4824811e011f6c,1,0,0.0003893747052643
RU-A1155,img_7e2f28ed80177923,1,0,0.0011582676088437
RU-A1155,img_5408471552cc8c89,1,0,0.0003517497680149
RU-A1155,img_b29cca99ccd698af,1,0,0.0007330195512622
RU-A1155,img_dad54ac42e65821a,1,0,0.000538139953278
RU-A1155,img_9ce9024d4db6717f,1,0,7.93271537986584e-05
RU-A1155,img_25cbf5e7316d2139,1,0,7.988632569322363e-05
RU-A1155,img_856dd30f9aecc437,1,0,0.0032353354617953
RU-A1155,img_76bbfe9516ee3d70,1,0,0.0067514483816921
RU-A1221,img_b843df6ac49748b8,1,0,0.005534830968827
RU-A1221,img_a11314f69c119b7e,1,0,0.0260624568909406
RU-A1221,img_e3360cc395bd4f0c,1,0,0.0701016187667846
RU-A1221,img_3d7784f167ab3877,1,0,0.1884087771177292
RU-A1221,img_7297193f16963b9f,1,0,0.7844311594963074
RU-A1221,img_ec4e39e962c9849c,1,0,0.4621609449386596
RU-A1222,img_0c8e501da531010d,4,0,0.0018301749369129
RU-A1222,img_0a0d40bf622e68e5,4,0,0.008162978105247
RU-A1222,img_17920b469918312a,4,0,0.00843639485538
RU-A1222,img_550d8a285a437729,4,0,0.0019822777248919
RU-A1223,img_993f965cb2543c0e,0,0,0.0015683657256886
RU-A1223,img_11d2a45a94860f1f,0,0,0.0042063975706696
RU-A1223,img_a34347443d9b677c,0,0,0.005713686812669
RU-A1223,img_e0fea148738580c9,0,0,0.0036076405085623
RU-A1224,img_5abbe20174b1cb5e,0,0,0.005104474723339
RU-A1224,img_311dce75a3b93818,0,0,0.0055185272358357
RU-A1224,img_a937d14aa26975fa,0,0,0.8730000853538513
RU-A1224,img_41106415ecfc609e,0,0,0.0008968217298388
RU-A1224,img_dba5d6602b0b162a,0,0,0.0028879351448267
RU-A1225,img_9e70c1ee239546d3,0,0,0.0143683161586523
RU-A1225,img_399db71f2f7c74d2,0,0,0.0100350063294172
RU-A1226,img_662078eafbab9c59,0,0,0.0029589405748993
RU-A1226,img_d4331128fa77cdd6,0,0,0.0018850043416023
RU-A1226,img_42abf17b96b925c5,0,0,0.0001841901539592
RU-A1226,img_0beb883c88a1a1b9,0,0,0.0001527083222754
RU-A1227,img_a4ed0801b99d3676,3,0,0.0008792361477389
RU-A1227,img_48fc430b50746636,3,0,0.0008298152242787
RU-A1227,img_d14fae684d541a7a,3,0,0.0009473612299188
RU-A1227,img_47bc5f8962e2180b,3,0,0.0001668502227403
RU-A1227,img_354c74b3c6338aad,3,0,0.0002969075576402
RU-A1227,img_982144aa5c74c38e,3,0,0.0001830528199207
RU-A1228,img_cff87a80d13e8fb1,2,0,0.0017143826698884
RU-A1228,img_566a72c2cbc99ec0,2,0,0.005708466283977
RU-A1228,img_d2f9d041e39bcca2,2,0,0.0017366695683449
RU-A1228,img_3d8bf6100cc8d6b8,2,0,0.0070642926730215
RU-A1228,img_d5e1c165c810708f,2,0,0.0011235526762902
RU-A1228,img_f8dc5696bc6d0a98,2,0,0.0109944529831409
RU-A1228,img_b355bf8324014a77,2,0,0.0005416329950094
RU-A1228,img_7ecf8f0d78007381,2,0,3.807684333878569e-05
RU-A1228,img_22d710c277869821,2,0,3.914080298272893e-05
RU-A1228,img_dc939f24dbe447cf,2,0,0.945619523525238
RU-A1228,img_9718837515050473,2,0,0.9379837512969972
RU-A1229,img_8950267846928315,4,1,0.0603422373533248
RU-A1229,img_44829ee2e0bd1429,4,1,0.9803946018218994
RU-A1229,img_75e20e01b38e078a,4,1,0.9598011374473572
RU-A1229,img_651a50002ea6f8ba,4,1,0.978804051876068
RU-A1229,img_b1f8e2c4d30fe399,4,1,0.9986503720283508
RU-A1230,img_3830ae930b0a6ef1,4,0,0.0769008621573448
RU-A1230,img_72e0925990c9bf09,4,0,0.0030548132490366
RU-A1230,img_8de82a7ef7791207,4,0,0.1371107846498489
RU-A1230,img_dfdf8341cd873f00,4,0,0.0070226225070655
RU-A1230,img_4e74d4cfbc6b946d,4,0,5.389372381614521e-05
RU-A1230,img_9b94bb8e3d3f8938,4,0,6.578535248991102e-05
RU-A1230,img_63b70a713495db32,4,0,0.0083432029932737
RU-A1230,img_60227010952c481a,4,0,0.0002229558303952
RU-A1230,img_3ed0b603bd39c6fe,4,0,0.0007214554934762
RU-A1230,img_8d9ee4f5d062f4ee,4,0,0.0013119251234456
RU-A1230,img_2badc52b03359c7f,4,0,0.0040287850424647
RU-A1230,img_dc9adb66c18359f9,4,0,0.0186502840369939
RU-A1231,img_4a9ceaba0b907dba,2,0,0.0046674008481204
RU-A1231,img_4dbcc0ccdd01a90e,2,0,0.0058998432941734
RU-A1231,img_dd5a0c6c0753b8f9,2,0,0.0099562760442495
RU-A1231,img_bfee5e09e107f620,2,0,0.0012606483651325
RU-A1231,img_d2ae49d23f2c8fae,2,0,0.2370660305023193
RU-A1231,img_a7b107b5b48b736b,2,0,0.0135381827130913
RU-A1231,img_a8186cb4fbe98fca,2,0,0.0013863547937944
RU-A1231,img_02ae068f77aecd0a,2,0,0.0137742105871438
RU-A1232,img_f8eed42054d2d97e,1,0,0.0001242138678207
RU-A1232,img_6b8ee788e5947b23,1,0,0.002456562127918
RU-A1232,img_e5b24440c4d13433,1,0,0.0160645544528961
RU-A1232,img_91ce6a798f0addf8,1,0,0.0014705318026244
RU-A1232,img_09d3118069786e96,1,0,0.0001520325749879
RU-A1232,img_67c3b03061399bb3,1,0,0.0034216854255646
RU-A1232,img_66e3441a082030fe,1,0,0.0036947864573448
RU-A1232,img_434c1c81c8b8e1ed,1,0,0.0121073303744196
RU-A1233,img_5de866f0a887a291,0,0,0.0228097848594188
RU-A1233,img_ccd794e2817b27c9,0,0,0.0174734983593225
RU-A1233,img_b7d8a3f95eea273a,0,0,0.005920672789216
RU-A1233,img_06613dc42196830f,0,0,0.0148538406938314
RU-A1233,img_f8c5fdc5ef24e200,0,0,0.0018531651003286
RU-A1233,img_3fe0bf91a8b07fbf,0,0,0.0178528148680925
RU-A1233,img_eb990b0170856b53,0,0,0.0044766897335648
RU-A1233,img_1cef30b84b1f8705,0,0,0.0015718559734523
RU-A1234,img_9fe7f8c14d214f85,1,0,0.0003735574427992
RU-A1234,img_8f9346484fdadaf5,1,0,0.0003409886558074
RU-A1234,img_b7b77fcba03765a8,1,0,0.0003193865122739
RU-A1234,img_f572494e74b147f7,1,0,0.0003358428366482
RU-A1235,img_7fcb73b59693708a,1,0,0.0306527968496084
RU-A1235,img_d7e0b86dae2b2648,1,0,0.0025602201931178
RU-A1235,img_e541919750f8f0bb,1,0,0.0182482898235321
RU-A1235,img_7e5ed24165794b48,1,0,0.017355540767312
RU-A1236,img_cc2d188476c57231,3,0,0.0007128493743948
RU-A1236,img_bc39e336ae99b7c2,3,0,0.0006030462682247
RU-A1237,img_c1307c46aeed49e6,2,0,0.002280093729496
RU-A1237,img_0e945bc042bb913b,2,0,8.311346027767286e-05
RU-A1237,img_3e017bbfd34b445c,2,0,2.2846637875773013e-05
RU-A1237,img_53f53b2252294e84,2,0,0.000382050871849
RU-A1237,img_4e1c499c5537d033,2,0,0.0004583696427289
RU-A1238,img_7be6f6758f6c4b6d,1,0,0.0161694586277008
RU-A1238,img_a36c9d9a3209fd1a,1,0,0.0007714391686022
RU-A1238,img_891b503bbeee8157,1,0,0.0019861012697219
RU-A1238,img_e03834fbefdd0c96,1,0,0.0261521898210048
RU-A1238,img_1b16d89d902c69c9,1,0,0.034858863800764
RU-A1238,img_09c83915e5561442,1,0,0.0172671768814325
RU-A1238,img_c2fc160a3a160ab3,1,0,0.0007243182044476
RU-A1238,img_ae17a68200f20bd7,1,0,0.0010595213389024
RU-A1239,img_e3666bf8aa074a8e,3,0,0.089469164609909
RU-A1239,img_54c6082c9e330aa9,3,0,0.000135489492095
RU-A1239,img_7c5fa7fde0d158ec,3,0,0.0013762256130576
RU-A1239,img_959fddb3cb5ba6ad,3,0,0.0005412124446593
RU-A1239,img_6884c97a9b80867c,3,0,0.0001161133768619
RU-A1239,img_073122c18a534a3f,3,0,0.0001001275668386
RU-A1240,img_b2826c84edb1a981,3,1,0.0008273439598269
RU-A1240,img_e2929ffcd26a36bb,3,1,0.0016993563622236
RU-A1240,img_1a1f853295b0a1f7,3,1,0.0009590096888132
RU-A1240,img_df2b23c20d373cb2,3,1,0.0876386314630508
RU-A1240,img_5d4d38e81fc13079,3,1,0.0131464796140789
RU-A1240,img_e4bbe624cbc3bcfa,3,1,0.0152050415053963
RU-A1240,img_fca381572b0f2812,3,1,0.0109159871935844
RU-A1240,img_332150a1c65cc706,3,1,0.0032060060184448
RU-A1240,img_2a566051f674d24c,3,1,0.0614971928298473
RU-A1240,img_e9ca392036a4b523,3,1,0.0704680830240249
RU-A1240,img_ab8c49011a55ede8,3,1,0.0198937524110078
RU-A1240,img_c3a0ac719e920d0e,3,1,0.0354734808206558
RU-A1345,img_7e61082adabd31d8,1,1,0.000225150186452
RU-A1345,img_d3feff1211a4285c,1,1,0.0004136185452807
RU-A1345,img_cdbc4937d28fa0ee,1,1,0.1500290185213089
RU-A1345,img_22eb5d6e909db778,1,1,0.398882508277893
RU-A1245,img_0b1da719028ee428,2,0,0.0058483630418777
RU-A1245,img_c1c7c530d207703b,2,0,0.0021690689027309
RU-A1245,img_19718b6879c6a4b5,2,0,0.0012417376274242
RU-A1245,img_a7bf02af7fb692b9,2,0,0.0067624533548951
RU-A1245,img_f2692bb748663132,2,0,0.0062798000872135
RU-A1245,img_be7ccbfa8f413e9f,2,0,0.0020392488222569
RU-A1245,img_ab0e56c36727edfb,2,0,0.0012964603956788
RU-A1245,img_1a07d10d000de6f6,2,0,0.0018693230813369
RU-A1245,img_89102dde89e25e9a,2,0,0.0009830739581957
RU-A1245,img_6b92f1c7fec81682,2,0,0.0009329390595667
RU-A1246,img_7a670da64b5e50db,2,0,0.0175292883068323
RU-A1246,img_e7f76e4dd817ca61,2,0,0.0051032230257987
RU-A1246,img_da8f1cba505a5ad1,2,0,0.0001438608014723
RU-A1246,img_582323e232fcf005,2,0,0.0003591607382986
RU-A1248,img_beddcaa9017f505b,3,0,0.0005154400132596
RU-A1248,img_bc651650612474fa,3,0,0.0006856879335828
RU-A1248,img_e74ecb9e8e6b164b,3,0,0.0053020906634628
RU-A1248,img_c5e470e6c5e1641a,3,0,0.0017198771238327
RU-A1248,img_43482114ff3743bb,3,0,0.0003328869061078
RU-A1347,img_40f993093261617b,0,1,0.8754597306251526
RU-A1347,img_90ed0a0384e864cb,0,1,0.8895933032035828
RU-A1020,img_6ebf0480440eeb8b,3,0,0.006610004696995
RU-A1020,img_3b28f6fb43310f01,3,0,0.0730031877756118
RU-A1020,img_b896f1618048adaa,3,0,0.0865686759352684
RU-A1020,img_ff34f3ed16e85d10,3,0,0.0450741127133369
RU-A1020,img_e1dfa0df1f51f26f,3,0,0.1055727079510688
RU-A1020,img_38b66d83c3e10e5f,3,0,0.0034143405500799
RU-A1020,img_269af53d528b1f3b,3,0,0.0062587619759142
RU-A1166,img_7db6e6ebb2386254,2,0,0.006200454197824
RU-A1166,img_04d2698a8ec4e773,2,0,0.0037320463452488
RU-A1166,img_e48273b2c657ace2,2,0,0.0064899479039013
RU-A1166,img_b5193f801f3b0651,2,0,0.0015005674213171
RU-A1166,img_8cd4e57f5a7f3fbf,2,0,0.0019550647120922
RU-A1166,img_8c3b4f88af2c18d0,2,0,0.0007729873177595
RU-A1166,img_52722c7a1339f08b,2,0,0.0614717490971088
RU-A1153,img_88c42d232e084af2,3,0,0.0054287062957882
RU-A1153,img_6b2a1851b06d2968,3,0,0.1540021151304245
RU-A1153,img_b3b08eefab81dc7a,3,0,0.0008549289777874
RU-A1067,img_e4b1cb7a4084f5aa,1,0,0.6088801622390747
RU-A1067,img_af4aba150dcdd3ff,1,0,0.709500789642334
RU-A1067,img_283d2d5b706f4a10,1,0,0.0383301600813865
RU-A1067,img_4c686295431a83d9,1,0,0.0742783024907112
RU-A1067,img_1787244bdbcfa17f,1,0,1.0579339004834765e-06
RU-A1067,img_d7a788735478282b,1,0,1.998310290218797e-05
RU-A1067,img_8a2299337955ff3f,1,0,0.019892118871212
RU-A1067,img_1edb5a7636a9c074,1,0,4.105287189304363e-06
RU-A1067,img_9f660a26a61b58e8,1,0,1.1151216313010082e-05
RU-A1111,img_1cd53353b8617071,1,0,0.0001038831178448
RU-A1111,img_7dcdf6badb261622,1,0,9.980146569432692e-05
RU-A1111,img_c1200a40c8ffa7a5,1,0,9.987105295294896e-05
RU-A1111,img_426db2853397d34f,1,0,0.0030524325557053
RU-A1111,img_258ef9ea500043f1,1,0,0.0020736772567033
RU-A1111,img_b5efa60b2a2e54c1,1,0,0.0030851494520902
RU-A1111,img_ff6679dafd6bb8a8,1,0,0.0007480948697775
RU-A1111,img_555a0eed519bc91b,1,0,0.0049034338444471
RU-A1111,img_68ce501b08448270,1,0,0.0666563510894775
RU-A1111,img_56763286b16db0a6,1,0,0.0305532105267047
RU-A1111,img_b65531f2691565a9,1,0,0.023771034553647
RU-A1111,img_e6126205083bed2e,1,0,0.0269760359078645
RU-A1111,img_c430eaac3bcee87b,1,0,0.0011674065608531
RU-A1111,img_38493665fbd7fc50,1,0,0.0001616951194591
RU-A1149,img_bbf258ea7b72621d,2,0,0.0035849562846124
RU-A1149,img_fa033a5cd5376bdd,2,0,0.0072968583554029
RU-A1177,img_20361e9a65e9b7a3,3,0,0.0010550521546974
RU-A1177,img_111685f7f081edfa,3,0,0.0007329323561862
RU-A1177,img_fea19a9cfd0b6731,3,0,0.0048178159631788
RU-A1177,img_3add4b70d70febec,3,0,0.0153684569522738
RU-A1179,img_79ba5a1608358e10,2,0,0.0013591826427727
RU-A1179,img_02bcd5eefe3ac2f5,2,0,0.0002490464830771
RU-A1179,img_a2640cbb642bfa27,2,0,0.0067751291207969
RU-A1179,img_57140cb499290165,2,0,0.002507829805836
RU-A1181,img_95278a1793767bf5,0,0,0.014835013076663
RU-A1181,img_5746beb86ec3e5f7,0,0,0.0012665286194533
RU-A1181,img_348f5c02ab93acd5,0,0,0.1079363971948623
RU-A1181,img_49b9a19b2d71e267,0,0,0.3063094317913055
RU-A1182,img_72a6b03b03822cdf,4,0,0.5702798366546631
RU-A1182,img_260b6b676862b479,4,0,0.7728264927864075
RU-A1182,img_70033e2e448b5422,4,0,0.4996778964996338
RU-A1182,img_c299d29bd0f9727b,4,0,0.8514600396156311
RU-A1183,img_ea651f8d1fa0b977,2,0,2.9618433472933248e-05
RU-A1183,img_f354e7452ed4f731,2,0,5.101377973915078e-05
RU-A1183,img_c0fcbd5c9ef681d8,2,0,0.0168120134621858
RU-A1183,img_d8ee1ebb142b9b41,2,0,0.0070770611055195
RU-A1185,img_932b5fc52ae332d4,1,0,0.0092355208471417
RU-A1185,img_e3ab61ccfc73868f,1,0,0.0066670831292867
RU-A1185,img_ca5e4ba2c40087ba,1,0,0.0130029134452342
RU-A1185,img_c5e29373480c9838,1,0,0.0632401630282402
RU-A1250,img_bc42d5b6df347267,2,0,0.0004607663722708
RU-A1250,img_1973d0ad146c6caf,2,0,0.0001979819062398
RU-A1250,img_d21ae07be7521ee4,2,0,0.0013290984788909
RU-A1250,img_fae9a948208af627,2,0,0.0031122923828661
RU-A1250,img_9aa8739a0f7d5ebc,2,0,0.012954450212419
RU-A1250,img_5e69f1ab96f7bbec,2,0,0.0018972882535308
RU-A1250,img_9c9aac34eec51086,2,0,0.02010646648705
RU-A1250,img_a0fc20927e5f670b,2,0,0.0029611666686832
RU-A1250,img_ce896261265900d1,2,0,0.006489111110568
RU-A1250,img_3be085020d15861d,2,0,8.522011194145307e-05
RU-A1250,img_cbfaf1ca6e402023,2,0,0.0001747783098835
RU-A1251,img_3052a7aac94abe19,2,1,0.017467014491558
RU-A1251,img_b1c1ad411bee2dab,2,1,0.0014242089819163
RU-A1251,img_2dad71961b5ab5f4,2,1,0.0427649766206741
RU-A1251,img_6bbcbca4ebf1dcc3,2,1,0.0503219813108444
RU-A1251,img_bc72bd486195709b,2,1,0.0014158408157527
RU-A1251,img_9bb4761e496a7c19,2,1,9.981964831240477e-05
RU-A1251,img_026b03b707d69374,2,1,0.0043220850639045
RU-A1251,img_37d73ec364ecd89c,2,1,0.002231158548966
RU-A1251,img_389663b2e72f8ccd,2,1,0.0048687197268009
RU-A1251,img_e9207379d7cf370f,2,1,0.0429083667695522
RU-A1251,img_b9c8195ff22a5bdb,2,1,0.0032599351834505
RU-A1251,img_23808aa99ad4a010,2,1,0.0026502825785428
RU-A1251,img_0d4e2f8217a6a429,2,1,0.0658716857433319
RU-A1251,img_7e3e648b59b560ff,2,1,0.076254978775978
RU-A1251,img_448498b4a6226637,2,1,0.0010397941805422
RU-A1251,img_5a418c5470c18130,2,1,0.0001264394668396
RU-A1251,img_9b3dda18f52398c3,2,1,0.0078816674649715
RU-A1251,img_a9aa2953c27365bd,2,1,0.0047219484113156
RU-A1251,img_bbe2192ae099d420,2,1,0.0220603868365287
RU-A1251,img_62a1e3c01176e5ea,2,1,0.0521836839616298
RU-A1251,img_98d9bd347e7dca9c,2,1,0.0018858172697946
RU-A1251,img_fc56cd99f782bd0a,2,1,0.0049620778299868
RU-A1251,img_98af12855b0e7a13,2,1,0.0235709659755229
RU-A1251,img_db3f7d60f735ecbc,2,1,0.0484808646142482
RU-A1251,img_5666a5cd5bd0e47c,2,1,0.2766351997852325
RU-A1251,img_6a5849527105d664,2,1,0.1020969599485397
RU-A1252,img_64312d924d92e23b,2,0,0.000721022777725
RU-A1252,img_ed9223aa6ace71e9,2,0,0.0078066126443445
RU-A1252,img_549dc037d491a696,2,0,0.0026260626036673
RU-A1252,img_4e3b338be34c9d38,2,0,0.0007253300864249
RU-A1252,img_1229ea2445e71815,2,0,0.0045667653903365
RU-A1252,img_3f861a7833361ca2,2,0,0.0059932093136012
RU-A1252,img_a63f7b50351280f1,2,0,0.0004836641310248
RU-A1252,img_63a26b05ae24e71e,2,0,0.0002659240853972
RU-A1252,img_20bf0be79d47c78b,2,0,4.3719268433051184e-05
RU-A1252,img_b11e68f0000cf42d,2,0,7.802675099810585e-05
RU-A1252,img_ab24060abf7e2b5a,2,0,0.0161895137280225
RU-A1252,img_f3fe90b8d540e894,2,0,0.3230235874652862
RU-A1252,img_d0f362f52a0f8893,2,0,0.0020327505189925
RU-A1252,img_d53477674959abf2,2,0,0.0008983529987744
RU-A1252,img_40eca33277dbef3a,2,0,0.0014301060000434
RU-A1252,img_a8dfa2b3f56a932b,2,0,0.0014435757184401
RU-A1252,img_8e205f4c444de7a7,2,0,0.0096045704558491
RU-A1252,img_101a46fad5805961,2,0,0.0226936098188161
RU-A1252,img_84c0e68ffc4e74f7,2,0,0.0003226179105695
RU-A1252,img_6ea321d0ea22adf8,2,0,0.0001976386556634
RU-A1252,img_fadc9151e90eb6be,2,0,0.0142586901783943
RU-A1252,img_2ea72473b736af7f,2,0,0.0032254473771899
RU-A1252,img_f1c1d69ac3d58479,2,0,0.001492079696618
RU-A1252,img_49bb7dff4e6f9a40,2,0,0.0016840539174154
RU-A1252,img_657d8f17dcf690e5,2,0,2.835441591741983e-05
RU-A1252,img_0f8593592fbe074b,2,0,3.530315007083118e-05
RU-A1252,img_e40f5ee990f881e9,2,0,0.0002098302356898
RU-A1252,img_cbefeef31ea64e78,2,0,0.0001232430950039
RU-A1252,img_0745a2dbb2e98fd9,2,0,5.487707312568091e-05
RU-A1252,img_c0cf11b324e4ffe3,2,0,1.68515216500964e-05
RU-A1252,img_9db3aaf1d03fe174,2,0,0.0001460177300032
RU-A1252,img_5448d64c6289d498,2,0,1.9453655113466084e-05
RU-A1252,img_2b24113199a30b16,2,0,0.0002141724107787
RU-A1252,img_dd4c063159a69006,2,0,3.315485446364619e-05
RU-A1252,img_e720fe8c0fd5bb6d,2,0,0.2432078421115875
RU-A1252,img_da34bd5c422736bf,2,0,0.0041792932897806
RU-A1252,img_af56dcaa762d52a3,2,0,1.5185927622951567e-05
RU-A1252,img_04eb48325d3eeadf,2,0,7.088532129273517e-06
RU-A1252,img_47dca7d163b82cea,2,0,0.0004806193755939
RU-A1252,img_4d855547d6d490f2,2,0,0.0015328162116929
