pid,image_id,fold,y_true,proba
RU-A1156,img_2919fb9629af8eb6,4,1,0.0002614165423437
RU-A1156,img_d113fcf2b340674b,4,1,0.0014025093987584
RU-A1048,img_615157a6f6318fc0,0,1,0.0003917378489859
RU-A1048,img_1af1a8ac1245dd39,0,1,0.0004149767628405
RU-A1048,img_0434b8184663ea6a,0,1,0.0008634119294583
RU-A1048,img_1347dbe04673e854,0,1,8.17658074083738e-05
RU-A1048,img_5e7df910a2c0ac34,0,1,0.9995611310005188
RU-A1048,img_01a97ea00547c5bf,0,1,0.9981414079666138
RU-A1048,img_cdd19bc4e12d3f46,0,1,0.0753379017114639
RU-A1048,img_a2d37942a0dbbc96,0,1,0.1020531728863716
RU-A1048,img_5410faa7cb69fefd,0,1,0.7463926076889038
RU-A1048,img_02224c7fbd4dd58a,0,1,0.2041867822408676
RU-A1048,img_76da8f0577c13e22,0,1,0.9995054006576538
RU-A1048,img_77a1e9fda7d6f6ed,0,1,0.9948712587356568
RU-A1048,img_393086b1d76cf2e3,0,1,0.1511838436126709
RU-A1048,img_2daa10ddecff8b06,0,1,0.994381844997406
RU-A1048,img_583fd0ffd3a7fae2,0,1,0.0062955846078693
RU-A1048,img_7efb7f864b447cc7,0,1,0.0175977423787117
RU-A1048,img_5cc8a8b1f0819e10,0,1,0.0003735353529918
RU-A1048,img_0ada6a07b5b250db,0,1,0.0005341574433259
RU-A1048,img_2dc9bdc31e605b73,0,1,0.0027471880894154
RU-A1048,img_19c1e67cae61b925,0,1,0.0043588308617472
RU-A1048,img_f905a8654c65f429,0,1,0.2903960943222046
RU-A1048,img_da5f0762a08801b8,0,1,0.1247268617153167
RU-A1048,img_9e431fa94056e03b,0,1,0.939448356628418
RU-A1048,img_552958db4b80a3c8,0,1,0.8258246779441833
RU-A1080,img_53d27e21f6293a1a,3,0,0.4389117658138275
RU-A1080,img_e4462661e8adeeaa,3,0,0.668769121170044
RU-A1080,img_b7c02f7e41a921b7,3,0,0.9683799743652344
RU-A1080,img_f6c8588b96713ccc,3,0,0.9226060509681702
RU-A1080,img_e7e6926b0c5d8fe3,3,0,0.2691233456134796
RU-A1080,img_763a8069a29b9b05,3,0,0.0264490377157926
RU-A1080,img_a0004c6821cef0f7,3,0,0.0022828420624136
RU-A1080,img_a98e6efe9c8de603,3,0,0.0006708704167976
RU-A1080,img_cb025e3782630dbe,3,0,0.0130527121946215
RU-A1080,img_8f18c4773b2ced5b,3,0,0.9626383781433104
RU-A1080,img_49be88c649c5c5be,3,0,0.5852514505386353
RU-A1089,img_e22a379091047774,1,1,0.0001865344383986
RU-A1089,img_bdfb8c59d943520a,1,1,0.0007463488145731
RU-A1099,img_ced36bdbc001ccc5,2,1,2.3251335733220913e-05
RU-A1099,img_934d287b5ca033af,2,1,1.705705471977126e-05
RU-A1099,img_605490138f3b6cce,2,1,5.7533616200089455e-05
RU-A1099,img_5f889a4ac2057fb5,2,1,0.0001636387169128
RU-A1099,img_026898dfaf220c28,2,1,0.0001867454848252
RU-A1099,img_09b90c24774e7828,2,1,0.0001491813163738
RU-A1099,img_ca690feda1d750fa,2,1,0.0005333371227607
RU-A1099,img_76769bde8f825629,2,1,0.0003320346295367
RU-A1107,img_9d423112ae60515f,0,0,0.0001517490018159
RU-A1107,img_70c41eda32a6d457,0,0,0.0001261018624063
RU-A1107,img_698fb297a7c6039d,0,0,0.0002905844012275
RU-A1107,img_5a3419b739374530,0,0,0.0004857953463215
RU-A1016,img_1d66366cc1998061,1,0,0.0054433410987257
RU-A1016,img_d645bb77266d216e,1,0,0.0018372758058831
RU-A1016,img_da759c53188dfdb3,1,0,0.199702575802803
RU-A1016,img_2855963ede417424,1,0,0.3099666833877563
RU-A1016,img_23ca300f480bc79f,1,0,3.3035208616638556e-05
RU-A1016,img_1a7a1dd3d46fc9a1,1,0,3.1958785257302225e-05
RU-A1016,img_70a1cef338771195,1,0,0.0112829655408859
RU-A1016,img_7a817b858d664095,1,0,0.0018400710541754
RU-A1016,img_10fa9ab5f75b2e02,1,0,0.9989932179450988
RU-A1016,img_7ba1a59cd0f4ad6d,1,0,0.9962944388389589
RU-A1016,img_629dc507d72bad23,1,0,0.9963627457618712
RU-A1052,img_30ccafa79b1e5c28,2,0,0.0002892181801144
RU-A1052,img_8ce1046e2ebff118,2,0,0.0001169858078355
RU-A1052,img_78ad139745c96657,2,0,0.0002381674130447
RU-A1052,img_0a077b8d620d3f1f,2,0,0.0002721421187743
RU-A1052,img_574ca5460edab67d,2,0,5.65411573916208e-05
RU-A1052,img_1e8f662b5872bf74,2,0,0.0001958574284799
RU-A1052,img_689f29f80d42312b,2,0,0.00012561508629
RU-A1052,img_89074b12d5e3769f,2,0,0.0001917062036227
RU-A1052,img_6e69a1cffb1797fe,2,0,4.782322503160685e-05
RU-A1052,img_bb88c76ad332f52c,2,0,0.009577221237123
RU-A1052,img_6b9803ba9e3f4d39,2,0,0.0060826279222965
RU-A1052,img_345241a2162f61a8,2,0,0.0007288486813195
RU-A1058,img_8ca9b1dfea8f445b,2,0,0.0001064882526407
RU-A1058,img_1448eb37b91dfbf2,2,0,6.301904795691371e-05
RU-A1058,img_d1a2c8e18334ad60,2,0,0.0001622113632038
RU-A1058,img_1285bc76185e755d,2,0,6.346593727357686e-05
RU-A1058,img_ac7b7097852242e3,2,0,0.001830038963817
RU-A1058,img_87af2e58ec90a397,2,0,0.000330984708853
RU-A1058,img_53f9e1bf5a2928fd,2,0,0.0236186161637306
RU-A1058,img_0c6632a19da1d320,2,0,0.3137685060501098
RU-A1058,img_1397bd6a0fcbb42b,2,0,0.0002547650656197
RU-A1058,img_8ab00ebe9c4df78f,2,0,0.0002244728530058
RU-A1058,img_ffed7cab95661d93,2,0,4.9198522901861e-05
RU-A1058,img_9b6fdf227782fd34,2,0,9.419061098014936e-05
RU-A1058,img_bd58a96c7a49a8fa,2,0,0.0002021504333242
RU-A1058,img_f01449513fc32162,2,0,0.000189535683603
RU-A1058,img_7722642afa3d1969,2,0,0.0004305574693717
RU-A1058,img_588134547734a2ad,2,0,0.0017629123758524
RU-A1058,img_fc9442cf9ee7d0a7,2,0,6.79571385262534e-05
RU-A1058,img_bacc99d5d573c2f7,2,0,0.0002036058867815
RU-A1058,img_a813e15ee1fb49a5,2,0,4.1732022509677336e-05
RU-A1058,img_6b4c91c46e2ee9e7,2,0,6.923014734638855e-05
RU-A1058,img_6e04fb5a35747565,2,0,0.0024489089846611
RU-A1058,img_6cb909bef7a2df08,2,0,0.0001124478076235
RU-A1058,img_01172d93cf2bd66a,2,0,0.0327221304178237
RU-A1058,img_0d38dc280a0ed213,2,0,0.3442147076129913
RU-A1074,img_a0861ea9e7660989,2,0,0.0001143608387792
RU-A1074,img_e145a6fa6dd942f6,2,0,0.0001605124271009
RU-A1074,img_31f3a4018f5dd8d0,2,0,0.0001276878174394
RU-A1074,img_c944a6f2be7b4fe9,2,0,0.0001954455074155
RU-A1074,img_36173f5c1e011c0d,2,0,0.2026348263025283
RU-A1074,img_1a8ed1c40c6e7e5f,2,0,0.1367933750152588
RU-A1098,img_3ae15fde7f9afade,3,0,0.0016112014418467
RU-A1098,img_905e1b987819fed4,3,0,0.0016242932761088
RU-A1098,img_37c256109ac3a823,3,0,0.0001069063073373
RU-A1098,img_e00095b434bed28d,3,0,0.0003977748274337
RU-A1098,img_4fdbe66edfebdc04,3,0,0.0007787397480569
RU-A1098,img_dc432a1c6eaf385c,3,0,0.0002955462550744
RU-A1098,img_31a7b21a748aed23,3,0,9.569948451826348e-05
RU-A1098,img_1cccaf4a04648eb1,3,0,0.0002139168791472
RU-A1050,img_d2ef31434a0fff6e,3,1,0.0974670648574829
RU-A1050,img_ee0066527d1c4cd6,3,1,0.0476206429302692
RU-A1068,img_0dc274e4a92e9052,2,0,0.0037571461871266
RU-A1068,img_c865d5a832893e9b,2,0,8.891431934898719e-05
RU-A1068,img_164e07147199a243,2,0,0.0001752094540279
RU-A1068,img_fac566c3c6c081fd,2,0,0.0002502616262063
RU-A1068,img_fadbd2819e4b7f0b,2,0,4.710135908680968e-05
RU-A1068,img_6195cb9ef196e838,2,0,0.0002354662428842
RU-A1068,img_df1bb1f949077480,2,0,6.941153696971014e-05
RU-A1068,img_ccdb8b939171d9df,2,0,0.0005408891011029
RU-A1068,img_1480e4fb992468df,2,0,7.824887870810926e-05
RU-A1068,img_93521b4fc9a39744,2,0,4.6456800191663206e-05
RU-A1068,img_0ef6c053a1efa9cb,2,0,0.0001416305021848
RU-A1068,img_25d8ce440d731440,2,0,0.0001460380590287
RU-A1068,img_a1eb985fcd771a63,2,0,0.0022267731837928
RU-A1068,img_6919fc42f2cb0292,2,0,0.0051782676018774
RU-A1069,img_29fea1742bde81f1,3,0,0.9868487119674684
RU-A1069,img_d3537ec084088385,3,0,0.99617600440979
RU-A1069,img_5f90bb3a75a84565,3,0,0.0009330993634648
RU-A1069,img_89432fed4f986adb,3,0,0.0003012946399394
RU-A1069,img_7a36ca777906472c,3,0,0.5197556018829346
RU-A1069,img_dbe15317497aec02,3,0,0.5302348136901855
RU-A1069,img_00881378b5922b46,3,0,0.2072141915559768
RU-A1069,img_11333961ba50a402,3,0,0.5470924973487854
RU-A1069,img_2730485b8df5a181,3,0,0.989777147769928
RU-A1069,img_144d587daae63140,3,0,0.9694761037826538
RU-A1069,img_9e907ab2c0c5f60f,3,0,0.1584038883447647
RU-A1069,img_c2312dc45a9ee6c9,3,0,0.2280755490064621
RU-A1069,img_66f1fc5d75ccad3c,3,0,0.9475030303001404
RU-A1069,img_f40cefc5aabb8685,3,0,0.3470010459423065
RU-A1069,img_3539ec17c0f6dc19,3,0,0.8174276947975159
RU-A1069,img_2f445d43cb6a4c34,3,0,0.6532660722732544
RU-A1069,img_096a19e1485e3e1d,3,0,0.7939326763153076
RU-A1069,img_38e65d5e417cbbd8,3,0,0.6219116449356079
RU-A1069,img_b7487da3d4cbfd51,3,0,0.3463919758796692
RU-A1069,img_de7f3391803d823e,3,0,0.0496567972004413
RU-A1069,img_ec74d794cb0c8612,3,0,0.3582480847835541
RU-A1069,img_fd9e9ef128d318ca,3,0,0.000292646465823
RU-A1069,img_1958472f7c720185,3,0,0.0002778958005364
RU-A1069,img_1c977fc3cb36e35c,3,0,0.0010293124942108
RU-A1069,img_dc6e72e5addf23c9,3,0,8.321980567416176e-05
RU-A1069,img_1c331cded5089a43,3,0,0.0718249976634979
RU-A1069,img_902a4cff1b93d849,3,0,0.0032947214785963
RU-A1069,img_be34d14764caec98,3,0,0.0005082780262455
RU-A1069,img_14783106ce96dfba,3,0,0.2730400562286377
RU-A1069,img_f7009805dff8f9cf,3,0,0.2711920738220215
RU-A1069,img_cbe30f9cebd532ad,3,0,0.917667806148529
RU-A1069,img_807f692be3a97d7b,3,0,0.9338381290435792
RU-A1071,img_f1bf7e185918828e,0,1,0.0473283566534519
RU-A1071,img_6764b3bb82303282,0,1,0.0853071883320808
RU-A1071,img_255ba469849c7fbe,0,1,0.1653821915388107
RU-A1071,img_fb8cdf71da917259,0,1,0.1307308673858642
RU-A1071,img_5d53ba894d46933e,0,1,0.3385638296604156
RU-A1071,img_18981532a2de742f,0,1,0.2339961230754852
RU-A1072,img_e4d19559ce6c7c5b,0,0,0.0017937927041202
RU-A1072,img_745564efb4b1aedf,0,0,0.0016819019801914
RU-A1072,img_b9428b3d585b9fee,0,0,0.0004960925434716
RU-A1072,img_30d0d7cbd2ae936d,0,0,0.0002305915404576
RU-A1072,img_09350acbf91fa1d1,0,0,0.100515179336071
RU-A1072,img_e96f4fedd84d477b,0,0,0.0003888229839503
RU-A1072,img_2a6459477585e3f1,0,0,0.0025254855863749
RU-A1072,img_f1dbff2a22171d4e,0,0,0.0020174134988337
RU-A1073,img_8dba78fb4cbfdcb2,4,0,0.0001403122150804
RU-A1073,img_510a24476049a246,4,0,0.0001199368416564
RU-A1073,img_05613777d7d60acf,4,0,0.54981929063797
RU-A1073,img_69a449be8babb7c4,4,0,0.0005628138897009
RU-A1073,img_bf31b7c2b9a2c89a,4,0,5.8093817642657086e-05
RU-A1073,img_ccdf9e7d4d800d31,4,0,6.379901606123894e-05
RU-A1073,img_9d374727786014d6,4,0,0.4898836314678192
RU-A1073,img_3eeff4e77fc6c6ee,4,0,0.1203769519925117
RU-A1073,img_a658cde89dc61e4f,4,0,0.7076506018638611
RU-A1073,img_8adf2d3bfaa855df,4,0,0.0205695573240518
RU-A1073,img_43ce6eaffe64af70,4,0,0.0075873769819736
RU-A1076,img_bb2fb924b90d812c,1,0,0.0005257756565697
RU-A1076,img_0744d508411907b0,1,0,0.0033321871887892
RU-A1076,img_611f27940adb49c8,1,0,0.0152258668094873
RU-A1076,img_644a8a6165b936ba,1,0,0.0065202810801565
RU-A1076,img_534fc301f6b1e833,1,0,0.6805111765861511
RU-A1076,img_fa80805e4426bc0e,1,0,0.7021994590759277
RU-A1076,img_8ca4a7fbe4e032bb,1,0,0.6555200815200806
RU-A1076,img_4835ab32c70833cc,1,0,0.9816571474075316
RU-A1126,img_4ddb1f110e63c31b,2,0,3.6206882214173675e-05
RU-A1126,img_35bf6e4514660541,2,0,4.593131598085165e-05
RU-A1126,img_f242ba277c2de047,2,0,1.9222690752940252e-05
RU-A1126,img_dae060c5b2c5ecf1,2,0,1.731862357701175e-05
RU-A1126,img_a7f819e1627380f3,2,0,3.423242742428556e-05
RU-A1126,img_46103a5600e7d5d5,2,0,1.9940083802794103e-05
RU-A1126,img_d4f2f36284da00ee,2,0,1.74914766830625e-05
RU-A1126,img_4e09a720d179bb90,2,0,2.251724981761072e-05
RU-A1126,img_101a1e6361f5d305,2,0,1.7005697372951545e-05
RU-A1126,img_377d04c2fcdda1f4,2,0,1.7064132407540455e-05
RU-A1126,img_4586a68b3d2249a8,2,0,1.616089321032632e-05
RU-A1126,img_53cab7963dfdb145,2,0,3.0007473469595425e-05
RU-A1126,img_39d5cad440ad53bc,2,0,1.9098220946034417e-05
RU-A1126,img_056bdeb69b8eb219,2,0,5.817242345074192e-05
RU-A1126,img_a26eb1715e61d6d7,2,0,0.0001573169574839
RU-A1126,img_f7128edd69c5262b,2,0,5.460816828417592e-05
RU-A1126,img_69984608b5a511ee,2,0,7.184566493378952e-05
RU-A1126,img_aeb0d9f5e4463af5,2,0,9.367484744871037e-05
RU-A1126,img_f0814c91261a030c,2,0,0.0001017973336274
RU-A1126,img_7a8b9e8f09a41c3e,2,0,4.688736953539774e-05
RU-A1126,img_9666940deb9aa619,2,0,5.7570992794353515e-05
RU-A1126,img_8f58731f05b2d28f,2,0,0.0036825879942625
RU-A1126,img_bb03e6e5f4e38473,2,0,0.0537979640066623
RU-A1127,img_65f135634172bf81,0,0,0.0014447087887674
RU-A1127,img_e11c00a5e4be1445,0,0,0.0004751469532493
RU-A1127,img_bd270699ec7182d8,0,0,0.0003270753077231
RU-A1127,img_e435f67edcf96df7,0,0,0.0002478353853803
RU-A1127,img_a43b0bab4cd1ed22,0,0,7.607990846736357e-05
RU-A1127,img_fc88faf9ee7ce35a,0,0,9.108822996495292e-05
RU-A1127,img_26041efc1df315c9,0,0,0.0024684581439942
RU-A1127,img_7a642b7a90127e64,0,0,0.0018193133873865
RU-A1127,img_99531d809548016a,0,0,7.093695603543893e-05
RU-A1127,img_af09bc5d6bba7a42,0,0,0.000263540627202
RU-A1127,img_b6e2d573eaf7b7cd,0,0,0.0021222166251391
RU-A1127,img_f9f954868257ad47,0,0,0.0137033518403768
RU-A1127,img_db6a9fd49d75710d,0,0,0.0092993099242448
RU-A1127,img_83a990ec838630eb,0,0,0.0024094812106341
RU-A1127,img_0ca49a5a34306a63,0,0,5.089793194201775e-05
RU-A1127,img_258742d4f1fa433c,0,0,8.201678429031745e-05
RU-A1128,img_f4c5b5b86d18cce6,0,0,0.0006527993245981
RU-A1128,img_204eec53a566d1b7,0,0,0.0003165044763591
RU-A1128,img_701ac62ee9a3469d,0,0,0.0003044974000658
RU-A1128,img_789ac8a72d2f1104,0,0,0.0001999585219891
RU-A1128,img_eec002ba891bdbc6,0,0,0.0990533381700515
RU-A1128,img_8b119e966f9ca72f,0,0,0.0155161470174789
RU-A1128,img_c853576ec6962317,0,0,0.0001022181240841
RU-A1128,img_e716f023a7d8d739,0,0,0.000100745302916
RU-A1128,img_538d5666e7520d8e,0,0,0.0002488573372829
RU-A1128,img_7a5261be4e4997f3,0,0,7.941608782857656e-05
RU-A1128,img_0f7370c1b633d224,0,0,4.794025153387338e-05
RU-A1128,img_ac771a3bced2f6b2,0,0,3.551883128238842e-05
RU-A1129,img_f6039f0947ed5b6b,3,0,0.000130134896608
RU-A1129,img_e3e37d1eb88750cc,3,0,6.472389941336587e-05
RU-A1129,img_89e7758c27344884,3,0,7.970704609761015e-05
RU-A1129,img_be95c5b90c88c440,3,0,0.0002613407268654
RU-A1129,img_48e7aa056995efae,3,0,0.0002371515583945
RU-A1129,img_137a5b427d8d4a64,3,0,0.0003333626373205
RU-A1129,img_6dd6e89d47bb86fe,3,0,4.173886918579228e-05
RU-A1129,img_e4c96351506b7f65,3,0,3.6361143429530784e-05
RU-A1129,img_697570746b7b3079,3,0,7.924171950435266e-05
RU-A1129,img_7bd0ed37218258ca,3,0,4.199984323349781e-05
RU-A1129,img_50278f3d469627de,3,0,0.0001636958622839
RU-A1129,img_d9a943c8560821a6,3,0,0.0001562312245368
RU-A1129,img_85c9554d7ea88341,3,0,0.000166653713677
RU-A1129,img_25bf6bfb7549cdbb,3,0,0.0001595142966834
RU-A1129,img_1655afc496e7bcb4,3,0,0.0001350857201032
RU-A1129,img_b2c49f4a3ff85489,3,0,0.0002547465846873
RU-A1129,img_17dbaff41152c136,3,0,0.0002295031736139
RU-A1129,img_d293e37da6fcf502,3,0,0.0002545086899772
RU-A1130,img_48323da9bd082bec,3,0,0.5101702213287354
RU-A1130,img_2e06ce1cead79d54,3,0,0.0134931895881891
RU-A1130,img_12daf29661aac061,3,0,0.0200984291732311
RU-A1130,img_353bf259c477ee37,3,0,0.0075666988268494
RU-A1130,img_f7fb6cc5bc7d9e73,3,0,0.0728180333971977
RU-A1130,img_aa569dc1ef97c1fb,3,0,0.0157540682703256
RU-A1130,img_f0b2453f76d15da4,3,0,0.1130928844213485
RU-A1130,img_507260ca6a53b174,3,0,0.0107577191665768
RU-A1130,img_9b3878bfe27b7895,3,0,0.0050499374046921
RU-A1130,img_1f3a2d6655b84224,3,0,0.0073108943179249
RU-A1130,img_06f79d1195bec41d,3,0,0.5787257552146912
RU-A1130,img_79ef52bffc6ec78f,3,0,0.0106070358306169
RU-A1130,img_04ae63b035263d00,3,0,0.0005871670437045
RU-A1130,img_bb74e7be37127015,3,0,0.0005501155974343
RU-A1130,img_949e23c2f2fd1016,3,0,0.0002737417235039
RU-A1130,img_1d4b352986086f6e,3,0,7.547652057837695e-05
RU-A1130,img_67e7de3d28cb8496,3,0,0.0002117483963957
RU-A1130,img_3d0e575a22dab7e5,3,0,0.0001448752300348
RU-A1130,img_f6bf7c99481933fb,3,0,0.0001451575953979
RU-A1130,img_802074d2422790a7,3,0,0.0004489803977776
RU-A1130,img_988057f0440d7c5a,3,0,0.0003702845424413
RU-A1131,img_0b749114d42daca0,3,0,0.0027311793528497
RU-A1131,img_5a88d83db18de295,3,0,0.0131292007863521
RU-A1131,img_c106cde4c966041d,3,0,0.0231990609318017
RU-A1131,img_57defb92f758f758,3,0,0.0149330357089638
RU-A1131,img_c81cafa07f26cb7e,3,0,0.0071242842823266
RU-A1131,img_5c087d1a854b4a31,3,0,0.0028750924393534
RU-A1131,img_f79fbf1df0c8321a,3,0,0.0035728353541344
RU-A1131,img_dd162b079b094840,3,0,0.6765206456184387
RU-A1131,img_893f0d3825b554d5,3,0,0.1034019589424133
RU-A1131,img_57327063d7b6d713,3,0,0.0790335237979888
RU-A1131,img_f49e388ae10e67df,3,0,0.3373169898986816
RU-A1131,img_f3b4d6a85cb88d27,3,0,0.0732885301113128
RU-A1131,img_cdadac931b08d3a6,3,0,0.1292846798896789
RU-A1131,img_31d53487459c03e8,3,0,0.085199162364006
RU-A1131,img_d1a41c081f78e132,3,0,0.0880300477147102
RU-A1131,img_b465ca99fe1f18a9,3,0,0.0249121487140655
RU-A1131,img_1c7146e0f3eede9b,3,0,0.0210971999913454
RU-A1131,img_58c3d1ce15725046,3,0,0.1013269871473312
RU-A1131,img_0c4dd14694c4841c,3,0,0.2918556332588196
RU-A1131,img_fc9b22f519120fb5,3,0,0.0071259541437029
RU-A1131,img_f07e722dd1aa4c6c,3,0,0.250153511762619
RU-A1131,img_aceab744e6062350,3,0,0.4153521955013275
RU-A1131,img_b5e57ad9415462a0,3,0,0.7018146514892578
RU-A1131,img_5a09de8c7641ec04,3,0,0.0319433957338333
RU-A1131,img_df5a094a4793e8cf,3,0,0.2818058729171753
RU-A1131,img_a93bc4f399fcddb0,3,0,0.1432532221078872
RU-A1131,img_e1ce17f85c54665c,3,0,0.9188121557235718
RU-A1132,img_15cf412b8a36ef71,4,0,3.255045885453001e-05
RU-A1132,img_0b7a2191dae0145e,4,0,3.1033356208354235e-05
RU-A1132,img_bd3bef2fda7e9294,4,0,0.0042877844534814
RU-A1132,img_c56c490910e5f114,4,0,0.0011549129849299
RU-A1132,img_29fe3d927d718862,4,0,0.0006292072357609
RU-A1132,img_6637779fbed35c03,4,0,0.0007608616142533
RU-A1133,img_4dd30ef220739129,2,0,0.0007034938898868
RU-A1133,img_9fdb3004006fb583,2,0,4.099328361917287e-05
RU-A1133,img_0f8a84c5585db9e0,2,0,5.7367182307643816e-05
RU-A1133,img_7e599e22da3e9ad2,2,0,3.40316619258374e-05
RU-A1133,img_16ad54908803d355,2,0,4.932592491968535e-05
RU-A1133,img_b8b1d03099d3b68e,2,0,2.850374585250393e-05
RU-A1133,img_1d0da9d20fc15170,2,0,1.5063383216329385e-05
RU-A1133,img_5dbafefa1884bcc9,2,0,2.4102309907902963e-05
RU-A1133,img_1e853a199f94bd0c,2,0,3.7865840567974374e-05
RU-A1133,img_dde17dbd58b9b1d3,2,0,8.047046139836311e-05
RU-A1133,img_e2caff634357bc0e,2,0,4.8070538468891755e-05
RU-A1133,img_03ef30754e533a31,2,0,9.793908975552768e-05
RU-A1133,img_a77f45575c65a286,2,0,0.0001834074791986
RU-A1133,img_01396c8e70449092,2,0,0.0011565207969397
RU-A1133,img_0eba25a0a12d1eb2,2,0,0.0015534044941887
RU-A1133,img_4798318cde3a1421,2,0,0.0001051362123689
RU-A1133,img_203649cdb542ecee,2,0,5.780545689049177e-05
RU-A1134,img_ed36ea9af7ad3d98,4,0,9.346712613478304e-05
RU-A1134,img_376ff3f0d8fe329a,4,0,0.000371449132217
RU-A1134,img_9e4e935346f1d491,4,0,0.0001587852602824
RU-A1134,img_ff0b2d613e853bc2,4,0,0.0001870223932201
RU-A1135,img_56952127417c94b0,1,0,0.0004785425844602
RU-A1135,img_49f60fe3a815bbb9,1,0,9.294875781051816e-05
RU-A1135,img_effb746d58a61371,1,0,7.900140917627141e-05
RU-A1135,img_97a67ce819773434,1,0,7.118388748494908e-05
RU-A1135,img_74533c5080577f94,1,0,5.143759699421935e-05
RU-A1135,img_a95e9e26848f273f,1,0,4.77548164781183e-05
RU-A1135,img_8e6f25b814f1bd4f,1,0,9.704699186841026e-05
RU-A1135,img_0d8b5d72aa37485c,1,0,9.808236791286618e-05
RU-A1135,img_e2207ad1fa5aaaf2,1,0,0.000196552980924
RU-A1135,img_5745b0875fce9cd8,1,0,0.0012291194871068
RU-A1135,img_c474af5a94d6c7e7,1,0,0.0052390624769032
RU-A1135,img_8c32590e51086ca3,1,0,0.0020887907594442
RU-A1135,img_c82d8de6b91030fb,1,0,0.0003394627128727
RU-A1135,img_c9e464554cddf543,1,0,0.0005769628915004
RU-A1135,img_a173b1dde10d4bc3,1,0,8.5567167843692e-05
RU-A1135,img_017660fbfe2280a5,1,0,0.0002141291042789
RU-A1135,img_065ea38bcd0c7c62,1,0,0.0004767653008457
RU-A1135,img_a9479de5e22db8bd,1,0,0.0002785687684081
RU-A1136,img_e5219e7b26eb73b1,0,0,0.0009621849749237
RU-A1136,img_8e6c90ed9efe226e,0,0,0.0030156702268868
RU-A1136,img_db87d54477455f59,0,0,0.0005498804966919
RU-A1136,img_5f0e93cb50037c12,0,0,0.0005580262513831
RU-A1138,img_931d5f624e33e830,4,0,0.0008869668818078
RU-A1138,img_94fdc2acc712d855,4,0,0.0017503498820587
RU-A1138,img_9670dd15697b9414,4,0,0.0005603046738542
RU-A1138,img_52e3fb1a3a09f5fb,4,0,0.0005602979799732
RU-A1139,img_a0a0681c0f504288,3,0,0.9540475606918336
RU-A1139,img_80ff552783e0160d,3,0,0.8871755003929138
RU-A1139,img_3fb25d283203ec69,3,0,0.9720793962478638
RU-A1139,img_c09c2cf650dadbe0,3,0,0.0306364744901657
RU-A1139,img_4f592f8b7198c69f,3,0,0.9950258135795592
RU-A1139,img_0243ed6625d457b6,3,0,0.9989863038063048
RU-A1139,img_396bfcc16f61b215,3,0,0.9886640906333924
RU-A1139,img_456c20f1e038272d,3,0,0.5525375008583069
RU-A1139,img_a5eb0bce84817083,3,0,0.9097632765769958
RU-A1139,img_215eac80c8974f54,3,0,0.9539458751678468
RU-A1139,img_35dc2dfe80bae39d,3,0,0.997677743434906
RU-A1139,img_b961ac4ec3ae188f,3,0,0.9995742440223694
RU-A1139,img_b1f87444687720ea,3,0,0.9785359501838684
RU-A1139,img_dab42944989b11f2,3,0,0.9727287888526917
RU-A1139,img_8d942fb94cd14302,3,0,0.9515730142593384
RU-A1139,img_a8edc153e0a81e64,3,0,0.7699903845787048
RU-A1139,img_a53b36472b667b61,3,0,0.8956580758094788
RU-A1139,img_434603eb41ab48f0,3,0,0.9173892140388488
RU-A1139,img_2f2d73ad430f52d7,3,0,0.9843270182609558
RU-A1139,img_26fb18c28a6e53e6,3,0,0.9918556213378906
RU-A1140,img_26c110293f70dad1,4,0,0.0002120251883752
RU-A1140,img_ae5e7eba2b3aa7c8,4,0,0.0001645361917326
RU-A1140,img_00fa53f51edf4895,4,0,6.879986904095858e-05
RU-A1140,img_f3cbda6c7488e42c,4,0,4.603853085427545e-05
RU-A1140,img_194d27375a4fa5c6,4,0,0.0029210832435637
RU-A1140,img_a05d92da8b327445,4,0,0.0003635900502558
RU-A1140,img_7413a2de0aa0174b,4,0,0.0014764489606022
RU-A1140,img_34889222a498afd6,4,0,0.0016192169860005
RU-A1141,img_ecdabe6a3e49ccd3,2,0,3.572629429982044e-05
RU-A1141,img_4fb7b38c4698ebf3,2,0,3.058765651076101e-05
RU-A1141,img_41475682c2aebfc3,2,0,5.396505002863705e-05
RU-A1141,img_fbf2ba863bd19b3b,2,0,5.133968443260528e-05
RU-A1141,img_db6786c3dcf16060,2,0,3.2381412893300876e-05
RU-A1141,img_ed6f3e7f8d72d048,2,0,4.9011403461918235e-05
RU-A1141,img_03641367c2f44142,2,0,0.0002591715601738
RU-A1141,img_b9237598d9256f2c,2,0,8.035283826757222e-05
RU-A1141,img_e3ded371448f2b8a,2,0,0.0002046574809355
RU-A1141,img_c3f74ba3c8f13502,2,0,0.000183328796993
RU-A1141,img_c1e472cb347b9bf7,2,0,0.000510002602823
RU-A1141,img_268532d45961e5a1,2,0,0.0012990796240046
RU-A1142,img_b2ad183e525f10c1,2,0,4.105231710127555e-05
RU-A1142,img_25c26e43a8315a84,2,0,2.702245910768397e-05
RU-A1142,img_6ce18d9da5068176,2,0,2.1809128156746738e-05
RU-A1142,img_65057f6d6bc448f5,2,0,2.675682662811596e-05
RU-A1142,img_bdc73face27cb757,2,0,3.217618723283522e-05
RU-A1142,img_a73b2795321d87fd,2,0,3.9378392102662474e-05
RU-A1142,img_a4dec0f8826348fa,2,0,6.458406278397888e-05
RU-A1142,img_70f42d3489e475e8,2,0,9.372774366056548e-05
RU-A1142,img_968b51a1720bbe67,2,0,0.0001361050963168
RU-A1144,img_2321d2c7c61443d5,1,0,0.0659003928303718
RU-A1144,img_f9fbf54dd971d875,1,0,0.0458757653832435
RU-A1144,img_38e99becd6fe2fa6,1,0,0.001891219173558
RU-A1144,img_ab4fa3020e4749e6,1,0,0.0026541685219854
RU-A1145,img_5506c96096e2993c,2,0,0.0001445892557967
RU-A1145,img_b2927a9e01e64f71,2,0,9.321168181486428e-05
RU-A1145,img_4a21211935dbf055,2,0,6.851099897176027e-05
RU-A1145,img_ab6ea08957db0f7f,2,0,5.5468553910031915e-05
RU-A1145,img_691cfcc39614dce0,2,0,0.0017703948542475
RU-A1145,img_25dcbd43003f67a8,2,0,0.0063399723730981
RU-A1145,img_0326cf3b6e450cc3,2,0,0.0064115896821022
RU-A1145,img_7b523791a95e3682,2,0,9.912926907418296e-05
RU-A1145,img_ee6148fa870aea45,2,0,0.0001342491304967
RU-A1145,img_b464a60724b572f1,2,0,0.001843913923949
RU-A1145,img_85d0c89ba7b1deb2,2,0,2.9772882044198923e-05
RU-A1145,img_106c4d1330a25198,2,0,0.0001403601345373
RU-A1145,img_728b520aa9b3df5b,2,0,7.287086918950081e-05
RU-A1145,img_e5f7b03075ac2b2d,2,0,0.0001217189856106
RU-A1145,img_0f524c91d54a0ee1,2,0,0.0001733086537569
RU-A1145,img_8f29a44b434e5073,2,0,0.0004406452935654
RU-A1145,img_6047d9d88baa7ec6,2,0,0.000596190104261
RU-A1146,img_ced7d37a8dae7e24,0,0,3.2022668165154755e-05
RU-A1146,img_15c81a3a70b32e64,0,0,9.406243043486028e-05
RU-A1146,img_d36a03a1d0789eba,0,0,2.8389375074766576e-05
RU-A1146,img_18a50179b924dc8c,0,0,4.41220254288055e-05
RU-A1146,img_0fed6dfc88b8b783,0,0,0.0002699733886402
RU-A1146,img_f28324d2ab8439c5,0,0,0.0003510426031425
RU-A1146,img_96bbdcf63f1c1f66,0,0,0.0001386600488331
RU-A1146,img_cb16569d14cc9ca2,0,0,5.3704869060311466e-05
RU-A1146,img_547da02fb9eca47e,0,0,5.724575385102071e-05
RU-A1146,img_4b0b2dc7686d6899,0,0,5.393274477683008e-05
RU-A1147,img_69e14d7b393117b7,0,0,0.0005793313030153
RU-A1147,img_f5aca410d64307db,0,0,0.0221300907433033
RU-A1147,img_fcdd57bb839a53a4,0,0,6.0932274209335446e-05
RU-A1147,img_3903baa4c4f2c7c7,0,0,9.614411101210862e-05
RU-A1147,img_402a2adeeaf43be0,0,0,7.069337152643129e-05
RU-A1147,img_12af5491025ef0ea,0,0,0.0002040984254563
RU-A1147,img_9210309a03851a22,0,0,0.0001227032335009
RU-A1147,img_5ae420538bcec54b,0,0,0.0022344579920172
RU-A1147,img_5e70d2b34946b905,0,0,0.0214724577963352
RU-A1147,img_759efcb3c4356499,0,0,4.994447590433992e-05
RU-A1147,img_17b76f0a1611d140,0,0,4.298791827750392e-05
RU-A1147,img_4624055e69a270ac,0,0,0.0001975069608306
RU-A1147,img_ff7accb2b937f7d6,0,0,0.000209194200579
RU-A1202,img_4c401195a5b2dbc8,1,0,2.869772470148746e-05
RU-A1202,img_4fbe40f27ae53a8d,1,0,2.1183490389375947e-05
RU-A1202,img_5daedf8cf6d54f2b,1,0,4.253609222359955e-05
RU-A1202,img_2429b0c9ac82f187,1,0,5.618362411041744e-05
RU-A1202,img_b968590fd31c6c14,1,0,2.818237044266425e-05
RU-A1202,img_39d666110e045dd9,1,0,2.6072095351992175e-05
RU-A1202,img_17102de048dbece6,1,0,0.0002318293700227
RU-A1202,img_4aed10f09f507bdc,1,0,0.0002836455241777
RU-A1202,img_96ada6b1a6c5ed2b,1,0,1.671525023994036e-05
RU-A1202,img_ef363ec5702bcaa8,1,0,1.7969630789593793e-05
RU-A1202,img_78269f2cf0e2576c,1,0,0.0001021555799525
RU-A1202,img_8a39d825db4a5db3,1,0,0.0001287660998059
RU-A1202,img_70b5f2968fea226a,1,0,7.089089922374114e-05
RU-A1202,img_69057031549b9606,1,0,7.835737778805196e-05
RU-A1202,img_87243945ec9d81eb,1,0,7.714360253885388e-05
RU-A1201,img_86b52b9e9958cb91,2,0,5.628122016787529e-05
RU-A1201,img_ebb5fa79a3a0e738,2,0,6.351400224957615e-05
RU-A1201,img_638a3b81d858d2ac,2,0,6.093971387599595e-05
RU-A1201,img_0543a375b20dd158,2,0,9.367377788294108e-05
RU-A1201,img_f4e988516512b4d7,2,0,0.0001481946965213
RU-A1201,img_0b650760c9e26b95,2,0,8.936730591813102e-05
RU-A1203,img_f9649968c9fff551,4,0,0.0005983044975437
RU-A1203,img_1e75a1f1fc6e260c,4,0,0.0057274783030152
RU-A1203,img_097410aaa009b6dd,4,0,0.0001909979037009
RU-A1203,img_c00a3cbe65ad9b25,4,0,0.0001206294982694
RU-A1203,img_13394217e6d79693,4,0,0.0003444127214606
RU-A1203,img_08903abb37754c7a,4,0,0.0002043601125478
RU-A1203,img_1ed1e355291bc918,4,0,0.0001253059599548
RU-A1205,img_cb252e7cb6b252b7,3,0,0.0002332801377633
RU-A1205,img_e74c1037c323ddbf,3,0,0.0002775277534965
RU-A1205,img_e76f306966d729c7,3,0,0.0001372459810227
RU-A1205,img_eedffc1c166d9a7d,3,0,0.0010349812218919
RU-A1205,img_036397361a161372,3,0,0.000247647811193
RU-A1205,img_b6a2604d53f26de4,3,0,0.0003070853708777
RU-A1206,img_401d451bf4585e41,0,0,0.9567026495933532
RU-A1206,img_881a18cc6320eb00,0,0,0.9982978701591492
RU-A1206,img_4ad5f238a8ee51e3,0,0,0.9816381931304932
RU-A1206,img_8b4b82c0750ab605,0,0,0.9994706511497498
RU-A1206,img_324ae7ad040477db,0,0,0.998773753643036
RU-A1206,img_e90e80bfa5a79964,0,0,6.393880175892264e-05
RU-A1206,img_003cb469d8a569c5,0,0,8.733259164728224e-05
RU-A1206,img_1e2961fc027f93b3,0,0,6.489312363555655e-05
RU-A1207,img_b494786e9af450da,4,0,0.0078320484608411
RU-A1207,img_4d81d7fe9b422e84,4,0,0.0074822478927671
RU-A1207,img_902232c7c0a3d4c2,4,0,0.0122338784858584
RU-A1207,img_0a7e6f9256c72f06,4,0,0.0003766376757994
RU-A1207,img_8a8f29a0889233c3,4,0,0.0005918200477026
RU-A1207,img_f7666f176e7f7388,4,0,0.0004712399095296
RU-A1207,img_77689d2ad2c3e35c,4,0,0.0043827565386891
RU-A1207,img_c6d609029afdddea,4,0,0.000808211392723
RU-A1207,img_841ada8e475bba36,4,0,0.0026984708383679
RU-A1207,img_af41e73a224b54c6,4,0,0.0576851330697536
RU-A1207,img_4f2380c6f4e1dbd8,4,0,0.0003641747171059
RU-A1207,img_c5f77a55a52377a3,4,0,0.6564505696296692
RU-A1207,img_a7438582f2d0d331,4,0,0.9236687421798706
RU-A1207,img_dd9f802e25fe4573,4,0,0.0132612138986587
RU-A1207,img_a06482114b8a0a58,4,0,0.0272211413830518
RU-A1208,img_17dd2e5560d73f63,4,0,7.437791646225378e-05
RU-A1208,img_d56111bfa714c12e,4,0,5.755227539339103e-05
RU-A1208,img_a48902cd0e0c7f5b,4,0,2.1976109565002844e-05
RU-A1208,img_bab8b1dc4cdfd884,4,0,3.660960646811873e-05
RU-A1208,img_60426c88744ab86a,4,0,3.875268157571554e-05
RU-A1208,img_4b59fab1264f9432,4,0,3.400278728804551e-05
RU-A1208,img_9880b1f7d904b33b,4,0,6.540273170685396e-05
RU-A1208,img_cb5b16f1a828f7fe,4,0,0.0001023492222884
RU-A1208,img_ec85dbb0087e3358,4,0,4.876059392699972e-05
RU-A1208,img_78a8e0d97a7f8ac9,4,0,0.0001053089945344
RU-A1208,img_8b6ef4fe53bd38b5,4,0,4.452102075447328e-05
RU-A1208,img_8278d9a770b28639,4,0,0.0001050252831191
RU-A1208,img_45de160d4d64ac55,4,0,5.044342833571136e-05
RU-A1208,img_438779e812f8bf6a,4,0,0.0002863643749151
RU-A1208,img_cdb118f39a5b4473,4,0,0.0002944550069514
RU-A1208,img_954bad01cc0ef40b,4,0,0.0005158968851901
RU-A1209,img_353fd50f62aca218,2,0,8.882102702045813e-05
RU-A1209,img_f206a6c21b92305a,2,0,8.666476787766442e-05
RU-A1209,img_e797af8591a092eb,2,0,6.80178272887133e-05
RU-A1209,img_609014321771c16c,2,0,5.450666867545806e-05
RU-A1209,img_cea364c286189852,2,0,5.518575562746264e-05
RU-A1209,img_c219aea0ff511d86,2,0,5.1178038120269775e-05
RU-A1209,img_dd5c21938494dc52,2,0,5.779917410109192e-05
RU-A1209,img_f64dc240905f9be2,2,0,8.342145883943886e-05
RU-A1209,img_cb6236fc3b677115,2,0,3.482724423520267e-05
RU-A1209,img_68a555302192c0fb,2,0,2.9497228752006777e-05
RU-A1210,img_61725d0b1b0e0cb2,3,0,4.564726259559393e-05
RU-A1210,img_155bd3fc8325c70f,3,0,5.3511117585003376e-05
RU-A1210,img_cf00ee9fe2f5ffeb,3,0,0.0003297211078461
RU-A1210,img_6cd9c4dc9e3109cb,3,0,0.0042139282450079
RU-A1210,img_47075dae946ac15d,3,0,0.0007244183216243
RU-A1210,img_0d38d197dd26f0aa,3,0,0.0002522319264244
RU-A1210,img_672d5348093db90f,3,0,0.0003274405898991
RU-A1210,img_037c13fdc57aedd9,3,0,0.0011349043343216
RU-A1210,img_94ed3aafef16935c,3,0,0.000610897259321
RU-A1210,img_8e351f771befb897,3,0,0.0002677093725651
RU-A1211,img_0907b22528827814,1,0,9.624473750591278e-05
RU-A1211,img_eebacaf09c83427e,1,0,2.210006641689688e-05
RU-A1211,img_4537beab7cb1193c,1,0,0.0001735088735586
RU-A1211,img_85441c6c4d0fb8c2,1,0,9.989390673581512e-05
RU-A1211,img_1eacae29803bf21a,1,0,0.0001575530914124
RU-A1211,img_4010ea7515699c33,1,0,0.0002733169530984
RU-A1212,img_37e836309c923c11,0,0,4.150948007008992e-05
RU-A1212,img_582e7b6003f841ef,0,0,4.510266080615111e-05
RU-A1212,img_9fdccda4397371f9,0,0,5.880951721337624e-05
RU-A1212,img_08b78af2be2b0564,0,0,6.544322241097689e-05
RU-A1212,img_b392e12dabd0e65d,0,0,0.0002075331285595
RU-A1212,img_5d1876c815c9ec6d,0,0,0.0003678284119814
RU-A1212,img_e2390075fbdfa4c2,0,0,7.538071076851338e-05
RU-A1212,img_6ee22e20dbf4cf67,0,0,0.0001043115553329
RU-A1212,img_d252e91988a42408,0,0,0.0230567585676908
RU-A1212,img_f4336d900fedae9e,0,0,0.0391325950622558
RU-A1212,img_17b05618a5de66ac,0,0,6.356654921546578e-05
RU-A1212,img_3d0b770bfdad6a39,0,0,5.878831871086731e-05
RU-A1212,img_f0029347f2f4f900,0,0,0.0018097230931743
RU-A1212,img_729f4b312b74b92d,0,0,0.0047600450925529
RU-A1213,img_dbfe70b1bfbd5e40,4,0,0.0002532519574742
RU-A1213,img_89b747d14d60745f,4,0,0.0001956659107236
RU-A1213,img_1bdcc8a87c984e0a,4,0,0.0022581445518881
RU-A1213,img_895bf7487250ad15,4,0,0.0015015394892543
RU-A1213,img_b3b9484f99521e97,4,0,5.1072387577733025e-05
RU-A1213,img_f90fccbd65c09948,4,0,0.0016007005469873
RU-A1213,img_572ff5251336d120,4,0,0.0018952017417177
RU-A1213,img_3a9a6ca234198d21,4,0,0.0002818875364027
RU-A1213,img_91a772c91a94b51c,4,0,0.0001433255820302
RU-A1213,img_d95b3eec1467f2a7,4,0,3.0187728043529205e-05
RU-A1213,img_67ad1072713dc361,4,0,2.4398274035775103e-05
RU-A1213,img_7b056d25cb09eed9,4,0,3.11184958263766e-05
RU-A1213,img_a372e4f3d7450f90,4,0,5.3535412007477134e-05
RU-A1213,img_c7491e64ea123a3f,4,0,4.0738759707892314e-05
RU-A1213,img_055002a97baf65c6,4,0,0.0002263452042825
RU-A1213,img_eb3f920ac78c6b41,4,0,4.15962167608086e-05
RU-A1213,img_29ecbd554218393b,4,0,0.0001130921446019
RU-A1213,img_bf3f1776019b50f8,4,0,0.0032897177152335
RU-A1213,img_34d7a86850d1da2b,4,0,0.0143029997125267
RU-A1214,img_82f48037ecfde536,3,0,0.0002045558503596
RU-A1214,img_0175ba697801006d,3,0,5.542155122384429e-05
RU-A1214,img_101e864ca47066ed,3,0,0.0042134621180593
RU-A1214,img_a47e743276634fc6,3,0,0.0005207016365602
RU-A1214,img_4afffebb4c4f09c5,3,0,0.0002215823624283
RU-A1214,img_dfd5d89080f6115a,3,0,0.0001533864851808
RU-A1214,img_f3a2fb94bb548845,3,0,5.700219844584353e-05
RU-A1214,img_1ec0a35041f8c55d,3,0,4.4642605644185096e-05
RU-A1214,img_8a4ec502a0d4f888,3,0,0.000148873674334
RU-A1214,img_3e4e7b16862d6fbd,3,0,7.854671275708824e-05
RU-A1214,img_697402d7672f79d7,3,0,0.0001022335272864
RU-A1214,img_532bb62f4d8e54a4,3,0,0.0001086040501832
RU-A1214,img_104e3505d2f90687,3,0,8.828295540297404e-05
RU-A1214,img_6e25eab3586fb211,3,0,6.016520273988135e-05
RU-A1214,img_fdb706a39535a531,3,0,0.00013638882956
RU-A1214,img_9d9a3b84108d849e,3,0,0.0003544440842233
RU-A1214,img_9109357d61a20553,3,0,0.0002344673266634
RU-A1214,img_5045633daab523be,3,0,0.0003848604683298
RU-A1215,img_3c3af50601f6355b,4,0,0.0004497715563047
RU-A1215,img_c436f697141deeab,4,0,0.0001200476035592
RU-A1215,img_65f06901ee257285,4,0,5.84619447181467e-05
RU-A1215,img_567929a533ed4918,4,0,0.0003513221745379
RU-A1215,img_e7a1c15fdeacdbcf,4,0,0.0002434623020235
RU-A1215,img_a764adb0e1f302db,4,0,0.0002752877480816
RU-A1215,img_215b156f5f8ec6ac,4,0,0.0002806815609801
RU-A1215,img_c7263a916b585c89,4,0,5.081616836832836e-05
RU-A1215,img_7dab665bae3adbc5,4,0,3.298276351415552e-05
RU-A1215,img_aa066bce5dfae31d,4,0,9.005219180835411e-05
RU-A1215,img_e44a1785e73fc759,4,0,0.0001200827609864
RU-A1215,img_f560b3a13f719595,4,0,0.0002373035822529
RU-A1215,img_949619fb3f54957a,4,0,0.0032387170940637
RU-A1216,img_85aae14b16814baf,1,0,0.000269794545602
RU-A1216,img_128ebddc631fe0fd,1,0,3.869462670991197e-05
RU-A1216,img_fb28765f779c2851,1,0,0.0001669204357312
RU-A1216,img_a46e8e754cb91c31,1,0,0.0001417378953192
RU-A1216,img_29de4260da3855b7,1,0,0.00321332574822
RU-A1216,img_89a825217bfa20e8,1,0,0.0005686086369678
RU-A1216,img_34a531c66098ed9d,1,0,8.178795542335138e-05
RU-A1216,img_cd6d076ca651c25e,1,0,0.0001217949175043
RU-A1216,img_7bb72be2ec6e13dd,1,0,9.695495828054844e-05
RU-A1216,img_c3123396d113dc30,1,0,0.0001778113946784
RU-A1217,img_b75808893f16eaa2,4,0,6.174950249260291e-05
RU-A1217,img_4193e2d2ee44194a,4,0,9.776209481060504e-05
RU-A1217,img_7a8100e30ffcbc5a,4,0,4.9205093091586605e-05
RU-A1217,img_7f382726a58f713c,4,0,6.066065179766156e-05
RU-A1217,img_1753a9b5b94b3036,4,0,4.683360748458654e-05
RU-A1217,img_ddbe21634b2d1f6a,4,0,3.206138717359863e-05
RU-A1217,img_b09e1bd129e98a76,4,0,0.0001656777167227
RU-A1217,img_916f518e1fda63bc,4,0,0.0001029708437272
RU-A1217,img_d58493146e90799f,4,0,5.821077138534747e-05
RU-A1217,img_c4f8d97b32f76345,4,0,0.0001096308187698
RU-A1217,img_5be731c064a94a7a,4,0,9.696401684777813e-05
RU-A1217,img_b605f07c257a0bd7,4,0,0.0001169971801573
RU-A1218,img_703e38a785c38433,0,0,0.000304598477669
RU-A1218,img_be5e63e89a31df45,0,0,0.0005017325165681
RU-A1218,img_5abd89008539f5f5,0,0,0.0145106744021177
RU-A1218,img_5034fb6ac4c953fb,0,0,0.0016205565771088
RU-A1218,img_04b2eb6dbb51c52b,0,0,0.0001575087662786
RU-A1218,img_2ad8b3b308f31cbc,0,0,0.0002733541768975
RU-A1218,img_a0a1ba70508d3e19,0,0,0.0001001476266537
RU-A1218,img_62ede3e11a0b1c48,0,0,8.443451224593446e-05
RU-A1219,img_4f14f1da66b198fe,0,0,2.9597482352983207e-05
RU-A1219,img_3dbcdae8f5b3b161,0,0,6.139351171441376e-05
RU-A1219,img_10f8ba30a1bcb49a,0,0,0.0001592875196365
RU-A1219,img_7230d5864a187cda,0,0,5.262922422843985e-05
RU-A1219,img_36f36b4b5276b559,0,0,4.850699406233616e-05
RU-A1219,img_ce2a8bf52477e0c0,0,0,1.9197739675291817e-05
RU-A1219,img_4637e9dabc842144,0,0,0.0003101796319242
RU-A1219,img_c7622927bf489b22,0,0,0.0001935081381816
RU-A1219,img_64d250cf33bb9a68,0,0,0.000639283680357
RU-A1219,img_c5904826d462940e,0,0,0.0003650643920991
RU-A1220,img_4368837fbcb7ea84,2,0,0.0027674874290823
RU-A1220,img_21ca0d666aaa0c4f,2,0,0.009625757113099
RU-A1220,img_fa90efdb3f2a3aad,2,0,0.0001351473183603
RU-A1220,img_65fc83f4e483bbf6,2,0,0.0002716509043239
RU-A1220,img_0fae07cda02fea3a,2,0,0.0005300242919474
RU-A1220,img_be2b140f75d6caa0,2,0,0.000524278904777
RU-A1220,img_099b76ea38acab3e,2,0,3.288041625637561e-05
RU-A1220,img_2f1dec00f1a0a3dd,2,0,2.2464446374215186e-05
RU-A1220,img_4abbb21182f3c417,2,0,3.00513220281573e-05
RU-A1220,img_a0bb44e4f5cd7750,2,0,4.007503957836889e-05
RU-A1220,img_d4633f9b2697f097,2,0,4.482365693547763e-05
RU-A1241,img_045781793b1ff9df,2,0,0.0044494988396763
RU-A1241,img_850861b01c3c6a2e,2,0,3.660408765426837e-05
RU-A1241,img_89ae72efc991889c,2,0,4.067374175065197e-05
RU-A1241,img_a9e07b15b56078ac,2,0,4.569722295855172e-05
RU-A1241,img_74672b8acd9757ef,2,0,2.8593914976227097e-05
RU-A1241,img_c81a6169c0ac3b94,2,0,5.077121386420913e-05
RU-A1241,img_78e533712cc7794f,2,0,0.0001789200905477
RU-A1241,img_395fe9475d2fac3a,2,0,0.0002707533712964
RU-A1241,img_ea315baacbeb672d,2,0,0.0011526499874889
RU-A1241,img_b92681cd2f99fd75,2,0,0.0006518350564874
RU-A1242,img_5fead66f3dcb2616,1,0,0.0001784468040568
RU-A1242,img_0d6b82fd51ad5e66,1,0,3.387640026630834e-05
RU-A1242,img_0f3251073499f501,1,0,7.311512308660895e-05
RU-A1242,img_298a4b07b78d3d73,1,0,5.3164632845437154e-05
RU-A1242,img_e75d2c7679125fca,1,0,3.202709922334179e-05
RU-A1242,img_35fe4e00351e04be,1,0,1.9138386051054113e-05
RU-A1242,img_79306880cd26e397,1,0,8.511274791089818e-05
RU-A1242,img_d57e276f1cf19d74,1,0,6.613357254536822e-05
RU-A1242,img_10053acd2829f178,1,0,0.0001103324248106
RU-A1242,img_0e2846309978704b,1,0,0.0002122351143043
RU-A1243,img_d707538bf936b39a,1,0,7.803143671480939e-05
RU-A1243,img_2d54536024e49d79,1,0,2.7094069082522765e-05
RU-A1243,img_f717e18aad2b42bb,1,0,5.374749889597297e-05
RU-A1243,img_c485d31309c463df,1,0,0.0001060694849002
RU-A1243,img_19b0f01e63c079f5,1,0,0.0002644142368808
RU-A1243,img_5a18c6bcc2c5a67b,1,0,7.562176324427128e-05
RU-A1243,img_39d50d99158ed5d0,1,0,2.1030653442721817e-05
RU-A1243,img_e7531a9634fea0d4,1,0,3.087024379055947e-05
RU-A1243,img_71c2e2eba682cbe6,1,0,4.787760917679407e-05
RU-A1243,img_6896921d5f4794d3,1,0,0.0001041451687342
RU-A1243,img_c10e7c2043ca610c,1,0,0.0001090979130822
RU-A1243,img_fa2008829bdbfb32,1,0,5.5661002988927066e-05
RU-A1244,img_514c946bba777e0f,3,0,0.0001308542268816
RU-A1244,img_cd79f7804d4f6da3,3,0,0.0002163702738471
RU-A1244,img_b8c5214ed22a3b5f,3,0,0.0005739993648603
RU-A1244,img_9b4c479e80f1c8a1,3,0,0.0143888453021645
RU-A1244,img_e0276b94ea3c68f6,3,0,0.0021885668393224
RU-A1244,img_53f6ef1ae48a7a02,3,0,0.0009158048196695
RU-A1244,img_389dd09d4f18d066,3,0,0.001188248861581
RU-A1244,img_cfca37188d6a167b,3,0,0.0017358463956043
RU-A1244,img_6a0ed9fa8c3abb2f,3,0,0.0002834173792507
RU-A1244,img_4f97e8e11996e1fb,3,0,0.00021460064454
RU-A1249,img_ae5f0c08e5dc41e8,3,0,0.0008924935245886
RU-A1249,img_0ce8d47d8e85d53d,3,0,0.0041480711661279
RU-A1249,img_98a0c29f954e8b7e,3,0,0.0001167575537692
RU-A1249,img_5acff58f31d5dcfe,3,0,0.0001262791047338
RU-A1249,img_09d221ba6f95febb,3,0,0.0001681486901361
RU-A1249,img_e269f52617f53200,3,0,0.0001274735695915
RU-A1249,img_bb2ddc86c404dd09,3,0,0.0001584277342772
RU-A1249,img_c699b29b95de37e6,3,0,7.334430847549811e-05
RU-A1249,img_7aedecf9b58c3d08,3,0,0.0001315299014095
RU-A1249,img_832d322243392162,3,0,0.0005130316130816
RU-A1249,img_d6e27f78ee193563,3,0,9.512628457741812e-05
RU-A1249,img_e61f116dd51681ff,3,0,0.00018436339451
RU-A1249,img_9546aaf89a0455f5,3,0,4.480215648072772e-05
RU-A1249,img_185155d4df457469,3,0,4.343096588854678e-05
RU-A1249,img_1cb5f6d53e3a8b33,3,0,8.316522144014016e-05
RU-A1249,img_0ae7cbfee133f83c,3,0,0.0001123199617723
RU-A1249,img_642fe0e7d165c178,3,0,6.108849629526958e-05
RU-A1249,img_5835b83d14de1597,3,0,6.462534656748176e-05
RU-A1249,img_2766115f84e48f1e,3,0,0.0053052422590553
RU-A1249,img_90ee8364aadaabf4,3,0,0.0336549654603004
RU-A1261,img_4d532ff4a30f1b1d,4,0,0.0001240552373928
RU-A1261,img_96ef82d877b175d8,4,0,4.1120882087852806e-05
RU-A1261,img_4dec0a11cf25c46c,4,0,4.116749914828688e-05
RU-A1261,img_2ac460087ac4d9a6,4,0,3.6824276321567595e-05
RU-A1261,img_c756caac4f3f21ad,4,0,0.0002343555970583
RU-A1261,img_e02397584c77be93,4,0,0.0002504230069462
RU-A1261,img_c778bc81bd1af9b3,4,0,0.0003221623774152
RU-A1261,img_ab4bedc9280053c5,4,0,0.00011649444059
RU-A1261,img_e55076c363183d2d,4,0,0.0150842135772109
RU-A1261,img_33298886c3950740,4,0,0.0038064713589847
RU-A1262,img_87611470e1900181,4,0,3.412382648093626e-05
RU-A1262,img_580b0a4b6ecd33c3,4,0,4.463256482267752e-05
RU-A1262,img_83158ddb0e5a8241,4,0,6.466591003118083e-05
RU-A1262,img_b13c78326ba9486a,4,0,6.849205965409055e-05
RU-A1262,img_b01d3ae282fb58da,4,0,6.9637484557461e-05
RU-A1262,img_eefbb63f4ea925d9,4,0,5.421780952019617e-05
RU-A1262,img_5bc9cb2d7c85da9e,4,0,8.657803846290335e-05
RU-A1262,img_f8a8e9e8ab9711c2,4,0,5.4825814004288986e-05
RU-A1262,img_e2b725f1f16796ab,4,0,7.431949052261189e-05
RU-A1262,img_17e93d9f2120e04a,4,0,5.036517177359201e-05
RU-A1262,img_b36f5834828ae80c,4,0,0.001512148999609
RU-A1262,img_6305539ae25abf5c,4,0,0.0030640866607427
RU-A1262,img_2fa1d672b01936f4,4,0,0.0034860337618738
RU-A1262,img_fa35e17d957c24e3,4,0,0.0027202940545976
RU-A1262,img_1a7d93c2acd38238,4,0,0.001086157397367
RU-A1262,img_fcd0e99a98bc1b86,4,0,0.0046472772955894
RU-A1263,img_435bb1b920c2b3c0,3,0,0.000156655034516
RU-A1263,img_13e36824ed3fcf2c,3,0,0.000463944452349
RU-A1263,img_e4d495b6697ca6fa,3,0,7.421820919262245e-05
RU-A1263,img_71c88b60bb59150f,3,0,0.0001009657353279
RU-A1263,img_e4df8feeaf93931f,3,0,0.0001197820965899
RU-A1263,img_41e79dad42b7e531,3,0,7.555197953479365e-05
RU-A1263,img_16af28f7a73035be,3,0,4.578144944389351e-05
RU-A1263,img_0bc8b7231762d070,3,0,5.179495201446116e-05
RU-A1263,img_c04c71e187796257,3,0,4.3748339521698654e-05
RU-A1263,img_ad7b9a822f641942,3,0,6.784059951314703e-05
RU-A1263,img_5c6646c5c0b2b525,3,0,4.11293949582614e-05
RU-A1263,img_d52396c560754652,3,0,3.530018875608221e-05
RU-A1263,img_78967ec170a7f20f,3,0,2.9731632821494713e-05
RU-A1264,img_d41ecf141f9ed473,4,0,7.293566886801273e-05
RU-A1264,img_56544d9c2f53bb5c,4,0,3.6501081922324374e-05
RU-A1264,img_68dece8e8c6a7cb5,4,0,2.3143114958656952e-05
RU-A1264,img_e5784c2141da2d79,4,0,5.286453597364016e-05
RU-A1264,img_96ddf5750e709015,4,0,0.0001094035760615
RU-A1264,img_52debfdeecf508e0,4,0,0.0174756273627281
RU-A1264,img_77cc81c2e14c309d,4,0,0.0006527240620926
RU-A1264,img_bc4d5536c9b5ebd2,4,0,0.0006698200013488
RU-A1264,img_fb2037b8046d8d03,4,0,0.000262327841483
RU-A1264,img_2f53c4dfe2449443,4,0,0.0001550587767269
RU-A1264,img_7b63913e9c2065ef,4,0,0.0001528139255242
RU-A1264,img_f748c0c4cda8f9f0,4,0,0.00129277294036
RU-A1264,img_afedbe66ee8795f9,4,0,0.0037791796494275
RU-A1264,img_09570056f18a001a,4,0,0.0178560018539428
RU-A1264,img_2079564b2c395391,4,0,0.0271835830062627
RU-A1265,img_10f15d007c102249,0,0,0.0012791770277544
RU-A1265,img_5d1912d36452ad5b,0,0,0.0011416097404435
RU-A1265,img_43cb32be54330ffa,0,0,0.0001481388753745
RU-A1265,img_7da36c28b8c49106,0,0,0.0001153978955699
RU-A1265,img_712828c6f477cdaa,0,0,0.0001618192763999
RU-A1265,img_f11494e41a6f2a1a,0,0,2.2419417291530408e-05
RU-A1265,img_05f2559b11f26c43,0,0,3.560371260391548e-05
RU-A1265,img_554666e285f7bcab,0,0,5.490177863975987e-05
RU-A1265,img_f797c8bee425afe5,0,0,9.212652366841212e-05
RU-A1265,img_9f39165321d89620,0,0,6.512776599265635e-05
RU-A1265,img_2ec793bdb8390354,0,0,4.659900878323242e-05
RU-A1266,img_3b199f5479f5e708,1,0,0.0008160099387168
RU-A1266,img_f3c0b7ba0ef3e96c,1,0,0.0009346347069367
RU-A1266,img_c21a88b247fc1f3d,1,0,0.0001792865950847
RU-A1266,img_57f7445f0cf6650d,1,0,0.0001018893963191
RU-A1266,img_c052758e10d08ea2,1,0,2.422360921627842e-05
RU-A1266,img_69799231ecd36e9e,1,0,2.622295323817525e-05
RU-A1266,img_574b24d0c55da5c0,1,0,5.123472510604188e-05
RU-A1266,img_b9ab14e677e3c89f,1,0,3.6016655940329656e-05
RU-A1266,img_ac42bb0a66c32570,1,0,8.160284778568894e-05
RU-A1266,img_bf44ab2193b82226,1,0,0.0003060195012949
RU-A1267,img_c07902678e21aed4,2,0,0.0004883588408119
RU-A1267,img_96d2d704da38617e,2,0,0.000930362031795
RU-A1267,img_386f3d1e924505aa,2,0,0.0004488920385483
RU-A1267,img_7e5da01a35961959,2,0,0.0003131637931801
RU-A1267,img_9bf96e69112986c0,2,0,6.97974392096512e-05
RU-A1267,img_c951dc1406810728,2,0,5.327324106474407e-05
RU-A1267,img_3147f3df2fa54267,2,0,6.7144661443308e-05
RU-A1267,img_6ed5e70f2691a2bf,2,0,4.9004109314410016e-05
RU-A1281,img_5681b621569404b7,3,0,0.0333923064172267
RU-A1281,img_4d5280a2796e5bce,3,0,0.0040388908237218
RU-A1281,img_7c2be3071cf09aa1,3,0,0.0001644558797124
RU-A1281,img_441d70d398400073,3,0,0.0002185268822358
RU-A1282,img_126a321f1ae72efb,2,0,0.0001831603731261
RU-A1282,img_60947e291a8b9bea,2,0,0.0001862832868937
RU-A1282,img_19fceb70db2d795b,2,0,9.551241237204522e-05
RU-A1282,img_1e157f7f42fc7104,2,0,0.0005108569748699
RU-A1282,img_e33f58c7b5560dd1,2,0,2.403714279353153e-05
RU-A1282,img_0ae1126300fbef17,2,0,3.6754427128471434e-05
RU-A1283,img_90931af35314ff57,4,0,0.0001271060318686
RU-A1283,img_1b1046ec19054957,4,0,0.0005690518883056
RU-A1283,img_f1d586723e634ff2,4,0,3.324315184727311e-05
RU-A1283,img_4c70a13a011f3fed,4,0,2.747208418441005e-05
RU-A1283,img_1cb01ac428a049a0,4,0,8.157111005857587e-05
RU-A1283,img_e411ad72db1e8a5e,4,0,5.5840708228060976e-05
RU-A1283,img_038276bc6d2092c1,4,0,0.0002143493475159
RU-A1283,img_e0046de3c4126082,4,0,0.0003632502048276
RU-A1284,img_6d7e86413ed22da8,1,0,0.0017696390859782
RU-A1284,img_d4c14ba96b63b6a7,1,0,0.0016871802508831
RU-A1284,img_de54de68ae83291b,1,0,0.011080558411777
RU-A1284,img_295fe1dbcba92133,1,0,0.0933923199772834
RU-A1284,img_48cbf31138f223f7,1,0,2.284228139615152e-05
RU-A1284,img_296ce221b4ba9796,1,0,1.600946234248113e-05
RU-A1254,img_6db0451b2a52b97b,3,0,0.0001353154802927
RU-A1254,img_0029c917365e1fc2,3,0,0.0001037953916238
RU-A1254,img_786d30eaded81206,3,0,0.0354666672646999
RU-A1254,img_b0df02bfeab88770,3,0,0.0102973841130733
RU-A1254,img_f5d2f09f5742ac00,3,0,7.74490472394973e-05
RU-A1254,img_daa0c0d92c2bc038,3,0,0.0014968698378652
RU-A1254,img_f07d484a84acbf9f,3,0,0.0008527347818017
RU-A1254,img_841af76668982227,3,0,0.1456719785928726
RU-A1254,img_31777401523307d2,3,0,0.0379410423338413
RU-A1255,img_7adff320b0f7ce16,1,0,9.624841186450794e-05
RU-A1255,img_7d8e19e08b079aa4,1,0,3.2227104384219274e-05
RU-A1255,img_fa8c2bc92c8094a7,1,0,0.0006711949245072
RU-A1255,img_3a736480ba50d7a9,1,0,3.495814962661825e-05
RU-A1255,img_bf3a707d3399e367,1,0,0.0002149151841877
RU-A1255,img_41793197ca0c0dbc,1,0,0.0003457762359175
RU-A1255,img_3b08414ccac54a6d,1,0,0.0003422709123697
RU-A1255,img_fbeee2a1f129308b,1,0,0.0004783934564329
RU-A1255,img_b7b89aa8804fbde0,1,0,2.9462140446412377e-05
RU-A1255,img_422923663fdc9ba0,1,0,0.0001059002097463
RU-A1255,img_b80679293c2b4a95,1,0,0.0006398346740752
RU-A1255,img_cfc991d3f5b27c44,1,0,0.0005580720608122
RU-A1255,img_9331c4ea8c2f020a,1,0,9.120139293372632e-05
RU-A1255,img_7cf89598384c241c,1,0,0.0003570002154447
RU-A1255,img_ea55bab1c168f1d1,1,0,4.4297408749116585e-05
RU-A1255,img_7a2ea4b0d78b7c04,1,0,0.000190300590475
RU-A1255,img_9e770a55aa40fa56,1,0,7.389547681668773e-05
RU-A1255,img_94490129aba162b6,1,0,0.0002512701030354
RU-A1304,img_89b5d7ebd63ad99d,0,0,0.0200294833630323
RU-A1307,img_c9e2ff1e6ddc255a,4,0,0.0007835133583284
RU-A1310,img_fafa1fc6e321f0b6,4,0,4.560744855552912e-05
RU-A1310,img_fdc30b40f09ead96,4,0,4.7339348384412006e-05
RU-A1311,img_08ed0b3a342f522e,2,0,0.0002728825784288
RU-A1311,img_06645a73674c2248,2,0,0.0001834025752032
RU-A1311,img_8cc4828d0705a470,2,0,0.005748291965574
RU-A1257,img_bd693bd3cc9443db,0,0,0.994852602481842
RU-A1257,img_a2faf2485e4df2fe,0,0,0.9702933430671692
RU-A1257,img_722bb9beea1351af,0,0,0.7675986886024475
RU-A1257,img_6cdb547b4ae1b3e0,0,0,0.2998980581760406
RU-A1257,img_2c1847999f9b6bee,0,0,0.0010499265044927
RU-A1258,img_1bce2d1bb80d1b15,0,0,0.0001621560077182
RU-A1258,img_a98c7c182dddd7a9,0,0,0.0067353551276028
RU-A1258,img_bc9bebcaabc4b4e6,0,0,0.0053244209848344
RU-A1258,img_3f96a5cf5d582b40,0,0,0.0002090675843646
RU-A1258,img_68ba5dcc591d5496,0,0,6.153288995847106e-05
RU-A1259,img_c29a6904d92cb9a5,3,0,0.0451064631342887
RU-A1259,img_aceb4ef362e1e91e,3,0,3.009766987815965e-05
RU-A1259,img_32af93b61b70edae,3,0,0.0002800987567752
RU-A1260,img_176bf43c2512ed7c,0,0,0.000184434975381
RU-A1260,img_e127946ef82622dc,0,0,0.0001043435913743
RU-A1308,img_707ca0f7e1460fe8,3,1,0.8576834201812744
RU-A1308,img_c97f1a53557be386,3,1,0.9577321410179138
RU-A1308,img_5a69b6734a3cf0e4,3,1,0.2987035512924194
RU-A1308,img_dfe56c7986621eba,3,1,0.5755893588066101
RU-A1029,img_a59270bf978b4f28,4,0,0.0001806067157303
RU-A1029,img_cbaaeffb0a2fa9c7,4,0,0.0002764879900496
RU-A1029,img_45de95c58e53f6f5,4,0,0.0019107313128188
RU-A1029,img_10b0ff6b9e59c24a,4,0,0.002061255974695
RU-A1029,img_8ea37478a27704d5,4,0,0.0005711843841709
RU-A1029,img_cf5331c430e351ff,4,0,0.0002600160369183
RU-A1029,img_a0f722bcc9b5d181,4,0,0.1847466081380844
RU-A1029,img_2aa980575247473f,4,0,0.0662679076194763
RU-A1029,img_1d2b77e3c5c741e4,4,0,0.0219735167920589
RU-A1029,img_7c8e644ddb74c6af,4,0,0.0712862834334373
RU-A1035,img_07662a200c884763,4,0,0.0073674218729138
RU-A1035,img_a5d7e95b2220ae15,4,0,0.095939315855503
RU-A1035,img_9c87a786a6c51385,4,0,0.5704092383384705
RU-A1035,img_e3518cf42e7f0377,4,0,0.8257341980934143
RU-A1035,img_0ca8739ce1681737,4,0,0.1768900603055954
RU-A1035,img_73b4a5124acd24f7,4,0,0.9687207341194152
RU-A1035,img_81426fbd071686d1,4,0,0.0039723883382976
RU-A1035,img_dfb1298d64e2f6c3,4,0,0.0095044896006584
RU-A1035,img_6882e27a3cc0492d,4,0,0.0111261513084173
RU-A1062,img_56c8933d14c2ea88,2,1,0.0001049820202752
RU-A1062,img_b92abb75c6f29c84,2,1,0.0001132127799792
RU-A1062,img_8b77de6538d7c268,2,1,0.0207926705479621
RU-A1062,img_f89bd7b5f65a748b,2,1,0.8523930311203003
RU-A1062,img_86b8cddbc2f05869,2,1,0.1016720160841941
RU-A1062,img_98737b16c9d5ae41,2,1,0.0001780827005859
RU-A1062,img_ce72f599bbe253a2,2,1,0.000192044491996
RU-A1049,img_5702d003d4551f52,1,0,0.0018226493848487
RU-A1049,img_24b95ce87133ca94,1,0,0.0006374586955644
RU-A1049,img_5bbb94cda3ca2b60,1,0,0.0002539657289162
RU-A1049,img_4410d7d69d258e02,1,0,0.0457468256354332
RU-A1049,img_86c4da80b53ebc7f,1,0,0.0002728846739046
RU-A1049,img_81ab961e34428f1b,1,0,0.0001169989627669
RU-A1049,img_2c0b605a10609045,1,0,0.0048030167818069
RU-A1049,img_5bc663c3ba394ed5,1,0,0.0026863175444304
RU-A1070,img_99219f40d4982bdc,4,0,0.0002682085614651
RU-A1070,img_8ed52e1fbbe8fbad,4,0,0.0074889147654175
RU-A1070,img_cfe0392c18f20b4c,4,0,0.0015444341115653
RU-A1070,img_4de0b9a8fb2341af,4,0,0.0005403971299529
RU-A1070,img_cc8d82d435fcb38f,4,0,0.0002109685156028
RU-A1070,img_41cf13ddbab33b30,4,0,0.0006195483147166
RU-A1070,img_a98e0b9201591757,4,0,0.0018409278709441
RU-A1070,img_7a4202d66734711a,4,0,0.0003905364719685
RU-A1070,img_8e00b4d3b907f9a1,4,0,0.0058013265952467
RU-A1070,img_3910e107371c5c1d,4,0,0.5399227142333984
RU-A1070,img_36d570b715abe2cf,4,0,0.8243436217308044
RU-A1070,img_2b82e2954907adb7,4,0,0.6292760968208313
RU-A1070,img_029b8155d2996a2d,4,0,0.9603254795074464
RU-A1014,img_b7fd217f492669be,0,0,0.993082880973816
RU-A1014,img_243a28a22bcad735,0,0,0.7020301818847656
RU-A1014,img_4205c8a17dc083d0,0,0,0.9993509650230408
RU-A1014,img_08a093b0b6bfacd1,0,0,0.9967969059944152
RU-A1014,img_e0ed042ba9dfe5bc,0,0,0.0537938736379146
RU-A1014,img_ee28412dd20e7433,0,0,0.4552794694900512
RU-A1014,img_378230eb1e4644ea,0,0,0.0055852606892585
RU-A1014,img_2972d18fd4a5a639,0,0,0.001095623592846
RU-A1030,img_e318729967b0d6e4,1,0,3.462599852355197e-05
RU-A1030,img_fc6f932492bcca37,1,0,3.257747812313028e-05
RU-A1030,img_752c6a597b974eef,1,0,5.380894072004594e-05
RU-A1030,img_a20cb02f1f418dc8,1,0,5.8399527915753424e-05
RU-A1030,img_168adee19bd456d7,1,0,0.2754018008708954
RU-A1030,img_af631739e2896920,1,0,0.172455295920372
RU-A1176,img_6feb2fbcb8104e80,4,0,0.5484374165534973
RU-A1176,img_6ca1fce1c76a3194,4,0,0.0368505083024501
RU-A1176,img_73c8102a513b3074,4,0,0.6503012776374817
RU-A1176,img_9b8145e65c59b2f1,4,0,0.1161575019359588
RU-A1176,img_519bcd4d0ffd8b3d,4,0,0.0304036512970924
RU-A1176,img_e8cfd5871f08c6c1,4,0,0.0011070076143369
RU-A1176,img_add9a7b87125e384,4,0,0.6118148565292358
RU-A1176,img_7b4674150ac80688,4,0,0.5800760984420776
RU-A1176,img_f1a60a1610a2f766,4,0,0.0027067887131124
RU-A1176,img_526ea7765367a007,4,0,0.0001345393829979
RU-A1176,img_c7f30ee45bf9c21f,4,0,0.0226923078298568
RU-A1176,img_03589d634b519e82,4,0,0.0913395434617996
RU-A1176,img_021540ca1a125521,4,0,0.6046370267868042
RU-A1101,img_dcea5796d4290790,4,0,0.000106477891677
RU-A1101,img_e9396331d6b48870,4,0,0.0001502576051279
RU-A1101,img_761c3e9062915145,4,0,4.8106125177582726e-05
RU-A1101,img_04937464a87c0687,4,0,5.847699139849283e-05
RU-A1101,img_e21b7fb579ccece7,4,0,5.986262840451673e-05
RU-A1101,img_cd21a0df0015f837,4,0,0.0001467137190047
RU-A1101,img_9491b6ea1be38add,4,0,4.113586692255922e-05
RU-A1101,img_7ed12e06505cca3b,4,0,6.231281440705061e-05
RU-A1103,img_616b7ce83bc021f5,0,0,9.28445952013135e-05
RU-A1103,img_4155e5631e07914d,0,0,0.0001073683888535
RU-A1103,img_e6f009da5b786caa,0,0,0.0201208386570215
RU-A1103,img_590b98f04e1293b3,0,0,0.0033080410212278
RU-A1103,img_c356e04f4ee01b06,0,0,0.0004874464066233
RU-A1103,img_1c10ca4559bdbaec,0,0,0.0001694632373983
RU-A1106,img_555aea34eb4c352b,3,1,0.0013203875860199
RU-A1106,img_d48348adfae4ecfb,3,1,0.0036530229263007
RU-A1106,img_51dc5a7babb6cd31,3,1,8.220392919611186e-05
RU-A1106,img_f59084c5355f3e52,3,1,0.000117005649372
RU-A1106,img_690ee7c4bed45e4d,3,1,9.800477710086852e-05
RU-A1106,img_431e3fdf60d452e3,3,1,7.289560744538903e-05
RU-A1105,img_f3b256fb0918c217,4,0,0.0004612678021658
RU-A1105,img_29dd4b22b824ef5f,4,0,0.0026709674857556
RU-A1105,img_e5113528e35b8fbf,4,0,0.0008355052559636
RU-A1105,img_c70220afb9c96237,4,0,5.486974987434223e-05
RU-A1105,img_5b9e55ccd91af295,4,0,0.0001097372805816
RU-A1109,img_ef7705c3ec6ee72c,1,0,0.0055229677818715
RU-A1109,img_06dffd3d599422da,1,0,0.0009806653251871
RU-A1110,img_8d699c8bfe2c57aa,3,0,0.00087156688096
RU-A1110,img_770fde7011cce9e0,3,0,0.0004669802438002
RU-A1110,img_aea9f0a7a37f2de9,3,0,0.0003204182721674
RU-A1110,img_4e532e607af516b4,3,0,0.00016595076886
RU-A1110,img_1ce0cce7e53305a4,3,0,4.4483418605523184e-05
RU-A1110,img_43ccc116d14f8976,3,0,7.943335367599502e-05
RU-A1110,img_e1e9da934b47e9c3,3,0,0.0001704534079181
RU-A1110,img_66becbf13127631e,3,0,9.46025102166459e-05
RU-A1112,img_5c209eebeea13e34,4,0,0.0001373802952002
RU-A1112,img_324640a4cc50e289,4,0,0.0001103248432627
RU-A1112,img_5f4a19163e356353,4,0,6.882112211314961e-05
RU-A1112,img_f4b94e2de8fda5c5,4,0,0.0001063808667822
RU-A1112,img_d595398a0b43227c,4,0,6.292159378062934e-05
RU-A1112,img_46a908577adb4d80,4,0,6.404961459338665e-05
RU-A1112,img_32500cab741f7928,4,0,6.615860911551863e-05
RU-A1112,img_a3b79b281c282130,4,0,8.899660315364599e-05
RU-A1112,img_dbd586ff89d05cc3,4,0,5.427585347206332e-05
RU-A1112,img_ce31f4346eee12ba,4,0,3.9628834201721475e-05
RU-A1113,img_81545798247861e3,3,0,0.0004258241970092
RU-A1113,img_83eebaa0fe2b23a3,3,0,0.0017149858176708
RU-A1113,img_7d8692dc4f423426,3,0,0.0005596007104031
RU-A1113,img_4497ed4c430ab50d,3,0,0.0001280937722185
RU-A1113,img_c8241e8a9c76f030,3,0,8.738275209907442e-05
RU-A1113,img_93d5fe4493299f43,3,0,5.552989023271948e-05
RU-A1113,img_17c965d21e14d7b5,3,0,7.475541497115046e-05
RU-A1113,img_8251bcf95910a355,3,0,6.482130993390456e-05
RU-A1113,img_06c96ec4750b2798,3,0,0.0002133469824912
RU-A1113,img_c37472874370125b,3,0,0.0022534781601279
RU-A1114,img_9c1bc864d2861011,2,0,5.513005453394726e-05
RU-A1114,img_b8a057013c6fcb88,2,0,7.643915159860626e-05
RU-A1114,img_856564eeb3fdfc3a,2,0,9.652819426264614e-05
RU-A1114,img_12b5411be673e7d2,2,0,9.049431537277997e-05
RU-A1114,img_4bde88354d631376,2,0,6.19744387222454e-05
RU-A1114,img_0efb88261ba2eaa7,2,0,6.314092024695128e-05
RU-A1114,img_f42ca7df1c6ee535,2,0,5.9432833950268105e-05
RU-A1114,img_bf2c964191654d10,2,0,6.300762470345944e-05
RU-A1114,img_4ba35bc2f0005d01,2,0,6.683744140900671e-05
RU-A1114,img_6c7f17eeaaf5f639,2,0,9.202537330565974e-05
RU-A1114,img_42454a91ee122063,2,0,0.000490276783239
RU-A1114,img_a5beed1f0473a7f2,2,0,0.0022106927353888
RU-A1114,img_62a013af6125554b,2,0,0.0001737504353513
RU-A1114,img_1c78563367e208dd,2,0,0.0001715312828309
RU-A1115,img_86f7ed45c6b619fb,3,0,0.0001937721681315
RU-A1115,img_f7d3462ed61f9e21,3,0,6.70297013130039e-05
RU-A1115,img_1558bfe5425d4834,3,0,0.0001564930425956
RU-A1115,img_5f64eeec29fdf77a,3,0,0.0003728512092493
RU-A1115,img_c42e0575995e3414,3,0,0.091013602912426
RU-A1115,img_7b56c833418ba4ce,3,0,0.0006328846793621
RU-A1115,img_d972b095642f83e6,3,0,0.0010003994684666
RU-A1115,img_d053abaca0be7d75,3,0,0.0003003762685693
RU-A1115,img_db968cd663e58950,3,0,0.0005727329407818
RU-A1116,img_7249710cc56390b8,0,0,3.286847277195193e-05
RU-A1116,img_489b92cf9da7b899,0,0,8.270573744084686e-05
RU-A1116,img_983850c8a173d5ea,0,0,0.0007873559370636
RU-A1116,img_278e37e7c00b8062,0,0,0.0002113893278874
RU-A1116,img_7442a4d4d55add5a,0,0,0.0005602534511126
RU-A1116,img_90fd74574f03849c,0,0,0.0005858092335984
RU-A1116,img_6652d90345487e1b,0,0,0.0002983191807288
RU-A1116,img_42ca0ca526b1c38d,0,0,0.0001664245792198
RU-A1117,img_380eca76a7f2c0e9,3,0,0.0005431511672213
RU-A1117,img_d249fefe288d992e,3,0,0.0001195461154566
RU-A1117,img_9e9b3786db6f6dd5,3,0,0.0001788148802006
RU-A1117,img_331e26c1f269a60f,3,0,0.0003238375647924
RU-A1117,img_18f602e5c83cc6e5,3,0,0.0782927721738815
RU-A1117,img_d8ae47d363c75ccf,3,0,0.0003866738989017
RU-A1117,img_81f412eac5920807,3,0,0.2205711156129837
RU-A1117,img_8d76f0e895b8925e,3,0,0.3194470405578613
RU-A1117,img_b5260b0411b95dd2,3,0,0.006667383480817
RU-A1117,img_dd3ab5a748aa101a,3,0,0.0073650716803967
RU-A1118,img_531023cb78692c48,4,0,0.0005813965108245
RU-A1118,img_3d70ac44a0065636,4,0,0.0013451235136017
RU-A1119,img_329bcc31f982c6c0,3,0,0.8787818551063538
RU-A1119,img_70b76e4f66451f3a,3,0,0.9839329719543456
RU-A1119,img_f4ae632538cfd282,3,0,0.9809939861297609
RU-A1119,img_bd38cc2ce0ba15c2,3,0,0.0029966796282678
RU-A1119,img_ecbe5678d22cdd68,3,0,0.0135146733373403
RU-A1119,img_e536929b3dc3f8a8,3,0,0.0011099019320681
RU-A1119,img_bace80cbf8ae6c93,3,0,0.0001931116858031
RU-A1119,img_9f530f6df1bb35c9,3,0,0.0001421717315679
RU-A1120,img_13c7a8ba405febaa,1,0,2.3042211978463456e-05
RU-A1120,img_194708e413c65cd7,1,0,0.0003004369791597
RU-A1120,img_36e48b9d7c37f7f0,1,0,2.608044997032266e-05
RU-A1120,img_f7d32c336fb59933,1,0,3.7194506148807704e-05
RU-A1120,img_748f6d1f94199f46,1,0,4.107130371266976e-05
RU-A1120,img_b8841e3e27fb600e,1,0,3.720032327692024e-05
RU-A1120,img_8917b601ec5128b7,1,0,0.0002202776086051
RU-A1120,img_cb7b027b3f76c42f,1,0,0.0002263752103317
RU-A1120,img_d847a190a0bc9dc7,1,0,3.180030398652889e-05
RU-A1120,img_b7f318f6e13c0ac6,1,0,3.0109868021099828e-05
RU-A1122,img_2f13a9405f43f1a4,3,0,0.0003139317559543
RU-A1122,img_38a71ef66c1639f1,3,0,0.0005079668480902
RU-A1122,img_bbeacbf69189e69b,3,0,5.931347550358623e-05
RU-A1122,img_d955981b08f0003e,3,0,9.030414366861804e-05
RU-A1122,img_fa00dbf4034971f1,3,0,0.0001398615422658
RU-A1122,img_ebde33d9267c4401,3,0,0.0001379852474201
RU-A1122,img_03c85c49b285d237,3,0,0.0002093418734148
RU-A1123,img_48e78da151411010,2,0,0.0005968393525108
RU-A1123,img_96fffe0ba684cc01,2,0,0.0003955025458708
RU-A1123,img_34a231543b13ce9b,2,0,0.5448541045188904
RU-A1123,img_fef819158c99a2e0,2,0,0.0005930356564931
RU-A1123,img_4af9d8b6cc486f29,2,0,0.0115607045590877
RU-A1123,img_378e4df6a1974f35,2,0,0.0073240464553236
RU-A1123,img_c51cf12bc64991a4,2,0,0.000231272788369
RU-A1123,img_831affe0f424c5d5,2,0,0.0001684831513557
RU-A1125,img_cb109a106ad90310,2,0,2.899675746448338e-05
RU-A1125,img_16f7742b8bce48df,2,0,4.669241752708331e-05
RU-A1125,img_b4a405eacc070080,2,0,5.581951336353086e-05
RU-A1125,img_934a4e0710c7e02c,2,0,3.475365156191401e-05
RU-A1125,img_6bf03efc4bfc926a,2,0,8.484387217322364e-05
RU-A1125,img_11edb7fdf3e2b7a4,2,0,3.4767181205097586e-05
RU-A1271,img_fa1af5457947898a,1,0,0.0060076545923948
RU-A1271,img_e3059ed210e206a4,1,0,0.0060829417780041
RU-A1271,img_850d3a952f0c2271,1,0,0.001582070835866
RU-A1271,img_eaa747a00163de84,1,0,0.0006924987537786
RU-A1275,img_e5a6d3417692a3a1,0,1,0.0002491047198418
RU-A1275,img_50101e662954d546,0,1,0.0003047038917429
RU-A1041,img_d82e55e9a58f6968,4,1,0.1592646390199661
RU-A1041,img_bfaa4b66790d4e69,4,1,0.3512079417705536
RU-A1041,img_b1ab3ada92a2bcf5,4,1,0.9387524127960204
RU-A1041,img_58c5d0c382bb7051,4,1,0.9583857655525208
RU-A1041,img_46e1ed339b9d2b58,4,1,0.1019338071346283
RU-A1041,img_9904628cd5247f36,4,1,0.9285678863525392
RU-A1041,img_21db5173dedc6207,4,1,0.9167330265045166
RU-A1041,img_c0a27d8f08881b4c,4,1,0.7994021773338318
RU-A1041,img_4b0a723cd14a349f,4,1,0.0041554160416126
RU-A1041,img_b1ff00b29c6daa6f,4,1,0.0092932088300585
RU-A1041,img_74ebd8fe4797e5d3,4,1,0.101636104285717
RU-A1041,img_09b64a5b590a4f29,4,1,0.0296965762972831
RU-A1041,img_5366a96fa0763832,4,1,0.0037207433488219
RU-A1042,img_5eddcd93400acd81,2,1,0.2121476978063583
RU-A1042,img_d232956663679119,2,1,0.7462730407714844
RU-A1042,img_71ab3f0a41fa9045,2,1,7.455274317180738e-05
RU-A1042,img_b143c3d4151cdb47,2,1,0.0001369111996609
RU-A1042,img_b02fe1bfb76cb082,2,1,0.0016560005024075
RU-A1042,img_1bed3d095e45b90b,2,1,0.0176824647933244
RU-A1042,img_c343a8b4ee103e99,2,1,0.0004220766713842
RU-A1042,img_9dbb6c356db47f9b,2,1,0.0012436272809281
RU-A1042,img_f372ae4f2d8c6063,2,1,0.0001544251717859
RU-A1042,img_554c7e76918a974f,2,1,0.0001764521293807
RU-A1042,img_988e5519ec119ade,2,1,0.0047490359283983
RU-A1042,img_20a199898f1c86f9,2,1,0.0003978025342803
RU-A1042,img_69cc312224b15bab,2,1,0.0085867391899228
RU-A1042,img_02a6eb7fac9c7686,2,1,0.0048278588801622
RU-A1042,img_e843208d4b2bbad7,2,1,0.9815669059753418
RU-A1042,img_dab4b2a209450d02,2,1,0.7698245048522949
RU-A1042,img_19a4478223f60831,2,1,0.0004876192833762
RU-A1042,img_d560c43135f7c272,2,1,0.0007949997088871
RU-A1042,img_876d70a65ad1c03f,2,1,9.842894360190256e-05
RU-A1042,img_945912ac1185f172,2,1,0.0005597010022029
RU-A1042,img_8e3200f356650877,2,1,0.0003787970927078
RU-A1042,img_00542949b0d86be0,2,1,0.0017945441650226
RU-A1042,img_a349b3bddd69fde5,2,1,0.0003094942949246
RU-A1042,img_53fc03c2ba2abc29,2,1,0.0001346741482848
RU-A1042,img_8f2bcc3d99ce9861,2,1,4.209270264254883e-05
RU-A1042,img_520a3f1423af5c0a,2,1,4.466270547709428e-05
RU-A1042,img_ce3cbb727fa80674,2,1,0.0046003088355064
RU-A1042,img_1eb060ffbb3430f0,2,1,0.0031689901370555
RU-A1042,img_b9b1a07923d91e00,2,1,0.0403633639216423
RU-A1042,img_99619772fef9648d,2,1,0.1074422299861908
RU-A1268,img_0b6be21b2c8adf60,4,0,0.0001855624723248
RU-A1268,img_999123a256378ff6,4,0,0.0003311715263407
RU-A1268,img_b0e652e80d0fda11,4,0,0.026323165744543
RU-A1268,img_8ef0681eb1767cba,4,0,0.0079458560794591
RU-A1269,img_53bdca4579facd9f,1,0,4.629162867786363e-05
RU-A1269,img_7fa7541c3dc50958,1,0,0.0001111943856813
RU-A1269,img_6497017f19a57c8e,1,0,0.0003649927384685
RU-A1269,img_dddb4282c038f4e7,1,0,8.3223931142129e-05
RU-A1269,img_846da65f7229aafd,1,0,3.854436727124266e-05
RU-A1269,img_19feac3fa6303e5c,1,0,1.4830487089056987e-05
RU-A1269,img_b13e8c326521c5b0,1,0,0.0001040016577462
RU-A1269,img_da8be6dc495eac09,1,0,1.7910539099830203e-05
RU-A1269,img_5c1add6fa79b2f2e,1,0,1.8159475075663067e-05
RU-A1270,img_38bcdb04f0369ee3,4,0,7.756116974633187e-05
RU-A1270,img_b47ad406a51ac3e2,4,0,0.0001598323433427
RU-A1270,img_d08a7ea7742b7027,4,0,7.974232721608132e-05
RU-A1270,img_e6a6d010a3e3db9c,4,0,0.000113349960884
RU-A1270,img_0b880a3ca91f71f0,4,0,5.016012073610909e-05
RU-A1270,img_1bb3898256440551,4,0,6.650904833804816e-05
RU-A1270,img_cfb44ad1ce5674fb,4,0,4.170938700553961e-05
RU-A1270,img_f28cd596755b47bf,4,0,0.0005022770492359
RU-A1270,img_7acf74e376230a9d,4,0,5.8450790675124153e-05
RU-A1270,img_b595bd481aad4e81,4,0,0.0012084443587809
RU-A1270,img_68732bb99c35c284,4,0,3.85456187359523e-05
RU-A1272,img_a89cbffb5959cba3,1,0,0.0001333703839918
RU-A1272,img_fd95b5355de8ddf2,1,0,8.794375753495842e-05
RU-A1272,img_f32eb5bd572c5ccc,1,0,0.0002681592304725
RU-A1272,img_58a094770584a1f0,1,0,0.0002577059785835
RU-A1272,img_cd54c717438aa89e,1,0,0.0021100279409438
RU-A1272,img_009e12e72c7bd70a,1,0,0.0003967948723584
RU-A1272,img_99da1b711ff43799,1,0,0.0002779535425361
RU-A1273,img_4960024d1efe15d4,4,0,0.0004574876802507
RU-A1273,img_5f64ef5c7defeff6,4,0,0.0003155511512886
RU-A1273,img_b371e91f5cbddbe4,4,0,0.0001484257663832
RU-A1273,img_80db10a8bb01823c,4,0,9.452081576455384e-05
RU-A1273,img_29e94b4da5c96aec,4,0,0.0002172805106965
RU-A1273,img_157591b87a633ace,4,0,9.922072786139324e-05
RU-A1273,img_0c731df55c4b55ad,4,0,3.733708581421524e-05
RU-A1273,img_e35b1976380244a5,4,0,2.395587944192812e-05
RU-A1273,img_e6476888feef1d98,4,0,3.0967072234489024e-05
RU-A1273,img_2ffb6aa16ba020f3,4,0,0.0001363874034723
RU-A1273,img_751dae15f4d5f0ff,4,0,2.175024746975396e-05
RU-A1273,img_72bdd076528bd9da,4,0,3.240986552555114e-05
RU-A1273,img_1e516943dcac3a12,4,0,4.645316585083492e-05
RU-A1274,img_d7370df4186b642e,1,0,4.092395101906732e-05
RU-A1274,img_b08f1df3664d1dfe,1,0,7.419260509777814e-05
RU-A1274,img_7da0285a7c37274d,1,0,1.034681099554291e-05
RU-A1274,img_1333002e933acc0a,1,0,1.311927189817652e-05
RU-A1274,img_d94d45633521532d,1,0,4.882749999524094e-05
RU-A1274,img_cd7cceac77759855,1,0,2.6233759854221717e-05
RU-A1274,img_b87b84242a4e780c,1,0,0.0007697995752096
RU-A1274,img_2d7530912a1e94b6,1,0,1.2871478247689083e-05
RU-A1274,img_6cb56da06b7fa47d,1,0,5.901254553464241e-05
RU-A1274,img_7353c185f84d51c1,1,0,4.4799508032156155e-05
RU-A1274,img_b95451f1772104fc,1,0,2.700197910598945e-05
RU-A1274,img_64cbc49db4dd4f0c,1,0,2.9116656151018105e-05
RU-A1274,img_f8a7b0313db911da,1,0,2.826357194862794e-05
RU-A1276,img_30be5c94543ef28a,0,0,0.0137130999937653
RU-A1276,img_dc345c72b5d861ee,0,0,0.0343066565692424
RU-A1276,img_5e51e07f891ff79b,0,0,0.0003504103515297
RU-A1276,img_791186871b0855a1,0,0,0.0001733493118081
RU-A1276,img_c3f33b11de8c1069,0,0,0.0001142667679232
RU-A1276,img_ccc77c3040da15f4,0,0,5.8189627452520654e-05
RU-A1276,img_452004518187fb25,0,0,0.0001417470921296
RU-A1276,img_a19805f48f0b78a8,0,0,0.000109220331069
RU-A1276,img_7e12ca5cfe3214db,0,0,0.0001143962872447
RU-A1276,img_172c6d4ca33024d4,0,0,7.838763121981174e-05
RU-A1278,img_7b0c1feab3789d06,0,0,0.0881368890404701
RU-A1278,img_b13ba42334b2c33f,0,0,0.0946269854903221
RU-A1278,img_5e4d8ff7319727a3,0,0,0.6014164090156555
RU-A1278,img_cd66e314ac9d533a,0,0,0.9351956844329834
RU-A1278,img_1c9c6656b55836b2,0,0,0.0003723471600096
RU-A1278,img_f8c0ba76c228838d,0,0,0.0029810548294335
RU-A1278,img_3f927ebd903d78cc,0,0,0.9168251156806946
RU-A1278,img_2d05b921545955a8,0,0,0.7152439951896667
RU-A1277,img_1cc46aadf06684bb,1,0,8.870996680343524e-05
RU-A1277,img_cffdb8567fdbd8da,1,0,6.571538688149303e-05
RU-A1277,img_0bdbae9c9ebe13bb,1,0,0.0002892989723477
RU-A1277,img_f6d96fcb13adcff1,1,0,0.0012539851013571
RU-A1277,img_800257b72e9a323e,1,0,1.855489426816348e-05
RU-A1277,img_5692a857373db6d3,1,0,2.3968996174517088e-05
RU-A1277,img_8b01163fd8b9143c,1,0,3.662717426777817e-05
RU-A1277,img_38f35a327c2c6879,1,0,4.040385829284787e-05
RU-A1277,img_0204a604cf94463f,1,0,0.0006921213353052
RU-A1277,img_e215b1a8315f0fad,1,0,0.0007525810506194
RU-A1279,img_6c0fff5f049b2b29,0,0,0.0003677859785966
RU-A1279,img_170a2bf02e802dec,0,0,0.0073720575310289
RU-A1279,img_9f65a646d7920afe,0,0,0.0001234668161487
RU-A1279,img_cc612087bfbdfb21,0,0,8.297606109408662e-05
RU-A1279,img_e47bf20e2498bbb2,0,0,0.0001745431654853
RU-A1279,img_a958b94475775659,0,0,0.0001557204959681
RU-A1279,img_b0d54d149682f24f,0,0,0.0001873354485724
RU-A1279,img_c04a30c4bca27998,0,0,0.0019979842472821
RU-A1279,img_610fae3889048ea7,0,0,0.0001737265702104
RU-A1279,img_053de2cb7a4ec9d7,0,0,0.0001701841392787
RU-A1279,img_abcbb6eb9987d2b6,0,0,6.674082396784797e-05
RU-A1279,img_a6f941549a6c8f2e,0,0,5.600345684797503e-05
RU-A1279,img_cb3935ccbe629951,0,0,5.286121086101048e-05
RU-A1279,img_2f64cb764a5de351,0,0,5.85970665269997e-05
RU-A1279,img_ed64e55e0f79157b,0,0,6.383624713635072e-05
RU-A1280,img_4d999ea619b50da9,3,0,5.1033533964073285e-05
RU-A1280,img_31b3098fe97093c7,3,0,0.0003221633378416
RU-A1064,img_a6851a225117fbcb,3,0,0.2017687708139419
RU-A1064,img_5e264bf4434b6b57,3,0,0.3226673901081085
RU-A1064,img_382757dc5d78fb3d,3,0,0.8629391193389893
RU-A1064,img_866e490de3e581e8,3,0,0.5994176864624023
RU-A1064,img_688f3feafcfa3581,3,0,0.16619174182415
RU-A1064,img_12c8b71b4b82a5e0,3,0,0.1410365253686905
RU-A1064,img_a93131233f27a9bc,3,0,0.8916544318199158
RU-A1064,img_c9bf059ca78e1cb8,3,0,0.6170313954353333
RU-A1064,img_a32381596d29ef4b,3,0,0.989791989326477
RU-A1064,img_262a93c6b5986f9c,3,0,0.9877356886863708
RU-A1156,img_a8349e23f0ed1385,4,1,0.0071970815770328
RU-A1156,img_f7d59d3e11e249be,4,1,0.002687367843464
RU-A1156,img_d276e46e44b0e906,4,1,0.00048661098117
RU-A1156,img_aa1ec292c8744393,4,1,0.0008649756782688
RU-A1156,img_19c1a02ee99cad87,4,1,0.0005904156714677
RU-A1156,img_64a8e707014c0c84,4,1,0.0001441825588699
RU-A1156,img_d6d72ef0821da24a,4,1,0.0085165034979581
RU-A1156,img_2986dbe2ffa0dbed,4,1,0.000388609158108
RU-A1156,img_f9c8ccd01f98acde,4,1,0.0058112852275371
RU-A1156,img_920b72db2132a449,4,1,0.0100962603464722
RU-A1156,img_5425640a754d30f4,4,1,0.0065475716255605
RU-A1156,img_44d8f1454fb9cf44,4,1,0.0624958649277687
RU-A1156,img_ae7d35ed5a92dfa6,4,1,0.0054823458194732
RU-A1175,img_30772dd4108bcfa9,4,0,0.0001829261454986
RU-A1175,img_4a6f4764434e9581,4,0,0.0001285143953282
RU-A1175,img_9569faecbd055d80,4,0,0.0001452347059966
RU-A1175,img_c21f9b2149c979be,4,0,0.0001043055817717
RU-A1175,img_90c4f65acd987813,4,0,0.0005373290623538
RU-A1175,img_8ea92b02f7c1a7f8,4,0,0.0003019926080014
RU-A1180,img_b38e73507dc7c407,0,1,4.858865577261895e-05
RU-A1180,img_bf6e5a188405bbf9,0,1,4.615374928107485e-05
RU-A1137,img_56ad42587a41d13f,3,0,0.526161253452301
RU-A1137,img_420d32447d27d9ad,3,0,0.0904441773891449
RU-A1137,img_f8596336cbb6ab7e,3,0,0.0058102887123823
RU-A1137,img_27f241b33f4cd1b9,3,0,0.0005773738957941
RU-A1137,img_c3d6dd135a809758,3,0,0.6830939054489136
RU-A1137,img_b5c886eb2eb77b1b,3,0,0.242842361330986
RU-A1150,img_6793bd512d8d268d,0,0,0.0002476856170687
RU-A1150,img_c275765ff341dca4,0,0,0.0001309228828176
RU-A1150,img_d419321a83b4e02d,0,0,0.0001421688793925
RU-A1150,img_065d841c32f09fdc,0,0,0.0001995349593926
RU-A1150,img_e574f619da841664,0,0,0.0002010601165238
RU-A1150,img_85b8f5256f9d2692,0,0,0.0002476931840647
RU-A1186,img_f82d99ec2aebfb87,2,0,7.168155570980161e-05
RU-A1186,img_a3daa22244771c75,2,0,0.0001235959352925
RU-A1186,img_d29fac8345943833,2,0,0.0002460927062202
RU-A1186,img_6ba5da9a53bdc8d2,2,0,2.9742148399236612e-05
RU-A1186,img_7ba5450aafdbfeec,2,0,5.688392775482498e-05
RU-A1186,img_0ebfc2931c2621b4,2,0,5.635560228256509e-05
RU-A1186,img_8511530d67193842,2,0,8.668807276990265e-05
RU-A1186,img_a60ffee6723789ae,2,0,8.056475053308532e-05
RU-A1186,img_98755a6cc5be5ca7,2,0,4.3996104068355635e-05
RU-A1186,img_bda19b74d37a24d5,2,0,3.740405009011738e-05
RU-A1186,img_195a63a620799581,2,0,8.896233339328319e-05
RU-A1186,img_14bf0796f92ea231,2,0,0.0001049048660206
RU-A1186,img_43ee7c6f5bd75451,2,0,0.0003485181368887
RU-A1186,img_c6b0ddb3934b9c16,2,0,0.0001679479173617
RU-A1187,img_209d97bee68fda97,3,0,0.0002141773147741
RU-A1187,img_9fc9c7c07b043792,3,0,6.58094504615292e-05
RU-A1187,img_1cfefb28992f74bc,3,0,0.0004941651714034
RU-A1187,img_413262bbfcb8b1e1,3,0,0.0035905197728425
RU-A1187,img_c370893f7a9ede8c,3,0,0.0002543539740145
RU-A1187,img_5ec05b3c5765141e,3,0,6.273136386880651e-05
RU-A1187,img_e5cb30c2e6a5e193,3,0,0.9933187961578368
RU-A1187,img_22d4734c37063186,3,0,0.9940850734710692
RU-A1187,img_f9261bb2a89b8873,3,0,0.9012783765792848
RU-A1187,img_771210474a95b8b2,3,0,0.1054822504520416
RU-A1187,img_9d1bdeae69a9b615,3,0,0.1798454076051712
RU-A1187,img_427b3e09ff5547c7,3,0,0.1859566420316696
RU-A1028,img_3c1a648dc774b80d,4,0,0.0031821688171476
RU-A1028,img_b84f1a49b1e45947,4,0,0.0491952002048492
RU-A1028,img_e6b188865b934d48,4,0,0.1813725084066391
RU-A1028,img_9485608a01a2802b,4,0,0.0847429782152175
RU-A1078,img_a86ed017552be765,0,1,0.0086693679913878
RU-A1078,img_68a5b50165104e23,0,1,0.0010546422563493
RU-A1078,img_d92680e01bdd84a7,0,1,0.8036129474639893
RU-A1078,img_b8a47edb240d9a9b,0,1,0.95139878988266
RU-A1078,img_1f21e5f4d12309a7,0,1,0.111971415579319
RU-A1078,img_fac47d93c4e9b070,0,1,0.1878570467233657
RU-A1079,img_7870d359d74857c0,0,0,0.0025652542244642
RU-A1079,img_ac02afc1e7eb373e,0,0,0.0267512779682874
RU-A1079,img_ad1158cf86d294e1,0,0,0.0001220115809701
RU-A1079,img_4de1e43817e4e22a,0,0,8.686714136274531e-05
RU-A1079,img_a3b6f333efc7ce19,0,0,0.0007097027264535
RU-A1079,img_b63857d28eea4cf4,0,0,0.0342918112874031
RU-A1079,img_de364242bebc9c9d,0,0,3.151182318106294e-05
RU-A1079,img_d054e1c68921e0bd,0,0,4.601899490808137e-05
RU-A1079,img_7f3a3913f25bb6c6,0,0,0.0005656383000314
RU-A1079,img_5041558f8a325d01,0,0,0.0121127543970942
RU-A1079,img_3a92405136b435c5,0,0,6.418706470867619e-05
RU-A1079,img_24ff27e224f768c6,0,0,0.000197336601559
RU-A1081,img_aa03307b4748da7c,0,0,0.0433689765632152
RU-A1081,img_4b5d59b7666caeb2,0,0,0.0627602562308311
RU-A1081,img_10135927fd7b74e7,0,0,0.0004541314265225
RU-A1081,img_1b38f620df9cd1c5,0,0,0.0004573387850541
RU-A1082,img_5e794b468cdfc4fe,2,0,8.490717300446704e-05
RU-A1082,img_a226959602cac093,2,0,7.448267569998279e-05
RU-A1082,img_90b26091fff534cd,2,0,5.5428787163691595e-05
RU-A1082,img_129515e703b481cd,2,0,0.0001449683622922
RU-A1082,img_92cfcd4509f3a24f,2,0,7.301240839296952e-05
RU-A1082,img_6c012193b1e94d25,2,0,9.929010411724448e-05
RU-A1082,img_dffaf8a7b9b9033d,2,0,4.677594552049413e-05
RU-A1082,img_1c3af867a8fdf26c,2,0,4.330573574407026e-05
RU-A1082,img_36897e28517ddb1f,2,0,8.332350989803672e-05
RU-A1082,img_3199e8638f192b55,2,0,6.210838910192251e-05
RU-A1082,img_991c3d0b52ad5310,2,0,0.0006833669031038
RU-A1082,img_1133dd7a7a6c47e0,2,0,0.0005254983552731
RU-A1082,img_d79a086a3c1b811a,2,0,0.0012385676382109
RU-A1083,img_5139928cc3444c7b,0,0,0.7750551700592041
RU-A1083,img_664e185898657c63,0,0,0.8417377471923828
RU-A1083,img_2f0989eb4673c2fd,0,0,0.0563908815383911
RU-A1083,img_be8a0272e0599470,0,0,0.046664573252201
RU-A1084,img_db1a74c82562304c,4,0,0.000933118048124
RU-A1084,img_de993738e286581f,4,0,0.0008492334163747
RU-A1084,img_31e9df9a835f7eda,4,0,6.175121234264225e-05
RU-A1084,img_bb976eb440ac7f37,4,0,0.0003212257288396
RU-A1084,img_385f0807a9a54c02,4,0,0.2583735883235931
RU-A1084,img_9de76103ad4f2dd7,4,0,0.3223510086536407
RU-A1084,img_28271672e954b37d,4,0,0.0014770353445783
RU-A1084,img_868abe50067b2c1b,4,0,0.0041280747391283
RU-A1084,img_b2db014757101fdc,4,0,0.0001873168657766
RU-A1084,img_a3b0040766d5c348,4,0,0.000147954095155
RU-A1084,img_75a7cc7b70ffed18,4,0,9.462957677897066e-05
RU-A1084,img_d2927f5863cc9afe,4,0,0.0001835180300986
RU-A1084,img_6c6985fc7a4dc9f1,4,0,0.0038580321706831
RU-A1084,img_120829c679515f60,4,0,0.0011625548359006
RU-A1084,img_604339027e323f43,4,0,0.000255255959928
RU-A1084,img_0603f1a7d217e1fa,4,0,0.0003871042572427
RU-A1084,img_a3ef717e825aca6b,4,0,0.0026132510975003
RU-A1084,img_9aec24e380226cbb,4,0,0.005448754876852
RU-A1084,img_3c94be12f9452a49,4,0,6.361013947753236e-05
RU-A1084,img_095a20697f55aabf,4,0,0.0001566133432788
RU-A1084,img_646cf78d46d82197,4,0,0.0005478747189044
RU-A1084,img_fae698fe99a4f049,4,0,0.0007280649151653
RU-A1084,img_0d7490ad0f8da910,4,0,0.0001071460428647
RU-A1084,img_432603b05d9127b1,4,0,0.0001496179611422
RU-A1084,img_28395d2246bf2fab,4,0,0.057988878339529
RU-A1084,img_2e32ef66ddff8940,4,0,0.08587047457695
RU-A1084,img_8aa96eb0ac87f648,4,0,0.0011651979293674
RU-A1084,img_30fb37bb30a7d793,4,0,0.0007125430274754
RU-A1084,img_78424e1cd8cfac32,4,0,0.9927114248275756
RU-A1084,img_3cdefaa1a1f607f7,4,0,0.892099916934967
RU-A1084,img_f1e58efa7e8a4b89,4,0,0.9661120772361756
RU-A1084,img_ee4e31ef61fede0d,4,0,0.9449074864387512
RU-A1084,img_a6af44adb5b4e3fc,4,0,0.792191207408905
RU-A1084,img_06116b4fd85491e7,4,0,0.0583934299647808
RU-A1084,img_b091d058d104f6c8,4,0,0.3884177803993225
RU-A1084,img_86a7d12d98bf8834,4,0,0.0718148425221443
RU-A1084,img_680916680333756e,4,0,0.6060847640037537
RU-A1084,img_8efbbb07c40d273b,4,0,0.9588174819946288
RU-A1084,img_e1e817fdf5a1d7b2,4,0,0.0003611142747104
RU-A1084,img_9bf276f4353f10c8,4,0,0.00058938737493
RU-A1084,img_a7207d192f757a1a,4,0,0.003076477907598
RU-A1084,img_0d2967c3393ee942,4,0,0.0052276435308158
RU-A1084,img_46b97e6adb87c027,4,0,0.0046976874582469
RU-A1085,img_d2840a0efc4d0500,3,0,0.0139581635594367
RU-A1085,img_86de0b7084b511bc,3,0,0.0099722268059849
RU-A1085,img_421946506fd626cb,3,0,0.0731391757726669
RU-A1085,img_a51137854d80c772,3,0,0.2563883066177368
RU-A1085,img_8d16fe52b0ac7627,3,0,0.9966942071914672
RU-A1085,img_884d0c900a4399a5,3,0,0.997706174850464
RU-A1085,img_4f0f0942e9b61eeb,3,0,0.9991312623023988
RU-A1085,img_e2508b2a0691ada6,3,0,0.7944434881210327
RU-A1085,img_243a2e132269c95d,3,0,0.950287938117981
RU-A1085,img_4b85cdf8d4ef0826,3,0,0.5548507571220398
RU-A1085,img_17b3c6d65d15df0d,3,0,0.9321521520614624
RU-A1085,img_ed0e5c028fbfabe5,3,0,0.9938482642173768
RU-A1085,img_24fdb91b79324aee,3,0,0.9831687211990356
RU-A1085,img_398da96546b0066c,3,0,0.9982011318206788
RU-A1085,img_36adfb8a249878af,3,0,0.9771426916122437
RU-A1085,img_40f7e4d572e3f1ca,3,0,0.9676860570907592
RU-A1085,img_2df6854354572d95,3,0,0.80199134349823
RU-A1085,img_f336dd1256b709c6,3,0,0.10222128033638
RU-A1085,img_2511cc7ca01ff2d5,3,0,0.5181391835212708
RU-A1087,img_4306561128354096,0,0,0.0001053290616255
RU-A1087,img_38737445203e2c13,0,0,7.092559098964557e-05
RU-A1087,img_dab65d5c5e8f6d55,0,0,0.0001110817393055
RU-A1087,img_840f75a422ad264a,0,0,7.994622137630358e-05
RU-A1087,img_b55ab284dfe108d9,0,0,0.0001307210332015
RU-A1087,img_9c63f1ff0c8ee69b,0,0,6.398917321348563e-05
RU-A1087,img_2ca95915a88ac9c9,0,0,0.0020113496575504
RU-A1087,img_010c3e808818e708,0,0,0.0064332392066717
RU-A1087,img_d1435d697349c4a4,0,0,0.0031887886580079
RU-A1087,img_7ec30c18756e84a1,0,0,0.0030245631933212
RU-A1088,img_341bd79bfbb32464,3,0,0.0001925411925185
RU-A1088,img_d465b338932e403e,3,0,0.000243891190621
RU-A1088,img_38575cb854539b8c,3,0,0.0001889773702714
RU-A1088,img_6ac9d9272ee184db,3,0,0.0003348513855598
RU-A1088,img_0c255eb4d4280770,3,0,0.0001349201775155
RU-A1090,img_02cafda702c58f3d,1,0,5.125368625158444e-05
RU-A1090,img_55746d1544908753,1,0,2.6687661375035532e-05
RU-A1090,img_7c6912da4ffd5750,1,0,8.408563735429198e-05
RU-A1090,img_547350790b5bc200,1,0,3.068621299462393e-05
RU-A1090,img_e4c492a7436a7907,1,0,4.2825398850254714e-05
RU-A1090,img_8f4ecd186cf1dc29,1,0,1.980664092116058e-05
RU-A1090,img_12dc93313669830c,1,0,1.6090738427010365e-05
RU-A1090,img_20ce68ea5e35dc51,1,0,1.347544002783252e-05
RU-A1091,img_496d40d4bdcfa3c7,4,0,4.721126606455073e-05
RU-A1091,img_9053b6bd763c8b8d,4,0,0.0002984642342198
RU-A1091,img_ebb3a517d781b7b0,4,0,0.0002642534382175
RU-A1091,img_23e6a7a181090eab,4,0,0.0018363763811066
RU-A1091,img_319c90b60993f854,4,0,0.000820962479338
RU-A1092,img_8c37cebdc426aa15,2,0,6.684611435048282e-05
RU-A1092,img_24384ed0c7c80a3e,2,0,5.524241350940429e-05
RU-A1092,img_fd5e04009c989483,2,0,3.1557232432533056e-05
RU-A1092,img_2689ab49025de65b,2,0,3.807963730650954e-05
RU-A1092,img_01700a28dbd98744,2,0,2.2779304345021956e-05
RU-A1092,img_e1b2da4fc40c44ee,2,0,5.146257171873003e-05
RU-A1092,img_7bb8ce1213dfd56e,2,0,0.0011857958743348
RU-A1092,img_953bb7a54e2b3dd7,2,0,0.0004746571357827
RU-A1094,img_902989ce5048de9a,4,0,0.0013186634751036
RU-A1094,img_18b96c6949455734,4,0,0.0001372829865431
RU-A1095,img_cfe40bba1a0f810e,3,0,8.137748955050483e-05
RU-A1095,img_4b773350aaebdbd9,3,0,7.053923764033243e-05
RU-A1095,img_f3cc0d6b7a6c2a46,3,0,0.0001751223026076
RU-A1095,img_c996bb01a3e89b4c,3,0,0.0001756852580001
RU-A1095,img_e24a827388d07178,3,0,0.0088386861607432
RU-A1095,img_8b639a4d807c6044,3,0,0.0003986179071944
RU-A1095,img_deefb793a0c050cc,3,0,7.748584903310984e-05
RU-A1095,img_fc0d79d4e55034df,3,0,0.0152414124459028
RU-A1096,img_f6c310321f59d359,0,0,0.0001477264304412
RU-A1096,img_c35849104c118fc6,0,0,0.0004856707819271
RU-A1096,img_d5d57717703a052a,0,0,4.849848119192757e-05
RU-A1096,img_a0ccab2224837eda,0,0,0.0001687915646471
RU-A1096,img_5e6622b02478a5a4,0,0,3.0362951292772777e-05
RU-A1096,img_7b2f91f4f7f6fcaa,0,0,7.005322549957782e-05
RU-A1096,img_be24564b1ddcd56f,0,0,0.0001394936698488
RU-A1096,img_bc4744b3c20684fe,0,0,5.887938095838763e-05
RU-A1096,img_ac941b46f905083f,0,0,4.719731441582553e-05
RU-A1096,img_c4addf21d7357407,0,0,6.755988579243422e-05
RU-A1100,img_f0bd0fff94bb343f,2,0,5.159726424608379e-05
RU-A1100,img_7d0aad024ce8d3db,2,0,3.74609517166391e-05
RU-A1100,img_54c7460ad88dfb08,2,0,2.0801389837288294e-05
RU-A1100,img_378c9a2b6359dcc9,2,0,0.0001214379662997
RU-A1100,img_2e42acf9a04b00ac,2,0,3.194218152202666e-05
RU-A1100,img_7178489d049aad3c,2,0,4.644408545573242e-05
RU-A1148,img_f10d9b13c8dd1747,2,0,5.212078394833952e-05
RU-A1148,img_7ee9dfd8047937f2,2,0,7.502114749513566e-05
RU-A1148,img_01039c4b1b623173,2,0,0.0002077287208521
RU-A1148,img_3d509547e54a2108,2,0,0.0004326227644924
RU-A1151,img_aeb0e4d98421c6ab,1,0,0.6708480715751648
RU-A1151,img_8331c3e1b7e45f52,1,0,0.1452594846487045
RU-A1151,img_6c74f2ffa84c278b,1,0,0.989368498325348
RU-A1151,img_69da023df1138ae9,1,0,0.9742358326911926
RU-A1151,img_88bb0ec6ba46ac97,1,0,0.9502232670783995
RU-A1151,img_9f18b3aba6cc0de5,1,0,0.82142573595047
RU-A1151,img_906468ac2b6883a3,1,0,0.0043000099249184
RU-A1151,img_ebae27221ad510aa,1,0,0.0065542869269847
RU-A1152,img_9f36ccabffb91127,1,0,4.124514452996664e-05
RU-A1152,img_02cd3a50e5722f10,1,0,4.1463543311692774e-05
RU-A1152,img_84a872e80fbba85f,1,0,2.9277674912009388e-05
RU-A1152,img_79ed47c25e1cc9e8,1,0,3.259254663134925e-05
RU-A1152,img_b2de56818450326b,1,0,2.93286211672239e-05
RU-A1152,img_c660dad4197daee3,1,0,3.2595529773971066e-05
RU-A1152,img_1b752091dee4c518,1,0,6.590107659576461e-05
RU-A1152,img_20cb8b00b4c70d4a,1,0,6.685109110549092e-05
RU-A1152,img_5cb4e0b0f3856695,1,0,4.677728429669514e-05
RU-A1152,img_c8672f4e365313ce,1,0,8.917585364542902e-05
RU-A1157,img_d4ae8091ae0757af,3,0,0.0058027794584631
RU-A1157,img_3761fc6f346e7291,3,0,0.0052722278051078
RU-A1157,img_d0a7bc73fef9e701,3,0,0.9107306599617004
RU-A1157,img_acee21b7f9f9bccc,3,0,0.9480561017990112
RU-A1157,img_a2c4c778b6fd866f,3,0,0.0074770022183656
RU-A1157,img_b0fbe72697137acb,3,0,0.0591894499957561
RU-A1157,img_d95a5f98abe2aa6a,3,0,0.0002403326070634
RU-A1157,img_82509bdad829118f,3,0,0.0013063515070825
RU-A1157,img_c511d5fc6dfd2591,3,0,0.0011863505933433
RU-A1157,img_20cd221b066c7c94,3,0,0.0010275613749399
RU-A1158,img_bd5fac1beb00b89e,2,0,5.209996015764773e-05
RU-A1158,img_4593d4fb03c4aa2e,2,0,3.65228479495272e-05
RU-A1158,img_1c399192e010e1e8,2,0,2.013533594436012e-05
RU-A1158,img_a84359e1fadc93be,2,0,8.276135486084968e-05
RU-A1158,img_07bbefdbda20d1bf,2,0,2.5959852791856974e-05
RU-A1158,img_dfb6d85a2716b73e,2,0,5.3136147471377626e-05
RU-A1158,img_f8e90ff8a45ea76c,2,0,0.0002197366120526
RU-A1158,img_96c480c67d24ff81,2,0,7.873929280322045e-05
RU-A1158,img_c950b0861207bfd0,2,0,0.0175843089818954
RU-A1158,img_a57643551c6682fb,2,0,0.003965294919908
RU-A1159,img_57e847c25be6c902,1,0,1.7650127119850367e-05
RU-A1159,img_a58cfac931b9dfed,1,0,3.193719021510333e-05
RU-A1159,img_f54dedfd09cd5bb9,1,0,3.5818538890453056e-05
RU-A1159,img_0482fd8c4e89f3a1,1,0,6.614618905587122e-05
RU-A1159,img_94f472ea68866573,1,0,5.178082938073203e-05
RU-A1159,img_d2f62e019f86a9a1,1,0,1.5425024685100652e-05
RU-A1159,img_770aeeb6a4734483,1,0,1.8821616322384216e-05
RU-A1159,img_e3271d3452e87481,1,0,0.0003160624182783
RU-A1159,img_443e45ed9c9b91d8,1,0,0.0002680063480511
RU-A1160,img_abf0add4078c02d7,2,0,7.329179788939655e-05
RU-A1160,img_f3a7c9f498a30cf6,2,0,6.802561256336048e-05
RU-A1160,img_5d54faf7bc620d76,2,0,0.4991150200366974
RU-A1160,img_3673caab3ada9169,2,0,0.7609089016914368
RU-A1161,img_fddfd73669db3761,1,0,4.146144783589989e-05
RU-A1161,img_9a0d76490f4e758c,1,0,1.924576827150304e-05
RU-A1161,img_703a60c47ce33393,1,0,0.0006296367500908
RU-A1161,img_a77c700d16387170,1,0,0.0005630889208987
RU-A1161,img_f18955f848c65a47,1,0,0.0008458318770863
RU-A1161,img_b22806dae60e42eb,1,0,0.0014223967446014
RU-A1162,img_e50a1e9b61f68985,3,0,0.0001348154910374
RU-A1162,img_43f44a1c0dc4e80a,3,0,0.0001170087707578
RU-A1162,img_0686832adf9eb7b0,3,0,0.0001310306543018
RU-A1162,img_ccda422b004b2040,3,0,0.000708415871486
RU-A1162,img_a73115e01a2d9552,3,0,8.253429405158386e-05
RU-A1162,img_1ac9bbabf7fe927f,3,0,6.284578557824716e-05
RU-A1162,img_3565e826b9cddd17,3,0,0.0002065915905404
RU-A1162,img_d64a4ffe7e6872e8,3,0,0.0002776079636532
RU-A1162,img_3373d870d77bbaf3,3,0,0.0003694828192237
RU-A1162,img_88287373e24dfd04,3,0,0.0006798356771469
RU-A1162,img_bc1d55c4fbfa977d,3,0,0.0011775065213441
RU-A1162,img_eb4aedf0b4d0e8f8,3,0,0.0152663588523864
RU-A1162,img_1ebecbd928005394,3,0,0.0016534681199118
RU-A1162,img_a05f3ea344464421,3,0,0.0003122577618341
RU-A1164,img_a75108faede88b0d,4,0,8.167992200469598e-05
RU-A1164,img_fdce6cdc847ab8a7,4,0,7.559313962701708e-05
RU-A1164,img_328f0f466922f285,4,0,9.692925232229754e-05
RU-A1164,img_f2a9a25391b544d3,4,0,4.599328531185165e-05
RU-A1164,img_bbd0d37f984a5849,4,0,6.636820762651041e-05
RU-A1164,img_dded3e26fcacca5f,4,0,0.000103315571323
RU-A1164,img_10353862751e7fa5,4,0,6.967620720388368e-05
RU-A1164,img_9a96dbab552513b9,4,0,0.8461408019065857
RU-A1164,img_4093518313023fbe,4,0,0.8811808228492737
RU-A1165,img_65386e7d9cb64f9d,1,0,5.6462806242052466e-05
RU-A1165,img_a02bce084c4dbc51,1,0,4.811896724277176e-05
RU-A1165,img_d7ec70c596a3c7e5,1,0,8.309055556310341e-05
RU-A1165,img_f50adedd5121a5af,1,0,0.000141810363857
RU-A1167,img_90b53155667807a2,4,0,9.339762618765236e-05
RU-A1167,img_1e91445dbbb10e45,4,0,4.764455297845416e-05
RU-A1167,img_0b8e5ead1c0eb983,4,0,0.0006024494068697
RU-A1167,img_9a356d782ada14e7,4,0,0.0002381608210271
RU-A1168,img_f6c1b78bf1a1c419,1,0,4.229433034197427e-05
RU-A1168,img_c4fa6b6606150776,1,0,1.914942913572304e-05
RU-A1168,img_b12763bc776f237b,1,0,4.345727211330086e-05
RU-A1168,img_b998ac7903da596a,1,0,8.078523387666792e-05
RU-A1168,img_9b4e1328a6284d02,1,0,2.7021660571335815e-05
RU-A1168,img_f63bebd6e6b520fb,1,0,3.904952973243781e-05
RU-A1168,img_f82ac1e479af4fee,1,0,0.0001195265140268
RU-A1168,img_21a5e7daef98fa43,1,0,9.846593457041308e-05
RU-A1169,img_3d0d09c23dddd708,0,0,2.6031748348032124e-05
RU-A1169,img_e8f319d98e4394db,0,0,2.450628744554706e-05
RU-A1169,img_ce580288284f0c39,0,0,7.464065856765956e-05
RU-A1169,img_f2e76757f84ec6c2,0,0,0.0001656927197473
RU-A1169,img_6952eb5a597b71e9,0,0,0.000116681207146
RU-A1170,img_35146e0294ffc229,4,1,0.1262684017419815
RU-A1170,img_ad84d34a839db114,4,1,0.0057528936304152
RU-A1170,img_7c4b026225b78480,4,1,0.0539072453975677
RU-A1170,img_44d09247fe41802c,4,1,0.0853503420948982
RU-A1170,img_19245519512331a8,4,1,0.9612165689468384
RU-A1170,img_3a68b7d522fd8ed8,4,1,0.4814301133155823
RU-A1170,img_669a0e3d9a6b644c,4,1,0.0004390532267279
RU-A1170,img_fbd531730bf96b19,4,1,0.0005039590760134
RU-A1170,img_744edff32ebf52bc,4,1,0.6618125438690186
RU-A1170,img_5c3f1b9276cd3327,4,1,0.4415776431560516
RU-A1170,img_ec86d7873fc72200,4,1,0.9949169158935548
RU-A1170,img_863dbaaea59fc328,4,1,0.9652372002601624
RU-A1170,img_7167b5fffd811b63,4,1,0.1945854425430297
RU-A1170,img_6543c793c1f09e1e,4,1,0.0226329434663057
RU-A1171,img_451dd404b3fad6a6,2,0,0.0001193405405501
RU-A1171,img_bcd237220dc0b0ec,2,0,6.149769615149125e-05
RU-A1171,img_a0e80e65520e2bc2,2,0,0.0016003012424334
RU-A1171,img_c0ff02ba034a11aa,2,0,0.0061267307028174
RU-A1172,img_be58fe8545d04fce,1,0,3.9792314055375755e-05
RU-A1172,img_b4b1d34ad253ee14,1,0,3.1096336897462606e-05
RU-A1172,img_133e5f1b77bf145f,1,0,3.0252365831984207e-05
RU-A1172,img_1b76d3ea41ad0fa1,1,0,2.664976636879146e-05
RU-A1172,img_b168d6619e508ea6,1,0,0.0001162505359388
RU-A1172,img_b79a076a1dbb92e9,1,0,0.000227185402764
RU-A1172,img_e407281c2cea1333,1,0,0.0002074019866995
RU-A1172,img_a12c58a5a5f53650,1,0,0.0002362790110055
RU-A1173,img_6dbc7d2d2fda1e32,0,0,6.834904343122616e-05
RU-A1173,img_898c00f921b34233,0,0,3.723659756360576e-05
RU-A1173,img_f6a77858a31c3ef1,0,0,9.141174814430995e-05
RU-A1173,img_df210a5fab7e194e,0,0,6.405413296306506e-05
RU-A1173,img_142451132d6f6d6e,0,0,0.0017708792584016
RU-A1173,img_755a70d989ccf55a,0,0,0.0011360693024471
RU-A1174,img_a9bce608eae449af,1,0,0.1439708024263382
RU-A1174,img_fb7d456259450448,1,0,0.001449106959626
RU-A1174,img_5bc4050a4df8e92f,1,0,0.1007676646113395
RU-A1174,img_32cd0bd1996206c9,1,0,0.1272361278533935
RU-A1174,img_9aea532336c2c157,1,0,1.843515201471746e-05
RU-A1174,img_8c2b5cc9eea99fea,1,0,1.806978070817422e-05
RU-A1174,img_71f1b96a1ba6bbb0,1,0,6.779299292247742e-05
RU-A1174,img_e235934b96951fe8,1,0,7.487492257496342e-05
RU-A1174,img_d11a8e2594bdf46e,1,0,0.004130502231419
RU-A1174,img_1576581ca61c0ced,1,0,0.001027530292049
RU-A1154,img_2b9ec337d64cdc74,2,0,4.243099829182029e-05
RU-A1154,img_c6445ecfb6d3aa22,2,0,3.712654142873362e-05
RU-A1154,img_a10ed4749e23c7cc,2,0,4.401418846100569e-05
RU-A1154,img_0f73b3f77eb23edf,2,0,8.525246812496334e-05
RU-A1154,img_bc17bb19d4341e1c,2,0,0.0001617474044905
RU-A1154,img_a758888f8a1813b8,2,0,8.57249615364708e-05
RU-A1154,img_e2e703a4f91f18f3,2,0,0.0001161175823654
RU-A1154,img_44e2b5872169ec50,2,0,8.766318205744028e-05
RU-A1154,img_6b40865f9b4e08eb,2,0,0.0004618163802661
RU-A1154,img_db8425540c0b0cdb,2,0,0.0002366666012676
RU-A1155,img_5f4824811e011f6c,1,0,7.410858961520717e-05
RU-A1155,img_7e2f28ed80177923,1,0,7.310961518669501e-05
RU-A1155,img_5408471552cc8c89,1,0,0.0001764430489856
RU-A1155,img_b29cca99ccd698af,1,0,9.609727567294613e-05
RU-A1155,img_dad54ac42e65821a,1,0,8.494069334119558e-05
RU-A1155,img_9ce9024d4db6717f,1,0,0.0001399907050654
RU-A1155,img_25cbf5e7316d2139,1,0,0.0001603155833436
RU-A1155,img_856dd30f9aecc437,1,0,0.0001527009007986
RU-A1155,img_76bbfe9516ee3d70,1,0,0.0001545421546325
RU-A1221,img_b843df6ac49748b8,1,0,0.0001981354434974
RU-A1221,img_a11314f69c119b7e,1,0,0.0001679745037108
RU-A1221,img_e3360cc395bd4f0c,1,0,5.170888107386418e-05
RU-A1221,img_3d7784f167ab3877,1,0,4.2191404645564035e-05
RU-A1221,img_7297193f16963b9f,1,0,0.00018690188881
RU-A1221,img_ec4e39e962c9849c,1,0,0.0001140499152825
RU-A1222,img_0c8e501da531010d,4,0,0.0005526547320187
RU-A1222,img_0a0d40bf622e68e5,4,0,2.1547670257859863e-05
RU-A1222,img_17920b469918312a,4,0,0.0019533562008291
RU-A1222,img_550d8a285a437729,4,0,0.0002898622478824
RU-A1223,img_993f965cb2543c0e,0,0,0.0001236060634255
RU-A1223,img_11d2a45a94860f1f,0,0,0.0003856519469991
RU-A1223,img_a34347443d9b677c,0,0,0.000167614678503
RU-A1223,img_e0fea148738580c9,0,0,0.0003253163595218
RU-A1224,img_5abbe20174b1cb5e,0,0,0.0002373268653172
RU-A1224,img_311dce75a3b93818,0,0,3.4286986192455515e-05
RU-A1224,img_a937d14aa26975fa,0,0,0.0098363831639289
RU-A1224,img_41106415ecfc609e,0,0,0.0002904013090301
RU-A1224,img_dba5d6602b0b162a,0,0,0.000645822728984
RU-A1225,img_9e70c1ee239546d3,0,0,9.849044727161528e-05
RU-A1225,img_399db71f2f7c74d2,0,0,3.984498471254483e-05
RU-A1226,img_662078eafbab9c59,0,0,4.993408947484568e-05
RU-A1226,img_d4331128fa77cdd6,0,0,0.0001223348808707
RU-A1226,img_42abf17b96b925c5,0,0,7.634619396412745e-05
RU-A1226,img_0beb883c88a1a1b9,0,0,9.861412399914116e-05
RU-A1227,img_a4ed0801b99d3676,3,0,3.047323843929917e-05
RU-A1227,img_48fc430b50746636,3,0,4.516718036029488e-05
RU-A1227,img_d14fae684d541a7a,3,0,9.769070311449468e-05
RU-A1227,img_47bc5f8962e2180b,3,0,0.0003883836616296
RU-A1227,img_354c74b3c6338aad,3,0,0.0013113865861669
RU-A1227,img_982144aa5c74c38e,3,0,0.006544935517013
RU-A1228,img_cff87a80d13e8fb1,2,0,3.907564678229392e-05
RU-A1228,img_566a72c2cbc99ec0,2,0,4.321332380641252e-05
RU-A1228,img_d2f9d041e39bcca2,2,0,6.109826790634543e-05
RU-A1228,img_3d8bf6100cc8d6b8,2,0,7.119984365999699e-05
RU-A1228,img_d5e1c165c810708f,2,0,8.222500764532015e-05
RU-A1228,img_f8dc5696bc6d0a98,2,0,0.0001993440237129
RU-A1228,img_b355bf8324014a77,2,0,2.64766513282666e-05
RU-A1228,img_7ecf8f0d78007381,2,0,6.997324817348272e-05
RU-A1228,img_22d710c277869821,2,0,5.921909905737266e-05
RU-A1228,img_dc939f24dbe447cf,2,0,0.0230731721967458
RU-A1228,img_9718837515050473,2,0,0.0191316492855548
RU-A1229,img_8950267846928315,4,1,0.0011257809819653
RU-A1229,img_44829ee2e0bd1429,4,1,0.217465728521347
RU-A1229,img_75e20e01b38e078a,4,1,0.1225106120109558
RU-A1229,img_651a50002ea6f8ba,4,1,0.5620431303977966
RU-A1229,img_b1f8e2c4d30fe399,4,1,0.1367920190095901
RU-A1230,img_3830ae930b0a6ef1,4,0,5.399655856308527e-05
RU-A1230,img_72e0925990c9bf09,4,0,3.3654669095994905e-05
RU-A1230,img_8de82a7ef7791207,4,0,8.743875514483079e-05
RU-A1230,img_dfdf8341cd873f00,4,0,3.72006070392672e-05
RU-A1230,img_4e74d4cfbc6b946d,4,0,4.075064862263389e-05
RU-A1230,img_9b94bb8e3d3f8938,4,0,5.9433510614326224e-05
RU-A1230,img_63b70a713495db32,4,0,8.849958248902112e-05
RU-A1230,img_60227010952c481a,4,0,6.0910311731277034e-05
RU-A1230,img_3ed0b603bd39c6fe,4,0,0.001342553528957
RU-A1230,img_8d9ee4f5d062f4ee,4,0,0.000586720299907
RU-A1230,img_2badc52b03359c7f,4,0,0.0002705245278775
RU-A1230,img_dc9adb66c18359f9,4,0,0.0008942640270106
RU-A1231,img_4a9ceaba0b907dba,2,0,0.0004316049453336
RU-A1231,img_4dbcc0ccdd01a90e,2,0,0.0001150695752585
RU-A1231,img_dd5a0c6c0753b8f9,2,0,7.8244847827591e-05
RU-A1231,img_bfee5e09e107f620,2,0,0.0003346905577927
RU-A1231,img_d2ae49d23f2c8fae,2,0,0.0002194510161643
RU-A1231,img_a7b107b5b48b736b,2,0,0.0001187254529213
RU-A1231,img_a8186cb4fbe98fca,2,0,5.293526191962883e-05
RU-A1231,img_02ae068f77aecd0a,2,0,5.028704617870971e-05
RU-A1232,img_f8eed42054d2d97e,1,0,0.0021290089935064
RU-A1232,img_6b8ee788e5947b23,1,0,6.163014040794224e-05
RU-A1232,img_e5b24440c4d13433,1,0,0.0002796366461552
RU-A1232,img_91ce6a798f0addf8,1,0,9.53682465478778e-05
RU-A1232,img_09d3118069786e96,1,0,4.252623693901114e-05
RU-A1232,img_67c3b03061399bb3,1,0,3.941723480238579e-05
RU-A1232,img_66e3441a082030fe,1,0,0.0002404511033091
RU-A1232,img_434c1c81c8b8e1ed,1,0,0.0001444458175683
RU-A1233,img_5de866f0a887a291,0,0,0.000142593824421
RU-A1233,img_ccd794e2817b27c9,0,0,0.0002819528453983
RU-A1233,img_b7d8a3f95eea273a,0,0,0.0026016405317932
RU-A1233,img_06613dc42196830f,0,0,0.0010025142692029
RU-A1233,img_f8c5fdc5ef24e200,0,0,0.0071957935579121
RU-A1233,img_3fe0bf91a8b07fbf,0,0,0.0001974273327505
RU-A1233,img_eb990b0170856b53,0,0,0.0003162037755828
RU-A1233,img_1cef30b84b1f8705,0,0,0.0004036336904391
RU-A1234,img_9fe7f8c14d214f85,1,0,6.63689716020599e-05
RU-A1234,img_8f9346484fdadaf5,1,0,6.325681169983e-05
RU-A1234,img_b7b77fcba03765a8,1,0,0.0003055810229852
RU-A1234,img_f572494e74b147f7,1,0,0.0003024804464075
RU-A1235,img_7fcb73b59693708a,1,0,1.826908192015253e-05
RU-A1235,img_d7e0b86dae2b2648,1,0,2.6810514100361615e-05
RU-A1235,img_e541919750f8f0bb,1,0,1.6323425370501354e-05
RU-A1235,img_7e5ed24165794b48,1,0,1.8399532564217225e-05
RU-A1236,img_cc2d188476c57231,3,0,7.243658910738304e-05
RU-A1236,img_bc39e336ae99b7c2,3,0,3.784923319472e-05
RU-A1237,img_c1307c46aeed49e6,2,0,0.000935947347898
RU-A1237,img_0e945bc042bb913b,2,0,0.000151234169607
RU-A1237,img_3e017bbfd34b445c,2,0,0.0003814551455434
RU-A1237,img_53f53b2252294e84,2,0,0.0016868972452357
RU-A1237,img_4e1c499c5537d033,2,0,0.0012315270723775
RU-A1238,img_7be6f6758f6c4b6d,1,0,1.3233949175628368e-05
RU-A1238,img_a36c9d9a3209fd1a,1,0,2.7904348826268688e-05
RU-A1238,img_891b503bbeee8157,1,0,1.436004095012322e-05
RU-A1238,img_e03834fbefdd0c96,1,0,1.4324724361358676e-05
RU-A1238,img_1b16d89d902c69c9,1,0,1.9348419300513345e-05
RU-A1238,img_09c83915e5561442,1,0,1.8431337593938224e-05
RU-A1238,img_c2fc160a3a160ab3,1,0,1.928556230268441e-05
RU-A1238,img_ae17a68200f20bd7,1,0,3.0129514925647527e-05
RU-A1239,img_e3666bf8aa074a8e,3,0,0.0130242956802248
RU-A1239,img_54c6082c9e330aa9,3,0,0.0003694740298669
RU-A1239,img_7c5fa7fde0d158ec,3,0,0.0001206194865517
RU-A1239,img_959fddb3cb5ba6ad,3,0,7.525386899942532e-05
RU-A1239,img_6884c97a9b80867c,3,0,9.600458724889904e-05
RU-A1239,img_073122c18a534a3f,3,0,0.0001289777137571
RU-A1240,img_b2826c84edb1a981,3,1,0.0004016871971543
RU-A1240,img_e2929ffcd26a36bb,3,1,0.0002214465494034
RU-A1240,img_1a1f853295b0a1f7,3,1,0.0014524448197335
RU-A1240,img_df2b23c20d373cb2,3,1,0.0092926593497395
RU-A1240,img_5d4d38e81fc13079,3,1,0.0388576090335845
RU-A1240,img_e4bbe624cbc3bcfa,3,1,0.0001959104702109
RU-A1240,img_fca381572b0f2812,3,1,0.0001707556511973
RU-A1240,img_332150a1c65cc706,3,1,0.2274872809648513
RU-A1240,img_2a566051f674d24c,3,1,0.0011750408448278
RU-A1240,img_e9ca392036a4b523,3,1,0.0025113367009907
RU-A1240,img_ab8c49011a55ede8,3,1,0.0065960199572145
RU-A1240,img_c3a0ac719e920d0e,3,1,0.0025567037519067
RU-A1345,img_7e61082adabd31d8,1,1,0.0001123437250498
RU-A1345,img_d3feff1211a4285c,1,1,0.0001093520550057
RU-A1345,img_cdbc4937d28fa0ee,1,1,0.0076079061254858
RU-A1345,img_22eb5d6e909db778,1,1,0.002437372226268
RU-A1245,img_0b1da719028ee428,2,0,2.962399594252929e-05
RU-A1245,img_c1c7c530d207703b,2,0,2.8176191335660405e-05
RU-A1245,img_19718b6879c6a4b5,2,0,0.0001221163402078
RU-A1245,img_a7bf02af7fb692b9,2,0,3.908146027242765e-05
RU-A1245,img_f2692bb748663132,2,0,0.0002937873359769
RU-A1245,img_be7ccbfa8f413e9f,2,0,0.0002945479645859
RU-A1245,img_ab0e56c36727edfb,2,0,4.2030049371533096e-05
RU-A1245,img_1a07d10d000de6f6,2,0,7.064842793624848e-05
RU-A1245,img_89102dde89e25e9a,2,0,0.0004742847231682
RU-A1245,img_6b92f1c7fec81682,2,0,0.0003573641879484
RU-A1246,img_7a670da64b5e50db,2,0,0.0002791589940898
RU-A1246,img_e7f76e4dd817ca61,2,0,0.0001276790280826
RU-A1246,img_da8f1cba505a5ad1,2,0,5.232915282249451e-05
RU-A1246,img_582323e232fcf005,2,0,0.0001222815772052
RU-A1248,img_beddcaa9017f505b,3,0,0.0001594289788044
RU-A1248,img_bc651650612474fa,3,0,0.0001446363021386
RU-A1248,img_e74ecb9e8e6b164b,3,0,0.0001488336420152
RU-A1248,img_c5e470e6c5e1641a,3,0,6.084395863581449e-05
RU-A1248,img_43482114ff3743bb,3,0,0.0001225360319949
RU-A1347,img_40f993093261617b,0,1,0.0028257549274712
RU-A1347,img_90ed0a0384e864cb,0,1,0.0263957120478153
RU-A1020,img_6ebf0480440eeb8b,3,0,0.0351152531802654
RU-A1020,img_3b28f6fb43310f01,3,0,0.6732904314994812
RU-A1020,img_b896f1618048adaa,3,0,0.4227774441242218
RU-A1020,img_ff34f3ed16e85d10,3,0,0.3978632986545563
RU-A1020,img_e1dfa0df1f51f26f,3,0,0.7168667316436768
RU-A1020,img_38b66d83c3e10e5f,3,0,0.1851887851953506
RU-A1020,img_269af53d528b1f3b,3,0,0.1143212467432022
RU-A1166,img_7db6e6ebb2386254,2,0,4.637513848138042e-05
RU-A1166,img_04d2698a8ec4e773,2,0,3.35986478603445e-05
RU-A1166,img_e48273b2c657ace2,2,0,0.0002190536324633
RU-A1166,img_b5193f801f3b0651,2,0,0.000181502502528
RU-A1166,img_8cd4e57f5a7f3fbf,2,0,0.0004787656944245
RU-A1166,img_8c3b4f88af2c18d0,2,0,0.0004504151293076
RU-A1166,img_52722c7a1339f08b,2,0,0.0001316886337008
RU-A1153,img_88c42d232e084af2,3,0,0.0058367354795336
RU-A1153,img_6b2a1851b06d2968,3,0,0.8201853632926941
RU-A1153,img_b3b08eefab81dc7a,3,0,0.0931535437703132
RU-A1067,img_e4b1cb7a4084f5aa,1,0,0.2075638025999069
RU-A1067,img_af4aba150dcdd3ff,1,0,0.2783268690109253
RU-A1067,img_283d2d5b706f4a10,1,0,0.0078527713194489
RU-A1067,img_4c686295431a83d9,1,0,0.0193879567086696
RU-A1067,img_1787244bdbcfa17f,1,0,2.3906379283289425e-05
RU-A1067,img_d7a788735478282b,1,0,3.678553184727207e-05
RU-A1067,img_8a2299337955ff3f,1,0,0.0001928936108015
RU-A1067,img_1edb5a7636a9c074,1,0,5.720051194657571e-05
RU-A1067,img_9f660a26a61b58e8,1,0,7.057973562041298e-05
RU-A1111,img_1cd53353b8617071,1,0,0.0010767374187707
RU-A1111,img_7dcdf6badb261622,1,0,0.0005598408170044
RU-A1111,img_c1200a40c8ffa7a5,1,0,0.0011548710754141
RU-A1111,img_426db2853397d34f,1,0,0.0001689211931079
RU-A1111,img_258ef9ea500043f1,1,0,0.0001220071644638
RU-A1111,img_b5efa60b2a2e54c1,1,0,0.000212713246583
RU-A1111,img_ff6679dafd6bb8a8,1,0,0.6538004279136658
RU-A1111,img_555a0eed519bc91b,1,0,0.273676186800003
RU-A1111,img_68ce501b08448270,1,0,0.0015497494023293
RU-A1111,img_56763286b16db0a6,1,0,0.0102805644273757
RU-A1111,img_b65531f2691565a9,1,0,0.0003439839929342
RU-A1111,img_e6126205083bed2e,1,0,0.0002203525800723
RU-A1111,img_c430eaac3bcee87b,1,0,3.645304241217673e-05
RU-A1111,img_38493665fbd7fc50,1,0,3.995250881416723e-05
RU-A1149,img_bbf258ea7b72621d,2,0,9.31422837311402e-05
RU-A1149,img_fa033a5cd5376bdd,2,0,0.0008158435230143
RU-A1177,img_20361e9a65e9b7a3,3,0,0.0032735450658947
RU-A1177,img_111685f7f081edfa,3,0,0.002369419671595
RU-A1177,img_fea19a9cfd0b6731,3,0,0.0207939185202121
RU-A1177,img_3add4b70d70febec,3,0,0.0007724810857325
RU-A1179,img_79ba5a1608358e10,2,0,0.0002495206717867
RU-A1179,img_02bcd5eefe3ac2f5,2,0,0.0003423529560677
RU-A1179,img_a2640cbb642bfa27,2,0,6.299069355009124e-05
RU-A1179,img_57140cb499290165,2,0,6.754366040695459e-05
RU-A1181,img_95278a1793767bf5,0,0,7.049713894957677e-05
RU-A1181,img_5746beb86ec3e5f7,0,0,0.0003191959694959
RU-A1181,img_348f5c02ab93acd5,0,0,0.0006823492585681
RU-A1181,img_49b9a19b2d71e267,0,0,0.0046221343800425
RU-A1182,img_72a6b03b03822cdf,4,0,0.9970478415489196
RU-A1182,img_260b6b676862b479,4,0,0.9978504180908204
RU-A1182,img_70033e2e448b5422,4,0,0.0015270035946741
RU-A1182,img_c299d29bd0f9727b,4,0,0.0042763096280395
RU-A1183,img_ea651f8d1fa0b977,2,0,0.00014033872867
RU-A1183,img_f354e7452ed4f731,2,0,8.572986553190276e-05
RU-A1183,img_c0fcbd5c9ef681d8,2,0,0.0001953052415046
RU-A1183,img_d8ee1ebb142b9b41,2,0,0.0003519101010169
RU-A1185,img_932b5fc52ae332d4,1,0,2.9144634027034044e-05
RU-A1185,img_e3ab61ccfc73868f,1,0,3.464214751147665e-05
RU-A1185,img_ca5e4ba2c40087ba,1,0,9.75092189037241e-05
RU-A1185,img_c5e29373480c9838,1,0,0.0001258937700185
RU-A1250,img_bc42d5b6df347267,2,0,4.6826105972286314e-05
RU-A1250,img_1973d0ad146c6caf,2,0,3.10399555019103e-05
RU-A1250,img_d21ae07be7521ee4,2,0,2.9818746043019928e-05
RU-A1250,img_fae9a948208af627,2,0,3.032426320714876e-05
RU-A1250,img_9aa8739a0f7d5ebc,2,0,2.8057460440322757e-05
RU-A1250,img_5e69f1ab96f7bbec,2,0,2.8267022571526468e-05
RU-A1250,img_9c9aac34eec51086,2,0,3.481409657979384e-05
RU-A1250,img_a0fc20927e5f670b,2,0,0.0001094525141525
RU-A1250,img_ce896261265900d1,2,0,0.0001603181735845
RU-A1250,img_3be085020d15861d,2,0,0.0001613872154848
RU-A1250,img_cbfaf1ca6e402023,2,0,0.0002199600567109
RU-A1251,img_3052a7aac94abe19,2,1,0.0001595553476363
RU-A1251,img_b1c1ad411bee2dab,2,1,0.0001270284847123
RU-A1251,img_2dad71961b5ab5f4,2,1,0.0001829927932703
RU-A1251,img_6bbcbca4ebf1dcc3,2,1,6.266972195589915e-05
RU-A1251,img_bc72bd486195709b,2,1,0.0011801414657384
RU-A1251,img_9bb4761e496a7c19,2,1,0.0017082340782508
RU-A1251,img_026b03b707d69374,2,1,0.000145594094647
RU-A1251,img_37d73ec364ecd89c,2,1,7.129421283025295e-05
RU-A1251,img_389663b2e72f8ccd,2,1,0.0029056197963654
RU-A1251,img_e9207379d7cf370f,2,1,0.0004263549344614
RU-A1251,img_b9c8195ff22a5bdb,2,1,0.0001531552697997
RU-A1251,img_23808aa99ad4a010,2,1,0.0002435598144074
RU-A1251,img_0d4e2f8217a6a429,2,1,0.0025898728054016
RU-A1251,img_7e3e648b59b560ff,2,1,0.0066549140028655
RU-A1251,img_448498b4a6226637,2,1,5.175960177439265e-05
RU-A1251,img_5a418c5470c18130,2,1,0.0001182679479825
RU-A1251,img_9b3dda18f52398c3,2,1,0.0062854983843863
RU-A1251,img_a9aa2953c27365bd,2,1,0.000543056114111
RU-A1251,img_bbe2192ae099d420,2,1,0.0007204980356618
RU-A1251,img_62a1e3c01176e5ea,2,1,0.0122601073235273
RU-A1251,img_98d9bd347e7dca9c,2,1,7.523212843807414e-05
RU-A1251,img_fc56cd99f782bd0a,2,1,0.0001078622008208
RU-A1251,img_98af12855b0e7a13,2,1,0.0029938430525362
RU-A1251,img_db3f7d60f735ecbc,2,1,0.0008919731481
RU-A1251,img_5666a5cd5bd0e47c,2,1,0.0122710494324564
RU-A1251,img_6a5849527105d664,2,1,0.0033074892126023
RU-A1252,img_64312d924d92e23b,2,0,0.0001074229803634
RU-A1252,img_ed9223aa6ace71e9,2,0,0.0001803735212888
RU-A1252,img_549dc037d491a696,2,0,4.8709745897213e-05
RU-A1252,img_4e3b338be34c9d38,2,0,1.9897473976016045e-05
RU-A1252,img_1229ea2445e71815,2,0,1.3766609299636912e-05
RU-A1252,img_3f861a7833361ca2,2,0,2.2527754481416196e-05
RU-A1252,img_a63f7b50351280f1,2,0,4.9674341425998136e-05
RU-A1252,img_63a26b05ae24e71e,2,0,2.369237699895166e-05
RU-A1252,img_20bf0be79d47c78b,2,0,2.0733616111101583e-05
RU-A1252,img_b11e68f0000cf42d,2,0,2.3296439394471236e-05
RU-A1252,img_ab24060abf7e2b5a,2,0,6.878214480821043e-05
RU-A1252,img_f3fe90b8d540e894,2,0,0.0001337371650151
RU-A1252,img_d0f362f52a0f8893,2,0,7.267822365975007e-05
RU-A1252,img_d53477674959abf2,2,0,0.0001068925412255
RU-A1252,img_40eca33277dbef3a,2,0,2.7234033041168004e-05
RU-A1252,img_a8dfa2b3f56a932b,2,0,4.257440377841704e-05
RU-A1252,img_8e205f4c444de7a7,2,0,0.0002217385626863
RU-A1252,img_101a46fad5805961,2,0,0.0005959139671176
RU-A1252,img_84c0e68ffc4e74f7,2,0,9.51660258579068e-05
RU-A1252,img_6ea321d0ea22adf8,2,0,0.0001090712903533
RU-A1252,img_fadc9151e90eb6be,2,0,3.1835745176067576e-05
RU-A1252,img_2ea72473b736af7f,2,0,2.246928670501802e-05
RU-A1252,img_f1c1d69ac3d58479,2,0,2.0108682292629965e-05
RU-A1252,img_49bb7dff4e6f9a40,2,0,3.98777483496815e-05
RU-A1252,img_657d8f17dcf690e5,2,0,0.0001995471538975
RU-A1252,img_0f8593592fbe074b,2,0,4.35928741353564e-05
RU-A1252,img_e40f5ee990f881e9,2,0,0.0001191771152662
RU-A1252,img_cbefeef31ea64e78,2,0,5.410366429714486e-05
RU-A1252,img_0745a2dbb2e98fd9,2,0,4.492777225095779e-05
RU-A1252,img_c0cf11b324e4ffe3,2,0,2.203121221100446e-05
RU-A1252,img_9db3aaf1d03fe174,2,0,9.008310735225676e-05
RU-A1252,img_5448d64c6289d498,2,0,6.976430449867621e-05
RU-A1252,img_2b24113199a30b16,2,0,9.52773552853614e-05
RU-A1252,img_dd4c063159a69006,2,0,3.2245392503682524e-05
RU-A1252,img_e720fe8c0fd5bb6d,2,0,0.0001097429340006
RU-A1252,img_da34bd5c422736bf,2,0,9.184049122268334e-05
RU-A1252,img_af56dcaa762d52a3,2,0,0.0015894171083346
RU-A1252,img_04eb48325d3eeadf,2,0,0.0002912453201133
RU-A1252,img_47dca7d163b82cea,2,0,0.000428700557677
RU-A1252,img_4d855547d6d490f2,2,0,0.0002835830382537
