pid,image_id,fold,y_true,proba
RU-A1156,img_2919fb9629af8eb6,4,1,0.0003290381573606
RU-A1156,img_d113fcf2b340674b,4,1,0.000482374249259
RU-A1048,img_615157a6f6318fc0,0,1,0.7259758114814758
RU-A1048,img_1af1a8ac1245dd39,0,1,0.3995951116085052
RU-A1048,img_0434b8184663ea6a,0,1,0.0054217670112848
RU-A1048,img_1347dbe04673e854,0,1,0.0051124193705618
RU-A1048,img_5e7df910a2c0ac34,0,1,0.9737682342529296
RU-A1048,img_01a97ea00547c5bf,0,1,0.9010164141654968
RU-A1048,img_cdd19bc4e12d3f46,0,1,0.1791120022535324
RU-A1048,img_a2d37942a0dbbc96,0,1,0.5826259851455688
RU-A1048,img_5410faa7cb69fefd,0,1,0.4642695784568786
RU-A1048,img_02224c7fbd4dd58a,0,1,0.0303792804479599
RU-A1048,img_76da8f0577c13e22,0,1,0.7640538811683655
RU-A1048,img_77a1e9fda7d6f6ed,0,1,0.981021761894226
RU-A1048,img_393086b1d76cf2e3,0,1,0.0321051031351089
RU-A1048,img_2daa10ddecff8b06,0,1,0.2372345179319381
RU-A1048,img_583fd0ffd3a7fae2,0,1,0.0025645615532994
RU-A1048,img_7efb7f864b447cc7,0,1,0.0019584272522479
RU-A1048,img_5cc8a8b1f0819e10,0,1,0.0024495786055922
RU-A1048,img_0ada6a07b5b250db,0,1,0.0061355610378086
RU-A1048,img_2dc9bdc31e605b73,0,1,0.0020402250811457
RU-A1048,img_19c1e67cae61b925,0,1,0.0166203696280717
RU-A1048,img_f905a8654c65f429,0,1,0.3208055198192596
RU-A1048,img_da5f0762a08801b8,0,1,0.761587381362915
RU-A1048,img_9e431fa94056e03b,0,1,0.8699837923049927
RU-A1048,img_552958db4b80a3c8,0,1,0.8945332169532776
RU-A1080,img_53d27e21f6293a1a,3,0,0.0001810002868296
RU-A1080,img_e4462661e8adeeaa,3,0,0.0148696126416325
RU-A1080,img_b7c02f7e41a921b7,3,0,0.0276679918169975
RU-A1080,img_f6c8588b96713ccc,3,0,0.1157266721129417
RU-A1080,img_e7e6926b0c5d8fe3,3,0,0.0012177500175312
RU-A1080,img_763a8069a29b9b05,3,0,0.0208660028874874
RU-A1080,img_a0004c6821cef0f7,3,0,0.002405745210126
RU-A1080,img_a98e6efe9c8de603,3,0,0.0001929121790453
RU-A1080,img_cb025e3782630dbe,3,0,0.0004113797331228
RU-A1080,img_8f18c4773b2ced5b,3,0,0.2855226695537567
RU-A1080,img_49be88c649c5c5be,3,0,0.5458827018737793
RU-A1089,img_e22a379091047774,1,1,0.0001168620437965
RU-A1089,img_bdfb8c59d943520a,1,1,0.0001527410931885
RU-A1099,img_ced36bdbc001ccc5,2,1,6.639227194682462e-06
RU-A1099,img_934d287b5ca033af,2,1,8.805684046819806e-06
RU-A1099,img_605490138f3b6cce,2,1,0.0002613417454995
RU-A1099,img_5f889a4ac2057fb5,2,1,0.001031452906318
RU-A1099,img_026898dfaf220c28,2,1,0.0001625943114049
RU-A1099,img_09b90c24774e7828,2,1,0.0001408073439961
RU-A1099,img_ca690feda1d750fa,2,1,6.790020415792242e-05
RU-A1099,img_76769bde8f825629,2,1,2.912974014179781e-05
RU-A1107,img_9d423112ae60515f,0,0,0.0064529119990766
RU-A1107,img_70c41eda32a6d457,0,0,0.0098686479032039
RU-A1107,img_698fb297a7c6039d,0,0,0.0937245860695838
RU-A1107,img_5a3419b739374530,0,0,0.2063602954149246
RU-A1016,img_1d66366cc1998061,1,0,0.9830389022827148
RU-A1016,img_d645bb77266d216e,1,0,0.8242353200912476
RU-A1016,img_da759c53188dfdb3,1,0,0.0001176972218672
RU-A1016,img_2855963ede417424,1,0,0.0003606474492698
RU-A1016,img_23ca300f480bc79f,1,0,4.651634299079888e-05
RU-A1016,img_1a7a1dd3d46fc9a1,1,0,0.0001198618338094
RU-A1016,img_70a1cef338771195,1,0,0.0048704668879508
RU-A1016,img_7a817b858d664095,1,0,0.0062964316457509
RU-A1016,img_10fa9ab5f75b2e02,1,0,0.6954959630966187
RU-A1016,img_7ba1a59cd0f4ad6d,1,0,0.3577852845191955
RU-A1016,img_629dc507d72bad23,1,0,0.3111019730567932
RU-A1052,img_30ccafa79b1e5c28,2,0,4.198878741590306e-05
RU-A1052,img_8ce1046e2ebff118,2,0,9.985247743315996e-05
RU-A1052,img_78ad139745c96657,2,0,0.000118746960652
RU-A1052,img_0a077b8d620d3f1f,2,0,0.0008060836116783
RU-A1052,img_574ca5460edab67d,2,0,1.6480704289278947e-05
RU-A1052,img_1e8f662b5872bf74,2,0,4.625358997145668e-05
RU-A1052,img_689f29f80d42312b,2,0,7.111833110684529e-05
RU-A1052,img_89074b12d5e3769f,2,0,0.0003907850477844
RU-A1052,img_6e69a1cffb1797fe,2,0,0.0001833812275435
RU-A1052,img_bb88c76ad332f52c,2,0,0.0032414738088846
RU-A1052,img_6b9803ba9e3f4d39,2,0,0.0014039074303582
RU-A1052,img_345241a2162f61a8,2,0,0.0009083005134016
RU-A1058,img_8ca9b1dfea8f445b,2,0,0.000156062975293
RU-A1058,img_1448eb37b91dfbf2,2,0,0.0002304473600815
RU-A1058,img_d1a2c8e18334ad60,2,0,5.054151188232936e-05
RU-A1058,img_1285bc76185e755d,2,0,0.0001300891017308
RU-A1058,img_ac7b7097852242e3,2,0,0.0024659868795424
RU-A1058,img_87af2e58ec90a397,2,0,0.0001680499699432
RU-A1058,img_53f9e1bf5a2928fd,2,0,0.0431418046355247
RU-A1058,img_0c6632a19da1d320,2,0,0.5828417539596558
RU-A1058,img_1397bd6a0fcbb42b,2,0,0.0001376816653646
RU-A1058,img_8ab00ebe9c4df78f,2,0,0.0001497418415965
RU-A1058,img_ffed7cab95661d93,2,0,3.0780087399762124e-05
RU-A1058,img_9b6fdf227782fd34,2,0,3.6047167668584734e-05
RU-A1058,img_bd58a96c7a49a8fa,2,0,8.323861402459443e-05
RU-A1058,img_f01449513fc32162,2,0,9.5472794782836e-05
RU-A1058,img_7722642afa3d1969,2,0,0.0003749874886125
RU-A1058,img_588134547734a2ad,2,0,0.0021677524782717
RU-A1058,img_fc9442cf9ee7d0a7,2,0,0.0002168316277675
RU-A1058,img_bacc99d5d573c2f7,2,0,0.0001064388052327
RU-A1058,img_a813e15ee1fb49a5,2,0,2.2747759430785663e-05
RU-A1058,img_6b4c91c46e2ee9e7,2,0,1.4159863894747104e-05
RU-A1058,img_6e04fb5a35747565,2,0,0.0235642902553081
RU-A1058,img_6cb909bef7a2df08,2,0,0.0223302859812974
RU-A1058,img_01172d93cf2bd66a,2,0,0.0020145643502473
RU-A1058,img_0d38dc280a0ed213,2,0,0.0125786215066909
RU-A1074,img_a0861ea9e7660989,2,0,2.01684124476742e-05
RU-A1074,img_e145a6fa6dd942f6,2,0,2.2337551854434423e-05
RU-A1074,img_31f3a4018f5dd8d0,2,0,0.000328286725562
RU-A1074,img_c944a6f2be7b4fe9,2,0,0.0007156584761105
RU-A1074,img_36173f5c1e011c0d,2,0,0.0010356223210692
RU-A1074,img_1a8ed1c40c6e7e5f,2,0,0.0076505350880324
RU-A1098,img_3ae15fde7f9afade,3,0,0.0089173149317502
RU-A1098,img_905e1b987819fed4,3,0,0.0002981223806273
RU-A1098,img_37c256109ac3a823,3,0,5.34998434886802e-05
RU-A1098,img_e00095b434bed28d,3,0,0.0003114819992333
RU-A1098,img_4fdbe66edfebdc04,3,0,0.0001375795545754
RU-A1098,img_dc432a1c6eaf385c,3,0,5.716473970096558e-05
RU-A1098,img_31a7b21a748aed23,3,0,0.0002396859345026
RU-A1098,img_1cccaf4a04648eb1,3,0,0.0001466780522605
RU-A1050,img_d2ef31434a0fff6e,3,1,0.0012195829767733
RU-A1050,img_ee0066527d1c4cd6,3,1,0.0024670285638421
RU-A1068,img_0dc274e4a92e9052,2,0,0.0049732760526239
RU-A1068,img_c865d5a832893e9b,2,0,0.0003705092822201
RU-A1068,img_164e07147199a243,2,0,6.765523721696809e-05
RU-A1068,img_fac566c3c6c081fd,2,0,0.0009976032888516
RU-A1068,img_fadbd2819e4b7f0b,2,0,4.2806535930139944e-05
RU-A1068,img_6195cb9ef196e838,2,0,0.0013981873635202
RU-A1068,img_df1bb1f949077480,2,0,6.238868809305131e-05
RU-A1068,img_ccdb8b939171d9df,2,0,0.0002842324320226
RU-A1068,img_1480e4fb992468df,2,0,6.64807012071833e-05
RU-A1068,img_93521b4fc9a39744,2,0,3.505589484120719e-05
RU-A1068,img_0ef6c053a1efa9cb,2,0,0.0001182910636998
RU-A1068,img_25d8ce440d731440,2,0,5.557608892559074e-05
RU-A1068,img_a1eb985fcd771a63,2,0,0.2563625276088714
RU-A1068,img_6919fc42f2cb0292,2,0,0.2398207038640976
RU-A1069,img_29fea1742bde81f1,3,0,0.0023896598722785
RU-A1069,img_d3537ec084088385,3,0,0.0017271460965275
RU-A1069,img_5f90bb3a75a84565,3,0,6.974236021051183e-05
RU-A1069,img_89432fed4f986adb,3,0,0.0002217744768131
RU-A1069,img_7a36ca777906472c,3,0,0.0499435402452945
RU-A1069,img_dbe15317497aec02,3,0,0.0118627455085515
RU-A1069,img_00881378b5922b46,3,0,0.0006715561030432
RU-A1069,img_11333961ba50a402,3,0,0.0003023873141501
RU-A1069,img_2730485b8df5a181,3,0,0.2540560960769653
RU-A1069,img_144d587daae63140,3,0,0.0389559380710125
RU-A1069,img_9e907ab2c0c5f60f,3,0,0.4494146406650543
RU-A1069,img_c2312dc45a9ee6c9,3,0,0.1619500666856765
RU-A1069,img_66f1fc5d75ccad3c,3,0,0.0091162975877523
RU-A1069,img_f40cefc5aabb8685,3,0,0.0066865067929029
RU-A1069,img_3539ec17c0f6dc19,3,0,0.0016750688664615
RU-A1069,img_2f445d43cb6a4c34,3,0,0.0021944246254861
RU-A1069,img_096a19e1485e3e1d,3,0,0.0018054824322462
RU-A1069,img_38e65d5e417cbbd8,3,0,0.0015456583350896
RU-A1069,img_b7487da3d4cbfd51,3,0,0.0186147131025791
RU-A1069,img_de7f3391803d823e,3,0,0.0133763626217842
RU-A1069,img_ec74d794cb0c8612,3,0,0.0173457842320203
RU-A1069,img_fd9e9ef128d318ca,3,0,0.0002866787835955
RU-A1069,img_1958472f7c720185,3,0,9.287328430218622e-05
RU-A1069,img_1c977fc3cb36e35c,3,0,0.0001026929458021
RU-A1069,img_dc6e72e5addf23c9,3,0,0.0001965676201507
RU-A1069,img_1c331cded5089a43,3,0,0.0002132302470272
RU-A1069,img_902a4cff1b93d849,3,0,0.0040593310259282
RU-A1069,img_be34d14764caec98,3,0,0.0016885227523744
RU-A1069,img_14783106ce96dfba,3,0,0.2546793818473816
RU-A1069,img_f7009805dff8f9cf,3,0,0.0616963654756546
RU-A1069,img_cbe30f9cebd532ad,3,0,0.853339433670044
RU-A1069,img_807f692be3a97d7b,3,0,0.9378092288970948
RU-A1071,img_f1bf7e185918828e,0,1,0.4966559410095215
RU-A1071,img_6764b3bb82303282,0,1,0.6320617198944092
RU-A1071,img_255ba469849c7fbe,0,1,0.8035516142845154
RU-A1071,img_fb8cdf71da917259,0,1,0.1983020901679992
RU-A1071,img_5d53ba894d46933e,0,1,0.2793935239315033
RU-A1071,img_18981532a2de742f,0,1,0.0169014129787683
RU-A1072,img_e4d19559ce6c7c5b,0,0,0.9909476637840272
RU-A1072,img_745564efb4b1aedf,0,0,0.9919185042381288
RU-A1072,img_b9428b3d585b9fee,0,0,0.0116201043128967
RU-A1072,img_30d0d7cbd2ae936d,0,0,0.068529836833477
RU-A1072,img_09350acbf91fa1d1,0,0,0.925406575202942
RU-A1072,img_e96f4fedd84d477b,0,0,0.2408812642097473
RU-A1072,img_2a6459477585e3f1,0,0,0.0028712386265397
RU-A1072,img_f1dbff2a22171d4e,0,0,0.0004656731325667
RU-A1073,img_8dba78fb4cbfdcb2,4,0,6.718302029184997e-05
RU-A1073,img_510a24476049a246,4,0,5.8403544244356453e-05
RU-A1073,img_05613777d7d60acf,4,0,0.0161097422242164
RU-A1073,img_69a449be8babb7c4,4,0,0.0030747612472623
RU-A1073,img_bf31b7c2b9a2c89a,4,0,9.035944822244346e-05
RU-A1073,img_ccdf9e7d4d800d31,4,0,8.26836476335302e-05
RU-A1073,img_9d374727786014d6,4,0,0.658953070640564
RU-A1073,img_3eeff4e77fc6c6ee,4,0,0.4733579456806183
RU-A1073,img_a658cde89dc61e4f,4,0,0.7711065411567688
RU-A1073,img_8adf2d3bfaa855df,4,0,0.5001852512359619
RU-A1073,img_43ce6eaffe64af70,4,0,0.601688802242279
RU-A1076,img_bb2fb924b90d812c,1,0,0.8707111477851868
RU-A1076,img_0744d508411907b0,1,0,0.5941569805145264
RU-A1076,img_611f27940adb49c8,1,0,0.0007133052567951
RU-A1076,img_644a8a6165b936ba,1,0,0.0092025799676775
RU-A1076,img_534fc301f6b1e833,1,0,0.963565468788147
RU-A1076,img_fa80805e4426bc0e,1,0,0.9313893914222716
RU-A1076,img_8ca4a7fbe4e032bb,1,0,0.1159454584121704
RU-A1076,img_4835ab32c70833cc,1,0,0.4213201701641083
RU-A1126,img_4ddb1f110e63c31b,2,0,1.590509964444209e-05
RU-A1126,img_35bf6e4514660541,2,0,2.193408909079153e-05
RU-A1126,img_f242ba277c2de047,2,0,1.452969718229724e-05
RU-A1126,img_dae060c5b2c5ecf1,2,0,2.34714025282301e-05
RU-A1126,img_a7f819e1627380f3,2,0,2.023045817622915e-05
RU-A1126,img_46103a5600e7d5d5,2,0,1.769509253790602e-05
RU-A1126,img_d4f2f36284da00ee,2,0,1.5433854059665464e-05
RU-A1126,img_4e09a720d179bb90,2,0,1.5251163858920336e-05
RU-A1126,img_101a1e6361f5d305,2,0,1.4541091331921052e-05
RU-A1126,img_377d04c2fcdda1f4,2,0,2.8353009838610888e-05
RU-A1126,img_4586a68b3d2249a8,2,0,1.109078584704548e-05
RU-A1126,img_53cab7963dfdb145,2,0,1.7600776118342765e-05
RU-A1126,img_39d5cad440ad53bc,2,0,1.0042420399258845e-05
RU-A1126,img_056bdeb69b8eb219,2,0,1.8764949345495552e-05
RU-A1126,img_a26eb1715e61d6d7,2,0,3.1734383810544387e-05
RU-A1126,img_f7128edd69c5262b,2,0,0.0007284025195986
RU-A1126,img_69984608b5a511ee,2,0,6.084947381168604e-05
RU-A1126,img_aeb0d9f5e4463af5,2,0,4.498672569752671e-05
RU-A1126,img_f0814c91261a030c,2,0,4.3977601308142766e-05
RU-A1126,img_7a8b9e8f09a41c3e,2,0,8.722806524019688e-05
RU-A1126,img_9666940deb9aa619,2,0,8.79097860888578e-05
RU-A1126,img_8f58731f05b2d28f,2,0,0.0022552905138581
RU-A1126,img_bb03e6e5f4e38473,2,0,0.0021492189262062
RU-A1127,img_65f135634172bf81,0,0,0.0002841402892954
RU-A1127,img_e11c00a5e4be1445,0,0,0.0005324961384758
RU-A1127,img_bd270699ec7182d8,0,0,0.0002222363546025
RU-A1127,img_e435f67edcf96df7,0,0,0.0037375164683908
RU-A1127,img_a43b0bab4cd1ed22,0,0,5.220912862569094e-05
RU-A1127,img_fc88faf9ee7ce35a,0,0,2.070423579425551e-05
RU-A1127,img_26041efc1df315c9,0,0,0.0004177587397862
RU-A1127,img_7a642b7a90127e64,0,0,0.000305838388158
RU-A1127,img_99531d809548016a,0,0,0.0003326607111375
RU-A1127,img_af09bc5d6bba7a42,0,0,0.0002310473209945
RU-A1127,img_b6e2d573eaf7b7cd,0,0,0.0015070933150127
RU-A1127,img_f9f954868257ad47,0,0,0.0043163266964256
RU-A1127,img_db6a9fd49d75710d,0,0,0.010871379636228
RU-A1127,img_83a990ec838630eb,0,0,0.0009576258598826
RU-A1127,img_0ca49a5a34306a63,0,0,0.0003217167104594
RU-A1127,img_258742d4f1fa433c,0,0,0.0003962730697821
RU-A1128,img_f4c5b5b86d18cce6,0,0,0.0034459331072866
RU-A1128,img_204eec53a566d1b7,0,0,0.0009104254422709
RU-A1128,img_701ac62ee9a3469d,0,0,0.0003215490432921
RU-A1128,img_789ac8a72d2f1104,0,0,8.820999937597662e-05
RU-A1128,img_eec002ba891bdbc6,0,0,0.000559638661798
RU-A1128,img_8b119e966f9ca72f,0,0,9.870152280200271e-05
RU-A1128,img_c853576ec6962317,0,0,0.000643033417873
RU-A1128,img_e716f023a7d8d739,0,0,0.0007951575680635
RU-A1128,img_538d5666e7520d8e,0,0,0.0088727632537484
RU-A1128,img_7a5261be4e4997f3,0,0,0.0034014692064374
RU-A1128,img_0f7370c1b633d224,0,0,7.429086690535769e-05
RU-A1128,img_ac771a3bced2f6b2,0,0,5.601644079433754e-05
RU-A1129,img_f6039f0947ed5b6b,3,0,9.807320748222992e-05
RU-A1129,img_e3e37d1eb88750cc,3,0,0.0001991502649616
RU-A1129,img_89e7758c27344884,3,0,0.0004966348642483
RU-A1129,img_be95c5b90c88c440,3,0,0.0001148704686784
RU-A1129,img_48e7aa056995efae,3,0,0.0001102338865166
RU-A1129,img_137a5b427d8d4a64,3,0,0.000240374560235
RU-A1129,img_6dd6e89d47bb86fe,3,0,4.664560401579365e-05
RU-A1129,img_e4c96351506b7f65,3,0,6.69502915116027e-05
RU-A1129,img_697570746b7b3079,3,0,6.138168828329071e-05
RU-A1129,img_7bd0ed37218258ca,3,0,5.090623380965553e-05
RU-A1129,img_50278f3d469627de,3,0,9.76039154920727e-05
RU-A1129,img_d9a943c8560821a6,3,0,0.0008176421397365
RU-A1129,img_85c9554d7ea88341,3,0,0.0001359984598821
RU-A1129,img_25bf6bfb7549cdbb,3,0,0.0001243155275005
RU-A1129,img_1655afc496e7bcb4,3,0,0.0001776793651515
RU-A1129,img_b2c49f4a3ff85489,3,0,9.918298019329086e-05
RU-A1129,img_17dbaff41152c136,3,0,0.0001005352387437
RU-A1129,img_d293e37da6fcf502,3,0,0.0001074850661098
RU-A1130,img_48323da9bd082bec,3,0,0.0014238883741199
RU-A1130,img_2e06ce1cead79d54,3,0,0.0017393284942954
RU-A1130,img_12daf29661aac061,3,0,0.0056803128682076
RU-A1130,img_353bf259c477ee37,3,0,0.0635532215237617
RU-A1130,img_f7fb6cc5bc7d9e73,3,0,0.0009906096383929
RU-A1130,img_aa569dc1ef97c1fb,3,0,0.0002588534844107
RU-A1130,img_f0b2453f76d15da4,3,0,0.000568390241824
RU-A1130,img_507260ca6a53b174,3,0,0.0001589691673871
RU-A1130,img_9b3878bfe27b7895,3,0,0.0005806077970191
RU-A1130,img_1f3a2d6655b84224,3,0,0.0005275490111671
RU-A1130,img_06f79d1195bec41d,3,0,0.0027088981587439
RU-A1130,img_79ef52bffc6ec78f,3,0,0.0016095862956717
RU-A1130,img_04ae63b035263d00,3,0,0.0004024349618703
RU-A1130,img_bb74e7be37127015,3,0,0.0009190425043925
RU-A1130,img_949e23c2f2fd1016,3,0,0.0001986831193789
RU-A1130,img_1d4b352986086f6e,3,0,0.000102223973954
RU-A1130,img_67e7de3d28cb8496,3,0,4.991990499547683e-05
RU-A1130,img_3d0e575a22dab7e5,3,0,8.394206815864891e-05
RU-A1130,img_f6bf7c99481933fb,3,0,7.14158741175197e-05
RU-A1130,img_802074d2422790a7,3,0,0.0002109035413013
RU-A1130,img_988057f0440d7c5a,3,0,0.0001073126113624
RU-A1131,img_0b749114d42daca0,3,0,0.0004737495328299
RU-A1131,img_5a88d83db18de295,3,0,0.0006274537881836
RU-A1131,img_c106cde4c966041d,3,0,0.0004631884512491
RU-A1131,img_57defb92f758f758,3,0,0.0004914490855298
RU-A1131,img_c81cafa07f26cb7e,3,0,0.0002698997850529
RU-A1131,img_5c087d1a854b4a31,3,0,3.756243677344173e-05
RU-A1131,img_f79fbf1df0c8321a,3,0,6.321490945992991e-05
RU-A1131,img_dd162b079b094840,3,0,0.0127220246940851
RU-A1131,img_893f0d3825b554d5,3,0,0.0010194886708632
RU-A1131,img_57327063d7b6d713,3,0,0.001580145326443
RU-A1131,img_f49e388ae10e67df,3,0,0.0008320646593347
RU-A1131,img_f3b4d6a85cb88d27,3,0,0.0046847383491694
RU-A1131,img_cdadac931b08d3a6,3,0,0.0006494254921562
RU-A1131,img_31d53487459c03e8,3,0,0.0002881216933019
RU-A1131,img_d1a41c081f78e132,3,0,0.0005041630938649
RU-A1131,img_b465ca99fe1f18a9,3,0,0.0008064378052949
RU-A1131,img_1c7146e0f3eede9b,3,0,0.0009513102704659
RU-A1131,img_58c3d1ce15725046,3,0,0.0042441599071025
RU-A1131,img_0c4dd14694c4841c,3,0,0.0023210709914565
RU-A1131,img_fc9b22f519120fb5,3,0,0.0040750261396169
RU-A1131,img_f07e722dd1aa4c6c,3,0,0.0182479713112115
RU-A1131,img_aceab744e6062350,3,0,0.0401643253862857
RU-A1131,img_b5e57ad9415462a0,3,0,0.3988618552684784
RU-A1131,img_5a09de8c7641ec04,3,0,0.001693979720585
RU-A1131,img_df5a094a4793e8cf,3,0,0.0030056855175644
RU-A1131,img_a93bc4f399fcddb0,3,0,0.0004162231343798
RU-A1131,img_e1ce17f85c54665c,3,0,0.0008486012229695
RU-A1132,img_15cf412b8a36ef71,4,0,2.7685537133947943e-05
RU-A1132,img_0b7a2191dae0145e,4,0,1.4256717804528307e-05
RU-A1132,img_bd3bef2fda7e9294,4,0,0.0007967705605551
RU-A1132,img_c56c490910e5f114,4,0,0.0015383871505036
RU-A1132,img_29fe3d927d718862,4,0,0.0001108762298827
RU-A1132,img_6637779fbed35c03,4,0,6.866417970741168e-05
RU-A1133,img_4dd30ef220739129,2,0,2.9593757062684745e-05
RU-A1133,img_9fdb3004006fb583,2,0,2.211216815339867e-05
RU-A1133,img_0f8a84c5585db9e0,2,0,2.2601067030336708e-05
RU-A1133,img_7e599e22da3e9ad2,2,0,3.2968549930956215e-05
RU-A1133,img_16ad54908803d355,2,0,1.6793303075246513e-05
RU-A1133,img_b8b1d03099d3b68e,2,0,1.906657416839153e-05
RU-A1133,img_1d0da9d20fc15170,2,0,3.887749699060805e-05
RU-A1133,img_5dbafefa1884bcc9,2,0,1.3918102013121825e-05
RU-A1133,img_1e853a199f94bd0c,2,0,1.0115643817698585e-05
RU-A1133,img_dde17dbd58b9b1d3,2,0,3.713712067110464e-05
RU-A1133,img_e2caff634357bc0e,2,0,5.819861689815298e-05
RU-A1133,img_03ef30754e533a31,2,0,2.9499869924620725e-05
RU-A1133,img_a77f45575c65a286,2,0,0.0001495491887908
RU-A1133,img_01396c8e70449092,2,0,0.0017157347174361
RU-A1133,img_0eba25a0a12d1eb2,2,0,7.888329128036276e-05
RU-A1133,img_4798318cde3a1421,2,0,9.762943227542564e-05
RU-A1133,img_203649cdb542ecee,2,0,4.6037872380111367e-05
RU-A1134,img_ed36ea9af7ad3d98,4,0,0.0001984576229006
RU-A1134,img_376ff3f0d8fe329a,4,0,0.0003274275222793
RU-A1134,img_9e4e935346f1d491,4,0,0.0001388948003295
RU-A1134,img_ff0b2d613e853bc2,4,0,0.0001344602642348
RU-A1135,img_56952127417c94b0,1,0,0.0005180050502531
RU-A1135,img_49f60fe3a815bbb9,1,0,0.000111978923087
RU-A1135,img_effb746d58a61371,1,0,3.603256118367426e-05
RU-A1135,img_97a67ce819773434,1,0,4.504072421696037e-05
RU-A1135,img_74533c5080577f94,1,0,8.054009231273085e-05
RU-A1135,img_a95e9e26848f273f,1,0,3.7674111808883026e-05
RU-A1135,img_8e6f25b814f1bd4f,1,0,7.483066292479634e-05
RU-A1135,img_0d8b5d72aa37485c,1,0,2.9886670745327137e-05
RU-A1135,img_e2207ad1fa5aaaf2,1,0,9.140625479631126e-05
RU-A1135,img_5745b0875fce9cd8,1,0,0.0002566286129876
RU-A1135,img_c474af5a94d6c7e7,1,0,0.0001642656134208
RU-A1135,img_8c32590e51086ca3,1,0,0.0001953137980308
RU-A1135,img_c82d8de6b91030fb,1,0,7.983241084730253e-05
RU-A1135,img_c9e464554cddf543,1,0,6.238451896933839e-05
RU-A1135,img_a173b1dde10d4bc3,1,0,0.0002882907283492
RU-A1135,img_017660fbfe2280a5,1,0,9.440533176530153e-05
RU-A1135,img_065ea38bcd0c7c62,1,0,0.0002986509352922
RU-A1135,img_a9479de5e22db8bd,1,0,0.0002803429670166
RU-A1136,img_e5219e7b26eb73b1,0,0,0.0492701679468154
RU-A1136,img_8e6c90ed9efe226e,0,0,0.0093550318852067
RU-A1136,img_db87d54477455f59,0,0,0.0216087028384208
RU-A1136,img_5f0e93cb50037c12,0,0,0.0258814003318548
RU-A1138,img_931d5f624e33e830,4,0,0.0001857527822721
RU-A1138,img_94fdc2acc712d855,4,0,0.0001182667037937
RU-A1138,img_9670dd15697b9414,4,0,0.626655101776123
RU-A1138,img_52e3fb1a3a09f5fb,4,0,0.4074399471282959
RU-A1139,img_a0a0681c0f504288,3,0,0.0829507932066917
RU-A1139,img_80ff552783e0160d,3,0,0.0660740286111831
RU-A1139,img_3fb25d283203ec69,3,0,0.004804621450603
RU-A1139,img_c09c2cf650dadbe0,3,0,0.0033645392395555
RU-A1139,img_4f592f8b7198c69f,3,0,0.6378884315490723
RU-A1139,img_0243ed6625d457b6,3,0,0.6763721108436584
RU-A1139,img_396bfcc16f61b215,3,0,0.0223072953522205
RU-A1139,img_456c20f1e038272d,3,0,0.040912989526987
RU-A1139,img_a5eb0bce84817083,3,0,0.0038599404506385
RU-A1139,img_215eac80c8974f54,3,0,0.0015051125083118
RU-A1139,img_35dc2dfe80bae39d,3,0,0.0026974545326083
RU-A1139,img_b961ac4ec3ae188f,3,0,0.499139666557312
RU-A1139,img_b1f87444687720ea,3,0,0.1525341570377349
RU-A1139,img_dab42944989b11f2,3,0,0.0111962389200925
RU-A1139,img_8d942fb94cd14302,3,0,0.0157664865255355
RU-A1139,img_a8edc153e0a81e64,3,0,0.0046486011706292
RU-A1139,img_a53b36472b667b61,3,0,0.0131979072466492
RU-A1139,img_434603eb41ab48f0,3,0,0.0032144344877451
RU-A1139,img_2f2d73ad430f52d7,3,0,0.3722884058952331
RU-A1139,img_26fb18c28a6e53e6,3,0,0.4059479832649231
RU-A1140,img_26c110293f70dad1,4,0,0.00022395166161
RU-A1140,img_ae5e7eba2b3aa7c8,4,0,0.0008067221497185
RU-A1140,img_00fa53f51edf4895,4,0,7.110775914043188e-05
RU-A1140,img_f3cbda6c7488e42c,4,0,8.878934750100598e-05
RU-A1140,img_194d27375a4fa5c6,4,0,0.002743573160842
RU-A1140,img_a05d92da8b327445,4,0,0.0032707820646464
RU-A1140,img_7413a2de0aa0174b,4,0,0.0042100823484361
RU-A1140,img_34889222a498afd6,4,0,0.0126280691474676
RU-A1141,img_ecdabe6a3e49ccd3,2,0,1.3053205293545034e-05
RU-A1141,img_4fb7b38c4698ebf3,2,0,1.547995998407714e-05
RU-A1141,img_41475682c2aebfc3,2,0,0.0002886975125875
RU-A1141,img_fbf2ba863bd19b3b,2,0,2.638268779264763e-05
RU-A1141,img_db6786c3dcf16060,2,0,5.147528281668201e-05
RU-A1141,img_ed6f3e7f8d72d048,2,0,4.653204450733029e-05
RU-A1141,img_03641367c2f44142,2,0,5.527813846128993e-05
RU-A1141,img_b9237598d9256f2c,2,0,0.000110765271529
RU-A1141,img_e3ded371448f2b8a,2,0,0.0001031538413371
RU-A1141,img_c3f74ba3c8f13502,2,0,0.0005567470216192
RU-A1141,img_c1e472cb347b9bf7,2,0,0.0046132709830999
RU-A1141,img_268532d45961e5a1,2,0,0.0026877345517277
RU-A1142,img_b2ad183e525f10c1,2,0,2.8994045351282693e-05
RU-A1142,img_25c26e43a8315a84,2,0,1.0203715646639466e-05
RU-A1142,img_6ce18d9da5068176,2,0,1.130752298195148e-05
RU-A1142,img_65057f6d6bc448f5,2,0,8.087856258498505e-06
RU-A1142,img_bdc73face27cb757,2,0,9.212832082994282e-06
RU-A1142,img_a73b2795321d87fd,2,0,8.042055014811922e-06
RU-A1142,img_a4dec0f8826348fa,2,0,1.4981965250626672e-05
RU-A1142,img_70f42d3489e475e8,2,0,4.4924385292688385e-05
RU-A1142,img_968b51a1720bbe67,2,0,4.143018668401055e-05
RU-A1144,img_2321d2c7c61443d5,1,0,0.0002593700774013
RU-A1144,img_f9fbf54dd971d875,1,0,0.0003041802847292
RU-A1144,img_38e99becd6fe2fa6,1,0,0.0003535539726726
RU-A1144,img_ab4fa3020e4749e6,1,0,0.0005426442367024
RU-A1145,img_5506c96096e2993c,2,0,0.000241462883423
RU-A1145,img_b2927a9e01e64f71,2,0,6.68528737151064e-05
RU-A1145,img_4a21211935dbf055,2,0,7.568083674414083e-06
RU-A1145,img_ab6ea08957db0f7f,2,0,2.0378336557769217e-05
RU-A1145,img_691cfcc39614dce0,2,0,0.0117872012779116
RU-A1145,img_25dcbd43003f67a8,2,0,0.0025488676037639
RU-A1145,img_0326cf3b6e450cc3,2,0,0.0031168225686997
RU-A1145,img_7b523791a95e3682,2,0,0.0001116601051762
RU-A1145,img_ee6148fa870aea45,2,0,5.9001460613217205e-05
RU-A1145,img_b464a60724b572f1,2,0,0.0838341638445854
RU-A1145,img_85d0c89ba7b1deb2,2,0,4.912332587991841e-05
RU-A1145,img_106c4d1330a25198,2,0,8.969959162641317e-05
RU-A1145,img_728b520aa9b3df5b,2,0,4.3238058424321935e-05
RU-A1145,img_e5f7b03075ac2b2d,2,0,0.0008476907969452
RU-A1145,img_0f524c91d54a0ee1,2,0,0.0007979414076544
RU-A1145,img_8f29a44b434e5073,2,0,6.0915190260857344e-05
RU-A1145,img_6047d9d88baa7ec6,2,0,6.816860695835203e-05
RU-A1146,img_ced7d37a8dae7e24,0,0,5.7186876802006736e-05
RU-A1146,img_15c81a3a70b32e64,0,0,3.9191818359540775e-05
RU-A1146,img_d36a03a1d0789eba,0,0,3.176078462274745e-05
RU-A1146,img_18a50179b924dc8c,0,0,3.016533810296096e-05
RU-A1146,img_0fed6dfc88b8b783,0,0,9.168115502689034e-05
RU-A1146,img_f28324d2ab8439c5,0,0,5.918442911934107e-05
RU-A1146,img_96bbdcf63f1c1f66,0,0,0.0028109706472605
RU-A1146,img_cb16569d14cc9ca2,0,0,0.0006782082491554
RU-A1146,img_547da02fb9eca47e,0,0,0.0001219820405822
RU-A1146,img_4b0b2dc7686d6899,0,0,8.635261474410072e-05
RU-A1147,img_69e14d7b393117b7,0,0,0.0002712693822104
RU-A1147,img_f5aca410d64307db,0,0,0.0003410510835237
RU-A1147,img_fcdd57bb839a53a4,0,0,0.0001368969824397
RU-A1147,img_3903baa4c4f2c7c7,0,0,0.0005684780771844
RU-A1147,img_402a2adeeaf43be0,0,0,0.0001343491458101
RU-A1147,img_12af5491025ef0ea,0,0,0.0003049015067517
RU-A1147,img_9210309a03851a22,0,0,0.0002019185048993
RU-A1147,img_5ae420538bcec54b,0,0,0.0012266336707398
RU-A1147,img_5e70d2b34946b905,0,0,0.0087535055354237
RU-A1147,img_759efcb3c4356499,0,0,0.009139341302216
RU-A1147,img_17b76f0a1611d140,0,0,0.0092149833217263
RU-A1147,img_4624055e69a270ac,0,0,8.563427400076762e-05
RU-A1147,img_ff7accb2b937f7d6,0,0,0.0006661404622718
RU-A1202,img_4c401195a5b2dbc8,1,0,1.7873613614938222e-05
RU-A1202,img_4fbe40f27ae53a8d,1,0,1.850513399404008e-05
RU-A1202,img_5daedf8cf6d54f2b,1,0,2.5544894015183672e-05
RU-A1202,img_2429b0c9ac82f187,1,0,4.2381579987704754e-05
RU-A1202,img_b968590fd31c6c14,1,0,2.3450951630366035e-05
RU-A1202,img_39d666110e045dd9,1,0,2.038039565377403e-05
RU-A1202,img_17102de048dbece6,1,0,0.0001296405825996
RU-A1202,img_4aed10f09f507bdc,1,0,0.000191140192328
RU-A1202,img_96ada6b1a6c5ed2b,1,0,3.865347389364615e-05
RU-A1202,img_ef363ec5702bcaa8,1,0,2.424412923573982e-05
RU-A1202,img_78269f2cf0e2576c,1,0,8.654452540213242e-05
RU-A1202,img_8a39d825db4a5db3,1,0,8.030579920159653e-05
RU-A1202,img_70b5f2968fea226a,1,0,0.0001008526742225
RU-A1202,img_69057031549b9606,1,0,4.979685036232695e-05
RU-A1202,img_87243945ec9d81eb,1,0,0.0001286514743696
RU-A1201,img_86b52b9e9958cb91,2,0,6.384325388353318e-05
RU-A1201,img_ebb5fa79a3a0e738,2,0,7.029600965324789e-05
RU-A1201,img_638a3b81d858d2ac,2,0,0.0001380771282128
RU-A1201,img_0543a375b20dd158,2,0,5.025003338232637e-05
RU-A1201,img_f4e988516512b4d7,2,0,0.0012007274199277
RU-A1201,img_0b650760c9e26b95,2,0,0.0006518301088362
RU-A1203,img_f9649968c9fff551,4,0,4.185334910289384e-05
RU-A1203,img_1e75a1f1fc6e260c,4,0,7.077876944094896e-05
RU-A1203,img_097410aaa009b6dd,4,0,0.0001888851256808
RU-A1203,img_c00a3cbe65ad9b25,4,0,0.0001673200604273
RU-A1203,img_13394217e6d79693,4,0,0.0001174319768324
RU-A1203,img_08903abb37754c7a,4,0,6.772056804038584e-05
RU-A1203,img_1ed1e355291bc918,4,0,3.900465162587352e-05
RU-A1205,img_cb252e7cb6b252b7,3,0,0.0002016074286075
RU-A1205,img_e74c1037c323ddbf,3,0,0.0001813278067857
RU-A1205,img_e76f306966d729c7,3,0,3.688705328386277e-05
RU-A1205,img_eedffc1c166d9a7d,3,0,2.8550535716931336e-05
RU-A1205,img_036397361a161372,3,0,0.0002081083512166
RU-A1205,img_b6a2604d53f26de4,3,0,0.000264517875621
RU-A1206,img_401d451bf4585e41,0,0,0.9877977967262268
RU-A1206,img_881a18cc6320eb00,0,0,0.9665810465812684
RU-A1206,img_4ad5f238a8ee51e3,0,0,0.9428163766860962
RU-A1206,img_8b4b82c0750ab605,0,0,0.982846975326538
RU-A1206,img_324ae7ad040477db,0,0,0.9844090342521667
RU-A1206,img_e90e80bfa5a79964,0,0,0.0107302144169807
RU-A1206,img_003cb469d8a569c5,0,0,0.0022649855818599
RU-A1206,img_1e2961fc027f93b3,0,0,0.0023701365571469
RU-A1207,img_b494786e9af450da,4,0,0.0006736634531989
RU-A1207,img_4d81d7fe9b422e84,4,0,0.000679965596646
RU-A1207,img_902232c7c0a3d4c2,4,0,0.0021164319477975
RU-A1207,img_0a7e6f9256c72f06,4,0,0.0006125746876932
RU-A1207,img_8a8f29a0889233c3,4,0,0.0003436218539718
RU-A1207,img_f7666f176e7f7388,4,0,0.0003001830191351
RU-A1207,img_77689d2ad2c3e35c,4,0,0.0003141919441986
RU-A1207,img_c6d609029afdddea,4,0,0.0003903326287399
RU-A1207,img_841ada8e475bba36,4,0,0.0006314846687018
RU-A1207,img_af41e73a224b54c6,4,0,0.0005220918683335
RU-A1207,img_4f2380c6f4e1dbd8,4,0,0.004587304778397
RU-A1207,img_c5f77a55a52377a3,4,0,0.0659976974129676
RU-A1207,img_a7438582f2d0d331,4,0,0.0470587089657783
RU-A1207,img_dd9f802e25fe4573,4,0,0.0011263061314821
RU-A1207,img_a06482114b8a0a58,4,0,0.0011750834528356
RU-A1208,img_17dd2e5560d73f63,4,0,5.248633533483371e-05
RU-A1208,img_d56111bfa714c12e,4,0,4.711052679340355e-05
RU-A1208,img_a48902cd0e0c7f5b,4,0,4.380925020086579e-05
RU-A1208,img_bab8b1dc4cdfd884,4,0,4.043867011205293e-05
RU-A1208,img_60426c88744ab86a,4,0,4.188848106423393e-05
RU-A1208,img_4b59fab1264f9432,4,0,3.1651263270759955e-05
RU-A1208,img_9880b1f7d904b33b,4,0,2.9961667678435333e-05
RU-A1208,img_cb5b16f1a828f7fe,4,0,4.648117464967072e-05
RU-A1208,img_ec85dbb0087e3358,4,0,3.252901660744101e-05
RU-A1208,img_78a8e0d97a7f8ac9,4,0,4.628743408829905e-05
RU-A1208,img_8b6ef4fe53bd38b5,4,0,0.0002593564568087
RU-A1208,img_8278d9a770b28639,4,0,0.0001055455504683
RU-A1208,img_45de160d4d64ac55,4,0,6.945206405362114e-05
RU-A1208,img_438779e812f8bf6a,4,0,0.0001331355888396
RU-A1208,img_cdb118f39a5b4473,4,0,0.0003876434639096
RU-A1208,img_954bad01cc0ef40b,4,0,0.000587118032854
RU-A1209,img_353fd50f62aca218,2,0,1.3314574971445836e-05
RU-A1209,img_f206a6c21b92305a,2,0,1.8759974409476857e-05
RU-A1209,img_e797af8591a092eb,2,0,2.4031984139583074e-05
RU-A1209,img_609014321771c16c,2,0,2.4170209144358523e-05
RU-A1209,img_cea364c286189852,2,0,1.9378221622901037e-05
RU-A1209,img_c219aea0ff511d86,2,0,1.5084197002579458e-05
RU-A1209,img_dd5c21938494dc52,2,0,1.426793824066408e-05
RU-A1209,img_f64dc240905f9be2,2,0,9.733737897477113e-06
RU-A1209,img_cb6236fc3b677115,2,0,1.3981973097543232e-05
RU-A1209,img_68a555302192c0fb,2,0,3.0313391107483767e-05
RU-A1210,img_61725d0b1b0e0cb2,3,0,7.733621168881655e-05
RU-A1210,img_155bd3fc8325c70f,3,0,7.834847929188982e-05
RU-A1210,img_cf00ee9fe2f5ffeb,3,0,0.0001206468732561
RU-A1210,img_6cd9c4dc9e3109cb,3,0,0.0005833209725096
RU-A1210,img_47075dae946ac15d,3,0,0.0003057514841202
RU-A1210,img_0d38d197dd26f0aa,3,0,0.0002183485921705
RU-A1210,img_672d5348093db90f,3,0,0.0014254100387915
RU-A1210,img_037c13fdc57aedd9,3,0,0.0012958728475496
RU-A1210,img_94ed3aafef16935c,3,0,0.0001565092970849
RU-A1210,img_8e351f771befb897,3,0,0.0001550562592456
RU-A1211,img_0907b22528827814,1,0,4.25627913500648e-05
RU-A1211,img_eebacaf09c83427e,1,0,5.1612274546641856e-05
RU-A1211,img_4537beab7cb1193c,1,0,3.8954021874815226e-05
RU-A1211,img_85441c6c4d0fb8c2,1,0,5.2146835514577106e-05
RU-A1211,img_1eacae29803bf21a,1,0,0.00014373313752
RU-A1211,img_4010ea7515699c33,1,0,0.0001288220955757
RU-A1212,img_37e836309c923c11,0,0,6.212580774445087e-05
RU-A1212,img_582e7b6003f841ef,0,0,9.25193598959595e-05
RU-A1212,img_9fdccda4397371f9,0,0,7.867182284826413e-05
RU-A1212,img_08b78af2be2b0564,0,0,7.520880899392068e-05
RU-A1212,img_b392e12dabd0e65d,0,0,0.1023552268743515
RU-A1212,img_5d1876c815c9ec6d,0,0,0.0013103216188028
RU-A1212,img_e2390075fbdfa4c2,0,0,0.0021136607974767
RU-A1212,img_6ee22e20dbf4cf67,0,0,0.0687093436717987
RU-A1212,img_d252e91988a42408,0,0,0.14024318754673
RU-A1212,img_f4336d900fedae9e,0,0,0.6704932451248169
RU-A1212,img_17b05618a5de66ac,0,0,0.002597231650725
RU-A1212,img_3d0b770bfdad6a39,0,0,0.0014537789393216
RU-A1212,img_f0029347f2f4f900,0,0,0.000878287886735
RU-A1212,img_729f4b312b74b92d,0,0,0.0097520593553781
RU-A1213,img_dbfe70b1bfbd5e40,4,0,4.512301165959798e-05
RU-A1213,img_89b747d14d60745f,4,0,9.224344103131445e-05
RU-A1213,img_1bdcc8a87c984e0a,4,0,0.0235307272523641
RU-A1213,img_895bf7487250ad15,4,0,0.0021624050568789
RU-A1213,img_b3b9484f99521e97,4,0,3.750384348677471e-05
RU-A1213,img_f90fccbd65c09948,4,0,0.0006107747321948
RU-A1213,img_572ff5251336d120,4,0,0.000689712644089
RU-A1213,img_3a9a6ca234198d21,4,0,0.0001102034075302
RU-A1213,img_91a772c91a94b51c,4,0,5.2757764933630824e-05
RU-A1213,img_d95b3eec1467f2a7,4,0,3.2711839594412595e-05
RU-A1213,img_67ad1072713dc361,4,0,7.377437577815726e-05
RU-A1213,img_7b056d25cb09eed9,4,0,4.763137621921487e-05
RU-A1213,img_a372e4f3d7450f90,4,0,4.6014345571165904e-05
RU-A1213,img_c7491e64ea123a3f,4,0,3.780064434977248e-05
RU-A1213,img_055002a97baf65c6,4,0,1.766538480296731e-05
RU-A1213,img_eb3f920ac78c6b41,4,0,8.717185846762732e-05
RU-A1213,img_29ecbd554218393b,4,0,0.0003783537249546
RU-A1213,img_bf3f1776019b50f8,4,0,0.0003667422570288
RU-A1213,img_34d7a86850d1da2b,4,0,0.0001537066855235
RU-A1214,img_82f48037ecfde536,3,0,8.120230631902814e-05
RU-A1214,img_0175ba697801006d,3,0,7.020544580882415e-05
RU-A1214,img_101e864ca47066ed,3,0,0.0001317478017881
RU-A1214,img_a47e743276634fc6,3,0,6.6681022872217e-05
RU-A1214,img_4afffebb4c4f09c5,3,0,9.606813546270132e-05
RU-A1214,img_dfd5d89080f6115a,3,0,5.6736353144515306e-05
RU-A1214,img_f3a2fb94bb548845,3,0,3.2657262636348605e-05
RU-A1214,img_1ec0a35041f8c55d,3,0,2.723021498240996e-05
RU-A1214,img_8a4ec502a0d4f888,3,0,5.223721746006049e-05
RU-A1214,img_3e4e7b16862d6fbd,3,0,5.1269329560454935e-05
RU-A1214,img_697402d7672f79d7,3,0,6.476502312580124e-05
RU-A1214,img_532bb62f4d8e54a4,3,0,6.865219620522112e-05
RU-A1214,img_104e3505d2f90687,3,0,4.590880416799337e-05
RU-A1214,img_6e25eab3586fb211,3,0,3.867411578539759e-05
RU-A1214,img_fdb706a39535a531,3,0,6.610342825297266e-05
RU-A1214,img_9d9a3b84108d849e,3,0,6.959671736694872e-05
RU-A1214,img_9109357d61a20553,3,0,0.0007999817607924
RU-A1214,img_5045633daab523be,3,0,0.0004047584079671
RU-A1215,img_3c3af50601f6355b,4,0,0.0002154223184334
RU-A1215,img_c436f697141deeab,4,0,0.0001109963995986
RU-A1215,img_65f06901ee257285,4,0,8.994756353786215e-05
RU-A1215,img_567929a533ed4918,4,0,0.0004423754289746
RU-A1215,img_e7a1c15fdeacdbcf,4,0,0.0002296524762641
RU-A1215,img_a764adb0e1f302db,4,0,0.0002582249289844
RU-A1215,img_215b156f5f8ec6ac,4,0,0.0001398357999278
RU-A1215,img_c7263a916b585c89,4,0,0.0002015614882111
RU-A1215,img_7dab665bae3adbc5,4,0,0.0001600893447175
RU-A1215,img_aa066bce5dfae31d,4,0,7.12960390956141e-05
RU-A1215,img_e44a1785e73fc759,4,0,5.536402750294656e-05
RU-A1215,img_f560b3a13f719595,4,0,0.0019549634307622
RU-A1215,img_949619fb3f54957a,4,0,0.0011577055556699
RU-A1216,img_85aae14b16814baf,1,0,0.0001071342849172
RU-A1216,img_128ebddc631fe0fd,1,0,3.86966930818744e-05
RU-A1216,img_fb28765f779c2851,1,0,3.106384974671528e-05
RU-A1216,img_a46e8e754cb91c31,1,0,3.5419827327132225e-05
RU-A1216,img_29de4260da3855b7,1,0,0.0123809678480029
RU-A1216,img_89a825217bfa20e8,1,0,0.0007259963895194
RU-A1216,img_34a531c66098ed9d,1,0,3.47145032719709e-05
RU-A1216,img_cd6d076ca651c25e,1,0,5.324677476892248e-05
RU-A1216,img_7bb72be2ec6e13dd,1,0,0.000152677312144
RU-A1216,img_c3123396d113dc30,1,0,0.0002450057072564
RU-A1217,img_b75808893f16eaa2,4,0,4.752022141474299e-05
RU-A1217,img_4193e2d2ee44194a,4,0,3.1408198992721736e-05
RU-A1217,img_7a8100e30ffcbc5a,4,0,4.2926883907057345e-05
RU-A1217,img_7f382726a58f713c,4,0,3.3848209568532184e-05
RU-A1217,img_1753a9b5b94b3036,4,0,2.5960001948988065e-05
RU-A1217,img_ddbe21634b2d1f6a,4,0,1.7200165530084632e-05
RU-A1217,img_b09e1bd129e98a76,4,0,0.0001328577054664
RU-A1217,img_916f518e1fda63bc,4,0,4.3038500734837726e-05
RU-A1217,img_d58493146e90799f,4,0,4.4171829358674586e-05
RU-A1217,img_c4f8d97b32f76345,4,0,4.442906356416643e-05
RU-A1217,img_5be731c064a94a7a,4,0,0.0001858537580119
RU-A1217,img_b605f07c257a0bd7,4,0,0.0002424437843728
RU-A1218,img_703e38a785c38433,0,0,0.0046220901422202
RU-A1218,img_be5e63e89a31df45,0,0,0.203750342130661
RU-A1218,img_5abd89008539f5f5,0,0,0.0069396360777318
RU-A1218,img_5034fb6ac4c953fb,0,0,0.0244160387665033
RU-A1218,img_04b2eb6dbb51c52b,0,0,0.0002138875133823
RU-A1218,img_2ad8b3b308f31cbc,0,0,0.000757903617341
RU-A1218,img_a0a1ba70508d3e19,0,0,0.0002058675745502
RU-A1218,img_62ede3e11a0b1c48,0,0,0.0002404646220384
RU-A1219,img_4f14f1da66b198fe,0,0,0.0001251121720997
RU-A1219,img_3dbcdae8f5b3b161,0,0,0.0005086718592792
RU-A1219,img_10f8ba30a1bcb49a,0,0,0.0006510193343274
RU-A1219,img_7230d5864a187cda,0,0,0.0094969011843204
RU-A1219,img_36f36b4b5276b559,0,0,0.0018217447213828
RU-A1219,img_ce2a8bf52477e0c0,0,0,0.0016867640661075
RU-A1219,img_4637e9dabc842144,0,0,0.6311558485031128
RU-A1219,img_c7622927bf489b22,0,0,0.6868224143981934
RU-A1219,img_64d250cf33bb9a68,0,0,0.2001190483570099
RU-A1219,img_c5904826d462940e,0,0,0.001276078284718
RU-A1220,img_4368837fbcb7ea84,2,0,0.0117153143510222
RU-A1220,img_21ca0d666aaa0c4f,2,0,0.0009583350620232
RU-A1220,img_fa90efdb3f2a3aad,2,0,0.0001653731160331
RU-A1220,img_65fc83f4e483bbf6,2,0,0.0001039483249769
RU-A1220,img_0fae07cda02fea3a,2,0,0.0011519541731104
RU-A1220,img_be2b140f75d6caa0,2,0,0.0005261689657345
RU-A1220,img_099b76ea38acab3e,2,0,2.118963311659172e-05
RU-A1220,img_2f1dec00f1a0a3dd,2,0,0.000172640022356
RU-A1220,img_4abbb21182f3c417,2,0,0.0001709570206003
RU-A1220,img_a0bb44e4f5cd7750,2,0,1.5521336536039598e-05
RU-A1220,img_d4633f9b2697f097,2,0,4.829978570342064e-05
RU-A1241,img_045781793b1ff9df,2,0,0.0066463858820497
RU-A1241,img_850861b01c3c6a2e,2,0,6.346109876176342e-05
RU-A1241,img_89ae72efc991889c,2,0,2.8818942155339755e-05
RU-A1241,img_a9e07b15b56078ac,2,0,1.831017289077863e-05
RU-A1241,img_74672b8acd9757ef,2,0,1.8677428670343943e-05
RU-A1241,img_c81a6169c0ac3b94,2,0,2.9126238587195985e-05
RU-A1241,img_78e533712cc7794f,2,0,4.042236105306074e-05
RU-A1241,img_395fe9475d2fac3a,2,0,0.0001775129203451
RU-A1241,img_ea315baacbeb672d,2,0,0.0424022786319255
RU-A1241,img_b92681cd2f99fd75,2,0,0.008789163082838
RU-A1242,img_5fead66f3dcb2616,1,0,0.0001038454938679
RU-A1242,img_0d6b82fd51ad5e66,1,0,6.065492198104039e-05
RU-A1242,img_0f3251073499f501,1,0,7.736431143712252e-05
RU-A1242,img_298a4b07b78d3d73,1,0,0.0001323673204751
RU-A1242,img_e75d2c7679125fca,1,0,0.0001218655452248
RU-A1242,img_35fe4e00351e04be,1,0,8.962462015915662e-05
RU-A1242,img_79306880cd26e397,1,0,0.0001327174395555
RU-A1242,img_d57e276f1cf19d74,1,0,8.740383054828271e-05
RU-A1242,img_10053acd2829f178,1,0,7.134793850127608e-05
RU-A1242,img_0e2846309978704b,1,0,0.0001059635396813
RU-A1243,img_d707538bf936b39a,1,0,4.846389856538735e-05
RU-A1243,img_2d54536024e49d79,1,0,0.0001312392414547
RU-A1243,img_f717e18aad2b42bb,1,0,0.0003793832438532
RU-A1243,img_c485d31309c463df,1,0,0.0001040319184539
RU-A1243,img_19b0f01e63c079f5,1,0,9.59132594289258e-05
RU-A1243,img_5a18c6bcc2c5a67b,1,0,0.0001021090138237
RU-A1243,img_39d50d99158ed5d0,1,0,6.730993482051417e-05
RU-A1243,img_e7531a9634fea0d4,1,0,8.979433914646506e-05
RU-A1243,img_71c2e2eba682cbe6,1,0,5.2030751248821616e-05
RU-A1243,img_6896921d5f4794d3,1,0,0.0003755178477149
RU-A1243,img_c10e7c2043ca610c,1,0,9.660002251621336e-05
RU-A1243,img_fa2008829bdbfb32,1,0,8.382528176298365e-05
RU-A1244,img_514c946bba777e0f,3,0,9.155045700026676e-05
RU-A1244,img_cd79f7804d4f6da3,3,0,0.000220855086809
RU-A1244,img_b8c5214ed22a3b5f,3,0,0.0009127371013164
RU-A1244,img_9b4c479e80f1c8a1,3,0,0.0007320531876757
RU-A1244,img_e0276b94ea3c68f6,3,0,0.0013612622860819
RU-A1244,img_53f6ef1ae48a7a02,3,0,0.0020138081163167
RU-A1244,img_389dd09d4f18d066,3,0,0.0001644053991185
RU-A1244,img_cfca37188d6a167b,3,0,7.230312621686608e-05
RU-A1244,img_6a0ed9fa8c3abb2f,3,0,0.0001159598978119
RU-A1244,img_4f97e8e11996e1fb,3,0,0.0001267435436602
RU-A1249,img_ae5f0c08e5dc41e8,3,0,8.061654807534069e-05
RU-A1249,img_0ce8d47d8e85d53d,3,0,0.0001271850778721
RU-A1249,img_98a0c29f954e8b7e,3,0,3.9761402149451897e-05
RU-A1249,img_5acff58f31d5dcfe,3,0,2.889043389586732e-05
RU-A1249,img_09d221ba6f95febb,3,0,2.9731234462815337e-05
RU-A1249,img_e269f52617f53200,3,0,2.3365855668089353e-05
RU-A1249,img_bb2ddc86c404dd09,3,0,2.9308990633580834e-05
RU-A1249,img_c699b29b95de37e6,3,0,3.2073374313768e-05
RU-A1249,img_7aedecf9b58c3d08,3,0,5.952591891400516e-05
RU-A1249,img_832d322243392162,3,0,9.466496703680603e-05
RU-A1249,img_d6e27f78ee193563,3,0,3.9309277781285346e-05
RU-A1249,img_e61f116dd51681ff,3,0,3.179272243869491e-05
RU-A1249,img_9546aaf89a0455f5,3,0,3.343420030432753e-05
RU-A1249,img_185155d4df457469,3,0,3.7717469240305945e-05
RU-A1249,img_1cb5f6d53e3a8b33,3,0,5.864542617928237e-05
RU-A1249,img_0ae7cbfee133f83c,3,0,5.839919685968198e-05
RU-A1249,img_642fe0e7d165c178,3,0,3.568328975234181e-05
RU-A1249,img_5835b83d14de1597,3,0,3.923827171092853e-05
RU-A1249,img_2766115f84e48f1e,3,0,0.0008664316264912
RU-A1249,img_90ee8364aadaabf4,3,0,0.0006608935073018
RU-A1261,img_4d532ff4a30f1b1d,4,0,0.0001203869178425
RU-A1261,img_96ef82d877b175d8,4,0,2.253362072224263e-05
RU-A1261,img_4dec0a11cf25c46c,4,0,1.8915889086201787e-05
RU-A1261,img_2ac460087ac4d9a6,4,0,4.627282760338858e-05
RU-A1261,img_c756caac4f3f21ad,4,0,0.0001491433649789
RU-A1261,img_e02397584c77be93,4,0,0.001004041172564
RU-A1261,img_c778bc81bd1af9b3,4,0,0.0001318865688517
RU-A1261,img_ab4bedc9280053c5,4,0,0.0002622973115649
RU-A1261,img_e55076c363183d2d,4,0,0.0003441710141487
RU-A1261,img_33298886c3950740,4,0,0.0003875629627145
RU-A1262,img_87611470e1900181,4,0,2.75650636467617e-05
RU-A1262,img_580b0a4b6ecd33c3,4,0,2.9001901566516608e-05
RU-A1262,img_83158ddb0e5a8241,4,0,3.989981269114651e-05
RU-A1262,img_b13c78326ba9486a,4,0,3.348895916133188e-05
RU-A1262,img_b01d3ae282fb58da,4,0,0.0002443688281346
RU-A1262,img_eefbb63f4ea925d9,4,0,6.0950751503696665e-05
RU-A1262,img_5bc9cb2d7c85da9e,4,0,0.0001187995076179
RU-A1262,img_f8a8e9e8ab9711c2,4,0,0.000105834682472
RU-A1262,img_e2b725f1f16796ab,4,0,8.862068352755159e-05
RU-A1262,img_17e93d9f2120e04a,4,0,3.8367714296327904e-05
RU-A1262,img_b36f5834828ae80c,4,0,0.0024765073321759
RU-A1262,img_6305539ae25abf5c,4,0,0.0003970758407376
RU-A1262,img_2fa1d672b01936f4,4,0,0.01170255523175
RU-A1262,img_fa35e17d957c24e3,4,0,0.0145130883902311
RU-A1262,img_1a7d93c2acd38238,4,0,0.0001230575726367
RU-A1262,img_fcd0e99a98bc1b86,4,0,0.0001792423136066
RU-A1263,img_435bb1b920c2b3c0,3,0,4.2032614146592095e-05
RU-A1263,img_13e36824ed3fcf2c,3,0,8.44793685246259e-05
RU-A1263,img_e4d495b6697ca6fa,3,0,2.754553861450404e-05
RU-A1263,img_71c88b60bb59150f,3,0,2.729305015236605e-05
RU-A1263,img_e4df8feeaf93931f,3,0,4.636779704014771e-05
RU-A1263,img_41e79dad42b7e531,3,0,4.721086224890314e-05
RU-A1263,img_16af28f7a73035be,3,0,3.114697028649971e-05
RU-A1263,img_0bc8b7231762d070,3,0,3.781063060159795e-05
RU-A1263,img_c04c71e187796257,3,0,4.488601553020999e-05
RU-A1263,img_ad7b9a822f641942,3,0,3.550213295966387e-05
RU-A1263,img_5c6646c5c0b2b525,3,0,6.26814944553189e-05
RU-A1263,img_d52396c560754652,3,0,2.9109216484357603e-05
RU-A1263,img_78967ec170a7f20f,3,0,2.640750426508021e-05
RU-A1264,img_d41ecf141f9ed473,4,0,6.246340490179136e-05
RU-A1264,img_56544d9c2f53bb5c,4,0,7.272868970176205e-05
RU-A1264,img_68dece8e8c6a7cb5,4,0,5.0584087148308754e-05
RU-A1264,img_e5784c2141da2d79,4,0,8.533331129001454e-05
RU-A1264,img_96ddf5750e709015,4,0,0.0003369363839738
RU-A1264,img_52debfdeecf508e0,4,0,0.0028323894366621
RU-A1264,img_77cc81c2e14c309d,4,0,0.0008778620394878
RU-A1264,img_bc4d5536c9b5ebd2,4,0,0.0003675655461847
RU-A1264,img_fb2037b8046d8d03,4,0,0.0003117571177426
RU-A1264,img_2f53c4dfe2449443,4,0,0.0001065063188434
RU-A1264,img_7b63913e9c2065ef,4,0,9.96590024442412e-05
RU-A1264,img_f748c0c4cda8f9f0,4,0,0.0038037456106394
RU-A1264,img_afedbe66ee8795f9,4,0,0.0194213818758726
RU-A1264,img_09570056f18a001a,4,0,0.0004888422554358
RU-A1264,img_2079564b2c395391,4,0,0.0016053611179813
RU-A1265,img_10f15d007c102249,0,0,0.0014890902675688
RU-A1265,img_5d1912d36452ad5b,0,0,0.0004644449218176
RU-A1265,img_43cb32be54330ffa,0,0,0.0056401402689516
RU-A1265,img_7da36c28b8c49106,0,0,4.272554360795766e-05
RU-A1265,img_712828c6f477cdaa,0,0,3.891611049766652e-05
RU-A1265,img_f11494e41a6f2a1a,0,0,0.0002096098905894
RU-A1265,img_05f2559b11f26c43,0,0,0.0004492561274673
RU-A1265,img_554666e285f7bcab,0,0,0.0003762612468563
RU-A1265,img_f797c8bee425afe5,0,0,0.0003289963933639
RU-A1265,img_9f39165321d89620,0,0,0.00218320870772
RU-A1265,img_2ec793bdb8390354,0,0,0.0005487609887495
RU-A1266,img_3b199f5479f5e708,1,0,0.0001448531111236
RU-A1266,img_f3c0b7ba0ef3e96c,1,0,0.0002005632413784
RU-A1266,img_c21a88b247fc1f3d,1,0,0.0006922859465703
RU-A1266,img_57f7445f0cf6650d,1,0,0.0001166616202681
RU-A1266,img_c052758e10d08ea2,1,0,6.160792690934613e-05
RU-A1266,img_69799231ecd36e9e,1,0,3.625695171649568e-05
RU-A1266,img_574b24d0c55da5c0,1,0,1.7580949133844115e-05
RU-A1266,img_b9ab14e677e3c89f,1,0,1.587485348863993e-05
RU-A1266,img_ac42bb0a66c32570,1,0,0.0013487307587638
RU-A1266,img_bf44ab2193b82226,1,0,5.3836341976420954e-05
RU-A1267,img_c07902678e21aed4,2,0,0.0002876340004149
RU-A1267,img_96d2d704da38617e,2,0,6.745443533873186e-05
RU-A1267,img_386f3d1e924505aa,2,0,5.813182360725477e-05
RU-A1267,img_7e5da01a35961959,2,0,0.0001157625883934
RU-A1267,img_9bf96e69112986c0,2,0,8.10730125522241e-05
RU-A1267,img_c951dc1406810728,2,0,2.934549229394179e-05
RU-A1267,img_3147f3df2fa54267,2,0,2.3414082534145564e-05
RU-A1267,img_6ed5e70f2691a2bf,2,0,3.5442531952867284e-05
RU-A1281,img_5681b621569404b7,3,0,0.0001549445296404
RU-A1281,img_4d5280a2796e5bce,3,0,0.0001195732547785
RU-A1281,img_7c2be3071cf09aa1,3,0,2.8136557375546545e-05
RU-A1281,img_441d70d398400073,3,0,2.823574141075369e-05
RU-A1282,img_126a321f1ae72efb,2,0,0.0001310715306317
RU-A1282,img_60947e291a8b9bea,2,0,0.0019731842912733
RU-A1282,img_19fceb70db2d795b,2,0,0.0001576554204802
RU-A1282,img_1e157f7f42fc7104,2,0,9.642681834520772e-05
RU-A1282,img_e33f58c7b5560dd1,2,0,2.0131054043304175e-05
RU-A1282,img_0ae1126300fbef17,2,0,1.3402234799286816e-05
RU-A1283,img_90931af35314ff57,4,0,0.0010376725113019
RU-A1283,img_1b1046ec19054957,4,0,0.0002392044552834
RU-A1283,img_f1d586723e634ff2,4,0,2.9132794225006364e-05
RU-A1283,img_4c70a13a011f3fed,4,0,3.321703843539581e-05
RU-A1283,img_1cb01ac428a049a0,4,0,6.227848643902689e-05
RU-A1283,img_e411ad72db1e8a5e,4,0,5.2938794397050515e-05
RU-A1283,img_038276bc6d2092c1,4,0,0.0005272694979794
RU-A1283,img_e0046de3c4126082,4,0,0.0003669279394671
RU-A1284,img_6d7e86413ed22da8,1,0,0.0006530053215101
RU-A1284,img_d4c14ba96b63b6a7,1,0,0.0002752082655206
RU-A1284,img_de54de68ae83291b,1,0,0.0004603597917594
RU-A1284,img_295fe1dbcba92133,1,0,0.0007431671256199
RU-A1284,img_48cbf31138f223f7,1,0,5.182607492315583e-05
RU-A1284,img_296ce221b4ba9796,1,0,2.906167173932772e-05
RU-A1254,img_6db0451b2a52b97b,3,0,8.223010809160769e-05
RU-A1254,img_0029c917365e1fc2,3,0,6.309529999271035e-05
RU-A1254,img_786d30eaded81206,3,0,0.0108980145305395
RU-A1254,img_b0df02bfeab88770,3,0,0.0110698733478784
RU-A1254,img_f5d2f09f5742ac00,3,0,0.0002989001804962
RU-A1254,img_daa0c0d92c2bc038,3,0,0.0002037961967289
RU-A1254,img_f07d484a84acbf9f,3,0,0.0001461001811549
RU-A1254,img_841af76668982227,3,0,0.0001814069983083
RU-A1254,img_31777401523307d2,3,0,0.0001638032699702
RU-A1255,img_7adff320b0f7ce16,1,0,0.0002196331333834
RU-A1255,img_7d8e19e08b079aa4,1,0,0.0001141704779001
RU-A1255,img_fa8c2bc92c8094a7,1,0,0.0003159970219712
RU-A1255,img_3a736480ba50d7a9,1,0,0.0002349318965571
RU-A1255,img_bf3a707d3399e367,1,0,0.0002098462427966
RU-A1255,img_41793197ca0c0dbc,1,0,9.273637260776012e-05
RU-A1255,img_3b08414ccac54a6d,1,0,0.0001309679500991
RU-A1255,img_fbeee2a1f129308b,1,0,0.0002044963621301
RU-A1255,img_b7b89aa8804fbde0,1,0,4.924626409774646e-05
RU-A1255,img_422923663fdc9ba0,1,0,6.268292781896889e-05
RU-A1255,img_b80679293c2b4a95,1,0,7.673280197195709e-05
RU-A1255,img_cfc991d3f5b27c44,1,0,9.408612095285208e-05
RU-A1255,img_9331c4ea8c2f020a,1,0,0.0024254906456917
RU-A1255,img_7cf89598384c241c,1,0,0.0053896973840892
RU-A1255,img_ea55bab1c168f1d1,1,0,0.0001028644619509
RU-A1255,img_7a2ea4b0d78b7c04,1,0,0.0002074911899399
RU-A1255,img_9e770a55aa40fa56,1,0,6.700029916828498e-05
RU-A1255,img_94490129aba162b6,1,0,0.0002992434892803
RU-A1304,img_89b5d7ebd63ad99d,0,0,0.519661009311676
RU-A1307,img_c9e2ff1e6ddc255a,4,0,0.0003542998456396
RU-A1310,img_fafa1fc6e321f0b6,4,0,2.056744233414065e-05
RU-A1310,img_fdc30b40f09ead96,4,0,2.099794801324606e-05
RU-A1311,img_08ed0b3a342f522e,2,0,0.000413701403886
RU-A1311,img_06645a73674c2248,2,0,5.095266533317045e-05
RU-A1311,img_8cc4828d0705a470,2,0,0.0071370527148246
RU-A1257,img_bd693bd3cc9443db,0,0,0.4727886021137237
RU-A1257,img_a2faf2485e4df2fe,0,0,0.9704524278640748
RU-A1257,img_722bb9beea1351af,0,0,0.020527184009552
RU-A1257,img_6cdb547b4ae1b3e0,0,0,0.0363280661404132
RU-A1257,img_2c1847999f9b6bee,0,0,0.041218377649784
RU-A1258,img_1bce2d1bb80d1b15,0,0,0.0105641400441527
RU-A1258,img_a98c7c182dddd7a9,0,0,0.0007178811938501
RU-A1258,img_bc9bebcaabc4b4e6,0,0,0.0173610318452119
RU-A1258,img_3f96a5cf5d582b40,0,0,0.0001257776166312
RU-A1258,img_68ba5dcc591d5496,0,0,0.0001237258838955
RU-A1259,img_c29a6904d92cb9a5,3,0,5.790885552414693e-05
RU-A1259,img_aceb4ef362e1e91e,3,0,5.4338877816917375e-05
RU-A1259,img_32af93b61b70edae,3,0,5.503901775227859e-05
RU-A1260,img_176bf43c2512ed7c,0,0,0.0170307029038667
RU-A1260,img_e127946ef82622dc,0,0,0.0038728513754904
RU-A1308,img_707ca0f7e1460fe8,3,1,0.0924809426069259
RU-A1308,img_c97f1a53557be386,3,1,0.4855937063694
RU-A1308,img_5a69b6734a3cf0e4,3,1,0.0267797037959098
RU-A1308,img_dfe56c7986621eba,3,1,0.0483668148517608
RU-A1029,img_a59270bf978b4f28,4,0,0.0001928864367073
RU-A1029,img_cbaaeffb0a2fa9c7,4,0,0.0001652477949392
RU-A1029,img_45de95c58e53f6f5,4,0,4.136331335757859e-05
RU-A1029,img_10b0ff6b9e59c24a,4,0,0.0001993132609641
RU-A1029,img_8ea37478a27704d5,4,0,0.0001394822320435
RU-A1029,img_cf5331c430e351ff,4,0,0.0001531637535663
RU-A1029,img_a0f722bcc9b5d181,4,0,0.0051918299868702
RU-A1029,img_2aa980575247473f,4,0,0.0023952911142259
RU-A1029,img_1d2b77e3c5c741e4,4,0,0.0275007430464029
RU-A1029,img_7c8e644ddb74c6af,4,0,0.0511013641953468
RU-A1035,img_07662a200c884763,4,0,0.0028985850512981
RU-A1035,img_a5d7e95b2220ae15,4,0,0.0002091112255584
RU-A1035,img_9c87a786a6c51385,4,0,0.0228795707225799
RU-A1035,img_e3518cf42e7f0377,4,0,0.1456087529659271
RU-A1035,img_0ca8739ce1681737,4,0,0.0001810593239497
RU-A1035,img_73b4a5124acd24f7,4,0,0.0038710746448487
RU-A1035,img_81426fbd071686d1,4,0,0.002095446921885
RU-A1035,img_dfb1298d64e2f6c3,4,0,0.0030106909107416
RU-A1035,img_6882e27a3cc0492d,4,0,0.0038571765180677
RU-A1062,img_56c8933d14c2ea88,2,1,0.0001662979921093
RU-A1062,img_b92abb75c6f29c84,2,1,0.0003754070494323
RU-A1062,img_8b77de6538d7c268,2,1,0.0216311179101467
RU-A1062,img_f89bd7b5f65a748b,2,1,0.0008340892964042
RU-A1062,img_86b8cddbc2f05869,2,1,0.0004166284634266
RU-A1062,img_98737b16c9d5ae41,2,1,0.037660825997591
RU-A1062,img_ce72f599bbe253a2,2,1,0.0082234786823391
RU-A1049,img_5702d003d4551f52,1,0,0.0002784930984489
RU-A1049,img_24b95ce87133ca94,1,0,0.0004489260027185
RU-A1049,img_5bbb94cda3ca2b60,1,0,4.651887138606981e-05
RU-A1049,img_4410d7d69d258e02,1,0,4.703160811914131e-05
RU-A1049,img_86c4da80b53ebc7f,1,0,0.0002861542452592
RU-A1049,img_81ab961e34428f1b,1,0,0.0003668181307148
RU-A1049,img_2c0b605a10609045,1,0,0.0062202359549701
RU-A1049,img_5bc663c3ba394ed5,1,0,0.0005997924599796
RU-A1070,img_99219f40d4982bdc,4,0,8.006066491361707e-05
RU-A1070,img_8ed52e1fbbe8fbad,4,0,0.0001239019038621
RU-A1070,img_cfe0392c18f20b4c,4,0,7.198261300800368e-05
RU-A1070,img_4de0b9a8fb2341af,4,0,0.000174706990947
RU-A1070,img_cc8d82d435fcb38f,4,0,9.5347422757186e-05
RU-A1070,img_41cf13ddbab33b30,4,0,0.0003663311654236
RU-A1070,img_a98e0b9201591757,4,0,0.000565972761251
RU-A1070,img_7a4202d66734711a,4,0,0.0001156166399596
RU-A1070,img_8e00b4d3b907f9a1,4,0,0.0032670500222593
RU-A1070,img_3910e107371c5c1d,4,0,0.1824252605438232
RU-A1070,img_36d570b715abe2cf,4,0,0.3881517350673675
RU-A1070,img_2b82e2954907adb7,4,0,0.5782124996185303
RU-A1070,img_029b8155d2996a2d,4,0,0.611235499382019
RU-A1014,img_b7fd217f492669be,0,0,0.3527901172637939
RU-A1014,img_243a28a22bcad735,0,0,0.9263795614242554
RU-A1014,img_4205c8a17dc083d0,0,0,0.9274518489837646
RU-A1014,img_08a093b0b6bfacd1,0,0,0.6680686473846436
RU-A1014,img_e0ed042ba9dfe5bc,0,0,0.8199583292007446
RU-A1014,img_ee28412dd20e7433,0,0,0.816974937915802
RU-A1014,img_378230eb1e4644ea,0,0,0.0012928425567224
RU-A1014,img_2972d18fd4a5a639,0,0,0.0160080250352621
RU-A1030,img_e318729967b0d6e4,1,0,4.7457095206482336e-05
RU-A1030,img_fc6f932492bcca37,1,0,6.138074968475848e-05
RU-A1030,img_752c6a597b974eef,1,0,5.024237179895863e-05
RU-A1030,img_a20cb02f1f418dc8,1,0,3.8352089177351445e-05
RU-A1030,img_168adee19bd456d7,1,0,0.1481852233409881
RU-A1030,img_af631739e2896920,1,0,0.0235524382442235
RU-A1176,img_6feb2fbcb8104e80,4,0,0.0214224215596914
RU-A1176,img_6ca1fce1c76a3194,4,0,0.031028700992465
RU-A1176,img_73c8102a513b3074,4,0,0.2097519487142563
RU-A1176,img_9b8145e65c59b2f1,4,0,0.0946694612503051
RU-A1176,img_519bcd4d0ffd8b3d,4,0,9.295293421018867e-05
RU-A1176,img_e8cfd5871f08c6c1,4,0,5.983323717373423e-05
RU-A1176,img_add9a7b87125e384,4,0,0.4194356799125671
RU-A1176,img_7b4674150ac80688,4,0,0.1134944409132003
RU-A1176,img_f1a60a1610a2f766,4,0,0.001033273874782
RU-A1176,img_526ea7765367a007,4,0,0.0033498788252472
RU-A1176,img_c7f30ee45bf9c21f,4,0,0.0164685118943452
RU-A1176,img_03589d634b519e82,4,0,0.0242545641958713
RU-A1176,img_021540ca1a125521,4,0,0.1047866567969322
RU-A1101,img_dcea5796d4290790,4,0,6.601568020414561e-05
RU-A1101,img_e9396331d6b48870,4,0,6.374968506861478e-05
RU-A1101,img_761c3e9062915145,4,0,2.2866777726449072e-05
RU-A1101,img_04937464a87c0687,4,0,2.1669686248060316e-05
RU-A1101,img_e21b7fb579ccece7,4,0,3.4535401937318966e-05
RU-A1101,img_cd21a0df0015f837,4,0,3.0318306016852148e-05
RU-A1101,img_9491b6ea1be38add,4,0,5.944587246631272e-05
RU-A1101,img_7ed12e06505cca3b,4,0,1.3668077372130938e-05
RU-A1103,img_616b7ce83bc021f5,0,0,0.0502920299768447
RU-A1103,img_4155e5631e07914d,0,0,0.113657422363758
RU-A1103,img_e6f009da5b786caa,0,0,0.001160621875897
RU-A1103,img_590b98f04e1293b3,0,0,0.0015364942373707
RU-A1103,img_c356e04f4ee01b06,0,0,0.0239072311669588
RU-A1103,img_1c10ca4559bdbaec,0,0,0.0040656481869518
RU-A1106,img_555aea34eb4c352b,3,1,0.0005359987844713
RU-A1106,img_d48348adfae4ecfb,3,1,0.000927053624764
RU-A1106,img_51dc5a7babb6cd31,3,1,7.735833787592128e-05
RU-A1106,img_f59084c5355f3e52,3,1,5.503376814885996e-05
RU-A1106,img_690ee7c4bed45e4d,3,1,3.088166704401374e-05
RU-A1106,img_431e3fdf60d452e3,3,1,2.969148044940084e-05
RU-A1105,img_f3b256fb0918c217,4,0,8.884169801604003e-05
RU-A1105,img_29dd4b22b824ef5f,4,0,0.0006077146390452
RU-A1105,img_e5113528e35b8fbf,4,0,0.0001180071485578
RU-A1105,img_c70220afb9c96237,4,0,0.0001084414689103
RU-A1105,img_5b9e55ccd91af295,4,0,0.0002135313407052
RU-A1109,img_ef7705c3ec6ee72c,1,0,0.0007281748694367
RU-A1109,img_06dffd3d599422da,1,0,0.0009622408542782
RU-A1110,img_8d699c8bfe2c57aa,3,0,0.0001121408058679
RU-A1110,img_770fde7011cce9e0,3,0,5.735706145060249e-05
RU-A1110,img_aea9f0a7a37f2de9,3,0,0.0001233027142006
RU-A1110,img_4e532e607af516b4,3,0,0.0002354256430407
RU-A1110,img_1ce0cce7e53305a4,3,0,6.775893416488543e-05
RU-A1110,img_43ccc116d14f8976,3,0,6.898328865645453e-05
RU-A1110,img_e1e9da934b47e9c3,3,0,9.01748935575597e-05
RU-A1110,img_66becbf13127631e,3,0,5.059905015514232e-05
RU-A1112,img_5c209eebeea13e34,4,0,7.182188710430637e-05
RU-A1112,img_324640a4cc50e289,4,0,5.935002991463989e-05
RU-A1112,img_5f4a19163e356353,4,0,4.295809048926458e-05
RU-A1112,img_f4b94e2de8fda5c5,4,0,3.833293521893211e-05
RU-A1112,img_d595398a0b43227c,4,0,2.133804991899524e-05
RU-A1112,img_46a908577adb4d80,4,0,3.8207272154977545e-05
RU-A1112,img_32500cab741f7928,4,0,1.92069146578433e-05
RU-A1112,img_a3b79b281c282130,4,0,2.9948356313980184e-05
RU-A1112,img_dbd586ff89d05cc3,4,0,3.3124924812000245e-05
RU-A1112,img_ce31f4346eee12ba,4,0,1.6746651454013772e-05
RU-A1113,img_81545798247861e3,3,0,6.535247666761279e-05
RU-A1113,img_83eebaa0fe2b23a3,3,0,7.76700399001129e-05
RU-A1113,img_7d8692dc4f423426,3,0,5.722397327190265e-05
RU-A1113,img_4497ed4c430ab50d,3,0,5.573892121901736e-05
RU-A1113,img_c8241e8a9c76f030,3,0,0.0001034357410389
RU-A1113,img_93d5fe4493299f43,3,0,7.440770423272625e-05
RU-A1113,img_17c965d21e14d7b5,3,0,6.524046330014244e-05
RU-A1113,img_8251bcf95910a355,3,0,6.50204747216776e-05
RU-A1113,img_06c96ec4750b2798,3,0,6.80067969369702e-05
RU-A1113,img_c37472874370125b,3,0,8.289088873425499e-05
RU-A1114,img_9c1bc864d2861011,2,0,3.676140477182344e-05
RU-A1114,img_b8a057013c6fcb88,2,0,2.8599042707355693e-05
RU-A1114,img_856564eeb3fdfc3a,2,0,1.66695626830915e-05
RU-A1114,img_12b5411be673e7d2,2,0,1.701423025224358e-05
RU-A1114,img_4bde88354d631376,2,0,2.423835212539416e-05
RU-A1114,img_0efb88261ba2eaa7,2,0,1.712511948426254e-05
RU-A1114,img_f42ca7df1c6ee535,2,0,1.2193907423352355e-05
RU-A1114,img_bf2c964191654d10,2,0,1.1469138371467125e-05
RU-A1114,img_4ba35bc2f0005d01,2,0,3.2922052923822775e-05
RU-A1114,img_6c7f17eeaaf5f639,2,0,3.8904425309738144e-05
RU-A1114,img_42454a91ee122063,2,0,0.0006093899719417
RU-A1114,img_a5beed1f0473a7f2,2,0,0.0020985160954296
RU-A1114,img_62a013af6125554b,2,0,4.346021160017699e-05
RU-A1114,img_1c78563367e208dd,2,0,3.369291516719386e-05
RU-A1115,img_86f7ed45c6b619fb,3,0,6.107684021117166e-05
RU-A1115,img_f7d3462ed61f9e21,3,0,3.233195093343966e-05
RU-A1115,img_1558bfe5425d4834,3,0,8.31238430691883e-05
RU-A1115,img_5f64eeec29fdf77a,3,0,0.0002117314288625
RU-A1115,img_c42e0575995e3414,3,0,0.0004684621817432
RU-A1115,img_7b56c833418ba4ce,3,0,5.282940765027888e-05
RU-A1115,img_d972b095642f83e6,3,0,5.053885979577899e-05
RU-A1115,img_d053abaca0be7d75,3,0,0.0001149942036136
RU-A1115,img_db968cd663e58950,3,0,0.0001629449106985
RU-A1116,img_7249710cc56390b8,0,0,0.0002317065082024
RU-A1116,img_489b92cf9da7b899,0,0,0.0004781246534548
RU-A1116,img_983850c8a173d5ea,0,0,0.0026110564358532
RU-A1116,img_278e37e7c00b8062,0,0,0.0009755343780852
RU-A1116,img_7442a4d4d55add5a,0,0,0.302913099527359
RU-A1116,img_90fd74574f03849c,0,0,0.0369235500693321
RU-A1116,img_6652d90345487e1b,0,0,0.0391842238605022
RU-A1116,img_42ca0ca526b1c38d,0,0,0.0125070651993155
RU-A1117,img_380eca76a7f2c0e9,3,0,0.0001268790947506
RU-A1117,img_d249fefe288d992e,3,0,0.0001207626628456
RU-A1117,img_9e9b3786db6f6dd5,3,0,3.9149912481661886e-05
RU-A1117,img_331e26c1f269a60f,3,0,8.789185812929645e-05
RU-A1117,img_18f602e5c83cc6e5,3,0,8.90106093720533e-05
RU-A1117,img_d8ae47d363c75ccf,3,0,5.083817086415365e-05
RU-A1117,img_81f412eac5920807,3,0,0.0007143535767681
RU-A1117,img_8d76f0e895b8925e,3,0,0.000834647915326
RU-A1117,img_b5260b0411b95dd2,3,0,0.0001832222042139
RU-A1117,img_dd3ab5a748aa101a,3,0,0.0002698251919355
RU-A1118,img_531023cb78692c48,4,0,0.0012010380160063
RU-A1118,img_3d70ac44a0065636,4,0,0.0008133192895911
RU-A1119,img_329bcc31f982c6c0,3,0,0.0004456992901396
RU-A1119,img_70b76e4f66451f3a,3,0,0.0004880594206042
RU-A1119,img_f4ae632538cfd282,3,0,0.0010939486091956
RU-A1119,img_bd38cc2ce0ba15c2,3,0,0.0043548513203859
RU-A1119,img_ecbe5678d22cdd68,3,0,0.0004020258202217
RU-A1119,img_e536929b3dc3f8a8,3,0,0.0003749767784029
RU-A1119,img_bace80cbf8ae6c93,3,0,0.0001815596333472
RU-A1119,img_9f530f6df1bb35c9,3,0,0.0001494394527981
RU-A1120,img_13c7a8ba405febaa,1,0,1.6222629710682668e-05
RU-A1120,img_194708e413c65cd7,1,0,0.000193303625565
RU-A1120,img_36e48b9d7c37f7f0,1,0,4.507836638367735e-05
RU-A1120,img_f7d32c336fb59933,1,0,0.0001690676726866
RU-A1120,img_748f6d1f94199f46,1,0,0.0018494297983124
RU-A1120,img_b8841e3e27fb600e,1,0,6.703162216581404e-05
RU-A1120,img_8917b601ec5128b7,1,0,4.486877514864318e-05
RU-A1120,img_cb7b027b3f76c42f,1,0,4.520432776189409e-05
RU-A1120,img_d847a190a0bc9dc7,1,0,2.2555357645615004e-05
RU-A1120,img_b7f318f6e13c0ac6,1,0,2.1610296244034544e-05
RU-A1122,img_2f13a9405f43f1a4,3,0,9.912047971738502e-05
RU-A1122,img_38a71ef66c1639f1,3,0,0.0001690439676167
RU-A1122,img_bbeacbf69189e69b,3,0,3.4914439311251044e-05
RU-A1122,img_d955981b08f0003e,3,0,3.774819560931064e-05
RU-A1122,img_fa00dbf4034971f1,3,0,0.0001164013810921
RU-A1122,img_ebde33d9267c4401,3,0,3.2918851502472535e-05
RU-A1122,img_03c85c49b285d237,3,0,0.0001898525806609
RU-A1123,img_48e78da151411010,2,0,3.427352203289047e-05
RU-A1123,img_96fffe0ba684cc01,2,0,2.6359599360148422e-05
RU-A1123,img_34a231543b13ce9b,2,0,0.0016186265274882
RU-A1123,img_fef819158c99a2e0,2,0,0.0004058378981426
RU-A1123,img_4af9d8b6cc486f29,2,0,0.0046507786028087
RU-A1123,img_378e4df6a1974f35,2,0,0.0014391982695087
RU-A1123,img_c51cf12bc64991a4,2,0,0.0001632357161724
RU-A1123,img_831affe0f424c5d5,2,0,5.365429751691409e-05
RU-A1125,img_cb109a106ad90310,2,0,2.291045711899642e-05
RU-A1125,img_16f7742b8bce48df,2,0,1.6523286831215955e-05
RU-A1125,img_b4a405eacc070080,2,0,3.2400315831182525e-05
RU-A1125,img_934a4e0710c7e02c,2,0,9.478084393776952e-06
RU-A1125,img_6bf03efc4bfc926a,2,0,4.7814330173423514e-05
RU-A1125,img_11edb7fdf3e2b7a4,2,0,8.568132034270093e-05
RU-A1271,img_fa1af5457947898a,1,0,0.0033428524620831
RU-A1271,img_e3059ed210e206a4,1,0,0.0028922418132424
RU-A1271,img_850d3a952f0c2271,1,0,0.0020116732921451
RU-A1271,img_eaa747a00163de84,1,0,0.0006585426162928
RU-A1275,img_e5a6d3417692a3a1,0,1,0.0072457445785403
RU-A1275,img_50101e662954d546,0,1,0.0190132539719343
RU-A1041,img_d82e55e9a58f6968,4,1,0.0221883747726678
RU-A1041,img_bfaa4b66790d4e69,4,1,0.0610355138778686
RU-A1041,img_b1ab3ada92a2bcf5,4,1,0.0089971804991364
RU-A1041,img_58c5d0c382bb7051,4,1,0.0206301789730787
RU-A1041,img_46e1ed339b9d2b58,4,1,0.0312099549919366
RU-A1041,img_9904628cd5247f36,4,1,0.0330044291913509
RU-A1041,img_21db5173dedc6207,4,1,0.8568033576011658
RU-A1041,img_c0a27d8f08881b4c,4,1,0.6905786991119385
RU-A1041,img_4b0a723cd14a349f,4,1,0.00984937697649
RU-A1041,img_b1ff00b29c6daa6f,4,1,0.0034835757687687
RU-A1041,img_74ebd8fe4797e5d3,4,1,0.1131098121404647
RU-A1041,img_09b64a5b590a4f29,4,1,0.0087298266589641
RU-A1041,img_5366a96fa0763832,4,1,0.002950276248157
RU-A1042,img_5eddcd93400acd81,2,1,0.9992697834968568
RU-A1042,img_d232956663679119,2,1,0.9985334873199464
RU-A1042,img_71ab3f0a41fa9045,2,1,0.9056206345558168
RU-A1042,img_b143c3d4151cdb47,2,1,0.8857808709144592
RU-A1042,img_b02fe1bfb76cb082,2,1,0.9978407621383668
RU-A1042,img_1bed3d095e45b90b,2,1,0.986951231956482
RU-A1042,img_c343a8b4ee103e99,2,1,0.9737223982810974
RU-A1042,img_9dbb6c356db47f9b,2,1,0.9058777093887328
RU-A1042,img_f372ae4f2d8c6063,2,1,0.190256580710411
RU-A1042,img_554c7e76918a974f,2,1,0.0042955982498824
RU-A1042,img_988e5519ec119ade,2,1,0.0018268773565068
RU-A1042,img_20a199898f1c86f9,2,1,0.0199799910187721
RU-A1042,img_69cc312224b15bab,2,1,0.0105731710791587
RU-A1042,img_02a6eb7fac9c7686,2,1,0.0135997785255312
RU-A1042,img_e843208d4b2bbad7,2,1,0.0334086865186691
RU-A1042,img_dab4b2a209450d02,2,1,0.1686221659183502
RU-A1042,img_19a4478223f60831,2,1,0.0029399595223367
RU-A1042,img_d560c43135f7c272,2,1,0.0053547830320894
RU-A1042,img_876d70a65ad1c03f,2,1,0.0001246767642442
RU-A1042,img_945912ac1185f172,2,1,0.0024024562444537
RU-A1042,img_8e3200f356650877,2,1,0.0037090987898409
RU-A1042,img_00542949b0d86be0,2,1,0.0433295927941799
RU-A1042,img_a349b3bddd69fde5,2,1,0.0015561861218884
RU-A1042,img_53fc03c2ba2abc29,2,1,0.0006234390893951
RU-A1042,img_8f2bcc3d99ce9861,2,1,1.64502089319285e-05
RU-A1042,img_520a3f1423af5c0a,2,1,1.7929372916114517e-05
RU-A1042,img_ce3cbb727fa80674,2,1,0.0224796924740076
RU-A1042,img_1eb060ffbb3430f0,2,1,0.0054737576283514
RU-A1042,img_b9b1a07923d91e00,2,1,0.0105242365971207
RU-A1042,img_99619772fef9648d,2,1,0.06076455488801
RU-A1268,img_0b6be21b2c8adf60,4,0,0.0022584141697734
RU-A1268,img_999123a256378ff6,4,0,0.0019419812597334
RU-A1268,img_b0e652e80d0fda11,4,0,0.0034606892149895
RU-A1268,img_8ef0681eb1767cba,4,0,0.0015542831970378
RU-A1269,img_53bdca4579facd9f,1,0,4.6644312533317134e-05
RU-A1269,img_7fa7541c3dc50958,1,0,0.0001433385477866
RU-A1269,img_6497017f19a57c8e,1,0,6.031905286363326e-05
RU-A1269,img_dddb4282c038f4e7,1,0,8.81115483934991e-05
RU-A1269,img_846da65f7229aafd,1,0,8.028925367398188e-05
RU-A1269,img_19feac3fa6303e5c,1,0,4.671081478591077e-05
RU-A1269,img_b13e8c326521c5b0,1,0,0.0005568456836044
RU-A1269,img_da8be6dc495eac09,1,0,2.0440111256903037e-05
RU-A1269,img_5c1add6fa79b2f2e,1,0,3.554109571268782e-05
RU-A1270,img_38bcdb04f0369ee3,4,0,5.4303651268128306e-05
RU-A1270,img_b47ad406a51ac3e2,4,0,4.1405186493648216e-05
RU-A1270,img_d08a7ea7742b7027,4,0,3.795564407482743e-05
RU-A1270,img_e6a6d010a3e3db9c,4,0,0.0001727004273561
RU-A1270,img_0b880a3ca91f71f0,4,0,0.0001734551333356
RU-A1270,img_1bb3898256440551,4,0,6.869956268928945e-05
RU-A1270,img_cfb44ad1ce5674fb,4,0,6.374701479217038e-05
RU-A1270,img_f28cd596755b47bf,4,0,0.0002973871596623
RU-A1270,img_7acf74e376230a9d,4,0,0.0002205505879828
RU-A1270,img_b595bd481aad4e81,4,0,0.0003393250808585
RU-A1270,img_68732bb99c35c284,4,0,0.0001455560704926
RU-A1272,img_a89cbffb5959cba3,1,0,6.962573388591409e-05
RU-A1272,img_fd95b5355de8ddf2,1,0,5.7211258535971865e-05
RU-A1272,img_f32eb5bd572c5ccc,1,0,0.0007305120234377
RU-A1272,img_58a094770584a1f0,1,0,7.097052002791315e-05
RU-A1272,img_cd54c717438aa89e,1,0,9.554738062433898e-05
RU-A1272,img_009e12e72c7bd70a,1,0,0.0001031548235914
RU-A1272,img_99da1b711ff43799,1,0,9.071151725947856e-05
RU-A1273,img_4960024d1efe15d4,4,0,8.526213787263259e-05
RU-A1273,img_5f64ef5c7defeff6,4,0,0.0001309585786657
RU-A1273,img_b371e91f5cbddbe4,4,0,5.1405677368165925e-05
RU-A1273,img_80db10a8bb01823c,4,0,2.882416629290674e-05
RU-A1273,img_29e94b4da5c96aec,4,0,5.807686466141604e-05
RU-A1273,img_157591b87a633ace,4,0,3.977459709858522e-05
RU-A1273,img_0c731df55c4b55ad,4,0,5.798666461487301e-05
RU-A1273,img_e35b1976380244a5,4,0,2.1976509742671624e-05
RU-A1273,img_e6476888feef1d98,4,0,1.8269500287715346e-05
RU-A1273,img_2ffb6aa16ba020f3,4,0,7.485756941605359e-05
RU-A1273,img_751dae15f4d5f0ff,4,0,1.56938567670295e-05
RU-A1273,img_72bdd076528bd9da,4,0,3.62025348294992e-05
RU-A1273,img_1e516943dcac3a12,4,0,3.184151501045562e-05
RU-A1274,img_d7370df4186b642e,1,0,3.7006495404057205e-05
RU-A1274,img_b08f1df3664d1dfe,1,0,3.9053029468050227e-05
RU-A1274,img_7da0285a7c37274d,1,0,4.2078696424141526e-05
RU-A1274,img_1333002e933acc0a,1,0,6.37228149571456e-05
RU-A1274,img_d94d45633521532d,1,0,4.700237695942633e-05
RU-A1274,img_cd7cceac77759855,1,0,4.0972525312099606e-05
RU-A1274,img_b87b84242a4e780c,1,0,0.010081079788506
RU-A1274,img_2d7530912a1e94b6,1,0,0.0002289620315423
RU-A1274,img_6cb56da06b7fa47d,1,0,0.0385497137904167
RU-A1274,img_7353c185f84d51c1,1,0,8.262650953838602e-05
RU-A1274,img_b95451f1772104fc,1,0,4.106159758521244e-05
RU-A1274,img_64cbc49db4dd4f0c,1,0,6.974568532314152e-05
RU-A1274,img_f8a7b0313db911da,1,0,3.616230605985038e-05
RU-A1276,img_30be5c94543ef28a,0,0,0.0028727366589009
RU-A1276,img_dc345c72b5d861ee,0,0,0.0027817897498607
RU-A1276,img_5e51e07f891ff79b,0,0,0.0006012808880768
RU-A1276,img_791186871b0855a1,0,0,0.0808128342032432
RU-A1276,img_c3f33b11de8c1069,0,0,0.0022926658857613
RU-A1276,img_ccc77c3040da15f4,0,0,0.0008790502906776
RU-A1276,img_452004518187fb25,0,0,0.0591059178113937
RU-A1276,img_a19805f48f0b78a8,0,0,0.0033701641950756
RU-A1276,img_7e12ca5cfe3214db,0,0,0.6026326417922974
RU-A1276,img_172c6d4ca33024d4,0,0,0.0138296596705913
RU-A1278,img_7b0c1feab3789d06,0,0,0.3088722825050354
RU-A1278,img_b13ba42334b2c33f,0,0,0.0207875669002532
RU-A1278,img_5e4d8ff7319727a3,0,0,0.954350769519806
RU-A1278,img_cd66e314ac9d533a,0,0,0.9889919757843018
RU-A1278,img_1c9c6656b55836b2,0,0,0.022763879969716
RU-A1278,img_f8c0ba76c228838d,0,0,0.0121401892974972
RU-A1278,img_3f927ebd903d78cc,0,0,0.991265594959259
RU-A1278,img_2d05b921545955a8,0,0,0.993316411972046
RU-A1277,img_1cc46aadf06684bb,1,0,4.315131081966683e-05
RU-A1277,img_cffdb8567fdbd8da,1,0,5.039169263909571e-05
RU-A1277,img_0bdbae9c9ebe13bb,1,0,0.0370189286768436
RU-A1277,img_f6d96fcb13adcff1,1,0,0.0037587971892207
RU-A1277,img_800257b72e9a323e,1,0,5.667087316396646e-05
RU-A1277,img_5692a857373db6d3,1,0,4.7675366658950225e-05
RU-A1277,img_8b01163fd8b9143c,1,0,0.0001512690650997
RU-A1277,img_38f35a327c2c6879,1,0,0.0001608439924893
RU-A1277,img_0204a604cf94463f,1,0,0.001780622289516
RU-A1277,img_e215b1a8315f0fad,1,0,0.0056672715581953
RU-A1279,img_6c0fff5f049b2b29,0,0,0.0008247661753557
RU-A1279,img_170a2bf02e802dec,0,0,0.0007064358796924
RU-A1279,img_9f65a646d7920afe,0,0,0.0005044633289799
RU-A1279,img_cc612087bfbdfb21,0,0,0.0004506539262365
RU-A1279,img_e47bf20e2498bbb2,0,0,0.0006970352842472
RU-A1279,img_a958b94475775659,0,0,0.0004583513073157
RU-A1279,img_b0d54d149682f24f,0,0,0.0001543359830975
RU-A1279,img_c04a30c4bca27998,0,0,0.0004646871529985
RU-A1279,img_610fae3889048ea7,0,0,0.0002752003783825
RU-A1279,img_053de2cb7a4ec9d7,0,0,0.000590069394093
RU-A1279,img_abcbb6eb9987d2b6,0,0,7.292536611203104e-05
RU-A1279,img_a6f941549a6c8f2e,0,0,0.1159622967243194
RU-A1279,img_cb3935ccbe629951,0,0,0.0004681149148382
RU-A1279,img_2f64cb764a5de351,0,0,0.0810966417193412
RU-A1279,img_ed64e55e0f79157b,0,0,0.2372885644435882
RU-A1280,img_4d999ea619b50da9,3,0,7.023524085525423e-05
RU-A1280,img_31b3098fe97093c7,3,0,0.000300029059872
RU-A1064,img_a6851a225117fbcb,3,0,0.9482994675636292
RU-A1064,img_5e264bf4434b6b57,3,0,0.901618719100952
RU-A1064,img_382757dc5d78fb3d,3,0,0.9927452206611632
RU-A1064,img_866e490de3e581e8,3,0,0.9987945556640624
RU-A1064,img_688f3feafcfa3581,3,0,0.1251699030399322
RU-A1064,img_12c8b71b4b82a5e0,3,0,0.7393714785575867
RU-A1064,img_a93131233f27a9bc,3,0,0.2155307233333587
RU-A1064,img_c9bf059ca78e1cb8,3,0,0.2936272919178009
RU-A1064,img_a32381596d29ef4b,3,0,0.8227635025978088
RU-A1064,img_262a93c6b5986f9c,3,0,0.110183835029602
RU-A1156,img_a8349e23f0ed1385,4,1,0.0025150664150714
RU-A1156,img_f7d59d3e11e249be,4,1,0.0012774761999025
RU-A1156,img_d276e46e44b0e906,4,1,0.0114667583256959
RU-A1156,img_aa1ec292c8744393,4,1,0.0035837367177009
RU-A1156,img_19c1a02ee99cad87,4,1,0.2755693197250366
RU-A1156,img_64a8e707014c0c84,4,1,0.2322668582201004
RU-A1156,img_d6d72ef0821da24a,4,1,0.0039887833409011
RU-A1156,img_2986dbe2ffa0dbed,4,1,0.0005364240496419
RU-A1156,img_f9c8ccd01f98acde,4,1,0.0001753853284753
RU-A1156,img_920b72db2132a449,4,1,0.0008566030301153
RU-A1156,img_5425640a754d30f4,4,1,0.0006342175765894
RU-A1156,img_44d8f1454fb9cf44,4,1,0.2037593871355056
RU-A1156,img_ae7d35ed5a92dfa6,4,1,0.0065214824862778
RU-A1175,img_30772dd4108bcfa9,4,0,0.000213673512917
RU-A1175,img_4a6f4764434e9581,4,0,4.122540485695936e-05
RU-A1175,img_9569faecbd055d80,4,0,4.217109380988404e-05
RU-A1175,img_c21f9b2149c979be,4,0,0.0001920186477946
RU-A1175,img_90c4f65acd987813,4,0,0.1004977524280548
RU-A1175,img_8ea92b02f7c1a7f8,4,0,0.011840253137052
RU-A1180,img_b38e73507dc7c407,0,1,7.319597352761775e-05
RU-A1180,img_bf6e5a188405bbf9,0,1,5.6363824114669114e-05
RU-A1137,img_56ad42587a41d13f,3,0,0.0126008614897727
RU-A1137,img_420d32447d27d9ad,3,0,0.0002606030320748
RU-A1137,img_f8596336cbb6ab7e,3,0,0.013956700451672
RU-A1137,img_27f241b33f4cd1b9,3,0,0.0100334463641047
RU-A1137,img_c3d6dd135a809758,3,0,0.072564497590065
RU-A1137,img_b5c886eb2eb77b1b,3,0,0.2644373476505279
RU-A1150,img_6793bd512d8d268d,0,0,0.044013749808073
RU-A1150,img_c275765ff341dca4,0,0,0.0171654671430587
RU-A1150,img_d419321a83b4e02d,0,0,0.0037404897157102
RU-A1150,img_065d841c32f09fdc,0,0,0.0058035990223288
RU-A1150,img_e574f619da841664,0,0,0.0009537047590129
RU-A1150,img_85b8f5256f9d2692,0,0,0.0017330144764855
RU-A1186,img_f82d99ec2aebfb87,2,0,2.72561410383787e-05
RU-A1186,img_a3daa22244771c75,2,0,0.0001391750702168
RU-A1186,img_d29fac8345943833,2,0,0.0003280005475971
RU-A1186,img_6ba5da9a53bdc8d2,2,0,6.0289774410193786e-05
RU-A1186,img_7ba5450aafdbfeec,2,0,9.28607041714713e-05
RU-A1186,img_0ebfc2931c2621b4,2,0,1.9271037672297094e-05
RU-A1186,img_8511530d67193842,2,0,3.5625998862087727e-05
RU-A1186,img_a60ffee6723789ae,2,0,1.3327799024409616e-05
RU-A1186,img_98755a6cc5be5ca7,2,0,1.7237223801203072e-05
RU-A1186,img_bda19b74d37a24d5,2,0,2.957964716188144e-05
RU-A1186,img_195a63a620799581,2,0,8.080693987722043e-06
RU-A1186,img_14bf0796f92ea231,2,0,9.939216397469863e-06
RU-A1186,img_43ee7c6f5bd75451,2,0,5.09156052430626e-05
RU-A1186,img_c6b0ddb3934b9c16,2,0,0.0001779516751412
RU-A1187,img_209d97bee68fda97,3,0,7.042537617962807e-05
RU-A1187,img_9fc9c7c07b043792,3,0,8.331358549185097e-05
RU-A1187,img_1cfefb28992f74bc,3,0,0.0002151913504349
RU-A1187,img_413262bbfcb8b1e1,3,0,0.0004108747525606
RU-A1187,img_c370893f7a9ede8c,3,0,7.06084247212857e-05
RU-A1187,img_5ec05b3c5765141e,3,0,7.312285742955282e-05
RU-A1187,img_e5cb30c2e6a5e193,3,0,0.0342673733830452
RU-A1187,img_22d4734c37063186,3,0,0.6642586588859558
RU-A1187,img_f9261bb2a89b8873,3,0,0.004169347230345
RU-A1187,img_771210474a95b8b2,3,0,0.0005463493289425
RU-A1187,img_9d1bdeae69a9b615,3,0,0.0747370198369026
RU-A1187,img_427b3e09ff5547c7,3,0,0.0353327132761478
RU-A1028,img_3c1a648dc774b80d,4,0,0.0009975875727832
RU-A1028,img_b84f1a49b1e45947,4,0,0.0079037267714738
RU-A1028,img_e6b188865b934d48,4,0,0.0076779625378549
RU-A1028,img_9485608a01a2802b,4,0,0.0154395559802651
RU-A1078,img_a86ed017552be765,0,1,0.0003777804959099
RU-A1078,img_68a5b50165104e23,0,1,0.0007284122984856
RU-A1078,img_d92680e01bdd84a7,0,1,0.8916876912117004
RU-A1078,img_b8a47edb240d9a9b,0,1,0.9807501435279846
RU-A1078,img_1f21e5f4d12309a7,0,1,0.0290462896227836
RU-A1078,img_fac47d93c4e9b070,0,1,0.1212681233882904
RU-A1079,img_7870d359d74857c0,0,0,0.0124103398993611
RU-A1079,img_ac02afc1e7eb373e,0,0,0.0795945823192596
RU-A1079,img_ad1158cf86d294e1,0,0,0.0004384819185361
RU-A1079,img_4de1e43817e4e22a,0,0,0.0001697481930023
RU-A1079,img_a3b6f333efc7ce19,0,0,0.0007977646309882
RU-A1079,img_b63857d28eea4cf4,0,0,0.0230458211153745
RU-A1079,img_de364242bebc9c9d,0,0,0.0008802047232165
RU-A1079,img_d054e1c68921e0bd,0,0,0.000967071566265
RU-A1079,img_7f3a3913f25bb6c6,0,0,0.8371506929397583
RU-A1079,img_5041558f8a325d01,0,0,0.0084500834345817
RU-A1079,img_3a92405136b435c5,0,0,0.0004295301041565
RU-A1079,img_24ff27e224f768c6,0,0,0.0005098966066725
RU-A1081,img_aa03307b4748da7c,0,0,0.6979351043701172
RU-A1081,img_4b5d59b7666caeb2,0,0,0.8156892657279968
RU-A1081,img_10135927fd7b74e7,0,0,0.0043851709924638
RU-A1081,img_1b38f620df9cd1c5,0,0,0.0033024752046912
RU-A1082,img_5e794b468cdfc4fe,2,0,2.0496621800702997e-05
RU-A1082,img_a226959602cac093,2,0,1.69403192558093e-05
RU-A1082,img_90b26091fff534cd,2,0,0.0001897183101391
RU-A1082,img_129515e703b481cd,2,0,0.000712375389412
RU-A1082,img_92cfcd4509f3a24f,2,0,2.6732443075161427e-05
RU-A1082,img_6c012193b1e94d25,2,0,5.8174202422378585e-05
RU-A1082,img_dffaf8a7b9b9033d,2,0,2.232260158052668e-05
RU-A1082,img_1c3af867a8fdf26c,2,0,2.0805711756111123e-05
RU-A1082,img_36897e28517ddb1f,2,0,3.9739265048410743e-05
RU-A1082,img_3199e8638f192b55,2,0,3.186034882673994e-05
RU-A1082,img_991c3d0b52ad5310,2,0,0.0001907505939016
RU-A1082,img_1133dd7a7a6c47e0,2,0,0.0004521431401371
RU-A1082,img_d79a086a3c1b811a,2,0,0.873252809047699
RU-A1083,img_5139928cc3444c7b,0,0,0.1400652527809143
RU-A1083,img_664e185898657c63,0,0,0.1837022006511688
RU-A1083,img_2f0989eb4673c2fd,0,0,0.0151268476620316
RU-A1083,img_be8a0272e0599470,0,0,0.0118842693045735
RU-A1084,img_db1a74c82562304c,4,0,0.0001191834817291
RU-A1084,img_de993738e286581f,4,0,0.0002652333059813
RU-A1084,img_31e9df9a835f7eda,4,0,0.0001861084165284
RU-A1084,img_bb976eb440ac7f37,4,0,0.0013852040283381
RU-A1084,img_385f0807a9a54c02,4,0,0.0174273066222667
RU-A1084,img_9de76103ad4f2dd7,4,0,0.068630039691925
RU-A1084,img_28271672e954b37d,4,0,0.0023683535400778
RU-A1084,img_868abe50067b2c1b,4,0,0.0012877639383077
RU-A1084,img_b2db014757101fdc,4,0,0.0005744618829339
RU-A1084,img_a3b0040766d5c348,4,0,0.0004786395293194
RU-A1084,img_75a7cc7b70ffed18,4,0,0.0010101213119924
RU-A1084,img_d2927f5863cc9afe,4,0,0.0145489582791924
RU-A1084,img_6c6985fc7a4dc9f1,4,0,0.0012538823066279
RU-A1084,img_120829c679515f60,4,0,0.0002329980488866
RU-A1084,img_604339027e323f43,4,0,0.0019220032263547
RU-A1084,img_0603f1a7d217e1fa,4,0,0.0036517870612442
RU-A1084,img_a3ef717e825aca6b,4,0,0.0008001692476682
RU-A1084,img_9aec24e380226cbb,4,0,0.0075275152921676
RU-A1084,img_3c94be12f9452a49,4,0,0.0004661214188672
RU-A1084,img_095a20697f55aabf,4,0,0.0016111133154481
RU-A1084,img_646cf78d46d82197,4,0,0.0013279829872772
RU-A1084,img_fae698fe99a4f049,4,0,0.0013171607861295
RU-A1084,img_0d7490ad0f8da910,4,0,0.0001125301860156
RU-A1084,img_432603b05d9127b1,4,0,8.105237793643028e-05
RU-A1084,img_28395d2246bf2fab,4,0,0.000743944896385
RU-A1084,img_2e32ef66ddff8940,4,0,0.0003094205749221
RU-A1084,img_8aa96eb0ac87f648,4,0,0.000153758432134
RU-A1084,img_30fb37bb30a7d793,4,0,0.0001020216150209
RU-A1084,img_78424e1cd8cfac32,4,0,0.9925472140312196
RU-A1084,img_3cdefaa1a1f607f7,4,0,0.4707169830799103
RU-A1084,img_f1e58efa7e8a4b89,4,0,0.8672844767570496
RU-A1084,img_ee4e31ef61fede0d,4,0,0.6732421517372131
RU-A1084,img_a6af44adb5b4e3fc,4,0,0.0253184605389833
RU-A1084,img_06116b4fd85491e7,4,0,0.0666344091296196
RU-A1084,img_b091d058d104f6c8,4,0,0.9224311113357544
RU-A1084,img_86a7d12d98bf8834,4,0,0.1359563320875167
RU-A1084,img_680916680333756e,4,0,0.0059044146910309
RU-A1084,img_8efbbb07c40d273b,4,0,0.0341378599405288
RU-A1084,img_e1e817fdf5a1d7b2,4,0,0.0003045017656404
RU-A1084,img_9bf276f4353f10c8,4,0,0.00018896421534
RU-A1084,img_a7207d192f757a1a,4,0,0.0006920171435922
RU-A1084,img_0d2967c3393ee942,4,0,0.0008718855096958
RU-A1084,img_46b97e6adb87c027,4,0,0.0003184029774274
RU-A1085,img_d2840a0efc4d0500,3,0,9.085938654607162e-05
RU-A1085,img_86de0b7084b511bc,3,0,0.0001125030394177
RU-A1085,img_421946506fd626cb,3,0,0.0936177372932434
RU-A1085,img_a51137854d80c772,3,0,0.0044650929048657
RU-A1085,img_8d16fe52b0ac7627,3,0,0.3833296597003937
RU-A1085,img_884d0c900a4399a5,3,0,0.31388920545578
RU-A1085,img_4f0f0942e9b61eeb,3,0,0.9894368648529052
RU-A1085,img_e2508b2a0691ada6,3,0,0.0030591206159442
RU-A1085,img_243a2e132269c95d,3,0,0.0079850926995277
RU-A1085,img_4b85cdf8d4ef0826,3,0,0.0005972063518129
RU-A1085,img_17b3c6d65d15df0d,3,0,0.0004808427474927
RU-A1085,img_ed0e5c028fbfabe5,3,0,0.3180024027824402
RU-A1085,img_24fdb91b79324aee,3,0,0.0030045195017009
RU-A1085,img_398da96546b0066c,3,0,0.0920983850955963
RU-A1085,img_36adfb8a249878af,3,0,0.0001860857009887
RU-A1085,img_40f7e4d572e3f1ca,3,0,0.0003307427687104
RU-A1085,img_2df6854354572d95,3,0,0.0001512198941782
RU-A1085,img_f336dd1256b709c6,3,0,5.86672977078706e-05
RU-A1085,img_2511cc7ca01ff2d5,3,0,7.467270916095003e-05
RU-A1087,img_4306561128354096,0,0,0.0277015231549739
RU-A1087,img_38737445203e2c13,0,0,0.0008369542774744
RU-A1087,img_dab65d5c5e8f6d55,0,0,0.0097757931798696
RU-A1087,img_840f75a422ad264a,0,0,0.0110020814463496
RU-A1087,img_b55ab284dfe108d9,0,0,0.0004068838316015
RU-A1087,img_9c63f1ff0c8ee69b,0,0,0.0017100530676543
RU-A1087,img_2ca95915a88ac9c9,0,0,0.0114850075915455
RU-A1087,img_010c3e808818e708,0,0,0.0276649706065654
RU-A1087,img_d1435d697349c4a4,0,0,0.6110832095146179
RU-A1087,img_7ec30c18756e84a1,0,0,0.2804363071918487
RU-A1088,img_341bd79bfbb32464,3,0,9.384025179315358e-05
RU-A1088,img_d465b338932e403e,3,0,0.0001137547151301
RU-A1088,img_38575cb854539b8c,3,0,0.000154111883603
RU-A1088,img_6ac9d9272ee184db,3,0,0.0004304618341848
RU-A1088,img_0c255eb4d4280770,3,0,0.0001938738132594
RU-A1090,img_02cafda702c58f3d,1,0,2.565162139944732e-05
RU-A1090,img_55746d1544908753,1,0,3.651313090813346e-05
RU-A1090,img_7c6912da4ffd5750,1,0,6.256039341678843e-05
RU-A1090,img_547350790b5bc200,1,0,3.282925172243267e-05
RU-A1090,img_e4c492a7436a7907,1,0,7.308110070880502e-05
RU-A1090,img_8f4ecd186cf1dc29,1,0,2.0602503354893997e-05
RU-A1090,img_12dc93313669830c,1,0,8.389964932575822e-05
RU-A1090,img_20ce68ea5e35dc51,1,0,7.033329893602058e-05
RU-A1091,img_496d40d4bdcfa3c7,4,0,3.807237953878939e-05
RU-A1091,img_9053b6bd763c8b8d,4,0,9.179697372019292e-05
RU-A1091,img_ebb3a517d781b7b0,4,0,0.0002880929096136
RU-A1091,img_23e6a7a181090eab,4,0,8.188877836801112e-05
RU-A1091,img_319c90b60993f854,4,0,0.0001092668826458
RU-A1092,img_8c37cebdc426aa15,2,0,3.910684972652234e-05
RU-A1092,img_24384ed0c7c80a3e,2,0,3.3875301596708596e-05
RU-A1092,img_fd5e04009c989483,2,0,2.091261740133632e-05
RU-A1092,img_2689ab49025de65b,2,0,1.8339236703468487e-05
RU-A1092,img_01700a28dbd98744,2,0,1.4751720300409945e-05
RU-A1092,img_e1b2da4fc40c44ee,2,0,3.787298919633031e-05
RU-A1092,img_7bb8ce1213dfd56e,2,0,0.0002137490955647
RU-A1092,img_953bb7a54e2b3dd7,2,0,0.0001202071725856
RU-A1094,img_902989ce5048de9a,4,0,0.0001982357789529
RU-A1094,img_18b96c6949455734,4,0,0.0001055277389241
RU-A1095,img_cfe40bba1a0f810e,3,0,4.497462578001432e-05
RU-A1095,img_4b773350aaebdbd9,3,0,2.7846501325257123e-05
RU-A1095,img_f3cc0d6b7a6c2a46,3,0,6.295297498581931e-05
RU-A1095,img_c996bb01a3e89b4c,3,0,0.0002592449600342
RU-A1095,img_e24a827388d07178,3,0,0.0001351893297396
RU-A1095,img_8b639a4d807c6044,3,0,0.0001710532233119
RU-A1095,img_deefb793a0c050cc,3,0,0.0001001435157377
RU-A1095,img_fc0d79d4e55034df,3,0,0.0001487673871451
RU-A1096,img_f6c310321f59d359,0,0,0.0002985814935527
RU-A1096,img_c35849104c118fc6,0,0,0.0006133105489425
RU-A1096,img_d5d57717703a052a,0,0,0.0003721509419847
RU-A1096,img_a0ccab2224837eda,0,0,0.0048382892273366
RU-A1096,img_5e6622b02478a5a4,0,0,0.0001974546030396
RU-A1096,img_7b2f91f4f7f6fcaa,0,0,0.0001662032009335
RU-A1096,img_be24564b1ddcd56f,0,0,0.0092508215457201
RU-A1096,img_bc4744b3c20684fe,0,0,0.0015994572313502
RU-A1096,img_ac941b46f905083f,0,0,0.0004450651758816
RU-A1096,img_c4addf21d7357407,0,0,0.0009249793365597
RU-A1100,img_f0bd0fff94bb343f,2,0,2.0473489712458104e-05
RU-A1100,img_7d0aad024ce8d3db,2,0,1.869571497081779e-05
RU-A1100,img_54c7460ad88dfb08,2,0,2.0270219465601255e-05
RU-A1100,img_378c9a2b6359dcc9,2,0,2.7177860829397105e-05
RU-A1100,img_2e42acf9a04b00ac,2,0,4.3711261241696775e-05
RU-A1100,img_7178489d049aad3c,2,0,2.161672637157608e-05
RU-A1148,img_f10d9b13c8dd1747,2,0,1.7810081772040576e-05
RU-A1148,img_7ee9dfd8047937f2,2,0,1.338223501079483e-05
RU-A1148,img_01039c4b1b623173,2,0,5.6730023061390966e-05
RU-A1148,img_3d509547e54a2108,2,0,7.336201088037342e-05
RU-A1151,img_aeb0e4d98421c6ab,1,0,0.9994003772735596
RU-A1151,img_8331c3e1b7e45f52,1,0,0.9990209341049194
RU-A1151,img_6c74f2ffa84c278b,1,0,0.9992802739143372
RU-A1151,img_69da023df1138ae9,1,0,0.9993425011634828
RU-A1151,img_88bb0ec6ba46ac97,1,0,0.9965182542800904
RU-A1151,img_9f18b3aba6cc0de5,1,0,0.8548465967178345
RU-A1151,img_906468ac2b6883a3,1,0,0.9980554580688475
RU-A1151,img_ebae27221ad510aa,1,0,0.9909465312957764
RU-A1152,img_9f36ccabffb91127,1,0,3.0493150916299783e-05
RU-A1152,img_02cd3a50e5722f10,1,0,2.1639949409291148e-05
RU-A1152,img_84a872e80fbba85f,1,0,2.365799264225643e-05
RU-A1152,img_79ed47c25e1cc9e8,1,0,2.2035037545720115e-05
RU-A1152,img_b2de56818450326b,1,0,3.325513898744248e-05
RU-A1152,img_c660dad4197daee3,1,0,0.000108298343548
RU-A1152,img_1b752091dee4c518,1,0,6.257482891669497e-05
RU-A1152,img_20cb8b00b4c70d4a,1,0,0.0001033340013236
RU-A1152,img_5cb4e0b0f3856695,1,0,0.0004445279482752
RU-A1152,img_c8672f4e365313ce,1,0,0.000150467356434
RU-A1157,img_d4ae8091ae0757af,3,0,0.0004551362071651
RU-A1157,img_3761fc6f346e7291,3,0,0.0002793904277496
RU-A1157,img_d0a7bc73fef9e701,3,0,0.0021980004385113
RU-A1157,img_acee21b7f9f9bccc,3,0,0.6154656410217285
RU-A1157,img_a2c4c778b6fd866f,3,0,0.0001081204536603
RU-A1157,img_b0fbe72697137acb,3,0,0.0001495509059168
RU-A1157,img_d95a5f98abe2aa6a,3,0,0.0001138341394835
RU-A1157,img_82509bdad829118f,3,0,0.0003206994151696
RU-A1157,img_c511d5fc6dfd2591,3,0,0.0007237130776047
RU-A1157,img_20cd221b066c7c94,3,0,0.0003907105128746
RU-A1158,img_bd5fac1beb00b89e,2,0,1.43659290188225e-05
RU-A1158,img_4593d4fb03c4aa2e,2,0,1.233747934747953e-05
RU-A1158,img_1c399192e010e1e8,2,0,9.065281119546851e-06
RU-A1158,img_a84359e1fadc93be,2,0,1.3455151020025369e-05
RU-A1158,img_07bbefdbda20d1bf,2,0,1.6154006516444497e-05
RU-A1158,img_dfb6d85a2716b73e,2,0,1.4390529031516053e-05
RU-A1158,img_f8e90ff8a45ea76c,2,0,9.563079220242798e-05
RU-A1158,img_96c480c67d24ff81,2,0,6.789534381823614e-05
RU-A1158,img_c950b0861207bfd0,2,0,0.0015112896217033
RU-A1158,img_a57643551c6682fb,2,0,0.0009292232571169
RU-A1159,img_57e847c25be6c902,1,0,2.8848255169577897e-05
RU-A1159,img_a58cfac931b9dfed,1,0,4.346162313595414e-05
RU-A1159,img_f54dedfd09cd5bb9,1,0,9.830822091316804e-05
RU-A1159,img_0482fd8c4e89f3a1,1,0,6.554189894814044e-05
RU-A1159,img_94f472ea68866573,1,0,5.5086064094211906e-05
RU-A1159,img_d2f62e019f86a9a1,1,0,2.148605381080415e-05
RU-A1159,img_770aeeb6a4734483,1,0,1.886586323962547e-05
RU-A1159,img_e3271d3452e87481,1,0,0.0002652955299708
RU-A1159,img_443e45ed9c9b91d8,1,0,0.0002062137355096
RU-A1160,img_abf0add4078c02d7,2,0,5.225879431236535e-05
RU-A1160,img_f3a7c9f498a30cf6,2,0,4.6724493586225435e-05
RU-A1160,img_5d54faf7bc620d76,2,0,0.0089248809963464
RU-A1160,img_3673caab3ada9169,2,0,0.0125261787325143
RU-A1161,img_fddfd73669db3761,1,0,5.601435623248108e-05
RU-A1161,img_9a0d76490f4e758c,1,0,4.8844220145838335e-05
RU-A1161,img_703a60c47ce33393,1,0,7.554527837783098e-05
RU-A1161,img_a77c700d16387170,1,0,4.11756664107088e-05
RU-A1161,img_f18955f848c65a47,1,0,0.009781246073544
RU-A1161,img_b22806dae60e42eb,1,0,0.0016895058797672
RU-A1162,img_e50a1e9b61f68985,3,0,6.11915165791288e-05
RU-A1162,img_43f44a1c0dc4e80a,3,0,6.744775600964203e-05
RU-A1162,img_0686832adf9eb7b0,3,0,0.0001519543147878
RU-A1162,img_ccda422b004b2040,3,0,9.920436423271894e-05
RU-A1162,img_a73115e01a2d9552,3,0,7.80112823122181e-05
RU-A1162,img_1ac9bbabf7fe927f,3,0,5.049569153925404e-05
RU-A1162,img_3565e826b9cddd17,3,0,0.0009650361025705
RU-A1162,img_d64a4ffe7e6872e8,3,0,0.0005935842054896
RU-A1162,img_3373d870d77bbaf3,3,0,9.09634181880392e-05
RU-A1162,img_88287373e24dfd04,3,0,7.908380212029442e-05
RU-A1162,img_bc1d55c4fbfa977d,3,0,0.0004366176726762
RU-A1162,img_eb4aedf0b4d0e8f8,3,0,0.0004757356364279
RU-A1162,img_1ebecbd928005394,3,0,0.0001638726243982
RU-A1162,img_a05f3ea344464421,3,0,0.0001662951544858
RU-A1164,img_a75108faede88b0d,4,0,5.630054511129856e-05
RU-A1164,img_fdce6cdc847ab8a7,4,0,4.524676478467882e-05
RU-A1164,img_328f0f466922f285,4,0,5.404148032539524e-05
RU-A1164,img_f2a9a25391b544d3,4,0,2.7154232157045044e-05
RU-A1164,img_bbd0d37f984a5849,4,0,4.9120844778371975e-05
RU-A1164,img_dded3e26fcacca5f,4,0,5.300466364133172e-05
RU-A1164,img_10353862751e7fa5,4,0,4.640694533009082e-05
RU-A1164,img_9a96dbab552513b9,4,0,0.0014004395343363
RU-A1164,img_4093518313023fbe,4,0,0.0011610075598582
RU-A1165,img_65386e7d9cb64f9d,1,0,0.0001096241248887
RU-A1165,img_a02bce084c4dbc51,1,0,9.134300489677116e-05
RU-A1165,img_d7ec70c596a3c7e5,1,0,0.0001672840007813
RU-A1165,img_f50adedd5121a5af,1,0,0.0001403103524353
RU-A1167,img_90b53155667807a2,4,0,8.819309732643887e-05
RU-A1167,img_1e91445dbbb10e45,4,0,5.202737884246744e-05
RU-A1167,img_0b8e5ead1c0eb983,4,0,0.000286446273094
RU-A1167,img_9a356d782ada14e7,4,0,0.0002155630645575
RU-A1168,img_f6c1b78bf1a1c419,1,0,2.9932254619779997e-05
RU-A1168,img_c4fa6b6606150776,1,0,3.1232750188792124e-05
RU-A1168,img_b12763bc776f237b,1,0,9.112472616834566e-05
RU-A1168,img_b998ac7903da596a,1,0,0.0003802756837103
RU-A1168,img_9b4e1328a6284d02,1,0,0.0001269466301891
RU-A1168,img_f63bebd6e6b520fb,1,0,0.0001234207011293
RU-A1168,img_f82ac1e479af4fee,1,0,0.0002030134783126
RU-A1168,img_21a5e7daef98fa43,1,0,0.0001920516224345
RU-A1169,img_3d0d09c23dddd708,0,0,8.628034265711904e-05
RU-A1169,img_e8f319d98e4394db,0,0,4.885293310508132e-05
RU-A1169,img_ce580288284f0c39,0,0,0.0002023920969804
RU-A1169,img_f2e76757f84ec6c2,0,0,0.0299566201865673
RU-A1169,img_6952eb5a597b71e9,0,0,0.0421100109815597
RU-A1170,img_35146e0294ffc229,4,1,0.0068290820345282
RU-A1170,img_ad84d34a839db114,4,1,0.007694867439568
RU-A1170,img_7c4b026225b78480,4,1,0.0019513324368745
RU-A1170,img_44d09247fe41802c,4,1,0.0009101192699745
RU-A1170,img_19245519512331a8,4,1,0.4886466860771179
RU-A1170,img_3a68b7d522fd8ed8,4,1,0.0124990586191415
RU-A1170,img_669a0e3d9a6b644c,4,1,0.0007433669525198
RU-A1170,img_fbd531730bf96b19,4,1,0.000354271440301
RU-A1170,img_744edff32ebf52bc,4,1,0.015538808889687
RU-A1170,img_5c3f1b9276cd3327,4,1,0.0027148730587214
RU-A1170,img_ec86d7873fc72200,4,1,0.2523136734962463
RU-A1170,img_863dbaaea59fc328,4,1,0.0085603203624486
RU-A1170,img_7167b5fffd811b63,4,1,0.0019226820440962
RU-A1170,img_6543c793c1f09e1e,4,1,0.0019617388024926
RU-A1171,img_451dd404b3fad6a6,2,0,0.0001582471595611
RU-A1171,img_bcd237220dc0b0ec,2,0,3.8167294405866414e-05
RU-A1171,img_a0e80e65520e2bc2,2,0,0.0271094590425491
RU-A1171,img_c0ff02ba034a11aa,2,0,0.1797637343406677
RU-A1172,img_be58fe8545d04fce,1,0,4.228642865200527e-05
RU-A1172,img_b4b1d34ad253ee14,1,0,3.2091244065668434e-05
RU-A1172,img_133e5f1b77bf145f,1,0,3.054618355236016e-05
RU-A1172,img_1b76d3ea41ad0fa1,1,0,5.771149517386221e-05
RU-A1172,img_b168d6619e508ea6,1,0,8.844693365972489e-05
RU-A1172,img_b79a076a1dbb92e9,1,0,0.000144939738675
RU-A1172,img_e407281c2cea1333,1,0,9.63457569014281e-05
RU-A1172,img_a12c58a5a5f53650,1,0,0.0001357522705802
RU-A1173,img_6dbc7d2d2fda1e32,0,0,0.0003507166402414
RU-A1173,img_898c00f921b34233,0,0,0.0014740312471985
RU-A1173,img_f6a77858a31c3ef1,0,0,6.71575398882851e-05
RU-A1173,img_df210a5fab7e194e,0,0,2.27404943871079e-05
RU-A1173,img_142451132d6f6d6e,0,0,0.0004475693858694
RU-A1173,img_755a70d989ccf55a,0,0,0.0005367358098737
RU-A1174,img_a9bce608eae449af,1,0,0.0008138956618495
RU-A1174,img_fb7d456259450448,1,0,0.037110935896635
RU-A1174,img_5bc4050a4df8e92f,1,0,0.0001248692715307
RU-A1174,img_32cd0bd1996206c9,1,0,0.0001138241495937
RU-A1174,img_9aea532336c2c157,1,0,5.3117099014343694e-05
RU-A1174,img_8c2b5cc9eea99fea,1,0,3.572043351596221e-05
RU-A1174,img_71f1b96a1ba6bbb0,1,0,4.216932211420499e-05
RU-A1174,img_e235934b96951fe8,1,0,3.440844375290908e-05
RU-A1174,img_d11a8e2594bdf46e,1,0,0.0010533233871683
RU-A1174,img_1576581ca61c0ced,1,0,0.0032629719935357
RU-A1154,img_2b9ec337d64cdc74,2,0,1.5358469681814313e-05
RU-A1154,img_c6445ecfb6d3aa22,2,0,1.9608511138358153e-05
RU-A1154,img_a10ed4749e23c7cc,2,0,2.122328442055732e-05
RU-A1154,img_0f73b3f77eb23edf,2,0,3.01116488117259e-05
RU-A1154,img_bc17bb19d4341e1c,2,0,0.0001474919408792
RU-A1154,img_a758888f8a1813b8,2,0,3.518034645821899e-05
RU-A1154,img_e2e703a4f91f18f3,2,0,0.000164141296409
RU-A1154,img_44e2b5872169ec50,2,0,4.281674046069384e-05
RU-A1154,img_6b40865f9b4e08eb,2,0,3.2019954232964665e-05
RU-A1154,img_db8425540c0b0cdb,2,0,4.1849434637697414e-05
RU-A1155,img_5f4824811e011f6c,1,0,9.466947813052684e-05
RU-A1155,img_7e2f28ed80177923,1,0,0.0001023045333568
RU-A1155,img_5408471552cc8c89,1,0,5.879359014215879e-05
RU-A1155,img_b29cca99ccd698af,1,0,2.789583231788129e-05
RU-A1155,img_dad54ac42e65821a,1,0,4.715578324976377e-05
RU-A1155,img_9ce9024d4db6717f,1,0,0.0005736438906751
RU-A1155,img_25cbf5e7316d2139,1,0,0.0002925176231656
RU-A1155,img_856dd30f9aecc437,1,0,0.0001184888460556
RU-A1155,img_76bbfe9516ee3d70,1,0,0.000125547798234
RU-A1221,img_b843df6ac49748b8,1,0,0.0010360090527683
RU-A1221,img_a11314f69c119b7e,1,0,0.0003467879432719
RU-A1221,img_e3360cc395bd4f0c,1,0,1.937590968736913e-05
RU-A1221,img_3d7784f167ab3877,1,0,1.965505180123728e-05
RU-A1221,img_7297193f16963b9f,1,0,7.02655961504206e-05
RU-A1221,img_ec4e39e962c9849c,1,0,7.99561312305741e-05
RU-A1222,img_0c8e501da531010d,4,0,0.0001336488203378
RU-A1222,img_0a0d40bf622e68e5,4,0,2.322549516975414e-05
RU-A1222,img_17920b469918312a,4,0,0.0014261674368754
RU-A1222,img_550d8a285a437729,4,0,0.0004643271677196
RU-A1223,img_993f965cb2543c0e,0,0,0.0001363269257126
RU-A1223,img_11d2a45a94860f1f,0,0,0.0001328968646703
RU-A1223,img_a34347443d9b677c,0,0,0.0001094062827178
RU-A1223,img_e0fea148738580c9,0,0,0.0002289098629262
RU-A1224,img_5abbe20174b1cb5e,0,0,0.0005938863614574
RU-A1224,img_311dce75a3b93818,0,0,0.0004538813082035
RU-A1224,img_a937d14aa26975fa,0,0,0.0001211123162647
RU-A1224,img_41106415ecfc609e,0,0,0.000358895282261
RU-A1224,img_dba5d6602b0b162a,0,0,0.0014713525306433
RU-A1225,img_9e70c1ee239546d3,0,0,0.0218415558338165
RU-A1225,img_399db71f2f7c74d2,0,0,0.0540415495634079
RU-A1226,img_662078eafbab9c59,0,0,7.98095716163516e-05
RU-A1226,img_d4331128fa77cdd6,0,0,0.0001759112055879
RU-A1226,img_42abf17b96b925c5,0,0,0.0006182008073665
RU-A1226,img_0beb883c88a1a1b9,0,0,9.020155266625808e-05
RU-A1227,img_a4ed0801b99d3676,3,0,8.074611105257645e-05
RU-A1227,img_48fc430b50746636,3,0,5.374601096264087e-05
RU-A1227,img_d14fae684d541a7a,3,0,3.454140096437186e-05
RU-A1227,img_47bc5f8962e2180b,3,0,6.340967229334638e-05
RU-A1227,img_354c74b3c6338aad,3,0,7.691507926210761e-05
RU-A1227,img_982144aa5c74c38e,3,0,0.0001011611748253
RU-A1228,img_cff87a80d13e8fb1,2,0,3.378307155799121e-05
RU-A1228,img_566a72c2cbc99ec0,2,0,3.521777762216516e-05
RU-A1228,img_d2f9d041e39bcca2,2,0,2.841277637344319e-05
RU-A1228,img_3d8bf6100cc8d6b8,2,0,1.4000625924381891e-05
RU-A1228,img_d5e1c165c810708f,2,0,1.2711639101326e-05
RU-A1228,img_f8dc5696bc6d0a98,2,0,2.7500444048200737e-05
RU-A1228,img_b355bf8324014a77,2,0,1.7773227227735333e-05
RU-A1228,img_7ecf8f0d78007381,2,0,0.0065778018906712
RU-A1228,img_22d710c277869821,2,0,0.0017480353126302
RU-A1228,img_dc939f24dbe447cf,2,0,0.0716306269168853
RU-A1228,img_9718837515050473,2,0,0.080251820385456
RU-A1229,img_8950267846928315,4,1,0.0017423580866307
RU-A1229,img_44829ee2e0bd1429,4,1,0.063643030822277
RU-A1229,img_75e20e01b38e078a,4,1,0.0075746877118945
RU-A1229,img_651a50002ea6f8ba,4,1,0.8302363753318787
RU-A1229,img_b1f8e2c4d30fe399,4,1,0.9778279662132264
RU-A1230,img_3830ae930b0a6ef1,4,0,5.7292552810395136e-05
RU-A1230,img_72e0925990c9bf09,4,0,4.459580668481067e-05
RU-A1230,img_8de82a7ef7791207,4,0,6.19440688751638e-05
RU-A1230,img_dfdf8341cd873f00,4,0,7.815751450834796e-05
RU-A1230,img_4e74d4cfbc6b946d,4,0,5.271964619169012e-05
RU-A1230,img_9b94bb8e3d3f8938,4,0,6.605396629311144e-05
RU-A1230,img_63b70a713495db32,4,0,0.0001310080551775
RU-A1230,img_60227010952c481a,4,0,0.000110612847493
RU-A1230,img_3ed0b603bd39c6fe,4,0,0.0001310109219048
RU-A1230,img_8d9ee4f5d062f4ee,4,0,0.0001140083841164
RU-A1230,img_2badc52b03359c7f,4,0,0.0004688465851359
RU-A1230,img_dc9adb66c18359f9,4,0,0.0013862795894965
RU-A1231,img_4a9ceaba0b907dba,2,0,2.54220467468258e-05
RU-A1231,img_4dbcc0ccdd01a90e,2,0,1.838406387832947e-05
RU-A1231,img_dd5a0c6c0753b8f9,2,0,4.985159102943726e-05
RU-A1231,img_bfee5e09e107f620,2,0,0.0002263879287056
RU-A1231,img_d2ae49d23f2c8fae,2,0,1.684188100625761e-05
RU-A1231,img_a7b107b5b48b736b,2,0,4.613205237546936e-05
RU-A1231,img_a8186cb4fbe98fca,2,0,2.0037508875248022e-05
RU-A1231,img_02ae068f77aecd0a,2,0,1.257090480066836e-05
RU-A1232,img_f8eed42054d2d97e,1,0,0.0001103884133044
RU-A1232,img_6b8ee788e5947b23,1,0,9.768846939550711e-05
RU-A1232,img_e5b24440c4d13433,1,0,0.0004867668903898
RU-A1232,img_91ce6a798f0addf8,1,0,0.0001060845606843
RU-A1232,img_09d3118069786e96,1,0,8.713411807548255e-05
RU-A1232,img_67c3b03061399bb3,1,0,0.0001599507959326
RU-A1232,img_66e3441a082030fe,1,0,0.0001323648029938
RU-A1232,img_434c1c81c8b8e1ed,1,0,7.026224193396047e-05
RU-A1233,img_5de866f0a887a291,0,0,0.0017425339901819
RU-A1233,img_ccd794e2817b27c9,0,0,0.0004313305835239
RU-A1233,img_b7d8a3f95eea273a,0,0,0.0064252638258039
RU-A1233,img_06613dc42196830f,0,0,0.0381875187158584
RU-A1233,img_f8c5fdc5ef24e200,0,0,0.0645842254161834
RU-A1233,img_3fe0bf91a8b07fbf,0,0,0.0019141306402161
RU-A1233,img_eb990b0170856b53,0,0,0.0245976578444242
RU-A1233,img_1cef30b84b1f8705,0,0,0.0081995110958814
RU-A1234,img_9fe7f8c14d214f85,1,0,5.4069158068159595e-05
RU-A1234,img_8f9346484fdadaf5,1,0,4.384945714264177e-05
RU-A1234,img_b7b77fcba03765a8,1,0,8.035950304474682e-05
RU-A1234,img_f572494e74b147f7,1,0,7.444390212185681e-05
RU-A1235,img_7fcb73b59693708a,1,0,1.9751672880374823e-05
RU-A1235,img_d7e0b86dae2b2648,1,0,5.388390854932368e-05
RU-A1235,img_e541919750f8f0bb,1,0,3.944736090488732e-05
RU-A1235,img_7e5ed24165794b48,1,0,5.027333099860698e-05
RU-A1236,img_cc2d188476c57231,3,0,6.476174894487485e-05
RU-A1236,img_bc39e336ae99b7c2,3,0,3.8386340747820213e-05
RU-A1237,img_c1307c46aeed49e6,2,0,0.0008185424958355
RU-A1237,img_0e945bc042bb913b,2,0,4.50082661700435e-05
RU-A1237,img_3e017bbfd34b445c,2,0,0.0001144888155977
RU-A1237,img_53f53b2252294e84,2,0,9.955262794392183e-05
RU-A1237,img_4e1c499c5537d033,2,0,0.000106045823486
RU-A1238,img_7be6f6758f6c4b6d,1,0,2.4826909793773663e-05
RU-A1238,img_a36c9d9a3209fd1a,1,0,2.0573112124111503e-05
RU-A1238,img_891b503bbeee8157,1,0,6.21736835455522e-05
RU-A1238,img_e03834fbefdd0c96,1,0,5.404281910159625e-05
RU-A1238,img_1b16d89d902c69c9,1,0,2.9174274459364824e-05
RU-A1238,img_09c83915e5561442,1,0,2.6008372515207157e-05
RU-A1238,img_c2fc160a3a160ab3,1,0,4.123735197936185e-05
RU-A1238,img_ae17a68200f20bd7,1,0,2.2331523723551072e-05
RU-A1239,img_e3666bf8aa074a8e,3,0,0.0001145231071859
RU-A1239,img_54c6082c9e330aa9,3,0,9.12146206246689e-05
RU-A1239,img_7c5fa7fde0d158ec,3,0,4.851865378441289e-05
RU-A1239,img_959fddb3cb5ba6ad,3,0,3.193277370883152e-05
RU-A1239,img_6884c97a9b80867c,3,0,0.0001592191692907
RU-A1239,img_073122c18a534a3f,3,0,0.0001479202328482
RU-A1240,img_b2826c84edb1a981,3,1,0.0002060219121631
RU-A1240,img_e2929ffcd26a36bb,3,1,0.0020378110930323
RU-A1240,img_1a1f853295b0a1f7,3,1,0.0001048283811542
RU-A1240,img_df2b23c20d373cb2,3,1,0.0093538789078593
RU-A1240,img_5d4d38e81fc13079,3,1,0.000696204660926
RU-A1240,img_e4bbe624cbc3bcfa,3,1,5.545480235014111e-05
RU-A1240,img_fca381572b0f2812,3,1,5.592629167949781e-05
RU-A1240,img_332150a1c65cc706,3,1,0.0001384313654853
RU-A1240,img_2a566051f674d24c,3,1,0.0016323737800121
RU-A1240,img_e9ca392036a4b523,3,1,0.0010968965943902
RU-A1240,img_ab8c49011a55ede8,3,1,0.0003988615935668
RU-A1240,img_c3a0ac719e920d0e,3,1,0.0009236376499757
RU-A1345,img_7e61082adabd31d8,1,1,6.38158671790734e-05
RU-A1345,img_d3feff1211a4285c,1,1,0.0001516801276011
RU-A1345,img_cdbc4937d28fa0ee,1,1,0.0008603569003753
RU-A1345,img_22eb5d6e909db778,1,1,0.0013593864860013
RU-A1245,img_0b1da719028ee428,2,0,1.1793907106039114e-05
RU-A1245,img_c1c7c530d207703b,2,0,1.1007637112925296e-05
RU-A1245,img_19718b6879c6a4b5,2,0,2.966767715406604e-05
RU-A1245,img_a7bf02af7fb692b9,2,0,1.59419378178427e-05
RU-A1245,img_f2692bb748663132,2,0,5.518402031157166e-05
RU-A1245,img_be7ccbfa8f413e9f,2,0,0.0002171808882849
RU-A1245,img_ab0e56c36727edfb,2,0,0.0001614518405403
RU-A1245,img_1a07d10d000de6f6,2,0,0.0001655635423958
RU-A1245,img_89102dde89e25e9a,2,0,0.0001502240920672
RU-A1245,img_6b92f1c7fec81682,2,0,0.0002930057817138
RU-A1246,img_7a670da64b5e50db,2,0,7.0835834776517e-05
RU-A1246,img_e7f76e4dd817ca61,2,0,4.290576544008218e-05
RU-A1246,img_da8f1cba505a5ad1,2,0,0.0003168160328641
RU-A1246,img_582323e232fcf005,2,0,0.0049255709163844
RU-A1248,img_beddcaa9017f505b,3,0,5.1451923354761675e-05
RU-A1248,img_bc651650612474fa,3,0,6.120523175923154e-05
RU-A1248,img_e74ecb9e8e6b164b,3,0,0.0001711264631012
RU-A1248,img_c5e470e6c5e1641a,3,0,7.143439870560542e-05
RU-A1248,img_43482114ff3743bb,3,0,0.0001156206126324
RU-A1347,img_40f993093261617b,0,1,0.9653463959693908
RU-A1347,img_90ed0a0384e864cb,0,1,0.9522945880889891
RU-A1020,img_6ebf0480440eeb8b,3,0,0.0004014536389149
RU-A1020,img_3b28f6fb43310f01,3,0,0.0005160461878404
RU-A1020,img_b896f1618048adaa,3,0,0.0060878307558596
RU-A1020,img_ff34f3ed16e85d10,3,0,0.0023210642393678
RU-A1020,img_e1dfa0df1f51f26f,3,0,0.0024845034349709
RU-A1020,img_38b66d83c3e10e5f,3,0,0.0001265799073735
RU-A1020,img_269af53d528b1f3b,3,0,0.0002004714915528
RU-A1166,img_7db6e6ebb2386254,2,0,1.3029177353018896e-05
RU-A1166,img_04d2698a8ec4e773,2,0,1.1179869943589438e-05
RU-A1166,img_e48273b2c657ace2,2,0,0.0001199011676362
RU-A1166,img_b5193f801f3b0651,2,0,4.4885931856697425e-05
RU-A1166,img_8cd4e57f5a7f3fbf,2,0,0.0010134836193174
RU-A1166,img_8c3b4f88af2c18d0,2,0,0.0010997613426297
RU-A1166,img_52722c7a1339f08b,2,0,2.7772986868512817e-05
RU-A1153,img_88c42d232e084af2,3,0,0.000141355121741
RU-A1153,img_6b2a1851b06d2968,3,0,0.0002272685960633
RU-A1153,img_b3b08eefab81dc7a,3,0,0.0062634372152388
RU-A1067,img_e4b1cb7a4084f5aa,1,0,7.614798960275948e-05
RU-A1067,img_af4aba150dcdd3ff,1,0,0.0002910643815994
RU-A1067,img_283d2d5b706f4a10,1,0,0.8515862226486206
RU-A1067,img_4c686295431a83d9,1,0,0.0184549819678068
RU-A1067,img_1787244bdbcfa17f,1,0,3.3909400372067466e-05
RU-A1067,img_d7a788735478282b,1,0,2.74889862339478e-05
RU-A1067,img_8a2299337955ff3f,1,0,5.361787771107629e-05
RU-A1067,img_1edb5a7636a9c074,1,0,0.000102075144241
RU-A1067,img_9f660a26a61b58e8,1,0,4.811474718735553e-05
RU-A1111,img_1cd53353b8617071,1,0,4.238999099470675e-05
RU-A1111,img_7dcdf6badb261622,1,0,0.0001164046043413
RU-A1111,img_c1200a40c8ffa7a5,1,0,0.0001185672808787
RU-A1111,img_426db2853397d34f,1,0,4.296595579944551e-05
RU-A1111,img_258ef9ea500043f1,1,0,3.119500615866855e-05
RU-A1111,img_b5efa60b2a2e54c1,1,0,3.485392517177388e-05
RU-A1111,img_ff6679dafd6bb8a8,1,0,3.249385554227047e-05
RU-A1111,img_555a0eed519bc91b,1,0,2.800415677484125e-05
RU-A1111,img_68ce501b08448270,1,0,2.6274521587765776e-05
RU-A1111,img_56763286b16db0a6,1,0,2.779450369416736e-05
RU-A1111,img_b65531f2691565a9,1,0,7.332934183068573e-05
RU-A1111,img_e6126205083bed2e,1,0,9.005751053337008e-05
RU-A1111,img_c430eaac3bcee87b,1,0,0.0001234188239322
RU-A1111,img_38493665fbd7fc50,1,0,5.036263610236347e-05
RU-A1149,img_bbf258ea7b72621d,2,0,0.000488172925543
RU-A1149,img_fa033a5cd5376bdd,2,0,0.0001638405956327
RU-A1177,img_20361e9a65e9b7a3,3,0,5.264398714643903e-05
RU-A1177,img_111685f7f081edfa,3,0,4.4368011003825814e-05
RU-A1177,img_fea19a9cfd0b6731,3,0,0.0021893375087529
RU-A1177,img_3add4b70d70febec,3,0,0.0011355791939422
RU-A1179,img_79ba5a1608358e10,2,0,0.0001745385088725
RU-A1179,img_02bcd5eefe3ac2f5,2,0,7.185361027950421e-05
RU-A1179,img_a2640cbb642bfa27,2,0,4.033333243569359e-05
RU-A1179,img_57140cb499290165,2,0,2.0424562535481527e-05
RU-A1181,img_95278a1793767bf5,0,0,0.0498451627790927
RU-A1181,img_5746beb86ec3e5f7,0,0,0.4679745137691498
RU-A1181,img_348f5c02ab93acd5,0,0,0.0013880166225135
RU-A1181,img_49b9a19b2d71e267,0,0,0.000536281731911
RU-A1182,img_72a6b03b03822cdf,4,0,0.9372278451919556
RU-A1182,img_260b6b676862b479,4,0,0.7202640175819397
RU-A1182,img_70033e2e448b5422,4,0,0.0048065739683806
RU-A1182,img_c299d29bd0f9727b,4,0,0.0230941604822874
RU-A1183,img_ea651f8d1fa0b977,2,0,3.3568892831681296e-05
RU-A1183,img_f354e7452ed4f731,2,0,2.9948043447802775e-05
RU-A1183,img_c0fcbd5c9ef681d8,2,0,3.264723636675626e-05
RU-A1183,img_d8ee1ebb142b9b41,2,0,3.029350955330301e-05
RU-A1185,img_932b5fc52ae332d4,1,0,3.9639377064304426e-05
RU-A1185,img_e3ab61ccfc73868f,1,0,7.102582458173856e-05
RU-A1185,img_ca5e4ba2c40087ba,1,0,9.23292463994585e-05
RU-A1185,img_c5e29373480c9838,1,0,5.3416239097714424e-05
RU-A1250,img_bc42d5b6df347267,2,0,4.941420411341824e-05
RU-A1250,img_1973d0ad146c6caf,2,0,2.193084583268501e-05
RU-A1250,img_d21ae07be7521ee4,2,0,0.0004654649819713
RU-A1250,img_fae9a948208af627,2,0,4.26226579293143e-05
RU-A1250,img_9aa8739a0f7d5ebc,2,0,3.28951864503324e-05
RU-A1250,img_5e69f1ab96f7bbec,2,0,1.3893779396312311e-05
RU-A1250,img_9c9aac34eec51086,2,0,3.7042333133285865e-05
RU-A1250,img_a0fc20927e5f670b,2,0,0.0001639837719267
RU-A1250,img_ce896261265900d1,2,0,9.518180740997197e-05
RU-A1250,img_3be085020d15861d,2,0,6.541732727782801e-05
RU-A1250,img_cbfaf1ca6e402023,2,0,5.524251901078969e-05
RU-A1251,img_3052a7aac94abe19,2,1,5.27075826539658e-05
RU-A1251,img_b1c1ad411bee2dab,2,1,5.544771556742489e-05
RU-A1251,img_2dad71961b5ab5f4,2,1,0.0002510043559595
RU-A1251,img_6bbcbca4ebf1dcc3,2,1,0.0001952071179402
RU-A1251,img_bc72bd486195709b,2,1,5.1381121011218056e-05
RU-A1251,img_9bb4761e496a7c19,2,1,0.0001827284577302
RU-A1251,img_026b03b707d69374,2,1,2.22621820284985e-05
RU-A1251,img_37d73ec364ecd89c,2,1,1.454883113183314e-05
RU-A1251,img_389663b2e72f8ccd,2,1,5.3885862143943086e-05
RU-A1251,img_e9207379d7cf370f,2,1,6.686485721729696e-05
RU-A1251,img_b9c8195ff22a5bdb,2,1,4.9224756367038935e-05
RU-A1251,img_23808aa99ad4a010,2,1,4.759546573041007e-05
RU-A1251,img_0d4e2f8217a6a429,2,1,0.0219306368380785
RU-A1251,img_7e3e648b59b560ff,2,1,0.425667405128479
RU-A1251,img_448498b4a6226637,2,1,8.736974450584967e-06
RU-A1251,img_5a418c5470c18130,2,1,1.2374477591947652e-05
RU-A1251,img_9b3dda18f52398c3,2,1,0.000893532007467
RU-A1251,img_a9aa2953c27365bd,2,1,0.0012269876897335
RU-A1251,img_bbe2192ae099d420,2,1,0.0002214465494034
RU-A1251,img_62a1e3c01176e5ea,2,1,0.0005812455201521
RU-A1251,img_98d9bd347e7dca9c,2,1,3.981493864557706e-05
RU-A1251,img_fc56cd99f782bd0a,2,1,1.957940003194381e-05
RU-A1251,img_98af12855b0e7a13,2,1,0.0001734235265757
RU-A1251,img_db3f7d60f735ecbc,2,1,0.0001667530596023
RU-A1251,img_5666a5cd5bd0e47c,2,1,0.0002194711123593
RU-A1251,img_6a5849527105d664,2,1,0.0002588305214885
RU-A1252,img_64312d924d92e23b,2,0,1.8470576833351515e-05
RU-A1252,img_ed9223aa6ace71e9,2,0,2.9574628570117056e-05
RU-A1252,img_549dc037d491a696,2,0,5.28749187651556e-05
RU-A1252,img_4e3b338be34c9d38,2,0,1.4395278412848713e-05
RU-A1252,img_1229ea2445e71815,2,0,1.3780374501948243e-05
RU-A1252,img_3f861a7833361ca2,2,0,2.897171361837536e-05
RU-A1252,img_a63f7b50351280f1,2,0,5.762735600001179e-05
RU-A1252,img_63a26b05ae24e71e,2,0,2.30084806389641e-05
RU-A1252,img_20bf0be79d47c78b,2,0,1.916130531753879e-05
RU-A1252,img_b11e68f0000cf42d,2,0,2.3951173716341145e-05
RU-A1252,img_ab24060abf7e2b5a,2,0,0.0001187672387459
RU-A1252,img_f3fe90b8d540e894,2,0,5.467731898534112e-05
RU-A1252,img_d0f362f52a0f8893,2,0,4.098362478544004e-05
RU-A1252,img_d53477674959abf2,2,0,3.375076630618423e-05
RU-A1252,img_40eca33277dbef3a,2,0,2.3113118004403077e-05
RU-A1252,img_a8dfa2b3f56a932b,2,0,2.8355281756375916e-05
RU-A1252,img_8e205f4c444de7a7,2,0,0.000114104754175
RU-A1252,img_101a46fad5805961,2,0,0.0028898059390485
RU-A1252,img_84c0e68ffc4e74f7,2,0,7.157262007240206e-05
RU-A1252,img_6ea321d0ea22adf8,2,0,5.562789010582492e-05
RU-A1252,img_fadc9151e90eb6be,2,0,0.0001934793690452
RU-A1252,img_2ea72473b736af7f,2,0,0.000442660821136
RU-A1252,img_f1c1d69ac3d58479,2,0,3.222495433874428e-05
RU-A1252,img_49bb7dff4e6f9a40,2,0,6.156587915029377e-05
RU-A1252,img_657d8f17dcf690e5,2,0,4.114858165849e-05
RU-A1252,img_0f8593592fbe074b,2,0,1.9709037587745115e-05
RU-A1252,img_e40f5ee990f881e9,2,0,0.0004663005529437
RU-A1252,img_cbefeef31ea64e78,2,0,9.416384273208678e-05
RU-A1252,img_0745a2dbb2e98fd9,2,0,3.2838455808814615e-05
RU-A1252,img_c0cf11b324e4ffe3,2,0,3.309745079604909e-05
RU-A1252,img_9db3aaf1d03fe174,2,0,0.0002206662902608
RU-A1252,img_5448d64c6289d498,2,0,9.305305866291746e-05
RU-A1252,img_2b24113199a30b16,2,0,2.7890033379662785e-05
RU-A1252,img_dd4c063159a69006,2,0,3.3633878047112375e-05
RU-A1252,img_e720fe8c0fd5bb6d,2,0,6.86260755173862e-05
RU-A1252,img_da34bd5c422736bf,2,0,2.7990246962872337e-05
RU-A1252,img_af56dcaa762d52a3,2,0,0.0002987087646033
RU-A1252,img_04eb48325d3eeadf,2,0,0.0003771586634684
RU-A1252,img_47dca7d163b82cea,2,0,0.0008068017777986
RU-A1252,img_4d855547d6d490f2,2,0,0.0002510852355044
