pid,image_id,fold,y_true,proba
RU-A1156,img_2919fb9629af8eb6,4,1,0.0002429848100291
RU-A1156,img_d113fcf2b340674b,4,1,0.0002753479056991
RU-A1048,img_615157a6f6318fc0,0,1,0.0012783791171386
RU-A1048,img_1af1a8ac1245dd39,0,1,0.0076323575340211
RU-A1048,img_0434b8184663ea6a,0,1,0.0006782905547879
RU-A1048,img_1347dbe04673e854,0,1,0.0015163102652877
RU-A1048,img_5e7df910a2c0ac34,0,1,0.9056828022003174
RU-A1048,img_01a97ea00547c5bf,0,1,0.9520557522773744
RU-A1048,img_cdd19bc4e12d3f46,0,1,0.6669553518295288
RU-A1048,img_a2d37942a0dbbc96,0,1,0.4998221695423126
RU-A1048,img_5410faa7cb69fefd,0,1,0.6026729345321655
RU-A1048,img_02224c7fbd4dd58a,0,1,0.0519470050930976
RU-A1048,img_76da8f0577c13e22,0,1,0.9758269786834716
RU-A1048,img_77a1e9fda7d6f6ed,0,1,0.9878254532814026
RU-A1048,img_393086b1d76cf2e3,0,1,0.0001955332991201
RU-A1048,img_2daa10ddecff8b06,0,1,0.0124393040314316
RU-A1048,img_583fd0ffd3a7fae2,0,1,0.0170098636299371
RU-A1048,img_7efb7f864b447cc7,0,1,0.0036593142431229
RU-A1048,img_5cc8a8b1f0819e10,0,1,0.0021953571122139
RU-A1048,img_0ada6a07b5b250db,0,1,0.0087228836491703
RU-A1048,img_2dc9bdc31e605b73,0,1,0.0337111614644527
RU-A1048,img_19c1e67cae61b925,0,1,0.0007988467114046
RU-A1048,img_f905a8654c65f429,0,1,0.0798823684453964
RU-A1048,img_da5f0762a08801b8,0,1,0.4941120743751526
RU-A1048,img_9e431fa94056e03b,0,1,0.9832632541656494
RU-A1048,img_552958db4b80a3c8,0,1,0.9213780164718628
RU-A1080,img_53d27e21f6293a1a,3,0,0.0005994972889311
RU-A1080,img_e4462661e8adeeaa,3,0,0.001212534494698
RU-A1080,img_b7c02f7e41a921b7,3,0,0.0055860537104308
RU-A1080,img_f6c8588b96713ccc,3,0,0.0182091817259788
RU-A1080,img_e7e6926b0c5d8fe3,3,0,0.0963825955986976
RU-A1080,img_763a8069a29b9b05,3,0,0.2089724987745285
RU-A1080,img_a0004c6821cef0f7,3,0,0.0011998786358162
RU-A1080,img_a98e6efe9c8de603,3,0,8.772506407694891e-05
RU-A1080,img_cb025e3782630dbe,3,0,0.0009532327530905
RU-A1080,img_8f18c4773b2ced5b,3,0,0.4578766524791717
RU-A1080,img_49be88c649c5c5be,3,0,0.8722937107086182
RU-A1089,img_e22a379091047774,1,1,0.0001044877571985
RU-A1089,img_bdfb8c59d943520a,1,1,0.0001464591914555
RU-A1099,img_ced36bdbc001ccc5,2,1,3.010372347489465e-05
RU-A1099,img_934d287b5ca033af,2,1,2.0807776309084147e-05
RU-A1099,img_605490138f3b6cce,2,1,0.0001337159919785
RU-A1099,img_5f889a4ac2057fb5,2,1,0.0001149656891357
RU-A1099,img_026898dfaf220c28,2,1,4.073518357472494e-05
RU-A1099,img_09b90c24774e7828,2,1,4.523037205217406e-05
RU-A1099,img_ca690feda1d750fa,2,1,0.0001167105874628
RU-A1099,img_76769bde8f825629,2,1,8.354692545253783e-05
RU-A1107,img_9d423112ae60515f,0,0,0.0003381675924174
RU-A1107,img_70c41eda32a6d457,0,0,0.0001497369812568
RU-A1107,img_698fb297a7c6039d,0,0,9.899466385832056e-05
RU-A1107,img_5a3419b739374530,0,0,0.0001896651374408
RU-A1016,img_1d66366cc1998061,1,0,0.9974008798599244
RU-A1016,img_d645bb77266d216e,1,0,0.9987590312957764
RU-A1016,img_da759c53188dfdb3,1,0,0.8753015995025635
RU-A1016,img_2855963ede417424,1,0,0.1100455820560455
RU-A1016,img_23ca300f480bc79f,1,0,0.0035343621857464
RU-A1016,img_1a7a1dd3d46fc9a1,1,0,0.0025877994485199
RU-A1016,img_70a1cef338771195,1,0,0.0308233443647623
RU-A1016,img_7a817b858d664095,1,0,0.0166366882622241
RU-A1016,img_10fa9ab5f75b2e02,1,0,0.9097230434417723
RU-A1016,img_7ba1a59cd0f4ad6d,1,0,0.9550899863243104
RU-A1016,img_629dc507d72bad23,1,0,0.9283416271209716
RU-A1052,img_30ccafa79b1e5c28,2,0,2.8438851586543024e-05
RU-A1052,img_8ce1046e2ebff118,2,0,2.4683420633664355e-05
RU-A1052,img_78ad139745c96657,2,0,3.3622334740357473e-05
RU-A1052,img_0a077b8d620d3f1f,2,0,3.625968383857981e-05
RU-A1052,img_574ca5460edab67d,2,0,1.2711675481114073e-05
RU-A1052,img_1e8f662b5872bf74,2,0,1.1387397535145284e-05
RU-A1052,img_689f29f80d42312b,2,0,0.0003266542917117
RU-A1052,img_89074b12d5e3769f,2,0,7.794532575644553e-05
RU-A1052,img_6e69a1cffb1797fe,2,0,8.577859989600256e-05
RU-A1052,img_bb88c76ad332f52c,2,0,0.0001271185319637
RU-A1052,img_6b9803ba9e3f4d39,2,0,0.0001202783823828
RU-A1052,img_345241a2162f61a8,2,0,5.988495468045585e-05
RU-A1058,img_8ca9b1dfea8f445b,2,0,2.609955845400691e-05
RU-A1058,img_1448eb37b91dfbf2,2,0,1.266601884708507e-05
RU-A1058,img_d1a2c8e18334ad60,2,0,3.212054434698075e-05
RU-A1058,img_1285bc76185e755d,2,0,4.2181109165539965e-05
RU-A1058,img_ac7b7097852242e3,2,0,0.00086375256069
RU-A1058,img_87af2e58ec90a397,2,0,9.380185656482354e-05
RU-A1058,img_53f9e1bf5a2928fd,2,0,0.003782908199355
RU-A1058,img_0c6632a19da1d320,2,0,0.0005672239349223
RU-A1058,img_1397bd6a0fcbb42b,2,0,3.797877798206173e-05
RU-A1058,img_8ab00ebe9c4df78f,2,0,5.0993832701351494e-05
RU-A1058,img_ffed7cab95661d93,2,0,9.441308066016064e-05
RU-A1058,img_9b6fdf227782fd34,2,0,0.0001315936096943
RU-A1058,img_bd58a96c7a49a8fa,2,0,5.29916251252871e-05
RU-A1058,img_f01449513fc32162,2,0,5.449616946862079e-05
RU-A1058,img_7722642afa3d1969,2,0,0.0001670720084803
RU-A1058,img_588134547734a2ad,2,0,0.0025353669188916
RU-A1058,img_fc9442cf9ee7d0a7,2,0,7.379267481155694e-05
RU-A1058,img_bacc99d5d573c2f7,2,0,3.8042904634494334e-05
RU-A1058,img_a813e15ee1fb49a5,2,0,1.0371558346378151e-05
RU-A1058,img_6b4c91c46e2ee9e7,2,0,1.8486067347112112e-05
RU-A1058,img_6e04fb5a35747565,2,0,0.1799435466527938
RU-A1058,img_6cb909bef7a2df08,2,0,0.0058289603330194
RU-A1058,img_01172d93cf2bd66a,2,0,0.0002041737461695
RU-A1058,img_0d38dc280a0ed213,2,0,0.0003888554347213
RU-A1074,img_a0861ea9e7660989,2,0,2.3326714654103853e-05
RU-A1074,img_e145a6fa6dd942f6,2,0,2.4616050723125227e-05
RU-A1074,img_31f3a4018f5dd8d0,2,0,0.0004370134265627
RU-A1074,img_c944a6f2be7b4fe9,2,0,0.0003561710764188
RU-A1074,img_36173f5c1e011c0d,2,0,0.0015498128486797
RU-A1074,img_1a8ed1c40c6e7e5f,2,0,0.005435746628791
RU-A1098,img_3ae15fde7f9afade,3,0,0.0010886545060202
RU-A1098,img_905e1b987819fed4,3,0,0.000537849671673
RU-A1098,img_37c256109ac3a823,3,0,0.0001352251711068
RU-A1098,img_e00095b434bed28d,3,0,0.0002236682630609
RU-A1098,img_4fdbe66edfebdc04,3,0,0.0001556394418003
RU-A1098,img_dc432a1c6eaf385c,3,0,4.81515635328833e-05
RU-A1098,img_31a7b21a748aed23,3,0,0.0768174231052398
RU-A1098,img_1cccaf4a04648eb1,3,0,0.0019031178671866
RU-A1050,img_d2ef31434a0fff6e,3,1,0.0002891903277486
RU-A1050,img_ee0066527d1c4cd6,3,1,0.0002249832323286
RU-A1068,img_0dc274e4a92e9052,2,0,2.7861138732987456e-05
RU-A1068,img_c865d5a832893e9b,2,0,2.9537590307882056e-05
RU-A1068,img_164e07147199a243,2,0,3.7700818211305887e-05
RU-A1068,img_fac566c3c6c081fd,2,0,5.657847577822395e-05
RU-A1068,img_fadbd2819e4b7f0b,2,0,2.770563878584653e-05
RU-A1068,img_6195cb9ef196e838,2,0,4.189895116724074e-05
RU-A1068,img_df1bb1f949077480,2,0,6.805168959544972e-05
RU-A1068,img_ccdb8b939171d9df,2,0,6.526472861878574e-05
RU-A1068,img_1480e4fb992468df,2,0,1.579457602929324e-05
RU-A1068,img_93521b4fc9a39744,2,0,2.85466194327455e-05
RU-A1068,img_0ef6c053a1efa9cb,2,0,4.0278446249431e-05
RU-A1068,img_25d8ce440d731440,2,0,3.913341060979292e-05
RU-A1068,img_a1eb985fcd771a63,2,0,0.1323452889919281
RU-A1068,img_6919fc42f2cb0292,2,0,0.0043060882017016
RU-A1069,img_29fea1742bde81f1,3,0,0.0078724073246121
RU-A1069,img_d3537ec084088385,3,0,0.0012435716344043
RU-A1069,img_5f90bb3a75a84565,3,0,0.0001287460909225
RU-A1069,img_89432fed4f986adb,3,0,6.665235559921712e-05
RU-A1069,img_7a36ca777906472c,3,0,0.5329603552818298
RU-A1069,img_dbe15317497aec02,3,0,0.0209240727126598
RU-A1069,img_00881378b5922b46,3,0,0.0057340725325047
RU-A1069,img_11333961ba50a402,3,0,0.0056068100966513
RU-A1069,img_2730485b8df5a181,3,0,0.97783362865448
RU-A1069,img_144d587daae63140,3,0,0.9052444696426392
RU-A1069,img_9e907ab2c0c5f60f,3,0,0.9851468205451964
RU-A1069,img_c2312dc45a9ee6c9,3,0,0.8966971635818481
RU-A1069,img_66f1fc5d75ccad3c,3,0,0.0013631888432428
RU-A1069,img_f40cefc5aabb8685,3,0,0.0205098800361156
RU-A1069,img_3539ec17c0f6dc19,3,0,0.0050381729379296
RU-A1069,img_2f445d43cb6a4c34,3,0,0.0004978711949661
RU-A1069,img_096a19e1485e3e1d,3,0,0.0014610248617827
RU-A1069,img_38e65d5e417cbbd8,3,0,0.0014686776557937
RU-A1069,img_b7487da3d4cbfd51,3,0,0.0006081555620767
RU-A1069,img_de7f3391803d823e,3,0,0.0011373265879228
RU-A1069,img_ec74d794cb0c8612,3,0,0.0002763053926173
RU-A1069,img_fd9e9ef128d318ca,3,0,4.2535564716672525e-05
RU-A1069,img_1958472f7c720185,3,0,2.7663656510412693e-05
RU-A1069,img_1c977fc3cb36e35c,3,0,2.666166255949065e-05
RU-A1069,img_dc6e72e5addf23c9,3,0,8.538849942851812e-05
RU-A1069,img_1c331cded5089a43,3,0,5.436059655039571e-05
RU-A1069,img_902a4cff1b93d849,3,0,3.99773234676104e-05
RU-A1069,img_be34d14764caec98,3,0,2.262439920741599e-05
RU-A1069,img_14783106ce96dfba,3,0,0.000743749551475
RU-A1069,img_f7009805dff8f9cf,3,0,0.0010791368549689
RU-A1069,img_cbe30f9cebd532ad,3,0,0.0048646787181496
RU-A1069,img_807f692be3a97d7b,3,0,0.0027412243653088
RU-A1071,img_f1bf7e185918828e,0,1,0.0244483221322298
RU-A1071,img_6764b3bb82303282,0,1,0.0051699005998671
RU-A1071,img_255ba469849c7fbe,0,1,0.0505188591778278
RU-A1071,img_fb8cdf71da917259,0,1,0.0071096098981797
RU-A1071,img_5d53ba894d46933e,0,1,0.0046591367572546
RU-A1071,img_18981532a2de742f,0,1,0.0017153312219306
RU-A1072,img_e4d19559ce6c7c5b,0,0,0.8927088975906372
RU-A1072,img_745564efb4b1aedf,0,0,0.5675333142280579
RU-A1072,img_b9428b3d585b9fee,0,0,5.063978460384533e-05
RU-A1072,img_30d0d7cbd2ae936d,0,0,8.507996244588867e-05
RU-A1072,img_09350acbf91fa1d1,0,0,0.0052471570670604
RU-A1072,img_e96f4fedd84d477b,0,0,0.0008038502419367
RU-A1072,img_2a6459477585e3f1,0,0,9.376215894008055e-05
RU-A1072,img_f1dbff2a22171d4e,0,0,0.0008318649488501
RU-A1073,img_8dba78fb4cbfdcb2,4,0,0.0001511050068074
RU-A1073,img_510a24476049a246,4,0,7.302947778953239e-05
RU-A1073,img_05613777d7d60acf,4,0,0.0007962005911394
RU-A1073,img_69a449be8babb7c4,4,0,5.6277247495017946e-05
RU-A1073,img_bf31b7c2b9a2c89a,4,0,9.809798939386384e-05
RU-A1073,img_ccdf9e7d4d800d31,4,0,4.948772402713075e-05
RU-A1073,img_9d374727786014d6,4,0,0.8585717082023621
RU-A1073,img_3eeff4e77fc6c6ee,4,0,0.8899420499801636
RU-A1073,img_a658cde89dc61e4f,4,0,0.993513822555542
RU-A1073,img_8adf2d3bfaa855df,4,0,0.8674760460853577
RU-A1073,img_43ce6eaffe64af70,4,0,0.9887992739677428
RU-A1076,img_bb2fb924b90d812c,1,0,0.0516553409397602
RU-A1076,img_0744d508411907b0,1,0,0.054176926612854
RU-A1076,img_611f27940adb49c8,1,0,0.0132995611056685
RU-A1076,img_644a8a6165b936ba,1,0,0.020128296688199
RU-A1076,img_534fc301f6b1e833,1,0,0.9956933856010436
RU-A1076,img_fa80805e4426bc0e,1,0,0.9966856837272644
RU-A1076,img_8ca4a7fbe4e032bb,1,0,0.9474101066589355
RU-A1076,img_4835ab32c70833cc,1,0,0.975020468235016
RU-A1126,img_4ddb1f110e63c31b,2,0,3.035649388039019e-05
RU-A1126,img_35bf6e4514660541,2,0,2.0517489247140475e-05
RU-A1126,img_f242ba277c2de047,2,0,1.6134101315401495e-05
RU-A1126,img_dae060c5b2c5ecf1,2,0,2.024502828135155e-05
RU-A1126,img_a7f819e1627380f3,2,0,5.5134201829787344e-05
RU-A1126,img_46103a5600e7d5d5,2,0,3.575619120965712e-05
RU-A1126,img_d4f2f36284da00ee,2,0,1.3198356100474484e-05
RU-A1126,img_4e09a720d179bb90,2,0,2.966476313304156e-05
RU-A1126,img_101a1e6361f5d305,2,0,1.4058867236599326e-05
RU-A1126,img_377d04c2fcdda1f4,2,0,1.6153806427610107e-05
RU-A1126,img_4586a68b3d2249a8,2,0,1.73521475517191e-05
RU-A1126,img_53cab7963dfdb145,2,0,1.598265953361988e-05
RU-A1126,img_39d5cad440ad53bc,2,0,3.211248622392304e-05
RU-A1126,img_056bdeb69b8eb219,2,0,7.861262929509394e-06
RU-A1126,img_a26eb1715e61d6d7,2,0,2.6614110538503155e-05
RU-A1126,img_f7128edd69c5262b,2,0,8.778330811765045e-05
RU-A1126,img_69984608b5a511ee,2,0,2.7201638658880256e-05
RU-A1126,img_aeb0d9f5e4463af5,2,0,4.809787424164824e-05
RU-A1126,img_f0814c91261a030c,2,0,7.386603101622313e-05
RU-A1126,img_7a8b9e8f09a41c3e,2,0,2.798312016238924e-05
RU-A1126,img_9666940deb9aa619,2,0,3.112113699899055e-05
RU-A1126,img_8f58731f05b2d28f,2,0,0.0002039073879132
RU-A1126,img_bb03e6e5f4e38473,2,0,0.0001738134014885
RU-A1127,img_65f135634172bf81,0,0,3.6563651519827545e-05
RU-A1127,img_e11c00a5e4be1445,0,0,5.3197905799606815e-05
RU-A1127,img_bd270699ec7182d8,0,0,5.83429828111548e-05
RU-A1127,img_e435f67edcf96df7,0,0,0.0005860815290361
RU-A1127,img_a43b0bab4cd1ed22,0,0,0.0009994772262871
RU-A1127,img_fc88faf9ee7ce35a,0,0,0.0018927769269794
RU-A1127,img_26041efc1df315c9,0,0,0.0041037425398826
RU-A1127,img_7a642b7a90127e64,0,0,0.0021295228507369
RU-A1127,img_99531d809548016a,0,0,0.000842759036459
RU-A1127,img_af09bc5d6bba7a42,0,0,0.0671180263161659
RU-A1127,img_b6e2d573eaf7b7cd,0,0,0.0173823647201061
RU-A1127,img_f9f954868257ad47,0,0,0.0654417052865028
RU-A1127,img_db6a9fd49d75710d,0,0,0.0534143261611461
RU-A1127,img_83a990ec838630eb,0,0,0.0331147126853466
RU-A1127,img_0ca49a5a34306a63,0,0,1.38508366944734e-05
RU-A1127,img_258742d4f1fa433c,0,0,1.4699930034112184e-05
RU-A1128,img_f4c5b5b86d18cce6,0,0,5.249259629636072e-05
RU-A1128,img_204eec53a566d1b7,0,0,0.0001019350675051
RU-A1128,img_701ac62ee9a3469d,0,0,8.260689355665818e-05
RU-A1128,img_789ac8a72d2f1104,0,0,0.0001204337750095
RU-A1128,img_eec002ba891bdbc6,0,0,0.4731303751468658
RU-A1128,img_8b119e966f9ca72f,0,0,0.2182624340057373
RU-A1128,img_c853576ec6962317,0,0,3.3923435694305226e-05
RU-A1128,img_e716f023a7d8d739,0,0,2.1534504412557e-05
RU-A1128,img_538d5666e7520d8e,0,0,3.362525239936076e-05
RU-A1128,img_7a5261be4e4997f3,0,0,4.6233479224611074e-05
RU-A1128,img_0f7370c1b633d224,0,0,4.178211747785099e-05
RU-A1128,img_ac771a3bced2f6b2,0,0,3.593185465433635e-05
RU-A1129,img_f6039f0947ed5b6b,3,0,4.526968041318469e-05
RU-A1129,img_e3e37d1eb88750cc,3,0,0.0008337134495377
RU-A1129,img_89e7758c27344884,3,0,7.971068407641724e-05
RU-A1129,img_be95c5b90c88c440,3,0,6.744620623067021e-05
RU-A1129,img_48e7aa056995efae,3,0,9.456210682401434e-05
RU-A1129,img_137a5b427d8d4a64,3,0,0.0005119371344335
RU-A1129,img_6dd6e89d47bb86fe,3,0,1.6445408618892543e-05
RU-A1129,img_e4c96351506b7f65,3,0,4.310878284741193e-05
RU-A1129,img_697570746b7b3079,3,0,3.230624497518875e-05
RU-A1129,img_7bd0ed37218258ca,3,0,2.4625391233712435e-05
RU-A1129,img_50278f3d469627de,3,0,2.4651733838254582e-05
RU-A1129,img_d9a943c8560821a6,3,0,2.155669244530145e-05
RU-A1129,img_85c9554d7ea88341,3,0,2.2861804609419775e-05
RU-A1129,img_25bf6bfb7549cdbb,3,0,5.068771497462876e-05
RU-A1129,img_1655afc496e7bcb4,3,0,2.403290091024246e-05
RU-A1129,img_b2c49f4a3ff85489,3,0,2.322910586372018e-05
RU-A1129,img_17dbaff41152c136,3,0,6.798851973144338e-05
RU-A1129,img_d293e37da6fcf502,3,0,7.071603613439947e-05
RU-A1130,img_48323da9bd082bec,3,0,0.0003172842261847
RU-A1130,img_2e06ce1cead79d54,3,0,0.000153793618665
RU-A1130,img_12daf29661aac061,3,0,0.001818198361434
RU-A1130,img_353bf259c477ee37,3,0,0.0597633607685565
RU-A1130,img_f7fb6cc5bc7d9e73,3,0,0.0002696528681553
RU-A1130,img_aa569dc1ef97c1fb,3,0,5.0677466788329184e-05
RU-A1130,img_f0b2453f76d15da4,3,0,2.9101029213052243e-05
RU-A1130,img_507260ca6a53b174,3,0,3.527434091665782e-05
RU-A1130,img_9b3878bfe27b7895,3,0,0.0001317308488069
RU-A1130,img_1f3a2d6655b84224,3,0,0.0003640794602688
RU-A1130,img_06f79d1195bec41d,3,0,0.0024617931339889
RU-A1130,img_79ef52bffc6ec78f,3,0,0.0043098721653223
RU-A1130,img_04ae63b035263d00,3,0,0.000100902019767
RU-A1130,img_bb74e7be37127015,3,0,9.72688794718124e-05
RU-A1130,img_949e23c2f2fd1016,3,0,5.80696105316747e-05
RU-A1130,img_1d4b352986086f6e,3,0,2.9359151085373018e-05
RU-A1130,img_67e7de3d28cb8496,3,0,2.494523869245313e-05
RU-A1130,img_3d0e575a22dab7e5,3,0,8.688338130014017e-05
RU-A1130,img_f6bf7c99481933fb,3,0,0.0001097286003641
RU-A1130,img_802074d2422790a7,3,0,0.0001009253974189
RU-A1130,img_988057f0440d7c5a,3,0,0.0001028201295412
RU-A1131,img_0b749114d42daca0,3,0,0.0155955580994486
RU-A1131,img_5a88d83db18de295,3,0,0.0049558542668819
RU-A1131,img_c106cde4c966041d,3,0,0.0003512714174576
RU-A1131,img_57defb92f758f758,3,0,0.0088501013815402
RU-A1131,img_c81cafa07f26cb7e,3,0,0.0079941591247916
RU-A1131,img_5c087d1a854b4a31,3,0,2.395240699115675e-05
RU-A1131,img_f79fbf1df0c8321a,3,0,2.306093847437296e-05
RU-A1131,img_dd162b079b094840,3,0,0.0006026400369592
RU-A1131,img_893f0d3825b554d5,3,0,0.0003005071484949
RU-A1131,img_57327063d7b6d713,3,0,8.283367787953466e-05
RU-A1131,img_f49e388ae10e67df,3,0,6.455426046159118e-05
RU-A1131,img_f3b4d6a85cb88d27,3,0,0.0029111285693943
RU-A1131,img_cdadac931b08d3a6,3,0,0.0082109663635492
RU-A1131,img_31d53487459c03e8,3,0,0.0061108171939849
RU-A1131,img_d1a41c081f78e132,3,0,0.0128071345388889
RU-A1131,img_b465ca99fe1f18a9,3,0,0.0002958690747618
RU-A1131,img_1c7146e0f3eede9b,3,0,0.0011047584703192
RU-A1131,img_58c3d1ce15725046,3,0,0.0016738483682274
RU-A1131,img_0c4dd14694c4841c,3,0,0.0061833676882088
RU-A1131,img_fc9b22f519120fb5,3,0,0.0022641432005912
RU-A1131,img_f07e722dd1aa4c6c,3,0,0.0043218042701482
RU-A1131,img_aceab744e6062350,3,0,0.0130704082548618
RU-A1131,img_b5e57ad9415462a0,3,0,0.0397942028939724
RU-A1131,img_5a09de8c7641ec04,3,0,0.0010501981014385
RU-A1131,img_df5a094a4793e8cf,3,0,0.0039565381594002
RU-A1131,img_a93bc4f399fcddb0,3,0,0.001570536289364
RU-A1131,img_e1ce17f85c54665c,3,0,0.0025651592295616
RU-A1132,img_15cf412b8a36ef71,4,0,1.852717286965344e-05
RU-A1132,img_0b7a2191dae0145e,4,0,1.4695121535623912e-05
RU-A1132,img_bd3bef2fda7e9294,4,0,0.0162957403808832
RU-A1132,img_c56c490910e5f114,4,0,0.0048290430568158
RU-A1132,img_29fe3d927d718862,4,0,0.0014647988136857
RU-A1132,img_6637779fbed35c03,4,0,0.0106137730181217
RU-A1133,img_4dd30ef220739129,2,0,4.679798075812869e-05
RU-A1133,img_9fdb3004006fb583,2,0,2.55965660471702e-05
RU-A1133,img_0f8a84c5585db9e0,2,0,2.1084209947730415e-05
RU-A1133,img_7e599e22da3e9ad2,2,0,2.6001009246101603e-05
RU-A1133,img_16ad54908803d355,2,0,1.4206798368832096e-05
RU-A1133,img_b8b1d03099d3b68e,2,0,1.4464801097346935e-05
RU-A1133,img_1d0da9d20fc15170,2,0,1.5635090676369146e-05
RU-A1133,img_5dbafefa1884bcc9,2,0,2.556027175160125e-05
RU-A1133,img_1e853a199f94bd0c,2,0,8.448791959381197e-06
RU-A1133,img_dde17dbd58b9b1d3,2,0,9.008022061607336e-06
RU-A1133,img_e2caff634357bc0e,2,0,0.000110532513645
RU-A1133,img_03ef30754e533a31,2,0,7.243852451210842e-05
RU-A1133,img_a77f45575c65a286,2,0,0.0001370832615066
RU-A1133,img_01396c8e70449092,2,0,1.2825698831875345e-05
RU-A1133,img_0eba25a0a12d1eb2,2,0,1.645265547267627e-05
RU-A1133,img_4798318cde3a1421,2,0,5.5026735935825855e-05
RU-A1133,img_203649cdb542ecee,2,0,7.86917153163813e-05
RU-A1134,img_ed36ea9af7ad3d98,4,0,5.7125558669213206e-05
RU-A1134,img_376ff3f0d8fe329a,4,0,0.0001174713834188
RU-A1134,img_9e4e935346f1d491,4,0,6.922386819496751e-05
RU-A1134,img_ff0b2d613e853bc2,4,0,7.255232048919424e-05
RU-A1135,img_56952127417c94b0,1,0,0.0087503939867019
RU-A1135,img_49f60fe3a815bbb9,1,0,0.0002336696779821
RU-A1135,img_effb746d58a61371,1,0,0.0007341696764342
RU-A1135,img_97a67ce819773434,1,0,0.0002096130774589
RU-A1135,img_74533c5080577f94,1,0,0.0009243273525498
RU-A1135,img_a95e9e26848f273f,1,0,0.00011239999003
RU-A1135,img_8e6f25b814f1bd4f,1,0,0.0011897286167368
RU-A1135,img_0d8b5d72aa37485c,1,0,0.0004897457547485
RU-A1135,img_e2207ad1fa5aaaf2,1,0,0.0008918941603042
RU-A1135,img_5745b0875fce9cd8,1,0,0.0029911857564002
RU-A1135,img_c474af5a94d6c7e7,1,0,0.4770817458629608
RU-A1135,img_8c32590e51086ca3,1,0,0.0546084567904472
RU-A1135,img_c82d8de6b91030fb,1,0,0.000239921209868
RU-A1135,img_c9e464554cddf543,1,0,0.000148021543282
RU-A1135,img_a173b1dde10d4bc3,1,0,0.0002273760910611
RU-A1135,img_017660fbfe2280a5,1,0,0.0004055115277878
RU-A1135,img_065ea38bcd0c7c62,1,0,0.0031156374607235
RU-A1135,img_a9479de5e22db8bd,1,0,0.0025910430122166
RU-A1136,img_e5219e7b26eb73b1,0,0,0.0002894206554628
RU-A1136,img_8e6c90ed9efe226e,0,0,0.000240090987063
RU-A1136,img_db87d54477455f59,0,0,2.834522456396371e-05
RU-A1136,img_5f0e93cb50037c12,0,0,2.2569902284885757e-05
RU-A1138,img_931d5f624e33e830,4,0,0.0002545320021454
RU-A1138,img_94fdc2acc712d855,4,0,0.0004522017843555
RU-A1138,img_9670dd15697b9414,4,0,0.0006969459354877
RU-A1138,img_52e3fb1a3a09f5fb,4,0,0.0006177526083774
RU-A1139,img_a0a0681c0f504288,3,0,0.1563721746206283
RU-A1139,img_80ff552783e0160d,3,0,0.9374217987060548
RU-A1139,img_3fb25d283203ec69,3,0,0.0004678048717323
RU-A1139,img_c09c2cf650dadbe0,3,0,0.000891599280294
RU-A1139,img_4f592f8b7198c69f,3,0,0.0067898598499596
RU-A1139,img_0243ed6625d457b6,3,0,0.0082910880446434
RU-A1139,img_396bfcc16f61b215,3,0,0.0003993276332039
RU-A1139,img_456c20f1e038272d,3,0,0.0055161253549158
RU-A1139,img_a5eb0bce84817083,3,0,0.0006559284520335
RU-A1139,img_215eac80c8974f54,3,0,0.0008061992120929
RU-A1139,img_35dc2dfe80bae39d,3,0,0.0003772974596358
RU-A1139,img_b961ac4ec3ae188f,3,0,0.0008566013420931
RU-A1139,img_b1f87444687720ea,3,0,0.0006685308762826
RU-A1139,img_dab42944989b11f2,3,0,0.0013967367121949
RU-A1139,img_8d942fb94cd14302,3,0,0.0004306765040382
RU-A1139,img_a8edc153e0a81e64,3,0,0.0002572908415459
RU-A1139,img_a53b36472b667b61,3,0,0.0001098784341593
RU-A1139,img_434603eb41ab48f0,3,0,0.0003439410647843
RU-A1139,img_2f2d73ad430f52d7,3,0,0.4357528984546661
RU-A1139,img_26fb18c28a6e53e6,3,0,0.0665831491351127
RU-A1140,img_26c110293f70dad1,4,0,8.55787584441714e-05
RU-A1140,img_ae5e7eba2b3aa7c8,4,0,0.0001164866698672
RU-A1140,img_00fa53f51edf4895,4,0,0.0001188831520266
RU-A1140,img_f3cbda6c7488e42c,4,0,7.57236557547003e-05
RU-A1140,img_194d27375a4fa5c6,4,0,0.0014315464068204
RU-A1140,img_a05d92da8b327445,4,0,0.0035352727863937
RU-A1140,img_7413a2de0aa0174b,4,0,0.000116458897537
RU-A1140,img_34889222a498afd6,4,0,0.0001709832577034
RU-A1141,img_ecdabe6a3e49ccd3,2,0,2.6582658392726444e-05
RU-A1141,img_4fb7b38c4698ebf3,2,0,2.7519568902789615e-05
RU-A1141,img_41475682c2aebfc3,2,0,1.540217999718152e-05
RU-A1141,img_fbf2ba863bd19b3b,2,0,1.4235280104912816e-05
RU-A1141,img_db6786c3dcf16060,2,0,5.958423935226165e-05
RU-A1141,img_ed6f3e7f8d72d048,2,0,9.393308573635296e-05
RU-A1141,img_03641367c2f44142,2,0,0.000447581987828
RU-A1141,img_b9237598d9256f2c,2,0,0.000135664929985
RU-A1141,img_e3ded371448f2b8a,2,0,4.648405592888594e-05
RU-A1141,img_c3f74ba3c8f13502,2,0,1.890424027806148e-05
RU-A1141,img_c1e472cb347b9bf7,2,0,0.000702608434949
RU-A1141,img_268532d45961e5a1,2,0,0.000524238392245
RU-A1142,img_b2ad183e525f10c1,2,0,2.182500429626089e-05
RU-A1142,img_25c26e43a8315a84,2,0,1.350108959741192e-05
RU-A1142,img_6ce18d9da5068176,2,0,1.0855031177925412e-05
RU-A1142,img_65057f6d6bc448f5,2,0,1.2614425031642895e-05
RU-A1142,img_bdc73face27cb757,2,0,1.7793374354369007e-05
RU-A1142,img_a73b2795321d87fd,2,0,1.6347432392649353e-05
RU-A1142,img_a4dec0f8826348fa,2,0,2.0742554625030607e-05
RU-A1142,img_70f42d3489e475e8,2,0,4.577686559059657e-05
RU-A1142,img_968b51a1720bbe67,2,0,3.833256778307259e-05
RU-A1144,img_2321d2c7c61443d5,1,0,0.00403588777408
RU-A1144,img_f9fbf54dd971d875,1,0,0.0581693537533283
RU-A1144,img_38e99becd6fe2fa6,1,0,0.0057192132808268
RU-A1144,img_ab4fa3020e4749e6,1,0,0.0034353288356214
RU-A1145,img_5506c96096e2993c,2,0,3.492069663479924e-05
RU-A1145,img_b2927a9e01e64f71,2,0,2.873557059501763e-05
RU-A1145,img_4a21211935dbf055,2,0,7.011389243416488e-06
RU-A1145,img_ab6ea08957db0f7f,2,0,1.2387253264023457e-05
RU-A1145,img_691cfcc39614dce0,2,0,6.0667884099530056e-05
RU-A1145,img_25dcbd43003f67a8,2,0,2.1818426830577664e-05
RU-A1145,img_0326cf3b6e450cc3,2,0,3.4703913115663454e-05
RU-A1145,img_7b523791a95e3682,2,0,4.999141310690902e-05
RU-A1145,img_ee6148fa870aea45,2,0,1.7930260582943447e-05
RU-A1145,img_b464a60724b572f1,2,0,9.935876005329192e-05
RU-A1145,img_85d0c89ba7b1deb2,2,0,4.95378662890289e-05
RU-A1145,img_106c4d1330a25198,2,0,0.0001012143475236
RU-A1145,img_728b520aa9b3df5b,2,0,5.332930959411897e-05
RU-A1145,img_e5f7b03075ac2b2d,2,0,2.550363387854304e-05
RU-A1145,img_0f524c91d54a0ee1,2,0,4.365244967630133e-05
RU-A1145,img_8f29a44b434e5073,2,0,6.055736594134942e-05
RU-A1145,img_6047d9d88baa7ec6,2,0,5.5467178754042834e-05
RU-A1146,img_ced7d37a8dae7e24,0,0,2.3850838260841556e-05
RU-A1146,img_15c81a3a70b32e64,0,0,4.5898472308181226e-05
RU-A1146,img_d36a03a1d0789eba,0,0,1.097871245292481e-05
RU-A1146,img_18a50179b924dc8c,0,0,1.488739417254692e-05
RU-A1146,img_0fed6dfc88b8b783,0,0,0.0001464727392885
RU-A1146,img_f28324d2ab8439c5,0,0,4.975328192813322e-05
RU-A1146,img_96bbdcf63f1c1f66,0,0,0.0001398513995809
RU-A1146,img_cb16569d14cc9ca2,0,0,8.814298780634999e-05
RU-A1146,img_547da02fb9eca47e,0,0,3.4932687412947416e-05
RU-A1146,img_4b0b2dc7686d6899,0,0,3.892104359692894e-05
RU-A1147,img_69e14d7b393117b7,0,0,0.0020829935092478
RU-A1147,img_f5aca410d64307db,0,0,0.0022074703592807
RU-A1147,img_fcdd57bb839a53a4,0,0,3.518095036270097e-05
RU-A1147,img_3903baa4c4f2c7c7,0,0,3.749171810341067e-05
RU-A1147,img_402a2adeeaf43be0,0,0,5.930669067311101e-05
RU-A1147,img_12af5491025ef0ea,0,0,0.0001526563428342
RU-A1147,img_9210309a03851a22,0,0,0.0001569934247527
RU-A1147,img_5ae420538bcec54b,0,0,6.0795064200647175e-05
RU-A1147,img_5e70d2b34946b905,0,0,8.570403588237241e-05
RU-A1147,img_759efcb3c4356499,0,0,0.0001224905718117
RU-A1147,img_17b76f0a1611d140,0,0,0.0001056207547662
RU-A1147,img_4624055e69a270ac,0,0,8.605454058852047e-05
RU-A1147,img_ff7accb2b937f7d6,0,0,0.0001366291253361
RU-A1202,img_4c401195a5b2dbc8,1,0,0.000135489492095
RU-A1202,img_4fbe40f27ae53a8d,1,0,5.344222518033348e-05
RU-A1202,img_5daedf8cf6d54f2b,1,0,0.0006754007190465
RU-A1202,img_2429b0c9ac82f187,1,0,0.021924253553152
RU-A1202,img_b968590fd31c6c14,1,0,7.20908647053875e-05
RU-A1202,img_39d666110e045dd9,1,0,0.0001242780563188
RU-A1202,img_17102de048dbece6,1,0,0.0006514562992379
RU-A1202,img_4aed10f09f507bdc,1,0,0.0007124404655769
RU-A1202,img_96ada6b1a6c5ed2b,1,0,0.0002168076462112
RU-A1202,img_ef363ec5702bcaa8,1,0,0.0002257787709822
RU-A1202,img_78269f2cf0e2576c,1,0,0.000272254779702
RU-A1202,img_8a39d825db4a5db3,1,0,0.00012557664013
RU-A1202,img_70b5f2968fea226a,1,0,0.0013467449462041
RU-A1202,img_69057031549b9606,1,0,0.0001702722802292
RU-A1202,img_87243945ec9d81eb,1,0,0.0031099745538085
RU-A1201,img_86b52b9e9958cb91,2,0,4.646060915547423e-05
RU-A1201,img_ebb5fa79a3a0e738,2,0,5.165821858099662e-05
RU-A1201,img_638a3b81d858d2ac,2,0,0.0002635441778693
RU-A1201,img_0543a375b20dd158,2,0,0.0001937241468112
RU-A1201,img_f4e988516512b4d7,2,0,9.035160474013536e-05
RU-A1201,img_0b650760c9e26b95,2,0,0.0001220218182425
RU-A1203,img_f9649968c9fff551,4,0,0.0001249371707672
RU-A1203,img_1e75a1f1fc6e260c,4,0,0.0002960959100164
RU-A1203,img_097410aaa009b6dd,4,0,0.000140875155921
RU-A1203,img_c00a3cbe65ad9b25,4,0,0.000544405193068
RU-A1203,img_13394217e6d79693,4,0,0.000320872204611
RU-A1203,img_08903abb37754c7a,4,0,0.0001552990725031
RU-A1203,img_1ed1e355291bc918,4,0,6.585540540982038e-05
RU-A1205,img_cb252e7cb6b252b7,3,0,3.351812847540714e-05
RU-A1205,img_e74c1037c323ddbf,3,0,3.3582691685296595e-05
RU-A1205,img_e76f306966d729c7,3,0,3.748378367163241e-05
RU-A1205,img_eedffc1c166d9a7d,3,0,3.885929618263617e-05
RU-A1205,img_036397361a161372,3,0,5.9517631598282605e-05
RU-A1205,img_b6a2604d53f26de4,3,0,9.11643510335125e-05
RU-A1206,img_401d451bf4585e41,0,0,0.0083573516458272
RU-A1206,img_881a18cc6320eb00,0,0,0.9823587536811828
RU-A1206,img_4ad5f238a8ee51e3,0,0,0.7646923065185547
RU-A1206,img_8b4b82c0750ab605,0,0,0.998440444469452
RU-A1206,img_324ae7ad040477db,0,0,0.9940063953399658
RU-A1206,img_e90e80bfa5a79964,0,0,3.584184014471248e-05
RU-A1206,img_003cb469d8a569c5,0,0,0.0001571117463754
RU-A1206,img_1e2961fc027f93b3,0,0,6.794871296733618e-05
RU-A1207,img_b494786e9af450da,4,0,0.0001170019750134
RU-A1207,img_4d81d7fe9b422e84,4,0,0.0479069165885448
RU-A1207,img_902232c7c0a3d4c2,4,0,0.0001166938891401
RU-A1207,img_0a7e6f9256c72f06,4,0,0.0001029615086736
RU-A1207,img_8a8f29a0889233c3,4,0,8.614502439741045e-05
RU-A1207,img_f7666f176e7f7388,4,0,7.354510307777673e-05
RU-A1207,img_77689d2ad2c3e35c,4,0,0.0001601753028808
RU-A1207,img_c6d609029afdddea,4,0,6.838345871074125e-05
RU-A1207,img_841ada8e475bba36,4,0,0.0003857096889987
RU-A1207,img_af41e73a224b54c6,4,0,0.0011152169900014
RU-A1207,img_4f2380c6f4e1dbd8,4,0,0.0003474272671155
RU-A1207,img_c5f77a55a52377a3,4,0,0.521298885345459
RU-A1207,img_a7438582f2d0d331,4,0,0.3864069581031799
RU-A1207,img_dd9f802e25fe4573,4,0,0.0050873104482889
RU-A1207,img_a06482114b8a0a58,4,0,0.0004733256646431
RU-A1208,img_17dd2e5560d73f63,4,0,5.510298433364369e-05
RU-A1208,img_d56111bfa714c12e,4,0,5.605657497653738e-05
RU-A1208,img_a48902cd0e0c7f5b,4,0,2.9984134016558528e-05
RU-A1208,img_bab8b1dc4cdfd884,4,0,1.5964957128744572e-05
RU-A1208,img_60426c88744ab86a,4,0,1.9178563888999633e-05
RU-A1208,img_4b59fab1264f9432,4,0,1.790649002941791e-05
RU-A1208,img_9880b1f7d904b33b,4,0,2.0975370716769248e-05
RU-A1208,img_cb5b16f1a828f7fe,4,0,1.9255239749327305e-05
RU-A1208,img_ec85dbb0087e3358,4,0,2.3614422389073297e-05
RU-A1208,img_78a8e0d97a7f8ac9,4,0,2.9951670512673445e-05
RU-A1208,img_8b6ef4fe53bd38b5,4,0,5.735979721066542e-05
RU-A1208,img_8278d9a770b28639,4,0,0.0001300473086303
RU-A1208,img_45de160d4d64ac55,4,0,6.943960761418566e-05
RU-A1208,img_438779e812f8bf6a,4,0,0.0001748026261338
RU-A1208,img_cdb118f39a5b4473,4,0,5.203605178394355e-05
RU-A1208,img_954bad01cc0ef40b,4,0,8.62250744830817e-05
RU-A1209,img_353fd50f62aca218,2,0,1.3961200238554738e-05
RU-A1209,img_f206a6c21b92305a,2,0,2.675677569641266e-05
RU-A1209,img_e797af8591a092eb,2,0,2.7025165763916448e-05
RU-A1209,img_609014321771c16c,2,0,1.4070174074731767e-05
RU-A1209,img_cea364c286189852,2,0,1.0985593689838424e-05
RU-A1209,img_c219aea0ff511d86,2,0,8.518290087522473e-06
RU-A1209,img_dd5c21938494dc52,2,0,1.5979763702489436e-05
RU-A1209,img_f64dc240905f9be2,2,0,1.5636582247680053e-05
RU-A1209,img_cb6236fc3b677115,2,0,1.8543112673796713e-05
RU-A1209,img_68a555302192c0fb,2,0,1.7821090295910835e-05
RU-A1210,img_61725d0b1b0e0cb2,3,0,2.341899562452454e-05
RU-A1210,img_155bd3fc8325c70f,3,0,2.4341106836800463e-05
RU-A1210,img_cf00ee9fe2f5ffeb,3,0,0.0001758193102432
RU-A1210,img_6cd9c4dc9e3109cb,3,0,0.0003413649392314
RU-A1210,img_47075dae946ac15d,3,0,3.7220623198663816e-05
RU-A1210,img_0d38d197dd26f0aa,3,0,4.078860001754947e-05
RU-A1210,img_672d5348093db90f,3,0,7.449794793501496e-05
RU-A1210,img_037c13fdc57aedd9,3,0,6.690248847007751e-05
RU-A1210,img_94ed3aafef16935c,3,0,2.4389062673435543e-05
RU-A1210,img_8e351f771befb897,3,0,2.932193638116587e-05
RU-A1211,img_0907b22528827814,1,0,0.00107514008414
RU-A1211,img_eebacaf09c83427e,1,0,5.7382669183425605e-05
RU-A1211,img_4537beab7cb1193c,1,0,0.0001992644247366
RU-A1211,img_85441c6c4d0fb8c2,1,0,0.0003408038755878
RU-A1211,img_1eacae29803bf21a,1,0,0.0026038242504
RU-A1211,img_4010ea7515699c33,1,0,0.0011227768845856
RU-A1212,img_37e836309c923c11,0,0,1.0857442248379812e-05
RU-A1212,img_582e7b6003f841ef,0,0,1.0816165740834547e-05
RU-A1212,img_9fdccda4397371f9,0,0,2.3519778551417403e-05
RU-A1212,img_08b78af2be2b0564,0,0,2.3571781639475375e-05
RU-A1212,img_b392e12dabd0e65d,0,0,0.000232374863117
RU-A1212,img_5d1876c815c9ec6d,0,0,3.115422077826224e-05
RU-A1212,img_e2390075fbdfa4c2,0,0,1.1216009625059089e-05
RU-A1212,img_6ee22e20dbf4cf67,0,0,6.119337922427803e-05
RU-A1212,img_d252e91988a42408,0,0,0.005046603269875
RU-A1212,img_f4336d900fedae9e,0,0,0.00707095162943
RU-A1212,img_17b05618a5de66ac,0,0,1.3010911061428487e-05
RU-A1212,img_3d0b770bfdad6a39,0,0,1.7807788026402704e-05
RU-A1212,img_f0029347f2f4f900,0,0,0.0001337154681095
RU-A1212,img_729f4b312b74b92d,0,0,6.374834629241377e-05
RU-A1213,img_dbfe70b1bfbd5e40,4,0,0.0001127152208937
RU-A1213,img_89b747d14d60745f,4,0,0.000131633671117
RU-A1213,img_1bdcc8a87c984e0a,4,0,0.0001664823357714
RU-A1213,img_895bf7487250ad15,4,0,9.60844408837147e-05
RU-A1213,img_b3b9484f99521e97,4,0,2.7480073185870424e-05
RU-A1213,img_f90fccbd65c09948,4,0,0.0001197759265778
RU-A1213,img_572ff5251336d120,4,0,7.294999522855505e-05
RU-A1213,img_3a9a6ca234198d21,4,0,0.0002802181988954
RU-A1213,img_91a772c91a94b51c,4,0,0.0001868897670647
RU-A1213,img_d95b3eec1467f2a7,4,0,1.9218567103962417e-05
RU-A1213,img_67ad1072713dc361,4,0,1.5798130334587768e-05
RU-A1213,img_7b056d25cb09eed9,4,0,3.725023634615354e-05
RU-A1213,img_a372e4f3d7450f90,4,0,3.240173464291729e-05
RU-A1213,img_c7491e64ea123a3f,4,0,3.560962431947701e-05
RU-A1213,img_055002a97baf65c6,4,0,4.184061617706902e-05
RU-A1213,img_eb3f920ac78c6b41,4,0,0.0001571360044181
RU-A1213,img_29ecbd554218393b,4,0,0.0001240244746441
RU-A1213,img_bf3f1776019b50f8,4,0,0.0002243932394776
RU-A1213,img_34d7a86850d1da2b,4,0,0.0004148164007347
RU-A1214,img_82f48037ecfde536,3,0,1.992493162106257e-05
RU-A1214,img_0175ba697801006d,3,0,1.3999891962157562e-05
RU-A1214,img_101e864ca47066ed,3,0,2.9960981919430196e-05
RU-A1214,img_a47e743276634fc6,3,0,2.0053757907589898e-05
RU-A1214,img_4afffebb4c4f09c5,3,0,2.402735481155105e-05
RU-A1214,img_dfd5d89080f6115a,3,0,2.9638378691743128e-05
RU-A1214,img_f3a2fb94bb548845,3,0,1.9587765564210713e-05
RU-A1214,img_1ec0a35041f8c55d,3,0,2.3502358089899644e-05
RU-A1214,img_8a4ec502a0d4f888,3,0,3.628950798884034e-05
RU-A1214,img_3e4e7b16862d6fbd,3,0,1.849195541581139e-05
RU-A1214,img_697402d7672f79d7,3,0,2.2003287085681222e-05
RU-A1214,img_532bb62f4d8e54a4,3,0,2.3168335246737115e-05
RU-A1214,img_104e3505d2f90687,3,0,1.2518123185145669e-05
RU-A1214,img_6e25eab3586fb211,3,0,1.7235579434782267e-05
RU-A1214,img_fdb706a39535a531,3,0,1.54811696120305e-05
RU-A1214,img_9d9a3b84108d849e,3,0,1.3147277968528217e-05
RU-A1214,img_9109357d61a20553,3,0,0.0001567738218
RU-A1214,img_5045633daab523be,3,0,0.000106060579128
RU-A1215,img_3c3af50601f6355b,4,0,5.576763578574173e-05
RU-A1215,img_c436f697141deeab,4,0,7.04718695487827e-05
RU-A1215,img_65f06901ee257285,4,0,3.8757705624448135e-05
RU-A1215,img_567929a533ed4918,4,0,0.000344190193573
RU-A1215,img_e7a1c15fdeacdbcf,4,0,5.489847899298184e-05
RU-A1215,img_a764adb0e1f302db,4,0,0.0001881345378933
RU-A1215,img_215b156f5f8ec6ac,4,0,0.0002998775453306
RU-A1215,img_c7263a916b585c89,4,0,4.837911910726689e-05
RU-A1215,img_7dab665bae3adbc5,4,0,1.7367761756759137e-05
RU-A1215,img_aa066bce5dfae31d,4,0,1.7727013982948847e-05
RU-A1215,img_e44a1785e73fc759,4,0,2.2371999875758775e-05
RU-A1215,img_f560b3a13f719595,4,0,0.0002374112955294
RU-A1215,img_949619fb3f54957a,4,0,0.0004113293543923
RU-A1216,img_85aae14b16814baf,1,0,0.0160332527011632
RU-A1216,img_128ebddc631fe0fd,1,0,0.0001087152340915
RU-A1216,img_fb28765f779c2851,1,0,0.000539718021173
RU-A1216,img_a46e8e754cb91c31,1,0,0.0006560362526215
RU-A1216,img_29de4260da3855b7,1,0,0.000730434723664
RU-A1216,img_89a825217bfa20e8,1,0,0.0072441739030182
RU-A1216,img_34a531c66098ed9d,1,0,0.0004154454218223
RU-A1216,img_cd6d076ca651c25e,1,0,0.0010434569558128
RU-A1216,img_7bb72be2ec6e13dd,1,0,0.0002369488356634
RU-A1216,img_c3123396d113dc30,1,0,0.000197330766241
RU-A1217,img_b75808893f16eaa2,4,0,1.5087664905877318e-05
RU-A1217,img_4193e2d2ee44194a,4,0,1.80849547177786e-05
RU-A1217,img_7a8100e30ffcbc5a,4,0,1.6827931176521815e-05
RU-A1217,img_7f382726a58f713c,4,0,1.854889706009999e-05
RU-A1217,img_1753a9b5b94b3036,4,0,2.6686871933634393e-05
RU-A1217,img_ddbe21634b2d1f6a,4,0,2.096993193845265e-05
RU-A1217,img_b09e1bd129e98a76,4,0,3.782531348406337e-05
RU-A1217,img_916f518e1fda63bc,4,0,2.683527418412268e-05
RU-A1217,img_d58493146e90799f,4,0,3.351844861754216e-05
RU-A1217,img_c4f8d97b32f76345,4,0,4.053186785313301e-05
RU-A1217,img_5be731c064a94a7a,4,0,7.636671944055706e-05
RU-A1217,img_b605f07c257a0bd7,4,0,6.094877971918322e-05
RU-A1218,img_703e38a785c38433,0,0,0.0005089153419248
RU-A1218,img_be5e63e89a31df45,0,0,0.0008475260692648
RU-A1218,img_5abd89008539f5f5,0,0,0.0012038579443469
RU-A1218,img_5034fb6ac4c953fb,0,0,0.0101171554997563
RU-A1218,img_04b2eb6dbb51c52b,0,0,3.6918230762239546e-05
RU-A1218,img_2ad8b3b308f31cbc,0,0,2.9206843464635313e-05
RU-A1218,img_a0a1ba70508d3e19,0,0,5.216085264692083e-05
RU-A1218,img_62ede3e11a0b1c48,0,0,3.757533340831287e-05
RU-A1219,img_4f14f1da66b198fe,0,0,1.9223518393118862e-05
RU-A1219,img_3dbcdae8f5b3b161,0,0,1.6213703929679468e-05
RU-A1219,img_10f8ba30a1bcb49a,0,0,7.085670222295448e-05
RU-A1219,img_7230d5864a187cda,0,0,3.998422471340746e-05
RU-A1219,img_36f36b4b5276b559,0,0,4.0825332689564675e-05
RU-A1219,img_ce2a8bf52477e0c0,0,0,1.4777149772271514e-05
RU-A1219,img_4637e9dabc842144,0,0,0.0001316976849921
RU-A1219,img_c7622927bf489b22,0,0,5.3117197239771485e-05
RU-A1219,img_64d250cf33bb9a68,0,0,0.0001821568293962
RU-A1219,img_c5904826d462940e,0,0,0.0004071371804457
RU-A1220,img_4368837fbcb7ea84,2,0,8.366276597371325e-05
RU-A1220,img_21ca0d666aaa0c4f,2,0,0.0002687217493075
RU-A1220,img_fa90efdb3f2a3aad,2,0,2.5681705665192567e-05
RU-A1220,img_65fc83f4e483bbf6,2,0,4.571300087263808e-05
RU-A1220,img_0fae07cda02fea3a,2,0,0.0001758357393555
RU-A1220,img_be2b140f75d6caa0,2,0,0.0002560879511293
RU-A1220,img_099b76ea38acab3e,2,0,8.65058336785296e-06
RU-A1220,img_2f1dec00f1a0a3dd,2,0,1.1134373380627949e-05
RU-A1220,img_4abbb21182f3c417,2,0,1.411324592481833e-05
RU-A1220,img_a0bb44e4f5cd7750,2,0,1.2026677723042669e-05
RU-A1220,img_d4633f9b2697f097,2,0,3.5854554880643263e-05
RU-A1241,img_045781793b1ff9df,2,0,0.0003101793117821
RU-A1241,img_850861b01c3c6a2e,2,0,1.454934408684494e-05
RU-A1241,img_89ae72efc991889c,2,0,2.2851059839013033e-05
RU-A1241,img_a9e07b15b56078ac,2,0,1.9747998521779664e-05
RU-A1241,img_74672b8acd9757ef,2,0,1.1507285307743588e-05
RU-A1241,img_c81a6169c0ac3b94,2,0,7.553050181741128e-06
RU-A1241,img_78e533712cc7794f,2,0,3.6709767300635576e-05
RU-A1241,img_395fe9475d2fac3a,2,0,4.050045754411258e-05
RU-A1241,img_ea315baacbeb672d,2,0,0.0010315203107893
RU-A1241,img_b92681cd2f99fd75,2,0,0.0003376383392605
RU-A1242,img_5fead66f3dcb2616,1,0,0.0009189549018628
RU-A1242,img_0d6b82fd51ad5e66,1,0,4.004588845418766e-05
RU-A1242,img_0f3251073499f501,1,0,0.0004239922272972
RU-A1242,img_298a4b07b78d3d73,1,0,0.0001855969894677
RU-A1242,img_e75d2c7679125fca,1,0,0.0001221289130626
RU-A1242,img_35fe4e00351e04be,1,0,3.671872400445864e-05
RU-A1242,img_79306880cd26e397,1,0,0.0005175722762942
RU-A1242,img_d57e276f1cf19d74,1,0,0.0005759789492003
RU-A1242,img_10053acd2829f178,1,0,0.0012434910750016
RU-A1242,img_0e2846309978704b,1,0,0.0005914218490943
RU-A1243,img_d707538bf936b39a,1,0,6.732770998496562e-05
RU-A1243,img_2d54536024e49d79,1,0,0.0003820497950073
RU-A1243,img_f717e18aad2b42bb,1,0,0.0003696828207466
RU-A1243,img_c485d31309c463df,1,0,0.0001708587515167
RU-A1243,img_19b0f01e63c079f5,1,0,0.001098440028727
RU-A1243,img_5a18c6bcc2c5a67b,1,0,6.470495281973854e-05
RU-A1243,img_39d50d99158ed5d0,1,0,0.0001504026586189
RU-A1243,img_e7531a9634fea0d4,1,0,8.458641241304576e-05
RU-A1243,img_71c2e2eba682cbe6,1,0,0.0003845511528197
RU-A1243,img_6896921d5f4794d3,1,0,0.0031612194143235
RU-A1243,img_c10e7c2043ca610c,1,0,0.0006061154417693
RU-A1243,img_fa2008829bdbfb32,1,0,0.0006861481815576
RU-A1244,img_514c946bba777e0f,3,0,1.4738669960934205e-05
RU-A1244,img_cd79f7804d4f6da3,3,0,3.902396201738157e-05
RU-A1244,img_b8c5214ed22a3b5f,3,0,6.192292494233698e-05
RU-A1244,img_9b4c479e80f1c8a1,3,0,0.0001453282166039
RU-A1244,img_e0276b94ea3c68f6,3,0,0.000282431486994
RU-A1244,img_53f6ef1ae48a7a02,3,0,7.87182871135883e-05
RU-A1244,img_389dd09d4f18d066,3,0,0.0001409138494636
RU-A1244,img_cfca37188d6a167b,3,0,9.27182409213856e-05
RU-A1244,img_6a0ed9fa8c3abb2f,3,0,6.41372607788071e-05
RU-A1244,img_4f97e8e11996e1fb,3,0,6.518462032545358e-05
RU-A1249,img_ae5f0c08e5dc41e8,3,0,1.1445165910117794e-05
RU-A1249,img_0ce8d47d8e85d53d,3,0,3.213638046872802e-05
RU-A1249,img_98a0c29f954e8b7e,3,0,2.811777994793374e-05
RU-A1249,img_5acff58f31d5dcfe,3,0,2.616165875224397e-05
RU-A1249,img_09d221ba6f95febb,3,0,2.845743620127905e-05
RU-A1249,img_e269f52617f53200,3,0,3.297112925793044e-05
RU-A1249,img_bb2ddc86c404dd09,3,0,5.387640339904465e-05
RU-A1249,img_c699b29b95de37e6,3,0,4.553140024654567e-05
RU-A1249,img_7aedecf9b58c3d08,3,0,0.0001020669733406
RU-A1249,img_832d322243392162,3,0,2.7753896574722603e-05
RU-A1249,img_d6e27f78ee193563,3,0,9.111737199418712e-06
RU-A1249,img_e61f116dd51681ff,3,0,1.0117110832652544e-05
RU-A1249,img_9546aaf89a0455f5,3,0,1.294174671784276e-05
RU-A1249,img_185155d4df457469,3,0,1.1491166333144063e-05
RU-A1249,img_1cb5f6d53e3a8b33,3,0,1.8294205801794305e-05
RU-A1249,img_0ae7cbfee133f83c,3,0,1.8204920706921257e-05
RU-A1249,img_642fe0e7d165c178,3,0,6.816157838329673e-05
RU-A1249,img_5835b83d14de1597,3,0,7.760311564197764e-05
RU-A1249,img_2766115f84e48f1e,3,0,9.256877092411742e-05
RU-A1249,img_90ee8364aadaabf4,3,0,0.0002004770212806
RU-A1261,img_4d532ff4a30f1b1d,4,0,5.8652021834859625e-05
RU-A1261,img_96ef82d877b175d8,4,0,2.5810628358158283e-05
RU-A1261,img_4dec0a11cf25c46c,4,0,4.752081440528855e-05
RU-A1261,img_2ac460087ac4d9a6,4,0,3.6023735447088256e-05
RU-A1261,img_c756caac4f3f21ad,4,0,4.294211612432264e-05
RU-A1261,img_e02397584c77be93,4,0,2.785606193356216e-05
RU-A1261,img_c778bc81bd1af9b3,4,0,0.0002970652421936
RU-A1261,img_ab4bedc9280053c5,4,0,0.0004692022921517
RU-A1261,img_e55076c363183d2d,4,0,0.0076948963105678
RU-A1261,img_33298886c3950740,4,0,0.0013826813083142
RU-A1262,img_87611470e1900181,4,0,1.9115750546916388e-05
RU-A1262,img_580b0a4b6ecd33c3,4,0,4.199872273602523e-05
RU-A1262,img_83158ddb0e5a8241,4,0,3.01607942674309e-05
RU-A1262,img_b13c78326ba9486a,4,0,0.0001427643001079
RU-A1262,img_b01d3ae282fb58da,4,0,5.977866385364905e-05
RU-A1262,img_eefbb63f4ea925d9,4,0,9.556631084706169e-06
RU-A1262,img_5bc9cb2d7c85da9e,4,0,7.459426706191152e-05
RU-A1262,img_f8a8e9e8ab9711c2,4,0,4.006713061244227e-05
RU-A1262,img_e2b725f1f16796ab,4,0,2.0955776562914252e-05
RU-A1262,img_17e93d9f2120e04a,4,0,2.94898018182721e-05
RU-A1262,img_b36f5834828ae80c,4,0,0.0027440965641289
RU-A1262,img_6305539ae25abf5c,4,0,0.000204569514608
RU-A1262,img_2fa1d672b01936f4,4,0,0.0008031608304008
RU-A1262,img_fa35e17d957c24e3,4,0,0.0003282563993707
RU-A1262,img_1a7d93c2acd38238,4,0,0.0004912964650429
RU-A1262,img_fcd0e99a98bc1b86,4,0,0.0005644158809445
RU-A1263,img_435bb1b920c2b3c0,3,0,2.275845872645732e-05
RU-A1263,img_13e36824ed3fcf2c,3,0,4.498912676353939e-05
RU-A1263,img_e4d495b6697ca6fa,3,0,1.2530593267001676e-05
RU-A1263,img_71c88b60bb59150f,3,0,1.432320823369082e-05
RU-A1263,img_e4df8feeaf93931f,3,0,1.9723476725630466e-05
RU-A1263,img_41e79dad42b7e531,3,0,2.142180710507091e-05
RU-A1263,img_16af28f7a73035be,3,0,1.7317632227786817e-05
RU-A1263,img_0bc8b7231762d070,3,0,2.1559366359724663e-05
RU-A1263,img_c04c71e187796257,3,0,1.7526543160784058e-05
RU-A1263,img_ad7b9a822f641942,3,0,1.17363933895831e-05
RU-A1263,img_5c6646c5c0b2b525,3,0,1.6941497960942797e-05
RU-A1263,img_d52396c560754652,3,0,1.4426393136091065e-05
RU-A1263,img_78967ec170a7f20f,3,0,1.4406429727387147e-05
RU-A1264,img_d41ecf141f9ed473,4,0,2.837386455212254e-05
RU-A1264,img_56544d9c2f53bb5c,4,0,2.827883326972369e-05
RU-A1264,img_68dece8e8c6a7cb5,4,0,2.9491713576135226e-05
RU-A1264,img_e5784c2141da2d79,4,0,4.229638943797909e-05
RU-A1264,img_96ddf5750e709015,4,0,5.511234121513553e-05
RU-A1264,img_52debfdeecf508e0,4,0,3.059571099583991e-05
RU-A1264,img_77cc81c2e14c309d,4,0,3.222698069293983e-05
RU-A1264,img_bc4d5536c9b5ebd2,4,0,3.6265701055526733e-05
RU-A1264,img_fb2037b8046d8d03,4,0,3.5491029848344624e-05
RU-A1264,img_2f53c4dfe2449443,4,0,9.062540630111472e-05
RU-A1264,img_7b63913e9c2065ef,4,0,0.000227153126616
RU-A1264,img_f748c0c4cda8f9f0,4,0,0.0001162346743512
RU-A1264,img_afedbe66ee8795f9,4,0,0.0001541450910735
RU-A1264,img_09570056f18a001a,4,0,0.0009188739932142
RU-A1264,img_2079564b2c395391,4,0,0.002541011897847
RU-A1265,img_10f15d007c102249,0,0,0.0001335349370492
RU-A1265,img_5d1912d36452ad5b,0,0,0.0001257164549315
RU-A1265,img_43cb32be54330ffa,0,0,0.0004493837477639
RU-A1265,img_7da36c28b8c49106,0,0,5.076172237750143e-05
RU-A1265,img_712828c6f477cdaa,0,0,5.073727879789658e-05
RU-A1265,img_f11494e41a6f2a1a,0,0,1.697020161373075e-05
RU-A1265,img_05f2559b11f26c43,0,0,2.6944362616632137e-05
RU-A1265,img_554666e285f7bcab,0,0,8.823094685794786e-05
RU-A1265,img_f797c8bee425afe5,0,0,4.830881516681984e-05
RU-A1265,img_9f39165321d89620,0,0,1.1858452126034535e-05
RU-A1265,img_2ec793bdb8390354,0,0,1.3818433217238637e-05
RU-A1266,img_3b199f5479f5e708,1,0,0.1155205965042114
RU-A1266,img_f3c0b7ba0ef3e96c,1,0,0.0104154180735349
RU-A1266,img_c21a88b247fc1f3d,1,0,0.0027130905073136
RU-A1266,img_57f7445f0cf6650d,1,0,0.0199600309133529
RU-A1266,img_c052758e10d08ea2,1,0,0.0002041895204456
RU-A1266,img_69799231ecd36e9e,1,0,0.0006385298329405
RU-A1266,img_574b24d0c55da5c0,1,0,0.0023565050214529
RU-A1266,img_b9ab14e677e3c89f,1,0,0.0001008006511256
RU-A1266,img_ac42bb0a66c32570,1,0,0.0064762122929096
RU-A1266,img_bf44ab2193b82226,1,0,0.0073698493652045
RU-A1267,img_c07902678e21aed4,2,0,8.403007814195007e-05
RU-A1267,img_96d2d704da38617e,2,0,4.164615529589355e-05
RU-A1267,img_386f3d1e924505aa,2,0,6.670258153462783e-05
RU-A1267,img_7e5da01a35961959,2,0,0.0001449946284992
RU-A1267,img_9bf96e69112986c0,2,0,1.793364754121285e-05
RU-A1267,img_c951dc1406810728,2,0,1.6513333321199752e-05
RU-A1267,img_3147f3df2fa54267,2,0,1.8681810615817085e-05
RU-A1267,img_6ed5e70f2691a2bf,2,0,2.2081443603383377e-05
RU-A1281,img_5681b621569404b7,3,0,0.0001567291328683
RU-A1281,img_4d5280a2796e5bce,3,0,4.810190148418769e-05
RU-A1281,img_7c2be3071cf09aa1,3,0,2.457263326505199e-05
RU-A1281,img_441d70d398400073,3,0,1.826754851208534e-05
RU-A1282,img_126a321f1ae72efb,2,0,2.3624061213922687e-05
RU-A1282,img_60947e291a8b9bea,2,0,2.057160236290656e-05
RU-A1282,img_19fceb70db2d795b,2,0,4.109630026505329e-05
RU-A1282,img_1e157f7f42fc7104,2,0,8.09132179711014e-05
RU-A1282,img_e33f58c7b5560dd1,2,0,1.9210194295737892e-05
RU-A1282,img_0ae1126300fbef17,2,0,2.491026862116996e-05
RU-A1283,img_90931af35314ff57,4,0,2.3173040972324088e-05
RU-A1283,img_1b1046ec19054957,4,0,4.7164823627099395e-05
RU-A1283,img_f1d586723e634ff2,4,0,1.5592608178849332e-05
RU-A1283,img_4c70a13a011f3fed,4,0,2.4357337679248303e-05
RU-A1283,img_1cb01ac428a049a0,4,0,2.573252459114883e-05
RU-A1283,img_e411ad72db1e8a5e,4,0,2.2814741896581836e-05
RU-A1283,img_038276bc6d2092c1,4,0,0.000130722663016
RU-A1283,img_e0046de3c4126082,4,0,8.840375812724233e-05
RU-A1284,img_6d7e86413ed22da8,1,0,0.0109048252925276
RU-A1284,img_d4c14ba96b63b6a7,1,0,0.2256411761045456
RU-A1284,img_de54de68ae83291b,1,0,0.0001226400636369
RU-A1284,img_295fe1dbcba92133,1,0,9.226438123732804e-05
RU-A1284,img_48cbf31138f223f7,1,0,7.36809306545183e-05
RU-A1284,img_296ce221b4ba9796,1,0,7.063616067171097e-05
RU-A1254,img_6db0451b2a52b97b,3,0,2.814782965288032e-05
RU-A1254,img_0029c917365e1fc2,3,0,2.6407806217321195e-05
RU-A1254,img_786d30eaded81206,3,0,0.000346110376995
RU-A1254,img_b0df02bfeab88770,3,0,0.0004544666153378
RU-A1254,img_f5d2f09f5742ac00,3,0,1.823447746573947e-05
RU-A1254,img_daa0c0d92c2bc038,3,0,7.182750414358452e-05
RU-A1254,img_f07d484a84acbf9f,3,0,4.748624996864237e-05
RU-A1254,img_841af76668982227,3,0,0.0015341266989707
RU-A1254,img_31777401523307d2,3,0,0.001986816059798
RU-A1255,img_7adff320b0f7ce16,1,0,0.0003996509476564
RU-A1255,img_7d8e19e08b079aa4,1,0,0.0001816540025174
RU-A1255,img_fa8c2bc92c8094a7,1,0,0.0004496990877669
RU-A1255,img_3a736480ba50d7a9,1,0,0.0011344774393364
RU-A1255,img_bf3a707d3399e367,1,0,0.0003140221233479
RU-A1255,img_41793197ca0c0dbc,1,0,0.0004347711219452
RU-A1255,img_3b08414ccac54a6d,1,0,0.0014708607923239
RU-A1255,img_fbeee2a1f129308b,1,0,0.0002628515358082
RU-A1255,img_b7b89aa8804fbde0,1,0,0.0001050731589202
RU-A1255,img_422923663fdc9ba0,1,0,0.0002064419386442
RU-A1255,img_b80679293c2b4a95,1,0,0.0009579475154168
RU-A1255,img_cfc991d3f5b27c44,1,0,0.0009562555933371
RU-A1255,img_9331c4ea8c2f020a,1,0,0.0034430557861924
RU-A1255,img_7cf89598384c241c,1,0,0.0014499283861368
RU-A1255,img_ea55bab1c168f1d1,1,0,0.0006223929813131
RU-A1255,img_7a2ea4b0d78b7c04,1,0,0.1103704869747161
RU-A1255,img_9e770a55aa40fa56,1,0,0.001316140173003
RU-A1255,img_94490129aba162b6,1,0,0.001211128081195
RU-A1304,img_89b5d7ebd63ad99d,0,0,0.0010577109642326
RU-A1307,img_c9e2ff1e6ddc255a,4,0,0.0003118433232884
RU-A1310,img_fafa1fc6e321f0b6,4,0,3.824325540335849e-05
RU-A1310,img_fdc30b40f09ead96,4,0,3.818058394244872e-05
RU-A1311,img_08ed0b3a342f522e,2,0,5.122294896864332e-05
RU-A1311,img_06645a73674c2248,2,0,3.67890352208633e-05
RU-A1311,img_8cc4828d0705a470,2,0,0.0002618498110678
RU-A1257,img_bd693bd3cc9443db,0,0,0.0026418461930006
RU-A1257,img_a2faf2485e4df2fe,0,0,0.068226009607315
RU-A1257,img_722bb9beea1351af,0,0,0.0236031487584114
RU-A1257,img_6cdb547b4ae1b3e0,0,0,0.0087175797671079
RU-A1257,img_2c1847999f9b6bee,0,0,0.0002091578935505
RU-A1258,img_1bce2d1bb80d1b15,0,0,8.254271961050108e-05
RU-A1258,img_a98c7c182dddd7a9,0,0,0.0005089594051241
RU-A1258,img_bc9bebcaabc4b4e6,0,0,0.0002872856566682
RU-A1258,img_3f96a5cf5d582b40,0,0,1.3055669114692137e-05
RU-A1258,img_68ba5dcc591d5496,0,0,2.172054155380465e-05
RU-A1259,img_c29a6904d92cb9a5,3,0,6.080869206925854e-05
RU-A1259,img_aceb4ef362e1e91e,3,0,2.087189204758033e-05
RU-A1259,img_32af93b61b70edae,3,0,4.839582834392786e-05
RU-A1260,img_176bf43c2512ed7c,0,0,2.390143163211178e-05
RU-A1260,img_e127946ef82622dc,0,0,2.0791871065739546e-05
RU-A1308,img_707ca0f7e1460fe8,3,1,0.009114540182054
RU-A1308,img_c97f1a53557be386,3,1,0.0267374496906995
RU-A1308,img_5a69b6734a3cf0e4,3,1,0.00010315059626
RU-A1308,img_dfe56c7986621eba,3,1,0.000100688645034
RU-A1029,img_a59270bf978b4f28,4,0,3.7086127122165635e-05
RU-A1029,img_cbaaeffb0a2fa9c7,4,0,3.319668394397013e-05
RU-A1029,img_45de95c58e53f6f5,4,0,8.112111390801147e-05
RU-A1029,img_10b0ff6b9e59c24a,4,0,9.359439718537033e-05
RU-A1029,img_8ea37478a27704d5,4,0,0.0001189238464576
RU-A1029,img_cf5331c430e351ff,4,0,8.322313806274906e-05
RU-A1029,img_a0f722bcc9b5d181,4,0,0.0035999661777168
RU-A1029,img_2aa980575247473f,4,0,0.0026297769509255
RU-A1029,img_1d2b77e3c5c741e4,4,0,0.0057346541434526
RU-A1029,img_7c8e644ddb74c6af,4,0,0.0046460009180009
RU-A1035,img_07662a200c884763,4,0,0.0540351122617721
RU-A1035,img_a5d7e95b2220ae15,4,0,0.0051171770319342
RU-A1035,img_9c87a786a6c51385,4,0,0.0139960292726755
RU-A1035,img_e3518cf42e7f0377,4,0,0.0047509809955954
RU-A1035,img_0ca8739ce1681737,4,0,7.104906399035826e-05
RU-A1035,img_73b4a5124acd24f7,4,0,0.0289727449417114
RU-A1035,img_81426fbd071686d1,4,0,0.0010700004640966
RU-A1035,img_dfb1298d64e2f6c3,4,0,0.0163349770009517
RU-A1035,img_6882e27a3cc0492d,4,0,0.0014027246506884
RU-A1062,img_56c8933d14c2ea88,2,1,2.299505467817653e-05
RU-A1062,img_b92abb75c6f29c84,2,1,1.1756219464587048e-05
RU-A1062,img_8b77de6538d7c268,2,1,0.0003350663173478
RU-A1062,img_f89bd7b5f65a748b,2,1,3.8528640288859606e-05
RU-A1062,img_86b8cddbc2f05869,2,1,4.5228302042232826e-05
RU-A1062,img_98737b16c9d5ae41,2,1,3.961353286285885e-05
RU-A1062,img_ce72f599bbe253a2,2,1,3.230402580811642e-05
RU-A1049,img_5702d003d4551f52,1,0,0.0001880355266621
RU-A1049,img_24b95ce87133ca94,1,0,0.0002391326270299
RU-A1049,img_5bbb94cda3ca2b60,1,0,0.0262558702379465
RU-A1049,img_4410d7d69d258e02,1,0,0.0125057408586144
RU-A1049,img_86c4da80b53ebc7f,1,0,0.0007870427798479
RU-A1049,img_81ab961e34428f1b,1,0,0.0018950086086988
RU-A1049,img_2c0b605a10609045,1,0,0.0321424789726734
RU-A1049,img_5bc663c3ba394ed5,1,0,0.0134062375873327
RU-A1070,img_99219f40d4982bdc,4,0,2.7539155780686997e-05
RU-A1070,img_8ed52e1fbbe8fbad,4,0,7.384489435935393e-05
RU-A1070,img_cfe0392c18f20b4c,4,0,8.668890222907066e-05
RU-A1070,img_4de0b9a8fb2341af,4,0,0.0001058245907188
RU-A1070,img_cc8d82d435fcb38f,4,0,7.083948003128171e-05
RU-A1070,img_41cf13ddbab33b30,4,0,0.000631199509371
RU-A1070,img_a98e0b9201591757,4,0,0.0002347514091525
RU-A1070,img_7a4202d66734711a,4,0,4.307894414523616e-05
RU-A1070,img_8e00b4d3b907f9a1,4,0,0.0017122589051723
RU-A1070,img_3910e107371c5c1d,4,0,0.0004199664108455
RU-A1070,img_36d570b715abe2cf,4,0,0.0004196430090814
RU-A1070,img_2b82e2954907adb7,4,0,0.0011566694593057
RU-A1070,img_029b8155d2996a2d,4,0,0.0016654846258461
RU-A1014,img_b7fd217f492669be,0,0,0.793027400970459
RU-A1014,img_243a28a22bcad735,0,0,0.8631200194358826
RU-A1014,img_4205c8a17dc083d0,0,0,0.9891915917396544
RU-A1014,img_08a093b0b6bfacd1,0,0,0.9916220903396606
RU-A1014,img_e0ed042ba9dfe5bc,0,0,0.0042624115012586
RU-A1014,img_ee28412dd20e7433,0,0,0.0057110027410089
RU-A1014,img_378230eb1e4644ea,0,0,0.0001329928199993
RU-A1014,img_2972d18fd4a5a639,0,0,0.0011095377849414
RU-A1030,img_e318729967b0d6e4,1,0,0.0002199231676058
RU-A1030,img_fc6f932492bcca37,1,0,0.000500964350067
RU-A1030,img_752c6a597b974eef,1,0,7.660566188860685e-05
RU-A1030,img_a20cb02f1f418dc8,1,0,6.309120362857357e-05
RU-A1030,img_168adee19bd456d7,1,0,0.959771990776062
RU-A1030,img_af631739e2896920,1,0,0.8306100964546204
RU-A1176,img_6feb2fbcb8104e80,4,0,0.0011729709804058
RU-A1176,img_6ca1fce1c76a3194,4,0,0.0005865766433998
RU-A1176,img_73c8102a513b3074,4,0,0.0007898602634668
RU-A1176,img_9b8145e65c59b2f1,4,0,0.0008618099382147
RU-A1176,img_519bcd4d0ffd8b3d,4,0,4.5433902414515615e-05
RU-A1176,img_e8cfd5871f08c6c1,4,0,4.265063762431964e-05
RU-A1176,img_add9a7b87125e384,4,0,0.0003100707835983
RU-A1176,img_7b4674150ac80688,4,0,0.0371660515666008
RU-A1176,img_f1a60a1610a2f766,4,0,0.000235978004639
RU-A1176,img_526ea7765367a007,4,0,0.0003287559375166
RU-A1176,img_c7f30ee45bf9c21f,4,0,0.0018415481317788
RU-A1176,img_03589d634b519e82,4,0,0.0126213887706398
RU-A1176,img_021540ca1a125521,4,0,0.0232945792376995
RU-A1101,img_dcea5796d4290790,4,0,9.303575643571094e-05
RU-A1101,img_e9396331d6b48870,4,0,6.887929339427501e-05
RU-A1101,img_761c3e9062915145,4,0,2.7138621589983813e-05
RU-A1101,img_04937464a87c0687,4,0,5.483647692017257e-05
RU-A1101,img_e21b7fb579ccece7,4,0,2.4909961211960763e-05
RU-A1101,img_cd21a0df0015f837,4,0,3.3545151381986216e-05
RU-A1101,img_9491b6ea1be38add,4,0,2.743888398981653e-05
RU-A1101,img_7ed12e06505cca3b,4,0,2.2359055947163146e-05
RU-A1103,img_616b7ce83bc021f5,0,0,7.071400614222512e-05
RU-A1103,img_4155e5631e07914d,0,0,9.446945477975532e-05
RU-A1103,img_e6f009da5b786caa,0,0,6.878995918668807e-05
RU-A1103,img_590b98f04e1293b3,0,0,0.0001024694283842
RU-A1103,img_c356e04f4ee01b06,0,0,0.0003837251861114
RU-A1103,img_1c10ca4559bdbaec,0,0,9.991887054638936e-05
RU-A1106,img_555aea34eb4c352b,3,1,0.0003005627659149
RU-A1106,img_d48348adfae4ecfb,3,1,0.0004774260451085
RU-A1106,img_51dc5a7babb6cd31,3,1,0.0001339181035291
RU-A1106,img_f59084c5355f3e52,3,1,8.257900481112301e-05
RU-A1106,img_690ee7c4bed45e4d,3,1,1.4475413081527222e-05
RU-A1106,img_431e3fdf60d452e3,3,1,1.5184652511379682e-05
RU-A1105,img_f3b256fb0918c217,4,0,0.000199181959033
RU-A1105,img_29dd4b22b824ef5f,4,0,8.614748367108405e-05
RU-A1105,img_e5113528e35b8fbf,4,0,0.0001956200139829
RU-A1105,img_c70220afb9c96237,4,0,3.1649513402953744e-05
RU-A1105,img_5b9e55ccd91af295,4,0,6.793083593947813e-05
RU-A1109,img_ef7705c3ec6ee72c,1,0,0.0134705044329166
RU-A1109,img_06dffd3d599422da,1,0,0.0103574367240071
RU-A1110,img_8d699c8bfe2c57aa,3,0,0.0002109258639393
RU-A1110,img_770fde7011cce9e0,3,0,0.0005663866177201
RU-A1110,img_aea9f0a7a37f2de9,3,0,1.606853402336128e-05
RU-A1110,img_4e532e607af516b4,3,0,5.725803930545226e-05
RU-A1110,img_1ce0cce7e53305a4,3,0,1.676854481047485e-05
RU-A1110,img_43ccc116d14f8976,3,0,1.5177486602624413e-05
RU-A1110,img_e1e9da934b47e9c3,3,0,7.780867599649355e-05
RU-A1110,img_66becbf13127631e,3,0,9.999817120842636e-05
RU-A1112,img_5c209eebeea13e34,4,0,3.8158850657055154e-05
RU-A1112,img_324640a4cc50e289,4,0,4.048130358569324e-05
RU-A1112,img_5f4a19163e356353,4,0,2.7656798920361325e-05
RU-A1112,img_f4b94e2de8fda5c5,4,0,5.8064848417416215e-05
RU-A1112,img_d595398a0b43227c,4,0,2.8378979550325312e-05
RU-A1112,img_46a908577adb4d80,4,0,1.8049959180643785e-05
RU-A1112,img_32500cab741f7928,4,0,4.4475273170974106e-05
RU-A1112,img_a3b79b281c282130,4,0,4.5909633627161384e-05
RU-A1112,img_dbd586ff89d05cc3,4,0,7.327173807425424e-05
RU-A1112,img_ce31f4346eee12ba,4,0,2.8160073270555586e-05
RU-A1113,img_81545798247861e3,3,0,1.801975849957671e-05
RU-A1113,img_83eebaa0fe2b23a3,3,0,4.355602141004056e-05
RU-A1113,img_7d8692dc4f423426,3,0,0.0001209002366522
RU-A1113,img_4497ed4c430ab50d,3,0,3.939664748031646e-05
RU-A1113,img_c8241e8a9c76f030,3,0,2.404335464234464e-05
RU-A1113,img_93d5fe4493299f43,3,0,1.7579943232703954e-05
RU-A1113,img_17c965d21e14d7b5,3,0,2.3409349523717538e-05
RU-A1113,img_8251bcf95910a355,3,0,2.540590321586933e-05
RU-A1113,img_06c96ec4750b2798,3,0,2.5532302970532328e-05
RU-A1113,img_c37472874370125b,3,0,3.626487159635872e-05
RU-A1114,img_9c1bc864d2861011,2,0,2.6663137759896927e-05
RU-A1114,img_b8a057013c6fcb88,2,0,1.7442354874219745e-05
RU-A1114,img_856564eeb3fdfc3a,2,0,3.5925204429076985e-05
RU-A1114,img_12b5411be673e7d2,2,0,2.849814700311981e-05
RU-A1114,img_4bde88354d631376,2,0,2.123776175722014e-05
RU-A1114,img_0efb88261ba2eaa7,2,0,2.183043579861987e-05
RU-A1114,img_f42ca7df1c6ee535,2,0,1.410813183611026e-05
RU-A1114,img_bf2c964191654d10,2,0,1.4192147318681236e-05
RU-A1114,img_4ba35bc2f0005d01,2,0,2.5943023501895368e-05
RU-A1114,img_6c7f17eeaaf5f639,2,0,1.8125303540728055e-05
RU-A1114,img_42454a91ee122063,2,0,7.18951559974812e-05
RU-A1114,img_a5beed1f0473a7f2,2,0,7.10239983163774e-05
RU-A1114,img_62a013af6125554b,2,0,2.839768785634078e-05
RU-A1114,img_1c78563367e208dd,2,0,2.7217154638492506e-05
RU-A1115,img_86f7ed45c6b619fb,3,0,2.5141311198240143e-05
RU-A1115,img_f7d3462ed61f9e21,3,0,2.0187344489386305e-05
RU-A1115,img_1558bfe5425d4834,3,0,4.3650947191054e-05
RU-A1115,img_5f64eeec29fdf77a,3,0,6.03703228989616e-05
RU-A1115,img_c42e0575995e3414,3,0,0.2578963041305542
RU-A1115,img_7b56c833418ba4ce,3,0,4.237531902617775e-05
RU-A1115,img_d972b095642f83e6,3,0,0.0001158446320914
RU-A1115,img_d053abaca0be7d75,3,0,3.422733425395563e-05
RU-A1115,img_db968cd663e58950,3,0,3.1112889701034874e-05
RU-A1116,img_7249710cc56390b8,0,0,3.468009163043462e-05
RU-A1116,img_489b92cf9da7b899,0,0,9.215728641720489e-05
RU-A1116,img_983850c8a173d5ea,0,0,4.636390440282412e-05
RU-A1116,img_278e37e7c00b8062,0,0,7.49067694414407e-05
RU-A1116,img_7442a4d4d55add5a,0,0,0.0011920664692297
RU-A1116,img_90fd74574f03849c,0,0,0.0001583908888278
RU-A1116,img_6652d90345487e1b,0,0,0.0003117205633316
RU-A1116,img_42ca0ca526b1c38d,0,0,0.0001210808914038
RU-A1117,img_380eca76a7f2c0e9,3,0,4.118477590964176e-05
RU-A1117,img_d249fefe288d992e,3,0,5.181396772968583e-05
RU-A1117,img_9e9b3786db6f6dd5,3,0,5.258137025521137e-05
RU-A1117,img_331e26c1f269a60f,3,0,8.269878890132532e-05
RU-A1117,img_18f602e5c83cc6e5,3,0,2.8159856810816564e-05
RU-A1117,img_d8ae47d363c75ccf,3,0,3.2555952202528715e-05
RU-A1117,img_81f412eac5920807,3,0,0.0049377018585801
RU-A1117,img_8d76f0e895b8925e,3,0,0.0013785053743049
RU-A1117,img_b5260b0411b95dd2,3,0,0.0005675858119502
RU-A1117,img_dd3ab5a748aa101a,3,0,0.0005020516109652
RU-A1118,img_531023cb78692c48,4,0,0.0021362130064517
RU-A1118,img_3d70ac44a0065636,4,0,0.0028331312350928
RU-A1119,img_329bcc31f982c6c0,3,0,0.0047086062841117
RU-A1119,img_70b76e4f66451f3a,3,0,0.0018175460863858
RU-A1119,img_f4ae632538cfd282,3,0,0.0001423035573679
RU-A1119,img_bd38cc2ce0ba15c2,3,0,6.0328540712362155e-05
RU-A1119,img_ecbe5678d22cdd68,3,0,7.206289592431858e-05
RU-A1119,img_e536929b3dc3f8a8,3,0,0.0001372590486425
RU-A1119,img_bace80cbf8ae6c93,3,0,4.5887703890912235e-05
RU-A1119,img_9f530f6df1bb35c9,3,0,2.106762804032769e-05
RU-A1120,img_13c7a8ba405febaa,1,0,0.0001047673140419
RU-A1120,img_194708e413c65cd7,1,0,0.0009017087286338
RU-A1120,img_36e48b9d7c37f7f0,1,0,7.47827289160341e-05
RU-A1120,img_f7d32c336fb59933,1,0,0.0002544909948483
RU-A1120,img_748f6d1f94199f46,1,0,0.0012270057341083
RU-A1120,img_b8841e3e27fb600e,1,0,4.875924423686229e-05
RU-A1120,img_8917b601ec5128b7,1,0,0.0006024982430972
RU-A1120,img_cb7b027b3f76c42f,1,0,0.000738592876587
RU-A1120,img_d847a190a0bc9dc7,1,0,0.0001418428000761
RU-A1120,img_b7f318f6e13c0ac6,1,0,0.0001746004272717
RU-A1122,img_2f13a9405f43f1a4,3,0,3.201897561666556e-05
RU-A1122,img_38a71ef66c1639f1,3,0,6.636630860157311e-05
RU-A1122,img_bbeacbf69189e69b,3,0,2.862578367057722e-05
RU-A1122,img_d955981b08f0003e,3,0,2.341247454751283e-05
RU-A1122,img_fa00dbf4034971f1,3,0,4.351686948211864e-05
RU-A1122,img_ebde33d9267c4401,3,0,2.3241072995006107e-05
RU-A1122,img_03c85c49b285d237,3,0,8.538100519217551e-05
RU-A1123,img_48e78da151411010,2,0,2.114625385729596e-05
RU-A1123,img_96fffe0ba684cc01,2,0,2.691503323148936e-05
RU-A1123,img_34a231543b13ce9b,2,0,0.019622778519988
RU-A1123,img_fef819158c99a2e0,2,0,0.334595263004303
RU-A1123,img_4af9d8b6cc486f29,2,0,0.0033446513116359
RU-A1123,img_378e4df6a1974f35,2,0,0.0017619610298424
RU-A1123,img_c51cf12bc64991a4,2,0,0.0009040111908689
RU-A1123,img_831affe0f424c5d5,2,0,6.0801445215474814e-05
RU-A1125,img_cb109a106ad90310,2,0,1.4313171959656756e-05
RU-A1125,img_16f7742b8bce48df,2,0,1.691881516308058e-05
RU-A1125,img_b4a405eacc070080,2,0,8.433785842498764e-05
RU-A1125,img_934a4e0710c7e02c,2,0,1.080678339349106e-05
RU-A1125,img_6bf03efc4bfc926a,2,0,5.342057193047367e-05
RU-A1125,img_11edb7fdf3e2b7a4,2,0,3.6770135920960456e-05
RU-A1271,img_fa1af5457947898a,1,0,0.1916542053222656
RU-A1271,img_e3059ed210e206a4,1,0,0.3514086008071899
RU-A1271,img_850d3a952f0c2271,1,0,0.0340124852955341
RU-A1271,img_eaa747a00163de84,1,0,0.003755334764719
RU-A1275,img_e5a6d3417692a3a1,0,1,7.96727035776712e-05
RU-A1275,img_50101e662954d546,0,1,3.953884151997045e-05
RU-A1041,img_d82e55e9a58f6968,4,1,0.0001257962139789
RU-A1041,img_bfaa4b66790d4e69,4,1,0.0001304500910919
RU-A1041,img_b1ab3ada92a2bcf5,4,1,0.0007398530724458
RU-A1041,img_58c5d0c382bb7051,4,1,0.0015995890134945
RU-A1041,img_46e1ed339b9d2b58,4,1,0.000620492384769
RU-A1041,img_9904628cd5247f36,4,1,0.6365437507629395
RU-A1041,img_21db5173dedc6207,4,1,0.4651114046573639
RU-A1041,img_c0a27d8f08881b4c,4,1,0.7389614582061768
RU-A1041,img_4b0a723cd14a349f,4,1,0.0073355268687009
RU-A1041,img_b1ff00b29c6daa6f,4,1,0.0059435814619064
RU-A1041,img_74ebd8fe4797e5d3,4,1,0.0067163752391934
RU-A1041,img_09b64a5b590a4f29,4,1,0.0246114265173673
RU-A1041,img_5366a96fa0763832,4,1,0.0009389126207679
RU-A1042,img_5eddcd93400acd81,2,1,0.9805840253829956
RU-A1042,img_d232956663679119,2,1,0.9827590584754944
RU-A1042,img_71ab3f0a41fa9045,2,1,0.0156986825168132
RU-A1042,img_b143c3d4151cdb47,2,1,0.0301005132496356
RU-A1042,img_b02fe1bfb76cb082,2,1,0.0163313765078783
RU-A1042,img_1bed3d095e45b90b,2,1,0.0037821049336344
RU-A1042,img_c343a8b4ee103e99,2,1,0.0359912179410457
RU-A1042,img_9dbb6c356db47f9b,2,1,0.0738568678498268
RU-A1042,img_f372ae4f2d8c6063,2,1,0.0225438363850116
RU-A1042,img_554c7e76918a974f,2,1,0.0041086827404797
RU-A1042,img_988e5519ec119ade,2,1,0.0006319801905192
RU-A1042,img_20a199898f1c86f9,2,1,0.0004609008028637
RU-A1042,img_69cc312224b15bab,2,1,0.0119355069473385
RU-A1042,img_02a6eb7fac9c7686,2,1,0.0263143628835678
RU-A1042,img_e843208d4b2bbad7,2,1,0.0005584322498179
RU-A1042,img_dab4b2a209450d02,2,1,0.0007138840155676
RU-A1042,img_19a4478223f60831,2,1,0.0067938393913209
RU-A1042,img_d560c43135f7c272,2,1,0.066064678132534
RU-A1042,img_876d70a65ad1c03f,2,1,0.030773339793086
RU-A1042,img_945912ac1185f172,2,1,0.1246667504310607
RU-A1042,img_8e3200f356650877,2,1,0.0160421840846538
RU-A1042,img_00542949b0d86be0,2,1,0.5333489775657654
RU-A1042,img_a349b3bddd69fde5,2,1,4.221619747113437e-05
RU-A1042,img_53fc03c2ba2abc29,2,1,2.4449169359286316e-05
RU-A1042,img_8f2bcc3d99ce9861,2,1,1.1098647519247606e-05
RU-A1042,img_520a3f1423af5c0a,2,1,1.3405302524915896e-05
RU-A1042,img_ce3cbb727fa80674,2,1,0.0022456247825175
RU-A1042,img_1eb060ffbb3430f0,2,1,0.0012450590729713
RU-A1042,img_b9b1a07923d91e00,2,1,0.2301891595125198
RU-A1042,img_99619772fef9648d,2,1,0.0745138972997665
RU-A1268,img_0b6be21b2c8adf60,4,0,0.0006849897326901
RU-A1268,img_999123a256378ff6,4,0,0.0007799797458574
RU-A1268,img_b0e652e80d0fda11,4,0,0.0036413953639566
RU-A1268,img_8ef0681eb1767cba,4,0,0.0153811695054173
RU-A1269,img_53bdca4579facd9f,1,0,0.0001034700835589
RU-A1269,img_7fa7541c3dc50958,1,0,0.000189504615264
RU-A1269,img_6497017f19a57c8e,1,0,0.0001985471317311
RU-A1269,img_dddb4282c038f4e7,1,0,0.0002758968039415
RU-A1269,img_846da65f7229aafd,1,0,7.024087244644761e-05
RU-A1269,img_19feac3fa6303e5c,1,0,0.0001168431044789
RU-A1269,img_b13e8c326521c5b0,1,0,0.0005709751276299
RU-A1269,img_da8be6dc495eac09,1,0,7.244550943141803e-05
RU-A1269,img_5c1add6fa79b2f2e,1,0,9.975511784432456e-05
RU-A1270,img_38bcdb04f0369ee3,4,0,4.296591578167863e-05
RU-A1270,img_b47ad406a51ac3e2,4,0,4.099738725926727e-05
RU-A1270,img_d08a7ea7742b7027,4,0,4.489894490689039e-05
RU-A1270,img_e6a6d010a3e3db9c,4,0,6.27492627245374e-05
RU-A1270,img_0b880a3ca91f71f0,4,0,6.471846427302808e-05
RU-A1270,img_1bb3898256440551,4,0,3.251729140174575e-05
RU-A1270,img_cfb44ad1ce5674fb,4,0,3.595069938455708e-05
RU-A1270,img_f28cd596755b47bf,4,0,4.3270356400171295e-05
RU-A1270,img_7acf74e376230a9d,4,0,3.012715751538053e-05
RU-A1270,img_b595bd481aad4e81,4,0,0.0001113033431465
RU-A1270,img_68732bb99c35c284,4,0,2.640345337567851e-05
RU-A1272,img_a89cbffb5959cba3,1,0,0.0015316460048779
RU-A1272,img_fd95b5355de8ddf2,1,0,0.0007744280737824
RU-A1272,img_f32eb5bd572c5ccc,1,0,0.0010080226929858
RU-A1272,img_58a094770584a1f0,1,0,0.0002928851172327
RU-A1272,img_cd54c717438aa89e,1,0,0.0006267541903071
RU-A1272,img_009e12e72c7bd70a,1,0,0.0006218510097824
RU-A1272,img_99da1b711ff43799,1,0,0.0010694990633055
RU-A1273,img_4960024d1efe15d4,4,0,7.515784091083333e-05
RU-A1273,img_5f64ef5c7defeff6,4,0,0.0008687578374519
RU-A1273,img_b371e91f5cbddbe4,4,0,2.3492364562116563e-05
RU-A1273,img_80db10a8bb01823c,4,0,3.103498602285981e-05
RU-A1273,img_29e94b4da5c96aec,4,0,2.5740846467670053e-05
RU-A1273,img_157591b87a633ace,4,0,3.357475361553952e-05
RU-A1273,img_0c731df55c4b55ad,4,0,1.0040103006758729e-05
RU-A1273,img_e35b1976380244a5,4,0,1.6773103197920136e-05
RU-A1273,img_e6476888feef1d98,4,0,1.1606290172494482e-05
RU-A1273,img_2ffb6aa16ba020f3,4,0,1.7697926523396745e-05
RU-A1273,img_751dae15f4d5f0ff,4,0,1.7938144083018415e-05
RU-A1273,img_72bdd076528bd9da,4,0,2.4252154616988264e-05
RU-A1273,img_1e516943dcac3a12,4,0,2.04354746529134e-05
RU-A1274,img_d7370df4186b642e,1,0,0.0007981056696735
RU-A1274,img_b08f1df3664d1dfe,1,0,0.0002829376608133
RU-A1274,img_7da0285a7c37274d,1,0,5.0220336561324075e-05
RU-A1274,img_1333002e933acc0a,1,0,6.0852831666124985e-05
RU-A1274,img_d94d45633521532d,1,0,4.6547404053853825e-05
RU-A1274,img_cd7cceac77759855,1,0,3.4506632800912485e-05
RU-A1274,img_b87b84242a4e780c,1,0,9.208612027578056e-05
RU-A1274,img_2d7530912a1e94b6,1,0,0.0003450073709245
RU-A1274,img_6cb56da06b7fa47d,1,0,0.0023166593164205
RU-A1274,img_7353c185f84d51c1,1,0,0.0017535738879814
RU-A1274,img_b95451f1772104fc,1,0,0.000539245433174
RU-A1274,img_64cbc49db4dd4f0c,1,0,0.0002723381039686
RU-A1274,img_f8a7b0313db911da,1,0,8.407865971093997e-05
RU-A1276,img_30be5c94543ef28a,0,0,0.0001213465147884
RU-A1276,img_dc345c72b5d861ee,0,0,0.0001095808620448
RU-A1276,img_5e51e07f891ff79b,0,0,0.0006674954202026
RU-A1276,img_791186871b0855a1,0,0,0.0001761287130648
RU-A1276,img_c3f33b11de8c1069,0,0,2.7629277610685676e-05
RU-A1276,img_ccc77c3040da15f4,0,0,8.244472155638505e-06
RU-A1276,img_452004518187fb25,0,0,9.874384886643384e-06
RU-A1276,img_a19805f48f0b78a8,0,0,1.3592451978183815e-05
RU-A1276,img_7e12ca5cfe3214db,0,0,2.3520360628026538e-05
RU-A1276,img_172c6d4ca33024d4,0,0,1.3708977348869666e-05
RU-A1278,img_7b0c1feab3789d06,0,0,0.0016461748164147
RU-A1278,img_b13ba42334b2c33f,0,0,0.0004566060670185
RU-A1278,img_5e4d8ff7319727a3,0,0,0.3720579147338867
RU-A1278,img_cd66e314ac9d533a,0,0,0.5903187990188599
RU-A1278,img_1c9c6656b55836b2,0,0,0.0144125325605273
RU-A1278,img_f8c0ba76c228838d,0,0,0.0084836781024932
RU-A1278,img_3f927ebd903d78cc,0,0,0.6888152956962585
RU-A1278,img_2d05b921545955a8,0,0,0.4791722893714905
RU-A1277,img_1cc46aadf06684bb,1,0,0.0004093305324204
RU-A1277,img_cffdb8567fdbd8da,1,0,0.0005299588083289
RU-A1277,img_0bdbae9c9ebe13bb,1,0,0.5564129948616028
RU-A1277,img_f6d96fcb13adcff1,1,0,0.0106385024264454
RU-A1277,img_800257b72e9a323e,1,0,0.0001335485721938
RU-A1277,img_5692a857373db6d3,1,0,0.000127523773699
RU-A1277,img_8b01163fd8b9143c,1,0,0.0012170913396403
RU-A1277,img_38f35a327c2c6879,1,0,0.0013048533583059
RU-A1277,img_0204a604cf94463f,1,0,0.0730770975351333
RU-A1277,img_e215b1a8315f0fad,1,0,0.015910429880023
RU-A1279,img_6c0fff5f049b2b29,0,0,0.0001422512141289
RU-A1279,img_170a2bf02e802dec,0,0,0.0001522683305665
RU-A1279,img_9f65a646d7920afe,0,0,1.580623757035937e-05
RU-A1279,img_cc612087bfbdfb21,0,0,2.665436659299303e-05
RU-A1279,img_e47bf20e2498bbb2,0,0,7.576020288979635e-05
RU-A1279,img_a958b94475775659,0,0,0.0001887918479042
RU-A1279,img_b0d54d149682f24f,0,0,7.586083665955812e-05
RU-A1279,img_c04a30c4bca27998,0,0,0.0003537881711963
RU-A1279,img_610fae3889048ea7,0,0,2.591135307739023e-05
RU-A1279,img_053de2cb7a4ec9d7,0,0,0.0002677269803825
RU-A1279,img_abcbb6eb9987d2b6,0,0,0.0002215318527305
RU-A1279,img_a6f941549a6c8f2e,0,0,1.1598356650210915e-05
RU-A1279,img_cb3935ccbe629951,0,0,7.704685231146868e-06
RU-A1279,img_2f64cb764a5de351,0,0,6.897249113535509e-05
RU-A1279,img_ed64e55e0f79157b,0,0,7.287323387572542e-05
RU-A1280,img_4d999ea619b50da9,3,0,5.549384150072001e-05
RU-A1280,img_31b3098fe97093c7,3,0,0.0001292332744924
RU-A1064,img_a6851a225117fbcb,3,0,0.9264159202575684
RU-A1064,img_5e264bf4434b6b57,3,0,0.3142509460449219
RU-A1064,img_382757dc5d78fb3d,3,0,0.9840158224105836
RU-A1064,img_866e490de3e581e8,3,0,0.995461404323578
RU-A1064,img_688f3feafcfa3581,3,0,0.0005014162743464
RU-A1064,img_12c8b71b4b82a5e0,3,0,0.0007333882385864
RU-A1064,img_a93131233f27a9bc,3,0,0.984489917755127
RU-A1064,img_c9bf059ca78e1cb8,3,0,0.9456871151924132
RU-A1064,img_a32381596d29ef4b,3,0,0.9956704378128052
RU-A1064,img_262a93c6b5986f9c,3,0,0.9276020526885986
RU-A1156,img_a8349e23f0ed1385,4,1,0.0036228657700121
RU-A1156,img_f7d59d3e11e249be,4,1,0.0006189549458213
RU-A1156,img_d276e46e44b0e906,4,1,0.0002070544287562
RU-A1156,img_aa1ec292c8744393,4,1,0.0018930733203887
RU-A1156,img_19c1a02ee99cad87,4,1,5.002589023206383e-05
RU-A1156,img_64a8e707014c0c84,4,1,2.6122615963686258e-05
RU-A1156,img_d6d72ef0821da24a,4,1,0.0001178683669422
RU-A1156,img_2986dbe2ffa0dbed,4,1,4.5724424126092345e-05
RU-A1156,img_f9c8ccd01f98acde,4,1,0.0005782947991974
RU-A1156,img_920b72db2132a449,4,1,0.0005017521325498
RU-A1156,img_5425640a754d30f4,4,1,0.0002530593483243
RU-A1156,img_44d8f1454fb9cf44,4,1,8.192455425160006e-05
RU-A1156,img_ae7d35ed5a92dfa6,4,1,6.464334728661925e-05
RU-A1175,img_30772dd4108bcfa9,4,0,0.0001387494558002
RU-A1175,img_4a6f4764434e9581,4,0,3.633189044194296e-05
RU-A1175,img_9569faecbd055d80,4,0,7.030445704003796e-05
RU-A1175,img_c21f9b2149c979be,4,0,9.796422818908468e-05
RU-A1175,img_90c4f65acd987813,4,0,0.0001019941919366
RU-A1175,img_8ea92b02f7c1a7f8,4,0,0.0001622370473342
RU-A1180,img_b38e73507dc7c407,0,1,1.9122786397929303e-05
RU-A1180,img_bf6e5a188405bbf9,0,1,1.7812493751989678e-05
RU-A1137,img_56ad42587a41d13f,3,0,0.6654796600341797
RU-A1137,img_420d32447d27d9ad,3,0,6.706907879561186e-05
RU-A1137,img_f8596336cbb6ab7e,3,0,6.769874016754329e-05
RU-A1137,img_27f241b33f4cd1b9,3,0,7.05067504895851e-05
RU-A1137,img_c3d6dd135a809758,3,0,0.0017891506431624
RU-A1137,img_b5c886eb2eb77b1b,3,0,0.0030263133812695
RU-A1150,img_6793bd512d8d268d,0,0,0.0002228028461104
RU-A1150,img_c275765ff341dca4,0,0,6.136202136985958e-05
RU-A1150,img_d419321a83b4e02d,0,0,0.0003934665874112
RU-A1150,img_065d841c32f09fdc,0,0,0.0005963802104815
RU-A1150,img_e574f619da841664,0,0,0.0001159101593657
RU-A1150,img_85b8f5256f9d2692,0,0,0.0001894045417429
RU-A1186,img_f82d99ec2aebfb87,2,0,9.66609877650626e-06
RU-A1186,img_a3daa22244771c75,2,0,5.949702608631924e-05
RU-A1186,img_d29fac8345943833,2,0,8.017793152248487e-05
RU-A1186,img_6ba5da9a53bdc8d2,2,0,2.5287487005698495e-05
RU-A1186,img_7ba5450aafdbfeec,2,0,3.72044050891418e-05
RU-A1186,img_0ebfc2931c2621b4,2,0,2.253465208923444e-05
RU-A1186,img_8511530d67193842,2,0,2.7867010430782105e-05
RU-A1186,img_a60ffee6723789ae,2,0,1.1139748494315428e-05
RU-A1186,img_98755a6cc5be5ca7,2,0,1.7767686586012132e-05
RU-A1186,img_bda19b74d37a24d5,2,0,1.5722918760729954e-05
RU-A1186,img_195a63a620799581,2,0,1.648711804591585e-05
RU-A1186,img_14bf0796f92ea231,2,0,1.7930433386936784e-05
RU-A1186,img_43ee7c6f5bd75451,2,0,5.577460615313612e-05
RU-A1186,img_c6b0ddb3934b9c16,2,0,4.385890861158259e-05
RU-A1187,img_209d97bee68fda97,3,0,1.5148825696087442e-05
RU-A1187,img_9fc9c7c07b043792,3,0,3.519779784255661e-05
RU-A1187,img_1cfefb28992f74bc,3,0,4.7061759687494487e-05
RU-A1187,img_413262bbfcb8b1e1,3,0,3.4344127925578505e-05
RU-A1187,img_c370893f7a9ede8c,3,0,1.957850508915726e-05
RU-A1187,img_5ec05b3c5765141e,3,0,1.8717852071858943e-05
RU-A1187,img_e5cb30c2e6a5e193,3,0,0.2105292230844497
RU-A1187,img_22d4734c37063186,3,0,0.962957203388214
RU-A1187,img_f9261bb2a89b8873,3,0,0.2678556144237518
RU-A1187,img_771210474a95b8b2,3,0,0.0223636832088232
RU-A1187,img_9d1bdeae69a9b615,3,0,0.0002892548800446
RU-A1187,img_427b3e09ff5547c7,3,0,0.0002514316292945
RU-A1028,img_3c1a648dc774b80d,4,0,0.0008660806925036
RU-A1028,img_b84f1a49b1e45947,4,0,0.0047431029379367
RU-A1028,img_e6b188865b934d48,4,0,0.0024465408641844
RU-A1028,img_9485608a01a2802b,4,0,0.0217207297682762
RU-A1078,img_a86ed017552be765,0,1,0.0007557040662504
RU-A1078,img_68a5b50165104e23,0,1,6.93754045641981e-05
RU-A1078,img_d92680e01bdd84a7,0,1,0.1017449796199798
RU-A1078,img_b8a47edb240d9a9b,0,1,0.0413747765123844
RU-A1078,img_1f21e5f4d12309a7,0,1,0.0003772420750465
RU-A1078,img_fac47d93c4e9b070,0,1,0.0012700657825917
RU-A1079,img_7870d359d74857c0,0,0,5.4791678849142045e-05
RU-A1079,img_ac02afc1e7eb373e,0,0,6.584034417755902e-05
RU-A1079,img_ad1158cf86d294e1,0,0,0.0001201246632263
RU-A1079,img_4de1e43817e4e22a,0,0,0.0001066531767719
RU-A1079,img_a3b6f333efc7ce19,0,0,3.822648068307899e-05
RU-A1079,img_b63857d28eea4cf4,0,0,0.0002826542477123
RU-A1079,img_de364242bebc9c9d,0,0,2.5392582756467164e-05
RU-A1079,img_d054e1c68921e0bd,0,0,1.896413414215203e-05
RU-A1079,img_7f3a3913f25bb6c6,0,0,1.2283626347198153e-05
RU-A1079,img_5041558f8a325d01,0,0,1.2878157576778904e-05
RU-A1079,img_3a92405136b435c5,0,0,1.4373082194651944e-05
RU-A1079,img_24ff27e224f768c6,0,0,6.347640737658367e-05
RU-A1081,img_aa03307b4748da7c,0,0,0.000684640253894
RU-A1081,img_4b5d59b7666caeb2,0,0,0.0004521841183304
RU-A1081,img_10135927fd7b74e7,0,0,1.4800151802774051e-05
RU-A1081,img_1b38f620df9cd1c5,0,0,2.6475008780835196e-05
RU-A1082,img_5e794b468cdfc4fe,2,0,2.6550529582891613e-05
RU-A1082,img_a226959602cac093,2,0,2.220565511379391e-05
RU-A1082,img_90b26091fff534cd,2,0,6.380893319146708e-05
RU-A1082,img_129515e703b481cd,2,0,6.998686149017885e-05
RU-A1082,img_92cfcd4509f3a24f,2,0,1.804563908081036e-05
RU-A1082,img_6c012193b1e94d25,2,0,2.3194907043944113e-05
RU-A1082,img_dffaf8a7b9b9033d,2,0,1.9202132534701377e-05
RU-A1082,img_1c3af867a8fdf26c,2,0,1.8632421415532008e-05
RU-A1082,img_36897e28517ddb1f,2,0,3.147428287775256e-05
RU-A1082,img_3199e8638f192b55,2,0,3.1323965231422335e-05
RU-A1082,img_991c3d0b52ad5310,2,0,0.0003444050089456
RU-A1082,img_1133dd7a7a6c47e0,2,0,0.0003565218357834
RU-A1082,img_d79a086a3c1b811a,2,0,0.0001426751550752
RU-A1083,img_5139928cc3444c7b,0,0,0.1185455843806266
RU-A1083,img_664e185898657c63,0,0,0.1855101734399795
RU-A1083,img_2f0989eb4673c2fd,0,0,0.0020659966394305
RU-A1083,img_be8a0272e0599470,0,0,0.0016483117360621
RU-A1084,img_db1a74c82562304c,4,0,0.0079346522688865
RU-A1084,img_de993738e286581f,4,0,0.0029597789980471
RU-A1084,img_31e9df9a835f7eda,4,0,0.0001606817968422
RU-A1084,img_bb976eb440ac7f37,4,0,0.000432795175584
RU-A1084,img_385f0807a9a54c02,4,0,0.0006950694369152
RU-A1084,img_9de76103ad4f2dd7,4,0,0.0009487278875894
RU-A1084,img_28271672e954b37d,4,0,9.000806312542409e-05
RU-A1084,img_868abe50067b2c1b,4,0,0.000135873502586
RU-A1084,img_b2db014757101fdc,4,0,4.6690103772562e-05
RU-A1084,img_a3b0040766d5c348,4,0,6.615330494241789e-05
RU-A1084,img_75a7cc7b70ffed18,4,0,5.422494359663688e-05
RU-A1084,img_d2927f5863cc9afe,4,0,0.000149846819113
RU-A1084,img_6c6985fc7a4dc9f1,4,0,0.0001547338470118
RU-A1084,img_120829c679515f60,4,0,0.0001078561181202
RU-A1084,img_604339027e323f43,4,0,8.766568498685956e-05
RU-A1084,img_0603f1a7d217e1fa,4,0,0.0001064803218469
RU-A1084,img_a3ef717e825aca6b,4,0,0.0003055212728213
RU-A1084,img_9aec24e380226cbb,4,0,0.000180233590072
RU-A1084,img_3c94be12f9452a49,4,0,0.0001676998945185
RU-A1084,img_095a20697f55aabf,4,0,0.0002715853916015
RU-A1084,img_646cf78d46d82197,4,0,0.0001748353097354
RU-A1084,img_fae698fe99a4f049,4,0,0.0003423751622904
RU-A1084,img_0d7490ad0f8da910,4,0,5.84921617701184e-05
RU-A1084,img_432603b05d9127b1,4,0,6.457421841332689e-05
RU-A1084,img_28395d2246bf2fab,4,0,0.000512869504746
RU-A1084,img_2e32ef66ddff8940,4,0,0.000122800382087
RU-A1084,img_8aa96eb0ac87f648,4,0,0.0013596571516245
RU-A1084,img_30fb37bb30a7d793,4,0,0.000162087046192
RU-A1084,img_78424e1cd8cfac32,4,0,0.1330406963825225
RU-A1084,img_3cdefaa1a1f607f7,4,0,0.0463150739669799
RU-A1084,img_f1e58efa7e8a4b89,4,0,0.0022663522977381
RU-A1084,img_ee4e31ef61fede0d,4,0,0.0059737847186625
RU-A1084,img_a6af44adb5b4e3fc,4,0,0.0009686128469184
RU-A1084,img_06116b4fd85491e7,4,0,0.0008997741388157
RU-A1084,img_b091d058d104f6c8,4,0,0.0614757649600505
RU-A1084,img_86a7d12d98bf8834,4,0,0.0417009964585304
RU-A1084,img_680916680333756e,4,0,0.0003734598867595
RU-A1084,img_8efbbb07c40d273b,4,0,0.0638582333922386
RU-A1084,img_e1e817fdf5a1d7b2,4,0,3.5242563171777874e-05
RU-A1084,img_9bf276f4353f10c8,4,0,4.3026066123275086e-05
RU-A1084,img_a7207d192f757a1a,4,0,0.0001486635883338
RU-A1084,img_0d2967c3393ee942,4,0,0.0001839612959884
RU-A1084,img_46b97e6adb87c027,4,0,0.0013088716659694
RU-A1085,img_d2840a0efc4d0500,3,0,3.909469523932785e-05
RU-A1085,img_86de0b7084b511bc,3,0,5.2924759074812755e-05
RU-A1085,img_421946506fd626cb,3,0,0.0005897964583709
RU-A1085,img_a51137854d80c772,3,0,0.0004710477078333
RU-A1085,img_8d16fe52b0ac7627,3,0,0.0001947460696101
RU-A1085,img_884d0c900a4399a5,3,0,0.0051184906624257
RU-A1085,img_4f0f0942e9b61eeb,3,0,0.0015705556143075
RU-A1085,img_e2508b2a0691ada6,3,0,8.697622251929715e-05
RU-A1085,img_243a2e132269c95d,3,0,5.834543117089197e-05
RU-A1085,img_4b85cdf8d4ef0826,3,0,4.963007449987344e-05
RU-A1085,img_17b3c6d65d15df0d,3,0,4.9251098971581087e-05
RU-A1085,img_ed0e5c028fbfabe5,3,0,0.0003749749739654
RU-A1085,img_24fdb91b79324aee,3,0,0.0004337790596764
RU-A1085,img_398da96546b0066c,3,0,0.4741565287113189
RU-A1085,img_36adfb8a249878af,3,0,0.0002406543353572
RU-A1085,img_40f7e4d572e3f1ca,3,0,0.0459364503622055
RU-A1085,img_2df6854354572d95,3,0,0.0101388301700353
RU-A1085,img_f336dd1256b709c6,3,0,0.0115128196775913
RU-A1085,img_2511cc7ca01ff2d5,3,0,0.0076163201592862
RU-A1087,img_4306561128354096,0,0,4.274701859685592e-05
RU-A1087,img_38737445203e2c13,0,0,1.6429137758677825e-05
RU-A1087,img_dab65d5c5e8f6d55,0,0,2.7647174647427164e-05
RU-A1087,img_840f75a422ad264a,0,0,1.913796404551249e-05
RU-A1087,img_b55ab284dfe108d9,0,0,2.7915366445085965e-05
RU-A1087,img_9c63f1ff0c8ee69b,0,0,2.1346395442378707e-05
RU-A1087,img_2ca95915a88ac9c9,0,0,0.0995366051793098
RU-A1087,img_010c3e808818e708,0,0,0.0603335164487361
RU-A1087,img_d1435d697349c4a4,0,0,0.0006530153332278
RU-A1087,img_7ec30c18756e84a1,0,0,0.0011451874161139
RU-A1088,img_341bd79bfbb32464,3,0,2.6522593543631956e-05
RU-A1088,img_d465b338932e403e,3,0,3.659455978777259e-05
RU-A1088,img_38575cb854539b8c,3,0,3.621752330218442e-05
RU-A1088,img_6ac9d9272ee184db,3,0,5.929782128077932e-05
RU-A1088,img_0c255eb4d4280770,3,0,3.79334669560194e-05
RU-A1090,img_02cafda702c58f3d,1,0,0.0001186433000839
RU-A1090,img_55746d1544908753,1,0,0.0001699091517366
RU-A1090,img_7c6912da4ffd5750,1,0,8.047521987464279e-05
RU-A1090,img_547350790b5bc200,1,0,0.0001410766562912
RU-A1090,img_e4c492a7436a7907,1,0,0.000162799085956
RU-A1090,img_8f4ecd186cf1dc29,1,0,4.515158798312768e-05
RU-A1090,img_12dc93313669830c,1,0,9.198080806527288e-05
RU-A1090,img_20ce68ea5e35dc51,1,0,6.548992678290233e-05
RU-A1091,img_496d40d4bdcfa3c7,4,0,1.810491994547192e-05
RU-A1091,img_9053b6bd763c8b8d,4,0,5.847364809596911e-05
RU-A1091,img_ebb3a517d781b7b0,4,0,9.042685269378126e-05
RU-A1091,img_23e6a7a181090eab,4,0,0.0002743089280556
RU-A1091,img_319c90b60993f854,4,0,0.000202972034458
RU-A1092,img_8c37cebdc426aa15,2,0,4.5899785618530586e-05
RU-A1092,img_24384ed0c7c80a3e,2,0,4.1809780668700114e-05
RU-A1092,img_fd5e04009c989483,2,0,8.766184691921808e-06
RU-A1092,img_2689ab49025de65b,2,0,8.468927262583748e-06
RU-A1092,img_01700a28dbd98744,2,0,3.8055750337662175e-05
RU-A1092,img_e1b2da4fc40c44ee,2,0,5.3684543672716245e-05
RU-A1092,img_7bb8ce1213dfd56e,2,0,0.0003084168420173
RU-A1092,img_953bb7a54e2b3dd7,2,0,0.0001036557223415
RU-A1094,img_902989ce5048de9a,4,0,0.0003223516105208
RU-A1094,img_18b96c6949455734,4,0,7.45570141589269e-05
RU-A1095,img_cfe40bba1a0f810e,3,0,4.2697356548160315e-05
RU-A1095,img_4b773350aaebdbd9,3,0,2.9385169909801338e-05
RU-A1095,img_f3cc0d6b7a6c2a46,3,0,1.2625534509425052e-05
RU-A1095,img_c996bb01a3e89b4c,3,0,1.915434404509142e-05
RU-A1095,img_e24a827388d07178,3,0,5.000547389499843e-05
RU-A1095,img_8b639a4d807c6044,3,0,3.92943256883882e-05
RU-A1095,img_deefb793a0c050cc,3,0,1.820573743316345e-05
RU-A1095,img_fc0d79d4e55034df,3,0,3.195494718966074e-05
RU-A1096,img_f6c310321f59d359,0,0,1.3498759471985975e-05
RU-A1096,img_c35849104c118fc6,0,0,2.4018789190449752e-05
RU-A1096,img_d5d57717703a052a,0,0,4.40354342572391e-05
RU-A1096,img_a0ccab2224837eda,0,0,3.4206190321128815e-05
RU-A1096,img_5e6622b02478a5a4,0,0,2.64797818090301e-05
RU-A1096,img_7b2f91f4f7f6fcaa,0,0,3.5734541597776115e-05
RU-A1096,img_be24564b1ddcd56f,0,0,0.0001175982542918
RU-A1096,img_bc4744b3c20684fe,0,0,4.2454030335647985e-05
RU-A1096,img_ac941b46f905083f,0,0,3.052303145523183e-05
RU-A1096,img_c4addf21d7357407,0,0,4.082362283952534e-05
RU-A1100,img_f0bd0fff94bb343f,2,0,9.429956662643235e-06
RU-A1100,img_7d0aad024ce8d3db,2,0,1.002009321382502e-05
RU-A1100,img_54c7460ad88dfb08,2,0,1.3883291103411466e-05
RU-A1100,img_378c9a2b6359dcc9,2,0,1.8493490642867982e-05
RU-A1100,img_2e42acf9a04b00ac,2,0,1.2519507436081769e-05
RU-A1100,img_7178489d049aad3c,2,0,1.800136305973865e-05
RU-A1148,img_f10d9b13c8dd1747,2,0,4.0214043110609055e-05
RU-A1148,img_7ee9dfd8047937f2,2,0,3.75654453819152e-05
RU-A1148,img_01039c4b1b623173,2,0,3.417221887502819e-05
RU-A1148,img_3d509547e54a2108,2,0,4.3681931856554e-05
RU-A1151,img_aeb0e4d98421c6ab,1,0,0.9990936517715454
RU-A1151,img_8331c3e1b7e45f52,1,0,0.9990310668945312
RU-A1151,img_6c74f2ffa84c278b,1,0,0.9879074692726136
RU-A1151,img_69da023df1138ae9,1,0,0.987721621990204
RU-A1151,img_88bb0ec6ba46ac97,1,0,0.9273077845573424
RU-A1151,img_9f18b3aba6cc0de5,1,0,0.5883722901344299
RU-A1151,img_906468ac2b6883a3,1,0,0.0334887243807315
RU-A1151,img_ebae27221ad510aa,1,0,0.0941990762948989
RU-A1152,img_9f36ccabffb91127,1,0,0.000106864812551
RU-A1152,img_02cd3a50e5722f10,1,0,9.06290370039642e-05
RU-A1152,img_84a872e80fbba85f,1,0,6.677832425339147e-05
RU-A1152,img_79ed47c25e1cc9e8,1,0,8.324060763698071e-05
RU-A1152,img_b2de56818450326b,1,0,0.0001070930229616
RU-A1152,img_c660dad4197daee3,1,0,8.066698501352221e-05
RU-A1152,img_1b752091dee4c518,1,0,0.0025003261398524
RU-A1152,img_20cb8b00b4c70d4a,1,0,0.0047545949928462
RU-A1152,img_5cb4e0b0f3856695,1,0,0.0005632748943753
RU-A1152,img_c8672f4e365313ce,1,0,0.0008822317468002
RU-A1157,img_d4ae8091ae0757af,3,0,0.0011415742337703
RU-A1157,img_3761fc6f346e7291,3,0,0.0006792994681745
RU-A1157,img_d0a7bc73fef9e701,3,0,0.0035899996291846
RU-A1157,img_acee21b7f9f9bccc,3,0,0.0081450538709759
RU-A1157,img_a2c4c778b6fd866f,3,0,6.170423148432747e-05
RU-A1157,img_b0fbe72697137acb,3,0,6.687907443847507e-05
RU-A1157,img_d95a5f98abe2aa6a,3,0,0.0001368421653751
RU-A1157,img_82509bdad829118f,3,0,0.0003864881873596
RU-A1157,img_c511d5fc6dfd2591,3,0,6.987696542637423e-05
RU-A1157,img_20cd221b066c7c94,3,0,5.696486550732516e-05
RU-A1158,img_bd5fac1beb00b89e,2,0,3.051980093005113e-05
RU-A1158,img_4593d4fb03c4aa2e,2,0,1.8893264496000484e-05
RU-A1158,img_1c399192e010e1e8,2,0,1.2822812095691916e-05
RU-A1158,img_a84359e1fadc93be,2,0,1.6772542949183844e-05
RU-A1158,img_07bbefdbda20d1bf,2,0,1.222781702381326e-05
RU-A1158,img_dfb6d85a2716b73e,2,0,1.4033228580956347e-05
RU-A1158,img_f8e90ff8a45ea76c,2,0,6.229534483281896e-05
RU-A1158,img_96c480c67d24ff81,2,0,3.745173671632074e-05
RU-A1158,img_c950b0861207bfd0,2,0,0.0040468662045896
RU-A1158,img_a57643551c6682fb,2,0,0.0032986134756356
RU-A1159,img_57e847c25be6c902,1,0,8.034685743041337e-05
RU-A1159,img_a58cfac931b9dfed,1,0,5.625277844956145e-05
RU-A1159,img_f54dedfd09cd5bb9,1,0,0.0004638047830667
RU-A1159,img_0482fd8c4e89f3a1,1,0,0.0001682935399003
RU-A1159,img_94f472ea68866573,1,0,0.0002723217476159
RU-A1159,img_d2f62e019f86a9a1,1,0,0.00018379278481
RU-A1159,img_770aeeb6a4734483,1,0,0.0003039422736037
RU-A1159,img_e3271d3452e87481,1,0,0.0015426911413669
RU-A1159,img_443e45ed9c9b91d8,1,0,0.0009925118647515
RU-A1160,img_abf0add4078c02d7,2,0,2.65800699708052e-05
RU-A1160,img_f3a7c9f498a30cf6,2,0,2.2085865566623397e-05
RU-A1160,img_5d54faf7bc620d76,2,0,0.0661846324801445
RU-A1160,img_3673caab3ada9169,2,0,0.4824234247207641
RU-A1161,img_fddfd73669db3761,1,0,6.62138409097679e-05
RU-A1161,img_9a0d76490f4e758c,1,0,0.0006049895309843
RU-A1161,img_703a60c47ce33393,1,0,0.0007532863528467
RU-A1161,img_a77c700d16387170,1,0,0.0004381453618407
RU-A1161,img_f18955f848c65a47,1,0,0.0011750790290534
RU-A1161,img_b22806dae60e42eb,1,0,0.0024308827705681
RU-A1162,img_e50a1e9b61f68985,3,0,1.996749961108435e-05
RU-A1162,img_43f44a1c0dc4e80a,3,0,3.961406400776468e-05
RU-A1162,img_0686832adf9eb7b0,3,0,3.866187762469053e-05
RU-A1162,img_ccda422b004b2040,3,0,0.0001304958568653
RU-A1162,img_a73115e01a2d9552,3,0,2.7012976715923287e-05
RU-A1162,img_1ac9bbabf7fe927f,3,0,3.292111068731174e-05
RU-A1162,img_3565e826b9cddd17,3,0,7.452445424860343e-05
RU-A1162,img_d64a4ffe7e6872e8,3,0,0.0001303520984947
RU-A1162,img_3373d870d77bbaf3,3,0,6.535042484756559e-05
RU-A1162,img_88287373e24dfd04,3,0,4.336491474532522e-05
RU-A1162,img_bc1d55c4fbfa977d,3,0,0.0002111152134602
RU-A1162,img_eb4aedf0b4d0e8f8,3,0,0.0003478615835774
RU-A1162,img_1ebecbd928005394,3,0,0.0001399649336235
RU-A1162,img_a05f3ea344464421,3,0,0.0001408357784384
RU-A1164,img_a75108faede88b0d,4,0,3.6121633456787094e-05
RU-A1164,img_fdce6cdc847ab8a7,4,0,2.5432473194086924e-05
RU-A1164,img_328f0f466922f285,4,0,2.5124079911620356e-05
RU-A1164,img_f2a9a25391b544d3,4,0,1.722409615467768e-05
RU-A1164,img_bbd0d37f984a5849,4,0,1.6521711586392485e-05
RU-A1164,img_dded3e26fcacca5f,4,0,2.647094333951827e-05
RU-A1164,img_10353862751e7fa5,4,0,3.0439636248047464e-05
RU-A1164,img_9a96dbab552513b9,4,0,0.0100717181339859
RU-A1164,img_4093518313023fbe,4,0,0.0178509764373302
RU-A1165,img_65386e7d9cb64f9d,1,0,0.0002409281878499
RU-A1165,img_a02bce084c4dbc51,1,0,0.0002655549033079
RU-A1165,img_d7ec70c596a3c7e5,1,0,0.0001503877429058
RU-A1165,img_f50adedd5121a5af,1,0,0.0002623863110784
RU-A1167,img_90b53155667807a2,4,0,2.0524259525700472e-05
RU-A1167,img_1e91445dbbb10e45,4,0,2.047684756689705e-05
RU-A1167,img_0b8e5ead1c0eb983,4,0,9.73449568846263e-05
RU-A1167,img_9a356d782ada14e7,4,0,5.1902796258218586e-05
RU-A1168,img_f6c1b78bf1a1c419,1,0,5.1895716751459986e-05
RU-A1168,img_c4fa6b6606150776,1,0,0.0001289245847146
RU-A1168,img_b12763bc776f237b,1,0,0.0007778494618833
RU-A1168,img_b998ac7903da596a,1,0,0.0004238871333654
RU-A1168,img_9b4e1328a6284d02,1,0,0.0006290980381891
RU-A1168,img_f63bebd6e6b520fb,1,0,0.0012442411389201
RU-A1168,img_f82ac1e479af4fee,1,0,0.0010067606344819
RU-A1168,img_21a5e7daef98fa43,1,0,0.0009943902259692
RU-A1169,img_3d0d09c23dddd708,0,0,1.9596378479036503e-05
RU-A1169,img_e8f319d98e4394db,0,0,1.6108147974591702e-05
RU-A1169,img_ce580288284f0c39,0,0,2.3442231395165436e-05
RU-A1169,img_f2e76757f84ec6c2,0,0,0.0001880735362647
RU-A1169,img_6952eb5a597b71e9,0,0,0.0002061940758721
RU-A1170,img_35146e0294ffc229,4,1,0.0018590379040688
RU-A1170,img_ad84d34a839db114,4,1,0.0026099861133843
RU-A1170,img_7c4b026225b78480,4,1,0.2572021186351776
RU-A1170,img_44d09247fe41802c,4,1,0.0709228515625
RU-A1170,img_19245519512331a8,4,1,0.2200574576854705
RU-A1170,img_3a68b7d522fd8ed8,4,1,0.11525160074234
RU-A1170,img_669a0e3d9a6b644c,4,1,6.698112701997161e-05
RU-A1170,img_fbd531730bf96b19,4,1,6.941882020328194e-05
RU-A1170,img_744edff32ebf52bc,4,1,0.0003536449803505
RU-A1170,img_5c3f1b9276cd3327,4,1,0.0003292128676548
RU-A1170,img_ec86d7873fc72200,4,1,0.0007600057870149
RU-A1170,img_863dbaaea59fc328,4,1,0.0006322657573036
RU-A1170,img_7167b5fffd811b63,4,1,0.0004758769646286
RU-A1170,img_6543c793c1f09e1e,4,1,0.0002831451129168
RU-A1171,img_451dd404b3fad6a6,2,0,0.0010354032274335
RU-A1171,img_bcd237220dc0b0ec,2,0,0.0001249037013622
RU-A1171,img_a0e80e65520e2bc2,2,0,0.0792397856712341
RU-A1171,img_c0ff02ba034a11aa,2,0,0.7127649784088135
RU-A1172,img_be58fe8545d04fce,1,0,9.301642421633004e-05
RU-A1172,img_b4b1d34ad253ee14,1,0,5.961629358353093e-05
RU-A1172,img_133e5f1b77bf145f,1,0,0.0001220629055751
RU-A1172,img_1b76d3ea41ad0fa1,1,0,0.000111428227683
RU-A1172,img_b168d6619e508ea6,1,0,0.0002078031975543
RU-A1172,img_b79a076a1dbb92e9,1,0,0.0002889079041779
RU-A1172,img_e407281c2cea1333,1,0,0.0020409456919878
RU-A1172,img_a12c58a5a5f53650,1,0,0.0008945994195528
RU-A1173,img_6dbc7d2d2fda1e32,0,0,2.621282874315511e-05
RU-A1173,img_898c00f921b34233,0,0,2.0404702809173617e-05
RU-A1173,img_f6a77858a31c3ef1,0,0,2.0519366444204937e-05
RU-A1173,img_df210a5fab7e194e,0,0,9.64723039942328e-06
RU-A1173,img_142451132d6f6d6e,0,0,0.0001164273562608
RU-A1173,img_755a70d989ccf55a,0,0,6.524669151986018e-05
RU-A1174,img_a9bce608eae449af,1,0,0.0033733558375388
RU-A1174,img_fb7d456259450448,1,0,0.0058411783538758
RU-A1174,img_5bc4050a4df8e92f,1,0,0.0105690350756049
RU-A1174,img_32cd0bd1996206c9,1,0,0.0043891659006476
RU-A1174,img_9aea532336c2c157,1,0,4.760459341923706e-05
RU-A1174,img_8c2b5cc9eea99fea,1,0,3.830640343949199e-05
RU-A1174,img_71f1b96a1ba6bbb0,1,0,0.0006579554174095
RU-A1174,img_e235934b96951fe8,1,0,0.0012244705576449
RU-A1174,img_d11a8e2594bdf46e,1,0,0.0025348265189677
RU-A1174,img_1576581ca61c0ced,1,0,0.00390171026811
RU-A1154,img_2b9ec337d64cdc74,2,0,9.722188224259298e-06
RU-A1154,img_c6445ecfb6d3aa22,2,0,3.402809306862764e-05
RU-A1154,img_a10ed4749e23c7cc,2,0,1.4418579667108132e-05
RU-A1154,img_0f73b3f77eb23edf,2,0,0.0001054778258549
RU-A1154,img_bc17bb19d4341e1c,2,0,0.0001078654822777
RU-A1154,img_a758888f8a1813b8,2,0,4.261595313437283e-05
RU-A1154,img_e2e703a4f91f18f3,2,0,7.646698941243812e-05
RU-A1154,img_44e2b5872169ec50,2,0,6.198549090186134e-05
RU-A1154,img_6b40865f9b4e08eb,2,0,2.450993451930117e-05
RU-A1154,img_db8425540c0b0cdb,2,0,3.679731526062824e-05
RU-A1155,img_5f4824811e011f6c,1,0,0.0006742106634192
RU-A1155,img_7e2f28ed80177923,1,0,0.0004842416674364
RU-A1155,img_5408471552cc8c89,1,0,0.0003019065188709
RU-A1155,img_b29cca99ccd698af,1,0,0.0004173105407971
RU-A1155,img_dad54ac42e65821a,1,0,0.0004711348447017
RU-A1155,img_9ce9024d4db6717f,1,0,0.0002284016663907
RU-A1155,img_25cbf5e7316d2139,1,0,0.0002932511561084
RU-A1155,img_856dd30f9aecc437,1,0,0.0002269407559651
RU-A1155,img_76bbfe9516ee3d70,1,0,0.0002768818230833
RU-A1221,img_b843df6ac49748b8,1,0,0.000615548051428
RU-A1221,img_a11314f69c119b7e,1,0,0.0001791881513781
RU-A1221,img_e3360cc395bd4f0c,1,0,0.0010796273127198
RU-A1221,img_3d7784f167ab3877,1,0,0.0006191306747496
RU-A1221,img_7297193f16963b9f,1,0,0.0003691137535497
RU-A1221,img_ec4e39e962c9849c,1,0,0.0003775671939365
RU-A1222,img_0c8e501da531010d,4,0,0.0001540660305181
RU-A1222,img_0a0d40bf622e68e5,4,0,2.1584466594504192e-05
RU-A1222,img_17920b469918312a,4,0,0.0008926924783736
RU-A1222,img_550d8a285a437729,4,0,0.0001705995964584
RU-A1223,img_993f965cb2543c0e,0,0,9.704615513328464e-05
RU-A1223,img_11d2a45a94860f1f,0,0,0.000102893107396
RU-A1223,img_a34347443d9b677c,0,0,1.405524744768627e-05
RU-A1223,img_e0fea148738580c9,0,0,1.025821802613791e-05
RU-A1224,img_5abbe20174b1cb5e,0,0,6.217593909241259e-05
RU-A1224,img_311dce75a3b93818,0,0,5.000423698220402e-05
RU-A1224,img_a937d14aa26975fa,0,0,5.328360930434428e-05
RU-A1224,img_41106415ecfc609e,0,0,1.839611286413856e-05
RU-A1224,img_dba5d6602b0b162a,0,0,6.277774082263932e-05
RU-A1225,img_9e70c1ee239546d3,0,0,0.0001257394760614
RU-A1225,img_399db71f2f7c74d2,0,0,0.0002542400034144
RU-A1226,img_662078eafbab9c59,0,0,2.1331092284526676e-05
RU-A1226,img_d4331128fa77cdd6,0,0,4.892062861472368e-05
RU-A1226,img_42abf17b96b925c5,0,0,1.1813843229901975e-05
RU-A1226,img_0beb883c88a1a1b9,0,0,1.4459477824857458e-05
RU-A1227,img_a4ed0801b99d3676,3,0,1.3656273949891329e-05
RU-A1227,img_48fc430b50746636,3,0,1.747470560076181e-05
RU-A1227,img_d14fae684d541a7a,3,0,1.2176372365502177e-05
RU-A1227,img_47bc5f8962e2180b,3,0,1.4883788935549092e-05
RU-A1227,img_354c74b3c6338aad,3,0,6.655829929513857e-05
RU-A1227,img_982144aa5c74c38e,3,0,5.342892472981475e-05
RU-A1228,img_cff87a80d13e8fb1,2,0,4.6157885662978515e-05
RU-A1228,img_566a72c2cbc99ec0,2,0,1.3587942703452429e-05
RU-A1228,img_d2f9d041e39bcca2,2,0,2.4808636226225644e-05
RU-A1228,img_3d8bf6100cc8d6b8,2,0,1.863711077021435e-05
RU-A1228,img_d5e1c165c810708f,2,0,2.6767542294692248e-05
RU-A1228,img_f8dc5696bc6d0a98,2,0,4.5894095819676295e-05
RU-A1228,img_b355bf8324014a77,2,0,1.4212789210432676e-05
RU-A1228,img_7ecf8f0d78007381,2,0,0.0001238767581526
RU-A1228,img_22d710c277869821,2,0,0.0001685585448285
RU-A1228,img_dc939f24dbe447cf,2,0,0.0003953572595492
RU-A1228,img_9718837515050473,2,0,0.0010461764177307
RU-A1229,img_8950267846928315,4,1,0.0003886313934344
RU-A1229,img_44829ee2e0bd1429,4,1,0.0269415136426687
RU-A1229,img_75e20e01b38e078a,4,1,0.0050722192972898
RU-A1229,img_651a50002ea6f8ba,4,1,0.9799182415008544
RU-A1229,img_b1f8e2c4d30fe399,4,1,0.8598684072494507
RU-A1230,img_3830ae930b0a6ef1,4,0,2.302551547472831e-05
RU-A1230,img_72e0925990c9bf09,4,0,1.821825935621746e-05
RU-A1230,img_8de82a7ef7791207,4,0,3.4376440453343093e-05
RU-A1230,img_dfdf8341cd873f00,4,0,2.7946423870162107e-05
RU-A1230,img_4e74d4cfbc6b946d,4,0,2.272711935802363e-05
RU-A1230,img_9b94bb8e3d3f8938,4,0,4.863473805016838e-05
RU-A1230,img_63b70a713495db32,4,0,4.737918425234966e-05
RU-A1230,img_60227010952c481a,4,0,6.282715912675485e-05
RU-A1230,img_3ed0b603bd39c6fe,4,0,0.0002010010939557
RU-A1230,img_8d9ee4f5d062f4ee,4,0,0.0001400538458256
RU-A1230,img_2badc52b03359c7f,4,0,8.210763917304575e-05
RU-A1230,img_dc9adb66c18359f9,4,0,0.0001748253125697
RU-A1231,img_4a9ceaba0b907dba,2,0,4.0600920328870416e-05
RU-A1231,img_4dbcc0ccdd01a90e,2,0,1.58411876327591e-05
RU-A1231,img_dd5a0c6c0753b8f9,2,0,3.642861338448711e-05
RU-A1231,img_bfee5e09e107f620,2,0,7.198288949439302e-05
RU-A1231,img_d2ae49d23f2c8fae,2,0,3.703904803842306e-05
RU-A1231,img_a7b107b5b48b736b,2,0,4.420617551659234e-05
RU-A1231,img_a8186cb4fbe98fca,2,0,1.9531860743882135e-05
RU-A1231,img_02ae068f77aecd0a,2,0,3.585315425880253e-05
RU-A1232,img_f8eed42054d2d97e,1,0,0.0006789338076487
RU-A1232,img_6b8ee788e5947b23,1,0,0.0001019944829749
RU-A1232,img_e5b24440c4d13433,1,0,0.0004599845851771
RU-A1232,img_91ce6a798f0addf8,1,0,7.983743125805631e-05
RU-A1232,img_09d3118069786e96,1,0,7.169468881329522e-05
RU-A1232,img_67c3b03061399bb3,1,0,0.0001195572913275
RU-A1232,img_66e3441a082030fe,1,0,0.0003444779140409
RU-A1232,img_434c1c81c8b8e1ed,1,0,0.0003413194208405
RU-A1233,img_5de866f0a887a291,0,0,4.427553722052835e-05
RU-A1233,img_ccd794e2817b27c9,0,0,3.815477612079121e-05
RU-A1233,img_b7d8a3f95eea273a,0,0,0.0007126951240934
RU-A1233,img_06613dc42196830f,0,0,0.0002493275678716
RU-A1233,img_f8c5fdc5ef24e200,0,0,0.0001595294888829
RU-A1233,img_3fe0bf91a8b07fbf,0,0,8.818804781185463e-05
RU-A1233,img_eb990b0170856b53,0,0,0.000294407014735
RU-A1233,img_1cef30b84b1f8705,0,0,0.0003195783647242
RU-A1234,img_9fe7f8c14d214f85,1,0,0.0002317248581675
RU-A1234,img_8f9346484fdadaf5,1,0,0.0001876638561952
RU-A1234,img_b7b77fcba03765a8,1,0,0.0003206389083061
RU-A1234,img_f572494e74b147f7,1,0,0.0003437125997152
RU-A1235,img_7fcb73b59693708a,1,0,7.03562400303781e-05
RU-A1235,img_d7e0b86dae2b2648,1,0,0.0008199894800782
RU-A1235,img_e541919750f8f0bb,1,0,6.460760050686076e-05
RU-A1235,img_7e5ed24165794b48,1,0,7.25514255464077e-05
RU-A1236,img_cc2d188476c57231,3,0,3.953484338126145e-05
RU-A1236,img_bc39e336ae99b7c2,3,0,2.901551306422334e-05
RU-A1237,img_c1307c46aeed49e6,2,0,4.6924087655497715e-05
RU-A1237,img_0e945bc042bb913b,2,0,0.0001825417566578
RU-A1237,img_3e017bbfd34b445c,2,0,8.862566028255969e-05
RU-A1237,img_53f53b2252294e84,2,0,0.0002241434704046
RU-A1237,img_4e1c499c5537d033,2,0,0.000363799452316
RU-A1238,img_7be6f6758f6c4b6d,1,0,5.361219882615842e-05
RU-A1238,img_a36c9d9a3209fd1a,1,0,5.900827090954408e-05
RU-A1238,img_891b503bbeee8157,1,0,2.1737494535045695e-05
RU-A1238,img_e03834fbefdd0c96,1,0,2.1432289941003543e-05
RU-A1238,img_1b16d89d902c69c9,1,0,5.279194010654464e-05
RU-A1238,img_09c83915e5561442,1,0,4.784178963745944e-05
RU-A1238,img_c2fc160a3a160ab3,1,0,9.28648660192266e-05
RU-A1238,img_ae17a68200f20bd7,1,0,2.2576919946004637e-05
RU-A1239,img_e3666bf8aa074a8e,3,0,0.0001110249868361
RU-A1239,img_54c6082c9e330aa9,3,0,2.13127914321376e-05
RU-A1239,img_7c5fa7fde0d158ec,3,0,3.250129157095216e-05
RU-A1239,img_959fddb3cb5ba6ad,3,0,1.8179263861384243e-05
RU-A1239,img_6884c97a9b80867c,3,0,5.422163667390123e-05
RU-A1239,img_073122c18a534a3f,3,0,7.333444955293089e-05
RU-A1240,img_b2826c84edb1a981,3,1,4.3101957999169827e-05
RU-A1240,img_e2929ffcd26a36bb,3,1,2.578354542492889e-05
RU-A1240,img_1a1f853295b0a1f7,3,1,3.26418194163125e-05
RU-A1240,img_df2b23c20d373cb2,3,1,0.0002316727041034
RU-A1240,img_5d4d38e81fc13079,3,1,0.0012352536432445
RU-A1240,img_e4bbe624cbc3bcfa,3,1,2.265938019263558e-05
RU-A1240,img_fca381572b0f2812,3,1,1.8467053450876847e-05
RU-A1240,img_332150a1c65cc706,3,1,4.607072696671821e-05
RU-A1240,img_2a566051f674d24c,3,1,0.0038024522364139
RU-A1240,img_e9ca392036a4b523,3,1,0.0038155410438776
RU-A1240,img_ab8c49011a55ede8,3,1,0.0001137063445639
RU-A1240,img_c3a0ac719e920d0e,3,1,0.000404334597988
RU-A1345,img_7e61082adabd31d8,1,1,0.0001514737523393
RU-A1345,img_d3feff1211a4285c,1,1,0.0002907681046053
RU-A1345,img_cdbc4937d28fa0ee,1,1,0.000778513145633
RU-A1345,img_22eb5d6e909db778,1,1,0.0058869146741926
RU-A1245,img_0b1da719028ee428,2,0,1.0196157745667732e-05
RU-A1245,img_c1c7c530d207703b,2,0,1.1010765774699394e-05
RU-A1245,img_19718b6879c6a4b5,2,0,3.460430889390409e-05
RU-A1245,img_a7bf02af7fb692b9,2,0,2.9852521038264968e-05
RU-A1245,img_f2692bb748663132,2,0,1.796795186237432e-05
RU-A1245,img_be7ccbfa8f413e9f,2,0,8.036616782192141e-05
RU-A1245,img_ab0e56c36727edfb,2,0,9.232669253833592e-05
RU-A1245,img_1a07d10d000de6f6,2,0,6.749008753104135e-05
RU-A1245,img_89102dde89e25e9a,2,0,6.804325676057488e-05
RU-A1245,img_6b92f1c7fec81682,2,0,6.649655551882461e-05
RU-A1246,img_7a670da64b5e50db,2,0,2.3758444513077848e-05
RU-A1246,img_e7f76e4dd817ca61,2,0,1.927728590089828e-05
RU-A1246,img_da8f1cba505a5ad1,2,0,0.0002027565788011
RU-A1246,img_582323e232fcf005,2,0,0.0010573704494163
RU-A1248,img_beddcaa9017f505b,3,0,9.202090586768465e-05
RU-A1248,img_bc651650612474fa,3,0,0.0001255226525245
RU-A1248,img_e74ecb9e8e6b164b,3,0,0.0001026697500492
RU-A1248,img_c5e470e6c5e1641a,3,0,0.0001830948895076
RU-A1248,img_43482114ff3743bb,3,0,0.0001834085269365
RU-A1347,img_40f993093261617b,0,1,0.00261842017062
RU-A1347,img_90ed0a0384e864cb,0,1,0.0030961504671722
RU-A1020,img_6ebf0480440eeb8b,3,0,9.029346256284045e-05
RU-A1020,img_3b28f6fb43310f01,3,0,0.0002006225549848
RU-A1020,img_b896f1618048adaa,3,0,0.0001516040792921
RU-A1020,img_ff34f3ed16e85d10,3,0,0.0003317918744869
RU-A1020,img_e1dfa0df1f51f26f,3,0,0.0002521739515941
RU-A1020,img_38b66d83c3e10e5f,3,0,5.184990732232109e-05
RU-A1020,img_269af53d528b1f3b,3,0,6.047623173799366e-05
RU-A1166,img_7db6e6ebb2386254,2,0,1.7269112504436634e-05
RU-A1166,img_04d2698a8ec4e773,2,0,1.983631773327943e-05
RU-A1166,img_e48273b2c657ace2,2,0,0.0004184167773928
RU-A1166,img_b5193f801f3b0651,2,0,0.0003930560778826
RU-A1166,img_8cd4e57f5a7f3fbf,2,0,5.742897337768227e-05
RU-A1166,img_8c3b4f88af2c18d0,2,0,5.553005030378699e-05
RU-A1166,img_52722c7a1339f08b,2,0,2.0850107830483463e-05
RU-A1153,img_88c42d232e084af2,3,0,4.782377072842792e-05
RU-A1153,img_6b2a1851b06d2968,3,0,4.487741898628883e-05
RU-A1153,img_b3b08eefab81dc7a,3,0,3.0586346838390455e-05
RU-A1067,img_e4b1cb7a4084f5aa,1,0,0.0017185563920065
RU-A1067,img_af4aba150dcdd3ff,1,0,0.005566363222897
RU-A1067,img_283d2d5b706f4a10,1,0,0.0883017927408218
RU-A1067,img_4c686295431a83d9,1,0,0.2837671339511871
RU-A1067,img_1787244bdbcfa17f,1,0,0.0133433332666754
RU-A1067,img_d7a788735478282b,1,0,0.0008810832514427
RU-A1067,img_8a2299337955ff3f,1,0,0.0035910285077989
RU-A1067,img_1edb5a7636a9c074,1,0,0.0065012532286345
RU-A1067,img_9f660a26a61b58e8,1,0,5.48715288459789e-05
RU-A1111,img_1cd53353b8617071,1,0,0.0012176189338788
RU-A1111,img_7dcdf6badb261622,1,0,0.0005140618304722
RU-A1111,img_c1200a40c8ffa7a5,1,0,0.000731928681489
RU-A1111,img_426db2853397d34f,1,0,0.3323111832141876
RU-A1111,img_258ef9ea500043f1,1,0,0.0006920992746017
RU-A1111,img_b5efa60b2a2e54c1,1,0,0.000205018222914
RU-A1111,img_ff6679dafd6bb8a8,1,0,0.9058932662010192
RU-A1111,img_555a0eed519bc91b,1,0,0.9925105571746826
RU-A1111,img_68ce501b08448270,1,0,0.0255913287401199
RU-A1111,img_56763286b16db0a6,1,0,0.4619740843772888
RU-A1111,img_b65531f2691565a9,1,0,0.000137656199513
RU-A1111,img_e6126205083bed2e,1,0,0.000755172339268
RU-A1111,img_c430eaac3bcee87b,1,0,0.0003788326866924
RU-A1111,img_38493665fbd7fc50,1,0,0.0002216639113612
RU-A1149,img_bbf258ea7b72621d,2,0,1.7799246052163653e-05
RU-A1149,img_fa033a5cd5376bdd,2,0,2.2046009689802304e-05
RU-A1177,img_20361e9a65e9b7a3,3,0,2.6392754080006853e-05
RU-A1177,img_111685f7f081edfa,3,0,2.917188248829916e-05
RU-A1177,img_fea19a9cfd0b6731,3,0,0.0001028538681566
RU-A1177,img_3add4b70d70febec,3,0,6.832141662016511e-05
RU-A1179,img_79ba5a1608358e10,2,0,0.000127074032207
RU-A1179,img_02bcd5eefe3ac2f5,2,0,0.0002431389293633
RU-A1179,img_a2640cbb642bfa27,2,0,5.007973231840879e-05
RU-A1179,img_57140cb499290165,2,0,4.146133142057806e-05
RU-A1181,img_95278a1793767bf5,0,0,3.276682400610298e-05
RU-A1181,img_5746beb86ec3e5f7,0,0,0.0001416885788785
RU-A1181,img_348f5c02ab93acd5,0,0,0.0011658079456537
RU-A1181,img_49b9a19b2d71e267,0,0,0.0040887761861085
RU-A1182,img_72a6b03b03822cdf,4,0,0.8172787427902222
RU-A1182,img_260b6b676862b479,4,0,0.900290310382843
RU-A1182,img_70033e2e448b5422,4,0,0.0011447895085439
RU-A1182,img_c299d29bd0f9727b,4,0,0.0030779100488871
RU-A1183,img_ea651f8d1fa0b977,2,0,6.83517791912891e-05
RU-A1183,img_f354e7452ed4f731,2,0,6.70377557980828e-05
RU-A1183,img_c0fcbd5c9ef681d8,2,0,3.1492298148805276e-05
RU-A1183,img_d8ee1ebb142b9b41,2,0,3.9272039430215955e-05
RU-A1185,img_932b5fc52ae332d4,1,0,0.0003839255077764
RU-A1185,img_e3ab61ccfc73868f,1,0,0.0004391357360873
RU-A1185,img_ca5e4ba2c40087ba,1,0,0.0001436764287063
RU-A1185,img_c5e29373480c9838,1,0,0.0002164771722164
RU-A1250,img_bc42d5b6df347267,2,0,4.906934191239998e-05
RU-A1250,img_1973d0ad146c6caf,2,0,4.0707498556002975e-05
RU-A1250,img_d21ae07be7521ee4,2,0,2.107785621774383e-05
RU-A1250,img_fae9a948208af627,2,0,4.005738810519688e-05
RU-A1250,img_9aa8739a0f7d5ebc,2,0,2.6128447643714026e-05
RU-A1250,img_5e69f1ab96f7bbec,2,0,0.0001181877742055
RU-A1250,img_9c9aac34eec51086,2,0,1.5644458471797407e-05
RU-A1250,img_a0fc20927e5f670b,2,0,0.0001130363016272
RU-A1250,img_ce896261265900d1,2,0,0.0001749056827975
RU-A1250,img_3be085020d15861d,2,0,3.887913044309243e-05
RU-A1250,img_cbfaf1ca6e402023,2,0,4.316349441069178e-05
RU-A1251,img_3052a7aac94abe19,2,1,4.032141441712156e-05
RU-A1251,img_b1c1ad411bee2dab,2,1,4.346999412518926e-05
RU-A1251,img_2dad71961b5ab5f4,2,1,0.0001012518987408
RU-A1251,img_6bbcbca4ebf1dcc3,2,1,2.357616540393792e-05
RU-A1251,img_bc72bd486195709b,2,1,0.0004350320959929
RU-A1251,img_9bb4761e496a7c19,2,1,3.834982271655463e-05
RU-A1251,img_026b03b707d69374,2,1,4.071949661010876e-05
RU-A1251,img_37d73ec364ecd89c,2,1,2.8323982405709103e-05
RU-A1251,img_389663b2e72f8ccd,2,1,0.0023029835429042
RU-A1251,img_e9207379d7cf370f,2,1,0.001911952975206
RU-A1251,img_b9c8195ff22a5bdb,2,1,8.66541886352934e-05
RU-A1251,img_23808aa99ad4a010,2,1,8.784342207945883e-05
RU-A1251,img_0d4e2f8217a6a429,2,1,0.0001881802745629
RU-A1251,img_7e3e648b59b560ff,2,1,0.0007603419362567
RU-A1251,img_448498b4a6226637,2,1,4.9393715016776696e-05
RU-A1251,img_5a418c5470c18130,2,1,4.599824023898691e-05
RU-A1251,img_9b3dda18f52398c3,2,1,0.0383876077830791
RU-A1251,img_a9aa2953c27365bd,2,1,0.0120742376893758
RU-A1251,img_bbe2192ae099d420,2,1,0.0003785806766245
RU-A1251,img_62a1e3c01176e5ea,2,1,0.0055011520162224
RU-A1251,img_98d9bd347e7dca9c,2,1,2.2544540115632117e-05
RU-A1251,img_fc56cd99f782bd0a,2,1,2.3887168936198577e-05
RU-A1251,img_98af12855b0e7a13,2,1,0.0022716140374541
RU-A1251,img_db3f7d60f735ecbc,2,1,0.00023739883909
RU-A1251,img_5666a5cd5bd0e47c,2,1,0.0055706319399178
RU-A1251,img_6a5849527105d664,2,1,0.0003016935661435
RU-A1252,img_64312d924d92e23b,2,0,3.241110243834555e-05
RU-A1252,img_ed9223aa6ace71e9,2,0,6.12579460721463e-05
RU-A1252,img_549dc037d491a696,2,0,3.222796294721775e-05
RU-A1252,img_4e3b338be34c9d38,2,0,2.263260103063658e-05
RU-A1252,img_1229ea2445e71815,2,0,0.0001593573979334
RU-A1252,img_3f861a7833361ca2,2,0,0.0003281919343862
RU-A1252,img_a63f7b50351280f1,2,0,3.0786752176936716e-05
RU-A1252,img_63a26b05ae24e71e,2,0,1.4201596968632655e-05
RU-A1252,img_20bf0be79d47c78b,2,0,1.0354204277973622e-05
RU-A1252,img_b11e68f0000cf42d,2,0,1.3306247637956403e-05
RU-A1252,img_ab24060abf7e2b5a,2,0,7.725830073468387e-05
RU-A1252,img_f3fe90b8d540e894,2,0,0.0001669648190727
RU-A1252,img_d0f362f52a0f8893,2,0,4.673492003348656e-05
RU-A1252,img_d53477674959abf2,2,0,3.454555189819075e-05
RU-A1252,img_40eca33277dbef3a,2,0,3.9853195630712435e-05
RU-A1252,img_a8dfa2b3f56a932b,2,0,3.7362089642556384e-05
RU-A1252,img_8e205f4c444de7a7,2,0,8.498055103700608e-05
RU-A1252,img_101a46fad5805961,2,0,6.310577009571716e-05
RU-A1252,img_84c0e68ffc4e74f7,2,0,0.0001164448985946
RU-A1252,img_6ea321d0ea22adf8,2,0,6.344766734400764e-05
RU-A1252,img_fadc9151e90eb6be,2,0,0.0010084904497489
RU-A1252,img_2ea72473b736af7f,2,0,0.0004080117796547
RU-A1252,img_f1c1d69ac3d58479,2,0,2.529416815377772e-05
RU-A1252,img_49bb7dff4e6f9a40,2,0,3.075365020777099e-05
RU-A1252,img_657d8f17dcf690e5,2,0,3.490884409984574e-05
RU-A1252,img_0f8593592fbe074b,2,0,1.8492890376364812e-05
RU-A1252,img_e40f5ee990f881e9,2,0,0.0001940955844474
RU-A1252,img_cbefeef31ea64e78,2,0,4.491530853556469e-05
RU-A1252,img_0745a2dbb2e98fd9,2,0,1.9916305973310955e-05
RU-A1252,img_c0cf11b324e4ffe3,2,0,3.74982955690939e-05
RU-A1252,img_9db3aaf1d03fe174,2,0,8.602745947428048e-05
RU-A1252,img_5448d64c6289d498,2,0,5.253510971670039e-05
RU-A1252,img_2b24113199a30b16,2,0,4.467829785426147e-05
RU-A1252,img_dd4c063159a69006,2,0,2.3490707462769933e-05
RU-A1252,img_e720fe8c0fd5bb6d,2,0,7.22519907867536e-05
RU-A1252,img_da34bd5c422736bf,2,0,2.819581095536705e-05
RU-A1252,img_af56dcaa762d52a3,2,0,0.0015966887585818
RU-A1252,img_04eb48325d3eeadf,2,0,0.0002493104548193
RU-A1252,img_47dca7d163b82cea,2,0,0.0001207007153425
RU-A1252,img_4d855547d6d490f2,2,0,0.0001369033707305
